SEQN,K2_cluster,K2_max_posterior,K2_norm_entropy,K3_cluster,K3_max_posterior,K3_norm_entropy,K4_cluster,K4_max_posterior,K4_norm_entropy,K5_cluster,K5_max_posterior,K5_norm_entropy,K6_cluster,K6_max_posterior,K6_norm_entropy,K7_cluster,K7_max_posterior,K7_norm_entropy
93711.0,1,0.9999786891884026,0.0003614470197119174,2,0.9998839229784944,0.0010655992256382821,1,0.9746292323947213,0.08534323831379675,2,0.9918270427867735,0.02946762946323462,4,0.9932153502473116,0.022680490486625963,6,0.931260750374603,0.12886534489004248
93717.0,1,0.9999553561152436,0.0007095627943312991,2,0.9955548229790833,0.025999485897530736,1,0.9496763331097401,0.14391351992019205,2,0.998308449864763,0.007770840893157413,4,0.960912536266907,0.09219266473446672,6,0.9014435219641976,0.16563733136729222
93731.0,1,0.9994893654791197,0.006320505388895691,1,0.9999401606506543,0.0006054031340484184,2,0.9998965066767221,0.0007647230471108168,2,0.6322594020456219,0.409076640316049,5,0.9619045740093835,0.09033260101543272,4,0.9999590740168419,0.00025570556358785933
93738.0,1,0.9999158895360412,0.0012599738709043683,2,0.9970329174994352,0.018472395541024155,1,0.9971951029059287,0.01399447869330393,2,0.9998210647062781,0.0011349213934009905,4,0.9984304461628266,0.0067666235405936,4,0.9844948287725998,0.04117153146987173
93755.0,1,0.9984890904257766,0.01633591135453384,1,0.9996877390374687,0.002769920429643285,0,0.9999686211839506,0.00026740552194786093,3,0.999925183324309,0.0005153668933921763,5,0.9997923219928466,0.0011061673438719079,1,0.9985928625500815,0.0056362033302410726
93758.0,0,0.999999988406529,3.223542757687867e-07,0,0.9999999746307683,4.272126666350079e-07,0,0.9888651951592362,0.04411283163122944,4,0.9999999999653184,5.406403352563899e-10,1,0.9999999999861089,2.0165169660740598e-10,0,0.9999999999875442,1.7035454204410058e-10
93760.0,1,0.9272862910820426,0.3759700369241964,1,0.999587883763031,0.0033038916678947506,0,0.9973692281044558,0.0131696417144164,3,0.9092396942317119,0.18915331755439688,1,0.9999255765393106,0.0004386259867035052,1,0.9998895201115977,0.0005809901289828994
93763.0,0,0.9905816466985079,0.0769120545183372,1,0.9104968331973063,0.2743342507661415,2,0.9997423795674456,0.0017215452622133362,2,0.9814168344052713,0.057456555301034044,4,0.9825316117499961,0.04912338973259547,6,0.997098864697566,0.010208303368486528
93766.0,0,0.96479866375928,0.21984027685442456,1,0.5718191390070008,0.6217229338743987,0,0.9991344131893634,0.005434002445672322,4,0.9999147896342951,0.0005711650055079988,1,0.9999406951987477,0.0003782545627198424,0,0.9991771124854664,0.003566338650388212
93770.0,1,0.9999247494888572,0.0011393363727595196,2,0.9510337224209447,0.17824488195042784,1,0.992061118439395,0.03346226686866672,1,0.9955445531996697,0.018021100408704853,2,0.9998263625759065,0.0009811545449587113,6,0.995877245474559,0.014087465291948478
93775.0,1,0.9999881033523642,0.0002117814068909272,2,0.995736753415817,0.0250746855933308,1,0.9337476638601445,0.1758907220792719,1,0.9941711962457882,0.0222471639352185,2,0.9980886727752599,0.007743417233702197,2,0.9976444485907535,0.008534085570962469
93776.0,1,0.9999992823326753,1.5683095000206807e-05,2,0.9999798156338267,0.00021837018140933537,1,0.9618329789357684,0.11691214379728537,1,0.9995109595147772,0.0026228341291664437,2,0.9927614159439039,0.02393650807210237,2,0.9999684033377289,0.00018458360164356203
93780.0,0,0.8799384500991608,0.5295377627020816,1,0.9956671600280904,0.025396336434316616,0,0.9845832493780523,0.05748499654817169,3,0.9968819749401938,0.013113856186488984,0,0.8995930225023037,0.19588233473762903,1,0.9995923419788416,0.0019887149123703953
93789.0,1,0.9999990442417526,2.049102223778908e-05,2,0.9999995995399777,5.955497453629004e-06,1,0.9999998959527351,1.2963233383612294e-06,1,0.9999997087676247,3.027608938455002e-06,2,0.9999999418198068,5.743808137650164e-07,2,0.9999068979261442,0.0004936680777495194
93801.0,1,0.9117015387242293,0.43076465616611265,1,0.9967010829788236,0.02016056373862213,2,0.9999967365973349,3.209436532554025e-05,3,0.9968731450305184,0.013285263750294119,5,0.9988520445355848,0.004980568272698009,4,0.999861693847923,0.0007048607969741944
93806.0,1,0.9997764317625598,0.003033716106290347,1,0.9972062332181792,0.018084955847776123,2,0.883519473393959,0.29177909640521943,2,0.8856653637600219,0.2214708046577348,5,0.9641771692046555,0.0870183973402026,6,0.997244417006603,0.010704197076502282
93811.0,1,0.9999565513439631,0.0006922671160148385,2,0.647287981255025,0.5912184302055662,1,0.9968310909105829,0.015575479108977065,1,0.8919064542854166,0.25013414374286896,2,0.9563687944438344,0.10081456237178103,6,0.9704407093069619,0.08181203512699438
93814.0,1,0.9999976275722671,4.775198287692525e-05,2,0.9928383561596725,0.03869261733591723,1,0.9906859818475314,0.0381062610619384,1,0.999581153390655,0.002284601431152537,2,0.9997561154428626,0.0013564581110520372,2,0.9995152785922872,0.002150213802450216
93815.0,1,0.5843163547449299,0.9793887031335494,1,0.9997493113936697,0.0021201258544018154,0,0.8863355555905196,0.28100162916994337,3,0.9978453021366136,0.00992927436658633,5,0.9087953875905637,0.19100110821765287,1,0.9980621174915789,0.007337024856635264
93823.0,1,0.998758048403209,0.01377942083457927,1,0.9991737813422706,0.006460762538856783,0,0.9997931704540208,0.0014631599088842982,3,0.9995686307952055,0.0023948236866505406,1,0.9991915775083573,0.003951879851616184,1,0.99997380126418,0.00016178910774374293
93834.0,0,1.0,5.143063467521784e-14,0,1.0,6.489823532331762e-14,3,1.0,7.698578068763589e-14,0,1.0,8.85998748858114e-14,0,1.0,9.948042700981048e-14,5,1.0,1.0969155354423114e-13
93837.0,1,0.9997870749346878,0.0029042783069390884,1,0.9986351668598634,0.009654130442339476,0,0.9998606186606639,0.0010623890121655255,1,0.5749862103546894,0.42391074228268355,5,0.994063432821716,0.021063820072108407,1,0.9944373104791688,0.01788720773819823
93840.0,1,0.9999720186971748,0.0004635900893893048,2,0.9944873224845038,0.031121786246111813,1,0.9989942010746382,0.005735803017515568,2,0.9568697356311119,0.1115650529780586,2,0.9770610480494687,0.0647010794783885,6,0.9998333577393199,0.000837625639199898
93843.0,1,0.999999908949104,2.2609254419785904e-06,2,0.9999999692311836,5.266853087781854e-07,1,0.999998646781182,1.4171033501965303e-05,1,0.9999969346600445,2.6127800012594103e-05,2,0.9999999138696652,8.300559045647461e-07,2,0.9996908260248549,0.0014566184204661062
93847.0,1,0.9994327075524458,0.0069356638380378595,1,0.9999962987507978,4.6462128712713295e-05,0,0.9996322692079979,0.0023630270578816072,3,0.9999898294493939,8.181718460732376e-05,5,0.9999723764331184,0.00017884188224279515,1,0.9999052770519156,0.0004999180375964961
93866.0,1,0.9999590083595739,0.0006565621299441193,2,0.9985966911668562,0.00968480209227435,1,0.9999083724336137,0.0006921912850422396,1,0.6995718666711263,0.38253037962615094,2,0.9960193536357711,0.01546954482740176,6,0.9996682764202093,0.001635262510350546
93870.0,1,0.9999991132631069,1.9107127188908133e-05,2,0.9999887565485022,0.00012716894948978686,1,0.9996562932378008,0.0022279108828717354,1,0.9999921289520451,6.237514647974734e-05,2,0.9999929386839934,5.087820756711908e-05,2,0.999998755865167,9.39519139249951e-06
93875.0,1,0.9999874651756042,0.0002221971192285662,2,0.9999945986766468,6.601682015076963e-05,1,0.9999992095873684,8.806252957525815e-06,2,0.9993213743225233,0.003498722043741461,4,0.999637130816625,0.0018092199764485465,4,0.9999996548497726,2.943833181146128e-06
93888.0,1,0.9999964261883624,6.982083404272599e-05,2,0.9999879378097808,0.00013657979485214667,1,0.9999732459235345,0.0002229730443564918,1,0.9998178463755457,0.001093128305277795,2,0.9999986897928949,1.1132898480102668e-05,2,0.9999046757071196,0.0005236045682827253
93890.0,1,0.9999857418760825,0.0002500952081188393,2,0.9963341801657378,0.022057707830085996,1,0.9994172726962247,0.003553005189959792,1,0.6093310699684198,0.41741032589695765,2,0.9107679064434704,0.17039639224573924,6,0.9837833987079817,0.04681227418959707
93891.0,0,0.9999930056881005,0.00012987091789131325,0,0.9995681143729918,0.003438666577322,3,0.9994893291719715,0.003160460006040628,0,0.9998583230017105,0.0008917179903032107,0,0.9999944409058987,4.267049251365212e-05,3,0.9999911004214994,5.776339373846904e-05
93916.0,1,0.9998617773673798,0.001971512789812789,2,0.9998848988017548,0.001092250853222347,1,0.9766829274007744,0.07985363138046894,2,0.9989010454444542,0.005338043244959775,4,0.9999266920415381,0.0004344145971684153,6,0.9663442069681227,0.07567267356404997
93926.0,1,0.9999720269201944,0.000463465713347464,1,0.9999964616419562,4.4036939256703016e-05,0,0.9962730345999641,0.01926544771070649,3,0.9996935836638641,0.001730944772099937,5,0.9999783274019889,0.00014199926567817309,1,0.9955952897994911,0.015272935894150269
93932.0,1,0.9948632599894962,0.046456237641673705,1,0.9368328050337253,0.23109206599573878,0,0.9995498078408674,0.0028846560318508373,4,0.9984272853227275,0.0075634737708010075,1,0.9999756851618,0.000169928786824349,1,0.9969107005732006,0.010833415598511316
93950.0,1,0.99878166437998,0.013551167604331095,1,0.9998654810651347,0.0012944732667233062,0,0.5215980872064975,0.5749756426824213,3,0.9975662509354868,0.012037114745396317,5,0.999573696790563,0.0023489941490302925,1,0.9822349116357277,0.04984745648237246
93957.0,1,0.9891307665018577,0.08650205535321279,1,0.9984211544093453,0.011678717979991744,0,0.9999845541581559,0.00014383414240776334,4,0.9999820028132911,0.00013371130807572913,1,0.9999998481013863,1.478133678101189e-06,1,0.9938374132524672,0.019274590692268098
93964.0,1,0.9998271956701029,0.0024090899422438755,1,0.9999852148454971,0.00017082026612872826,2,0.9999456134496365,0.00045186093763025285,3,0.9959681997727008,0.016325179672671827,5,0.9991953131121165,0.0036503374309864553,4,0.9981215209334398,0.007094584907980337
93968.0,0,1.0,5.143063467521784e-14,2,0.9999999999334079,1.4810125899572658e-09,1,1.0,7.71459520128266e-14,4,1.0,8.832394674567064e-14,4,1.0,9.923257610265645e-14,0,1.0,1.0991977025303735e-13
93972.0,1,0.9996742116010433,0.004243796947682079,1,0.9753053887670707,0.10565543035477842,2,0.9952941039303598,0.02168083003263412,2,0.9899320503773834,0.035902191681189966,4,0.9682412631247092,0.0939360093748091,4,0.9999979970131982,1.523215021851537e-05
93982.0,1,0.9999948853532518,9.727866478047063e-05,2,0.9999976391728197,3.147912616821661e-05,1,0.9974252294024359,0.012942134550251363,1,0.9999997035261123,3.039272950119158e-06,2,0.999998192651275,1.4444177030369594e-05,2,0.9999997461449583,2.245221779591707e-06
93984.0,1,0.9973283192708927,0.026686891903154746,1,0.9923270568403744,0.04180692149893673,0,0.9950805870466392,0.024200749006587113,3,0.84358947314939,0.2758823719794748,5,0.9991293305211301,0.004431088684508722,2,0.9961797852578508,0.013133253318300692
93998.0,1,0.9999863619598837,0.00024009345953031,2,0.9996305475581986,0.002999197814543776,1,0.9986689496234854,0.007655055930378902,1,0.9997496107952178,0.0014797064772657336,2,0.9994908889369319,0.0024490540804566114,2,0.9999621961248822,0.00022145191846553838
94012.0,1,0.9999581997620901,0.000668335401816709,2,0.715321560799555,0.5439844600722324,1,0.5466524575354059,0.64218351485749,2,0.631372263848457,0.540703184876145,5,0.5095208961857481,0.5372163225545552,6,0.9842307779686503,0.047411205137269305
94013.0,1,0.9984504462160897,0.016697229427811534,1,0.9361658152232996,0.2197109167169809,2,0.9623995137561756,0.12356731332631449,2,0.9437528071055347,0.14070046550158857,4,0.7558144280315993,0.3218666146643054,4,0.9999469602897272,0.0003169839390126675
94015.0,1,0.9999552769343397,0.0007107069452967046,2,0.7096512325712797,0.5484510882460323,0,0.8182198339124923,0.35082893014356015,1,0.7166316074763098,0.37041467131671757,5,0.8241750472155627,0.26283573830752205,2,0.9311664796701415,0.12927147420167318
94021.0,1,0.9999953300899279,8.943281953516604e-05,1,0.6890913722909459,0.564201005544762,0,0.9865754372394637,0.05136778231649299,1,0.998665014757702,0.006319077830500232,2,0.9960342621252134,0.014448747974227464,2,0.9816799293354531,0.04698428237975706
94038.0,1,0.9998380788461055,0.002272563255065894,1,0.8771350328410179,0.34330530386555397,0,0.9946775228795117,0.024479521460996283,3,0.9993577609863362,0.0037567670152347,5,0.999913847413326,0.0005283633619466986,1,0.9964550437854319,0.013060508920180906
94040.0,1,0.999946929930863,0.00083024932613863,1,0.9961065695996071,0.023448672420523016,2,0.9990463342985433,0.005708008866899261,2,0.9284867800346485,0.17457856791453025,5,0.9980316713313391,0.009000347040486753,4,0.9999622866376954,0.00022663149473880025
94042.0,1,0.9999785678986781,0.00036332869955737655,2,0.9923526573186084,0.040892973259813586,1,0.8941588618211197,0.2436245477798898,2,0.9997978925125797,0.0011945704201404826,4,0.9989226606567517,0.004784516490336731,4,0.9960471805154334,0.013268471053656366
94044.0,1,0.9999994191068016,1.2871384083044402e-05,2,0.9999995431356523,6.5479044773767565e-06,1,0.9999945799760376,5.137852226756115e-05,1,0.9994399816288708,0.002953268352107664,2,0.99979159607222,0.0011021897157883283,2,0.9926336250773291,0.023136590827780967
94047.0,0,0.999999999999428,2.4078861673364123e-11,0,0.9990624655451075,0.0068029696380548545,3,0.9999910805688885,8.425839982467656e-05,0,0.9999830342465859,0.00012633153881412405,0,0.9999983495928871,1.3185214266980606e-05,3,0.9999917737548142,5.502976778393859e-05
94050.0,0,0.5684813251775516,0.9864257828460468,1,0.9881508863739257,0.058560661282456676,0,0.9988218519970069,0.006723489697464257,3,0.9998990300619867,0.0006898817341895731,5,0.9996157510585829,0.0019357633601548207,1,0.9994067685944696,0.002763207751589209
94067.0,1,0.9995496541694487,0.005655915447995077,1,0.9847626874588523,0.07428289814523537,2,0.9933734741313202,0.03244113762229985,2,0.9394611940726282,0.1741319025542379,5,0.9952513747555538,0.018160237324054168,4,0.9979482899396156,0.008713096927865033
94098.0,1,0.9999922433418527,0.00014286851186833628,1,0.7185871474947643,0.5410209084797323,0,0.9458446311501766,0.1519373098505669,1,0.8927251715656411,0.21174077192636112,2,0.5248681708921034,0.3995856634838477,2,0.8498161567271623,0.21739397992356926
94105.0,1,0.9959859861142685,0.03773387536264764,1,0.9992999083100568,0.005266704455661396,0,0.9995510609452539,0.002820598635495423,3,0.9999997814190767,2.2351905783092015e-06,5,0.9999998404723932,1.4825752524287933e-06,1,0.999771450948392,0.0011056515339309034
94112.0,1,0.9999634450409977,0.0005915411933057484,2,0.9728669264708605,0.11354226870058393,1,0.9732260405734875,0.088985554523527,2,0.8616471661931693,0.2499394550665149,2,0.9575806116573125,0.0982245764114429,6,0.8917098837028193,0.17642492258196993
94119.0,0,0.9999995310303154,1.0536199726167148e-05,0,0.9999727867874323,0.00028515328806606423,3,0.9955122361474773,0.02073176470908325,0,0.9999997598259189,2.520954134569223e-06,0,0.9999995611564184,3.832213371304301e-06,0,0.9999965794314771,2.3881284221841548e-05
94127.0,1,0.9999896593420667,0.00018617320619729425,1,0.8963925769866288,0.3030723753352063,0,0.9924546488640232,0.032021766976063314,1,0.7551884565927305,0.34620439499295613,1,0.4395486071368703,0.5980412875479101,1,0.9613881095589352,0.08402618653257594
94130.0,1,0.9999927467573789,0.0001342983731491387,2,0.9991884269911684,0.006010568648083758,1,0.9303226152290478,0.182359724751766,1,0.9999455526477214,0.00038752225722201626,2,0.999835384258053,0.0009424746911043121,2,0.9998856780247919,0.0005936477398247011
94139.0,1,0.9998998305060882,0.0014752854831141687,2,0.7090239232036957,0.5492303935120948,0,0.9557760588069217,0.1450541629423,3,0.9852819653338746,0.049644010748783274,5,0.9452435446325056,0.12459648675693809,1,0.9961378585034192,0.013128463088391757
94166.0,1,0.9992607736459045,0.008755291863407524,2,0.9999989045303895,1.4686108164631333e-05,1,0.9995680147067629,0.002731817759658701,2,0.9952288725099789,0.018805415445553624,2,0.9896669975560861,0.032107158067723705,6,0.9999248175056596,0.0004055086497267825
94177.0,1,0.9999979314030839,4.204549327588009e-05,2,0.9926798273975245,0.03942449391175496,1,0.6347985924850319,0.4734717257242119,1,0.9998521984224152,0.0009417157836970961,2,0.9995247202524453,0.0023194645093913323,2,0.9909774776181474,0.02644546756400923
94181.0,1,0.9977492374408962,0.02303979736311088,1,0.9999126422727675,0.0008230177588732936,0,0.9999708859671805,0.00024113501723353772,4,0.9794554565943157,0.06222752727170405,1,0.9999504021449903,0.00030247104873338073,1,0.9999998355254995,1.414495656567189e-06
94187.0,1,0.9989468289329465,0.011935566179662517,1,0.8799522493634052,0.3403642141045587,0,0.9999516861923731,0.0003830659991189686,4,0.9982883877113752,0.008666562095531346,1,0.9999874196122823,8.989295743031672e-05,1,0.9982861145656946,0.006573978330033187
94190.0,1,0.9997987406455311,0.002761521141002316,2,0.9342056667524153,0.2232451050432015,2,0.5424822581152678,0.49802595612036127,2,0.9998751075421697,0.0008374543005543173,4,0.9987031393879472,0.006033736374651431,6,0.998967783836187,0.00419332038695314
94193.0,1,0.979051625470101,0.14673278951949645,1,0.9998975790859149,0.0009496537702104062,0,0.9977429010511365,0.012348433806699519,3,0.9998867763171327,0.0007338957411156703,5,0.9999997963640789,1.9419570444409173e-06,3,0.9596799641146476,0.08890533411459273
94208.0,1,0.9970891209601224,0.0287155965415855,1,0.9999844714899419,0.0001706529433530495,3,0.9999946068603602,5.1090029959808404e-05,3,0.9999582705355962,0.0002874144045325896,5,0.9999274067682475,0.00042665985950403367,1,0.9999997405622433,2.1551643768688268e-06
94223.0,0,0.7428720837967046,0.8223813577841104,1,0.9988713448853817,0.007999132630348245,0,0.7980092249812024,0.38326538409076566,3,0.9989219159833534,0.005246610404640264,1,0.9991153872943396,0.004307605352258991,1,0.9998925144757398,0.0005606266681918719
94247.0,1,0.9996811064685776,0.004163825535733747,1,0.9999967894246982,3.999419534414588e-05,2,0.935977903142467,0.17904295403431517,3,0.9999907327149414,7.563957100300101e-05,5,0.9999935577988662,4.6811441609130574e-05,3,0.9796679398834264,0.054220493972128754
94250.0,1,0.9998965781422282,0.0015184181719465608,1,0.9999910720977422,0.00010820326424242221,0,0.9999438059874238,0.00043740236540369226,3,0.9984585870252193,0.007162923725548834,5,0.9999404746962439,0.00035871593328898506,1,0.999988979515915,7.224607465244061e-05
94251.0,1,0.9999526324880997,0.0007488047387229363,2,0.9166543022426563,0.26119287980708616,1,0.9613904885943435,0.11840978849854564,1,0.8938494839624154,0.210289857068641,5,0.9427457953162154,0.1234358441490858,2,0.9965029448118825,0.012064980493852837
94259.0,1,0.9999998684639679,3.196422032588224e-06,2,0.9999999391462052,9.908192026564794e-07,1,0.9998223124147357,0.001235016816073693,1,0.999570257448307,0.0023369379971980133,2,0.9984178781671414,0.006576755204007234,2,0.9999999557565938,4.2239601089654086e-07
94270.0,1,0.9999143777520425,0.0012804197583581283,1,0.9828946053531374,0.0802945724068834,2,0.9988740191441994,0.006444075995183372,2,0.9449202066677959,0.13428749056633763,4,0.5016676200779233,0.3893095224343917,4,0.9964384340477519,0.012273128792494564
94274.0,1,0.9997443331774035,0.003419788686968111,1,0.9931185167135951,0.03826433305053222,0,0.9999322155652803,0.0005648074530155605,3,0.9964419459528286,0.014860708099301522,1,0.8708101803407461,0.21537605471425023,1,0.9995613907270107,0.0020875797957445206
94285.0,0,1.0,5.143063467521784e-14,0,1.0,6.489823532331762e-14,3,1.0,7.698578068763589e-14,0,1.0,8.85998748858114e-14,0,1.0,9.948042700981048e-14,5,1.0,1.0969155354423114e-13
94290.0,1,0.9998566567149766,0.002037027011058887,1,0.9997685638631392,0.002026247361977626,0,0.9999719452909122,0.0002464856316052706,3,0.9999858471902076,0.00010769036733905726,5,0.9992938816309082,0.003262897147155142,1,0.9999991797229082,6.335373498881692e-06
94314.0,1,0.9995293213700587,0.00588128268323508,2,0.7073718725791499,0.5537426943042131,2,0.9780818802689472,0.07605195105270547,2,0.9997406335868105,0.0016221345271974085,4,0.9998971142421913,0.0006225686517487021,4,0.9988501863728234,0.004990363853372882
94319.0,1,0.9992863334218698,0.008488808657916782,1,0.961257692566843,0.15001227442371434,2,0.9997151331104036,0.0019970924531445083,2,0.9999858958619602,0.00011591950755713808,4,0.9999259826104449,0.00046281982456841913,6,0.9999402523905656,0.0003359227832137507
94324.0,1,0.9565423602011038,0.25792670303350945,1,0.9960702416726839,0.025452186412350218,0,0.9915148088636845,0.03530076775535957,4,0.9999009865485287,0.0006917343880742668,1,0.9999995982123825,3.6875447074500717e-06,1,0.9995831002508034,0.0019253368881649985
94330.0,0,1.0,5.143063467521784e-14,0,0.9999999952752319,8.674645310140148e-08,3,0.9999999999956373,8.583159257750542e-11,4,0.9986537667599145,0.006365283646599923,1,0.999698888851558,0.0015306096677890338,3,0.9999999359340228,5.782689209569009e-07
94337.0,0,1.0,5.143063467521784e-14,0,0.999999983815613,2.790062154925628e-07,3,0.99999995480706,5.839384898173895e-07,0,0.9999999999510649,7.523520755107975e-10,0,0.999999999993129,1.0243702972910227e-10,3,0.9999999983459382,1.803755260198182e-08
94341.0,1,0.9591042475999937,0.24638421423782883,1,0.7773660440614804,0.5119201010416765,2,0.999821814264664,0.001291650927927175,2,0.9998042274632362,0.0012699143884183275,4,0.9998021978894104,0.0010573290913941187,6,0.9997852009576843,0.0010594975755557844
94375.0,1,0.9999973424385792,5.305597784239139e-05,2,0.9869310772937031,0.06341942749067117,0,0.5918055362793907,0.4877731561755192,1,0.999750831312474,0.0014552954120930887,2,0.9980366867521321,0.00804137120361535,2,0.9997544863941549,0.0011748924675760665
94388.0,1,0.9999993704338151,1.387679279869735e-05,2,0.9782572486953318,0.09536229450189208,1,0.9965544235711759,0.016616749315164728,1,0.9998853143721278,0.0007178253507346984,2,0.9999542852484126,0.00028347686929509306,2,0.9941454173661551,0.01847409251616658
94392.0,1,0.9999087927390605,0.0013556245591199762,2,0.9999022863571265,0.000929307962255735,1,0.9958642638956497,0.019358122303846023,2,0.9997062360446943,0.0016695604314826324,2,0.9178902957124212,0.15844651307658242,6,0.9387832548264424,0.11835242986524838
94393.0,1,0.9875531390228854,0.09660946406621664,2,0.9999975922446819,3.144427021989094e-05,1,0.9999996377032278,4.143013410351901e-06,4,0.9999999894695293,1.267309586143359e-07,4,0.9999999999954667,6.874663722521874e-11,4,0.9962310773342931,0.012742700007904648
94443.0,1,0.999936806609108,0.000972705296107821,2,0.9987068601348448,0.009027097785298989,1,0.977188306852446,0.08023087123725316,2,0.9977127312599887,0.010062667316016597,4,0.9965315747006186,0.012897111717456406,6,0.9826163352070292,0.04506199823775144
94446.0,1,0.9977357912119327,0.023157960255543345,1,0.998334267701535,0.011598282161851974,0,0.9996931117668476,0.0020649080819268766,3,0.8667157796382389,0.24396819079374463,5,0.9847013641298457,0.04438097337483495,1,0.9676980056247121,0.07349678080951866
94453.0,1,0.9999354478789472,0.000991638351431412,2,0.6972650715594517,0.558603514987662,0,0.9904417977319865,0.039447688614104186,1,0.8871851015185024,0.2189494416533577,5,0.92791070550054,0.14631206604516656,2,0.9191274639832087,0.1444548056665814
94463.0,1,0.9999107102319276,0.0013298618263322482,1,0.9999904556297017,0.00010992219847144567,0,0.9998601972842898,0.0009960410510868507,3,0.9997041955897973,0.0016928472368522385,5,0.9999955480119753,3.499608727066682e-05,1,0.9999724818029726,0.00016751870741427656
94469.0,1,0.9999940563837227,0.00011175733152996248,1,0.9999906678561059,0.00010724943252586413,0,0.9999956873422619,4.320702251900908e-05,3,0.9859163520057852,0.04599083030207372,5,0.9972606642952851,0.01056057882165331,1,0.9999802994767053,0.00011982919511804933
94474.0,0,1.0,5.143063467521784e-14,0,1.0,6.489823532331762e-14,3,1.0,7.698578068763589e-14,0,1.0,8.85998748858114e-14,0,1.0,9.948042700981048e-14,5,1.0,1.0969155354423114e-13
94478.0,1,0.9999998929230274,2.633830488664907e-06,2,0.9999678913497675,0.00033174825309833085,1,0.9845622179993594,0.05749721360822895,1,0.9999842710887301,0.00011975252369536607,2,0.9999550848604921,0.0002796496522323168,2,0.99998148753834,0.00011318604452085777
94488.0,1,0.9999690735790033,0.0005079192501590103,2,0.9232690582226405,0.24643483530912566,1,0.9719805222836599,0.09302620920316723,1,0.9611052873066481,0.1022639163774031,2,0.9491435638401856,0.11223842487281017,2,0.9335552325028352,0.1261313063987395
94497.0,1,0.9999570514873861,0.0006850157355378972,1,0.6444080744400024,0.5924245400210582,1,0.9996452316328418,0.0024274411283792896,3,0.9933223704567815,0.025165028116869926,5,0.604452329394626,0.374588059038418,1,0.9933705644121936,0.02404917715671048
94509.0,1,0.8602205325172823,0.5836609653543219,0,0.9635760678978351,0.14527944727312936,0,0.9998019715267937,0.0014056857960576753,4,0.9998740594559538,0.0007880387587875479,1,0.9999810804629358,0.00012646255232428872,0,0.999763915021823,0.0011489950452013532
94512.0,0,0.9999999999999716,1.38247131309255e-12,0,0.999999918672646,1.2825078193983868e-06,3,0.9999999996833893,5.227233094233099e-09,4,0.9999209965962472,0.0005127680691811867,1,0.999966478095721,0.00021147256093503706,0,0.9999999907727215,9.398442634965892e-08
94530.0,1,0.9999996967968341,7.002752010361999e-06,2,0.9999612970016337,0.00039344489994028127,1,0.9999996966049308,3.5973805831757297e-06,1,0.9994600747057315,0.0028596407303321165,2,0.9999847705391449,0.00010302139129092627,2,0.9975792833334324,0.009234478973239865
94531.0,1,0.9989824652786858,0.011582258950580366,1,0.9999211376197122,0.000776872646560697,0,0.9994004675999865,0.0037074015733301008,3,0.9999838567882834,0.0001274227410998114,5,0.9977891594033882,0.008809930544688248,1,0.9999640478464138,0.00023129681076877818
94560.0,0,0.9999661197564866,0.0005519724155026048,1,0.9999949023972837,6.118696316447894e-05,2,0.9906824366442647,0.042718016075053586,3,0.999999931959073,7.399674356026725e-07,5,0.9999999888803687,1.198658900868485e-07,3,0.9523785501644944,0.10070194928187295
94565.0,0,0.9494607256157569,0.2886833541498207,0,0.9177064183210689,0.25881350836586065,3,0.9939808420884703,0.026726706459176595,0,0.9997380581279193,0.0016105275488492356,0,0.9999723236986844,0.00018052774853607277,0,0.9997241050704262,0.001307165030748877
94569.0,1,0.9999873333645213,0.00022434249242421606,2,0.5038838009252259,0.6310453351539156,0,0.6296525302057918,0.4769692348524638,1,0.982629623009122,0.05456893414090628,2,0.9634799840906018,0.08976200864681763,2,0.6355761259906516,0.3372227575821821
94577.0,1,0.9982713409661128,0.01835417265863815,2,0.9993787699944405,0.004874098726446215,1,0.9992736525230427,0.00449731279998234,1,0.9988875025403684,0.005533983391436986,2,0.9999915302158626,6.014895390009635e-05,2,0.998684000498041,0.005162114173474041
94579.0,1,0.9591730585546077,0.24607092271695713,1,0.9995028102477055,0.003895557118204983,2,0.9953817500933787,0.021239510938646546,3,0.9737889012616763,0.08074798916214974,5,0.9951994268255085,0.018461334020690147,4,0.9994573577507455,0.0023888936664308038
94589.0,0,0.9999999024320173,2.413023258491151e-06,1,0.968066586288496,0.12870780142867916,2,0.999790483977529,0.0014313292090420283,0,0.9961413690323963,0.015863905116910347,0,0.9834669681023435,0.04700443179116026,0,0.9974659700105016,0.009090926569068444
94596.0,1,0.9998592502384582,0.0020038787622313823,2,0.9434649737547295,0.19818614506585538,1,0.9312670355010058,0.18241562932866082,2,0.9985807877167998,0.006788762174646304,4,0.9950663018098387,0.01783277702398697,4,0.9533389484669499,0.09699451169004839
94608.0,1,0.9996817089860537,0.004156826968894425,2,0.9999927554274971,8.907565055442475e-05,1,0.9985233619702203,0.008019188157050145,2,0.9904320623562589,0.0335687811163807,2,0.9677593250626648,0.07952323461862884,6,0.9999993277254141,5.448363492374216e-06
94615.0,1,0.9826703475430831,0.12617260655393142,1,0.9995745133528574,0.0033935004845359975,0,0.9969511496348666,0.016396706122276148,3,0.9999922743941488,6.138572032564131e-05,5,0.9999969541040048,2.397841317179476e-05,1,0.9993142873046545,0.003217562357806847
94618.0,1,0.9999422799719656,0.0008960008019937466,1,0.999985331971939,0.00016239102106748325,2,0.9997971214391472,0.0015047758050884808,3,0.994343895278816,0.021737255375016123,5,0.999974455130351,0.00017353580176175396,4,0.9999700295408365,0.00017815759512667125
94624.0,0,0.9999999961908337,1.1202973671027328e-07,0,0.9999646323903738,0.00036216131930396424,2,0.9999999703633482,3.9195568330557506e-07,0,0.999621888514441,0.0020862629773066065,3,0.9999963912973505,2.7794994837842637e-05,0,0.9999989547537202,8.010483248044084e-06
94625.0,1,0.9999192333652834,0.0012146104758499001,2,0.9999850813864859,0.0001651111027296004,1,0.9999998264110568,2.152588229547026e-06,2,0.9920511092731548,0.028797663291516545,4,0.9931058754603518,0.022987797628569482,4,0.9999984253267796,1.2017139031365724e-05
94627.0,0,1.0,5.143063467521784e-14,0,1.0,6.489823532331762e-14,3,1.0,7.698578068763589e-14,0,1.0,8.85998748858114e-14,0,1.0,9.948042700981048e-14,3,1.0,1.0980566189863425e-13
94644.0,1,0.9999992076972054,1.7201003992267173e-05,2,0.9999971514688041,3.600347481461608e-05,1,0.9999849986931678,0.00013103172397041393,1,0.9879254777821486,0.04059745899984356,2,0.9920426454638385,0.025891527170435996,6,0.9990532998820664,0.003913984736353729
94651.0,0,0.8869283959467169,0.5091118849918617,1,0.9969860119901436,0.018663643692384668,0,0.9981552111936712,0.009707172373738223,3,0.9999322329433986,0.00046574156538131017,5,0.9939760921472202,0.021610799113607023,1,0.9987516200896245,0.004930449518211816
94664.0,1,0.9987026925214652,0.01431192549202244,2,0.9997785249542217,0.0020314187440715155,1,0.9999283319482822,0.0005718390531420758,1,0.9547945631252464,0.1247227874446479,4,0.97452624119649,0.06641365549194905,4,0.9935408018552971,0.021879601841770853
94677.0,1,0.9999276427707511,0.0010996233882474898,1,0.9999868197757774,0.00015254978805795267,0,0.9999707893837809,0.0002555846545600603,3,0.9996987041428955,0.0017216114915962369,5,0.9997935228133956,0.001127716448243178,1,0.9997279154421983,0.0013226664152719096
94686.0,0,0.8821603444246022,0.5231189745834038,1,0.9871473564617241,0.06262410250722703,0,0.9507773112793769,0.15105276946090407,4,0.999917031875411,0.0005791205691976582,1,0.9995996552929738,0.0020142255549523425,1,0.9797149183502436,0.05121039378222149
94696.0,1,0.9999980675008068,3.946896619723546e-05,2,0.9967655745026568,0.019822098803605154,1,0.9997317637973154,0.0018432858085616138,1,0.9986980289462546,0.006414504572043888,2,0.998648360699272,0.005782266161193687,2,0.9990888661795916,0.0039452062277771606
94713.0,1,0.9998268853902982,0.002412967517970991,2,0.9968269315612995,0.019614124245386385,1,0.9207715902744529,0.20029843794424607,1,0.9993728706007933,0.0035223465212042607,2,0.9813125185753345,0.05911207762052766,2,0.9992196592503019,0.003270594540015288
94726.0,0,1.0,5.143063467521784e-14,0,0.9999999989657766,2.0418406385426568e-08,3,0.999999999956195,7.92711380818692e-10,4,0.9999999999966427,5.861591984576462e-11,1,0.9999999999999822,4.279244797978716e-13,0,0.9999999998548859,1.7640556485641535e-09
94736.0,0,1.0,5.143063467521784e-14,0,0.9999999999982521,4.473589937956384e-11,3,1.0,7.698578068763589e-14,0,0.9999985913284039,1.2667484507596797e-05,0,0.9999999999998934,1.9050514671566503e-12,3,0.9999999059227891,8.305453812312626e-07
94766.0,1,0.9999954415739596,8.745670637807474e-05,2,0.9983053998934408,0.011383283479844733,1,0.9908936606527773,0.03740714982341654,2,0.9307562638226905,0.15665271017377405,2,0.9699098683987146,0.07549479581856158,6,0.9764001041619165,0.057456761241261756
94773.0,1,0.9982859807961334,0.018219782360212235,1,0.9992181046704705,0.005879020862805238,2,0.9999183284783569,0.0006426796500890842,2,0.990480482915713,0.036674415982708666,4,0.5439524975144305,0.38646756071823923,4,0.9995392087988545,0.00220364943953426
94775.0,1,0.9998924691761818,0.0015727006212090037,1,0.9883061299203956,0.05813214391447296,0,0.999898029034202,0.0007809015837522049,3,0.9552865476029263,0.11362819485221384,5,0.9977960481912307,0.009553286744479767,1,0.9872156027960889,0.035183861808186556
94785.0,1,0.9999683014367906,0.0005194727318930855,2,0.9999999925717731,1.3703072217433667e-07,1,0.9997515808047379,0.0016666216082722614,2,0.9994069947362263,0.003106093884325728,4,0.7718184974646795,0.29974430104259775,6,0.999999995311672,4.9804528382438264e-08
94786.0,1,0.9999762442222342,0.0003991930383384896,1,0.8397756123570408,0.40061051624928334,0,0.9325395977966807,0.17836906016616136,1,0.9741580172270765,0.07458207630093137,2,0.5899632058717117,0.5364002550438449,2,0.783537917928543,0.26847461680447865
94812.0,1,0.5537167929856623,0.9916581342827552,1,0.997785782867981,0.014339791450429759,2,0.9998153153477126,0.0013037657998178197,2,0.9344265317163534,0.17359104408323514,4,0.9572776866612117,0.11415531826541198,0,0.511865681545513,0.38879477303898646
94844.0,1,0.9999011956684942,0.0014571356468653378,2,0.9999999835411303,2.8413684532473093e-07,1,0.9996389972984584,0.0023256127008059587,2,0.9999999965427051,4.5454293396106364e-08,4,0.9999772430963737,0.000148485077847795,6,0.9999999991686259,9.373889636398438e-09
94855.0,0,0.999999999997641,9.450775835518207e-11,2,0.9999999435094169,9.095772885806704e-07,1,0.9999999998012967,3.3453494446010323e-09,4,1.0,8.832394674567064e-14,4,1.0,9.923257610265645e-14,0,1.0,1.0991977025303735e-13
94879.0,1,0.9999944252764436,0.00010533640475320014,1,0.8712626945886769,0.3495349166687788,0,0.5520600836876214,0.49641245640095927,1,0.9079396558116889,0.19093047290321805,2,0.8487147049521636,0.23725233613820101,2,0.8830561367597953,0.18545751806954994
94882.0,0,0.9999999999750884,9.134208477640614e-10,0,0.9999999951849716,8.832063535958116e-08,2,0.9998158703401637,0.001275069574357752,4,0.9999999998249507,2.5635648485520523e-09,3,0.9999999999996803,5.550422931443785e-12,0,0.9999999999465601,6.772830921372077e-10
94894.0,1,0.6016929910065649,0.9699516393819191,1,0.999932246401509,0.0006536982969826517,3,0.9868348338413091,0.05128215958056895,3,0.9999832020885695,0.00012530998275375808,5,0.9999807398506516,0.00012746330165984573,4,0.9897255650139126,0.030283899575773966
94896.0,1,0.9999739784642538,0.0004338469336026177,1,0.9993984498446546,0.004767886155432505,0,0.9985233126563351,0.008330831456533237,3,0.8823795381459347,0.22512927468058216,5,0.9986914701483129,0.005641721701375098,1,0.885908251497427,0.18243710487582265
94909.0,0,1.0,5.143063467521784e-14,0,0.9999999708024281,4.876620507162499e-07,3,0.98604581388409,0.05299618679548535,0,0.9999999905728103,1.1410117490351445e-07,0,0.9999882469321615,8.101909418876602e-05,0,0.9999999999368931,7.941879955319418e-10
94941.0,1,0.9999909652416542,0.0001644214988792309,2,0.9997945026907935,0.0017755488791404163,1,0.9998070746191724,0.001329489948320159,2,0.9979804886148107,0.009061537286125363,4,0.9785619584900115,0.057829301890000136,4,0.999984151572945,9.820599069414629e-05
94945.0,1,0.9887611849946196,0.0888981687998572,1,0.9999995586674096,6.28024890350687e-06,2,0.9999999818663917,2.495022009242147e-07,3,0.9999946281959111,4.390102521643656e-05,5,0.9999999659474886,3.4580417588238296e-07,4,0.9999991770018124,6.635083520819181e-06
94957.0,1,0.9997739100586717,0.003064275543411939,1,0.9804598825983695,0.08807309989992301,2,0.9984337617438855,0.009633744255686534,2,0.8507426106158068,0.26192551634435,4,0.9618045696774872,0.09201605313786261,6,0.9979278089126042,0.008191820333218554
94966.0,0,1.0,5.143063467521784e-14,0,0.999999999966569,7.645277501266125e-10,3,0.999999999685592,5.189276363068114e-09,0,1.0,8.85998748858114e-14,0,1.0,1.2796455871551269e-13,0,0.9999999999944791,7.647391096244473e-11
94970.0,0,0.9999999999966036,1.3425033455786405e-10,0,0.9999055478066862,0.0008827277650816859,2,0.9969005630956133,0.01514731253342459,0,0.9999039299798818,0.0006119095752684868,0,0.9830248909100099,0.04800916511868938,0,0.9999999977885814,2.379313796223932e-08
94998.0,1,0.9999840857036205,0.0002766223102225969,2,0.9245485540043885,0.2435357937754447,1,0.9991636257944191,0.0049968201875361185,2,0.6053348505267204,0.43228563321531716,5,0.7346444865579282,0.3468240381364753,6,0.9988660111246641,0.004757930086112412
95026.0,1,0.9999946537283423,0.00010134246392856964,2,0.9997477498342959,0.0021338034569550104,1,0.9956725645011151,0.020107718586163375,2,0.999971573463379,0.00020257762895087652,4,0.9897044971501707,0.03201117024442976,4,0.7302621159217509,0.29960200980855606
95048.0,1,0.9794953235184123,0.14426485705029404,1,0.998745154383346,0.00931189099909661,2,0.9999359941250574,0.0005002804984366551,2,0.9986198156968831,0.0067153296969636785,4,0.9943881237843872,0.019528540020866285,6,0.8323628064710668,0.2324645482622831
95056.0,1,0.999759258434664,0.00324104314661009,1,0.999906486801661,0.0009309291621549678,0,0.999922981989417,0.0006241927903458505,3,0.8497274706593906,0.2631302410158448,5,0.9991166700079379,0.004073583656790637,1,0.9978758317843184,0.007839442245507236
95060.0,1,0.9999736155998642,0.00043936968752895857,2,0.9420115683650884,0.2018303749951546,1,0.8826266675565896,0.2623810780800959,1,0.9892781100053613,0.0368982605074301,2,0.9915572391640683,0.02723151822819057,2,0.9993145546152506,0.0029197890228097978
95064.0,0,0.9999999997781615,7.434382466180064e-09,0,0.9999999390384621,9.77339327669358e-07,3,0.9999999999630589,6.736313337216295e-10,0,0.9999999999883826,1.8900350874900003e-10,0,0.9999999999999858,2.9636265064777544e-13,0,0.9999999998740705,1.557614028779223e-09
95077.0,1,0.9999966709073106,6.538049134948818e-05,2,0.9765668259955146,0.10116012077483916,1,0.9871171616031995,0.04970555164865687,2,0.999966928174716,0.0002424120160702953,4,0.9978839757218958,0.00882703989971606,6,0.9990354019192916,0.003937592807017891
95088.0,1,0.795094955847462,0.731630369356249,1,0.9997106325190928,0.0024094456123963308,0,0.9966339175226328,0.016417249907641675,3,0.9998338505582481,0.0010369651627109124,5,0.9987730065048689,0.0057450272877701694,1,0.9999434149645539,0.0003264450040021393
95096.0,1,0.9973334985995395,0.026642631535065894,1,0.9999761216937098,0.0002532581406776506,2,0.9987436548731807,0.007043318759776405,3,0.9991643015657521,0.0042378545955039405,5,0.9999435364030568,0.0003473764701113199,4,0.9996411134918686,0.0017124778313694347
95168.0,1,0.7272846771923046,0.8453340265187805,1,0.9924080624273357,0.04061194165383418,0,0.9268561134647485,0.2250922497022266,3,0.9989511383267909,0.0051280192643075265,5,0.9986129529466257,0.005868127611536506,1,0.9851902652893336,0.046014645967667966
95171.0,1,0.9979065398771058,0.021648635930359976,1,0.9999572074781037,0.00043120257805269365,0,0.9764890910850609,0.08433830559092301,3,0.9999790354618968,0.00015814567398198984,5,0.9999694140802987,0.00020943431934989835,1,0.9963062414632989,0.012767347895773174
95190.0,1,0.9999995173222579,1.0824111607066864e-05,2,0.9999985901945071,1.871297294574932e-05,1,0.9999952541844757,4.765947026459242e-05,1,0.9999919358574418,6.380861865242274e-05,2,0.999999723786142,2.555249499848982e-06,2,0.9913665962393884,0.025503778289530463
95206.0,1,0.9999604960004259,0.0006348414519554382,2,0.9934717072203,0.03594570166399723,1,0.9933658960069035,0.02893477846595472,1,0.9858155360089798,0.04658769075115075,2,0.8409026595014628,0.24810975365196272,4,0.9781934713025717,0.05406327382119169
95210.0,1,0.9997154349503807,0.003762360768366247,2,0.9947219149045259,0.030241646500025407,1,0.9921185577229452,0.035721518019245606,1,0.9934241706616123,0.025067061245742525,2,0.9833145607572272,0.04741571485465452,2,0.9935270442890286,0.022350328891656595
95213.0,1,0.9999074011785679,0.0013742845629760095,2,0.9999413711424051,0.000593687199062181,1,0.9965620884011616,0.016604656668607776,2,0.7626029265899474,0.34056307813859116,2,0.9830485188367886,0.04796196027124925,6,0.999917761381868,0.00044268308371123996
95216.0,1,0.855568253433678,0.5957285085699764,1,0.9594861960064242,0.1568120594944628,2,0.9986238849074237,0.007532945171775378,2,0.9711059930406568,0.0820414217780213,4,0.9779556164597486,0.06010118527112325,4,0.9917682032476629,0.02458343185249429
95233.0,0,0.9999999999976019,9.60401362601735e-11,0,0.9995799069959693,0.0033553623622115626,3,0.9999974265220966,2.5782143525297016e-05,0,0.9999557871797579,0.0003029079244920338,0,0.9999965415764411,2.6201646628721182e-05,3,0.9999984079705432,1.2307103791938112e-05
95239.0,0,1.0,5.143063467521784e-14,0,0.9999999999383427,1.3756036789429485e-09,2,0.9999999858865963,1.9422698464463843e-07,4,0.9968274413676702,0.013308956151633758,3,0.9999999998863984,1.5302131539849945e-09,0,0.9994519475143774,0.00239646462974249
95257.0,1,0.9999947345125442,9.992680291782457e-05,2,0.8803148406270087,0.333433763793893,0,0.5765086754028899,0.4915390943019298,3,0.7470895596704081,0.35137188351417936,5,0.8075678971149989,0.27557525856125037,2,0.8056747917995745,0.25306108423914436
95262.0,1,0.99977552628051,0.0030446939499952337,1,0.9997617972219491,0.002146688606772618,0,0.9999850174555028,0.00013128605148863813,3,0.999996949437526,2.6725965618425537e-05,5,0.9999991278023261,7.4856413536723345e-06,1,0.9997510739849987,0.0012176054125021252
95275.0,1,0.9999618882402156,0.0006144405276071428,2,0.9762214752836859,0.10238515347156936,1,0.9847682876763442,0.05846222861169336,1,0.9971654853238584,0.012136544614659829,2,0.9941837110918287,0.02154626304352892,2,0.9829310360323696,0.050393230624315895
95278.0,0,0.9999999999999858,7.306482120314332e-13,0,0.9861836704278917,0.06633881691747744,3,0.9999996511542233,4.1514310067750815e-06,3,0.9727668826354364,0.07765975901187248,5,0.9942997026001609,0.019611341581609903,3,0.9999983756199148,1.1963044320963302e-05
95279.0,1,0.9977437309678036,0.023088201201381938,1,0.997776028778794,0.015147456848272723,2,0.9995470148879271,0.002849507763476166,2,0.9996484269325293,0.0019845279171615536,4,0.9988397511299596,0.005469217246067132,6,0.9870047507299169,0.03573330990235274
95284.0,1,0.9991491993759034,0.0099041466100841,1,0.999879345831128,0.0011016563214779607,0,0.999939707774952,0.0004918131373358211,3,0.9992474815259006,0.004066099166573447,5,0.9999842560341474,0.00010901343404396002,1,0.9999994574238984,4.528770015150679e-06
95289.0,0,0.8982804624426429,0.4744228196388489,1,0.9517905548243586,0.20321341789390804,3,0.9969031915610411,0.01513764067346076,4,0.9999180514238758,0.0005349111326792156,1,0.9997888271010933,0.001115800253949608,2,0.9991956662017971,0.0033730601045401515
95296.0,1,0.9996477147093569,0.004549204054306308,1,0.8871252071285706,0.3227278997626387,2,0.9962616179499135,0.018222444180006177,2,0.9968837082615161,0.013807154201651746,4,0.9491307493406667,0.11326598091013326,6,0.9701010638343359,0.069122011745835
95302.0,1,0.9890146879142603,0.08725657523879304,2,0.7682359177539727,0.514097972625825,3,0.9960117973954751,0.02081459518483768,1,0.9991330758178131,0.004360401956704202,2,0.9963189368637128,0.013623733519669678,2,0.9989298906143771,0.004691877535995178
95312.0,1,0.998060683118297,0.02026883039515381,2,0.5077697084642349,0.6328445055016066,1,0.9136738156475367,0.25253672567733554,2,0.5160371869499272,0.680970020080183,5,0.7065568731936263,0.4196153631608483,1,0.6423046007255567,0.49621737941268035
95313.0,1,0.9999271301749529,0.0011066712218738663,2,0.9997036020246657,0.002474293254160306,1,0.9673811842055776,0.10369256542280958,1,0.9998376405133259,0.0009937778043161412,2,0.9998749162069206,0.0007033933810921745,2,0.9996966757242673,0.0014210014893641446
95333.0,1,0.8647655746855951,0.5716208198328748,2,0.9963258118550748,0.022291889630101938,2,0.9998787712961189,0.0008777327170699901,2,0.9999982677014015,1.5357907772951622e-05,4,0.9999999979609058,2.5131840814573644e-08,6,0.9948446280972969,0.016663384406342928
95342.0,1,0.999998779479713,2.5736826274086623e-05,2,0.9999971613419911,3.5701353718558535e-05,1,0.9980465474880353,0.010201690372980778,1,0.999999745002612,2.5970577731716204e-06,2,0.9999992229008683,6.7439118665322225e-06,2,0.9999984858149371,1.1873071930750903e-05
95353.0,1,0.9437487418581724,0.3123804595212054,1,0.9996898162678395,0.0027556513757353274,0,0.9999973327666155,2.6696648379104455e-05,3,0.9991476314591827,0.004554846327531085,1,0.9999963725299456,2.8469327591669508e-05,1,0.9999939711494413,4.235743265281137e-05
95366.0,1,0.9937529715000568,0.05472892681573577,1,0.9999998917019278,1.679594869515467e-06,0,0.9999873275708931,0.00011221852713887713,3,0.9999998688161449,1.3731822415841399e-06,5,0.9999999215235635,7.603643664503781e-07,1,0.9999878098982597,7.714623548130902e-05
95391.0,1,0.9949485188184622,0.04580745181714387,1,0.7872990060998728,0.4910903866134367,0,0.9997436415605898,0.0018202723565517698,4,0.9865072344194198,0.04446866149825226,1,0.9840235057580063,0.045805168218053915,1,0.9963771485256498,0.01232326150373682
95393.0,1,0.7893695407177952,0.7426861127224633,1,0.9997905323605916,0.001805763343956492,0,0.9997426147575313,0.001720192471572439,3,0.9999865846706687,0.00010185131523699639,5,0.9999939101011305,4.424203662827493e-05,1,0.999999540216499,3.811347485962231e-06
95394.0,1,0.9999549287463312,0.0007157358091262205,2,0.9793303716061122,0.0916708079147953,1,0.9880016779162349,0.04689241730872078,2,0.9889219927543031,0.03788249922007473,4,0.7394485670910671,0.3211170766982375,4,0.842115989926452,0.2242089918385154
95423.0,1,0.9997742467031173,0.0030601982525759242,1,0.9911880358036306,0.04627130746486445,0,0.9998564650420335,0.001075920978249854,3,0.9915451212231334,0.030399132860982236,5,0.998035692632658,0.008746243600026292,1,0.9487381024085882,0.10395220769493446
95436.0,1,0.9999987084207148,2.712978623722447e-05,2,0.9967284345457024,0.020015474962984614,1,0.9335509839179627,0.1762659799505974,1,0.9985994859642997,0.006588122534453325,2,0.9985710440756435,0.006033294012965311,2,0.9945937577905393,0.017273971342985823
95445.0,1,0.9976573213745035,0.02384525674437269,1,0.9990419623710057,0.007377894282326609,0,0.994693955034437,0.023936954149123196,3,0.9235487454445065,0.16897834626161956,1,0.9767420168682363,0.061804615657805276,1,0.9998620269451012,0.000734989705039257
95449.0,1,0.7494604855834534,0.812132115291324,1,0.9959745241766882,0.023865470956903674,2,0.9855263608089854,0.05458939307060436,3,0.9689457391949159,0.09740389167773887,5,0.9967945552033712,0.0124513646601731,4,0.9959004362499886,0.014514551981984017
95450.0,1,0.9989403116354768,0.011999990087923127,2,0.9999978337529087,2.769079744253635e-05,1,0.9999540772765907,0.0003700978052611698,4,0.997522516352621,0.0117861998891222,4,0.9988627842075171,0.00494892359572253,4,0.9988771038392621,0.004793155886186368
95455.0,1,0.999729188965377,0.003599870915652885,1,0.9819377870063406,0.08242939511035029,2,0.9970258027430904,0.01575928706725423,2,0.8956086396503387,0.2124629827687575,5,0.9939563306866035,0.020804117174216964,4,0.9990830985786384,0.004074494850311656
95465.0,1,0.9999520100985468,0.0007577399105410122,1,0.9825540483157306,0.08017159358442429,0,0.9999926604913808,7.246983482167014e-05,4,0.9704033972179423,0.09332197796373294,1,0.9998196046807079,0.0009867747046748035,1,0.9987652415384172,0.004888505073027531
95469.0,1,0.9999970865606244,5.7777984327233965e-05,2,0.9999695214913774,0.00032284750364697267,1,0.9988349950988515,0.006520885156078261,1,0.9904875197923639,0.03339851739449648,2,0.9935586584306211,0.021720172029762275,6,0.9994333885655385,0.0026555555745525553
95472.0,1,0.999924232518634,0.0011464151869847844,2,0.9987880552041097,0.00878459141217278,1,0.9759707686575159,0.08175109178261121,2,0.9999671654410796,0.000235990896243698,4,0.995651355474852,0.016553604415208412,4,0.9967677030351952,0.011230707061057561
95479.0,1,0.9999997342515632,6.188252724071144e-06,2,0.9999623615467294,0.000383453641007253,1,0.9987451054801642,0.006952714359854488,1,0.9999988334811416,1.0715124249543051e-05,2,0.9999983012122483,1.3544546813413128e-05,2,0.9999976320717896,1.7571545746560348e-05
95505.0,1,0.9999971869804286,5.59288545717638e-05,2,0.9999977729324919,2.975277394366807e-05,1,0.9997631138501836,0.001597732231493993,1,0.9982832562479909,0.007857878792224169,2,0.9990151679290203,0.004354739204210178,6,0.9532104360503988,0.10084255768404357
95506.0,0,0.5087209664812167,0.9997805397894214,1,0.986601181321449,0.06496346538438626,2,0.999869783277957,0.000934479462412193,2,0.9976771070802838,0.010315462685102953,4,0.9999488198728703,0.00031114845250735724,4,0.9969810737535724,0.01059213718910008
95509.0,1,0.9999843826717707,0.0002718848249611631,2,0.963406204729088,0.14298106808251113,0,0.9409252550977593,0.16196484540244444,1,0.9991638768594548,0.004211784516687561,2,0.9687585523452903,0.08020310414041115,2,0.9989585112090792,0.004214655249258788
95510.0,0,0.999198744946948,0.009396772905799834,0,0.9656829238815743,0.13633024489549084,0,0.9917118854567961,0.03873037240042994,4,0.9999705687177682,0.00020913446480159368,1,0.9999728588851715,0.00017611397861248598,0,0.9908416509087989,0.026896586593272542
95514.0,1,0.999962136946166,0.0006107885127520639,2,0.9100458851115959,0.2753186159544039,1,0.993850774959119,0.02701548829794477,2,0.9951929050120285,0.020736587270432094,4,0.9242200934557179,0.17245596093293133,6,0.841541619587457,0.22463155952043723
95519.0,0,1.0,5.143063467521784e-14,0,1.0,6.489823532331762e-14,2,0.9999999999999218,1.8130008419272026e-12,0,1.0,8.85998748858114e-14,3,1.0,9.935650155623348e-14,0,0.9999999999999929,1.776794743298564e-13
95525.0,1,0.999957205308064,0.000682783865594516,2,0.9973427255754762,0.016782419385935513,1,0.9820112090416089,0.06506097723874074,1,0.9985374949113048,0.007069886594849197,2,0.9162898635752926,0.1615341006882207,2,0.9993221120885948,0.0028908173375590033
95531.0,1,0.9999398811195201,0.0009297068643439373,2,0.9724306127592743,0.11600682382693364,1,0.9976585189429846,0.013061434789854796,4,0.9828994154032056,0.05397918376922729,4,0.9788424902896857,0.05760628184462528,4,0.9999464078421003,0.0002986683468264421
95571.0,1,0.9995056006537741,0.0061426023296920805,1,0.9999604874310933,0.0004202280004161885,0,0.9997466987088782,0.0018155450709889096,3,0.9588609734346428,0.10658882572349007,5,0.966695039783907,0.08151224955625848,1,0.9999956218971549,3.0425131988036946e-05
95591.0,1,0.9999997884247389,4.996354132221669e-06,2,0.9999889101285531,0.00012542103091066958,1,0.9485351413539392,0.14629364370116696,1,0.9999956959420123,3.6442533335593375e-05,2,0.9999504551243027,0.0003052600894962467,2,0.9995187467166265,0.002136527781949303
95594.0,1,0.9999904143345324,0.0001736287829748818,1,0.8524260819696015,0.38092116035249235,1,0.7724425509477686,0.3872673365123102,1,0.794356159548751,0.37270632232724443,2,0.9494813329136819,0.1304468668708742,4,0.8742034431532788,0.20026652748705376
95602.0,0,1.0,5.143063467521784e-14,0,1.0,6.489823532331762e-14,3,0.9999999995343636,7.553303509038537e-09,0,1.0,8.85998748858114e-14,0,1.0,9.948042700981048e-14,5,1.0,1.0969155354423114e-13
95611.0,1,0.999978518605631,0.00036409314495582015,2,0.9999930680163012,8.563824628682508e-05,1,0.9979002152595348,0.010855638138198292,1,0.9690643559070732,0.08574177071578053,2,0.9560739415472937,0.10058815361113004,6,0.9997673146401574,0.0011243660298152027
95622.0,1,0.9998798963768571,0.0017374239495021935,2,0.9911521116358045,0.0461778681878137,1,0.9842431738505659,0.0591012023156518,1,0.9987294860237852,0.006178166530898455,2,0.9998954420272863,0.0006444158077527345,6,0.835676574789296,0.2299959209983179
95625.0,1,0.9999938074184628,0.00011607200314802022,2,0.9999970465132174,3.71964030329765e-05,1,0.9999905603858064,8.60384949552065e-05,2,0.9948192521329933,0.02039775127952377,2,0.9949201015702153,0.017804485487629577,6,0.9993951079056831,0.0026301731330691186
95652.0,1,0.9999974212334731,5.159487910362812e-05,2,0.9703396992709261,0.1215840787126217,0,0.9880741982933259,0.04665292723804118,1,0.998490441120364,0.007662894227859038,2,0.9994414775264636,0.002788280746320179,2,0.9965253818800662,0.011893049109138002
95664.0,0,0.9992431701976254,0.008938078565418069,1,0.994506739344962,0.03101996142039418,2,0.9999703649687853,0.0002443175511837535,2,0.996523415613122,0.015897175057284146,4,0.9999227732708358,0.00045323370650056366,6,0.999187253265614,0.0034211698638669445
95665.0,0,0.9870904244964421,0.09951678110878992,1,0.8430642869987488,0.3982027418064434,2,0.9999974834648181,2.5219641437481344e-05,2,0.9957990511836762,0.018377522575896782,3,0.9999240507430602,0.00044446216130941213,0,0.9999530481221602,0.0002692113049742925
95685.0,0,0.9999481512221033,0.0008128845243984541,1,0.9902714380132008,0.04983604296755973,3,0.9999064365412943,0.0007177527055559475,3,0.9913269582336732,0.030949250580871453,5,0.9993997020166382,0.002820232823306819,3,0.999943528498669,0.00031291388753699946
95690.0,0,0.9999978124852776,4.428616843960368e-05,1,0.9685865525886619,0.1270890884138718,2,0.999409331051357,0.003593521404761758,2,0.9346630690434107,0.15360918576092727,4,0.9491974765394982,0.1121417000789611,0,0.9962504088269903,0.012972443833886115
95719.0,1,0.9999992851925082,1.5624717077744305e-05,2,0.9999995243211041,6.758801131755993e-06,1,0.9999929295897324,6.560447281918762e-05,1,0.9492973678867181,0.1246267375739565,2,0.9622479552316958,0.08970702659900469,6,0.9832562269057694,0.044466942704718786
95720.0,1,0.9999828804647727,0.00029576872557811427,2,0.9827884283206494,0.07921081190907556,0,0.7526725219303345,0.403538450323972,1,0.9984213820779285,0.007339937251244498,2,0.9960668677999662,0.015869050636957115,2,0.9989284468888786,0.004333869138382951
95744.0,1,0.9998711937763051,0.0018503158552748541,1,0.5372269798663881,0.6284251326958116,0,0.9932147443419079,0.02933449877900331,1,0.9948890512713005,0.0217983983468307,2,0.9153545399530844,0.17158077122216092,2,0.9639785959383004,0.07969897660106802
95748.0,1,0.9917585052311712,0.0688956979077347,1,0.8816095392854467,0.3433954508819582,2,0.9925378947422966,0.033111510910100776,2,0.9976407619029504,0.01128177601194992,4,0.9938769144905495,0.022444807021116245,6,0.9910668768723906,0.029206432821962634
95756.0,1,0.9999947253982616,0.0001000866104727399,2,0.9999868809436716,0.00014846927715682538,1,0.9996704186350709,0.002144064860110711,1,0.9860047503273909,0.04575973927182946,2,0.9390078263236418,0.12819238700405883,6,0.9958330969471266,0.015320720623663677
95761.0,1,0.9999912007052673,0.00016047158857024165,2,0.9994333761626286,0.0043791952696363885,1,0.9924379940933619,0.03209953068010746,2,0.9984671256175847,0.007124604387026623,4,0.9998123041827248,0.0010059474726939698,4,0.9081733408765618,0.1576553383431691
95762.0,1,0.9983825187838369,0.017328986864782514,2,0.5493505460247999,0.6294936075023905,2,0.9990571784984159,0.005486134633424419,2,0.9999641354108333,0.00025308824053486015,4,0.9997234911220849,0.001419735336771865,6,0.9824675874168554,0.0457260918927282
95765.0,0,1.0,5.143063467521784e-14,0,0.9999999999863434,3.234838491004623e-10,2,0.9997648197573293,0.0015870516501723245,0,0.9999999999985292,2.583882246155962e-11,0,0.9999939881939516,4.369137228335475e-05,0,1.0,1.1258929591917939e-13
95768.0,1,0.9997016103514159,0.003924717456922243,2,0.9999854116360897,0.00017033971746501382,1,0.9998529551783747,0.001056946949678846,2,0.9888400993781591,0.03824577747585186,4,0.9490335441336502,0.1128168284856946,4,0.9994791384730946,0.002372838498677473
95775.0,1,0.9999894162949047,0.00019019429370776877,1,0.8759270841566252,0.34134169634293154,0,0.9897551135760942,0.04120693581417979,3,0.7568626962306612,0.3446399787857695,2,0.5004338354379227,0.39923407389013016,1,0.8658001234661755,0.20262698704654744
95785.0,1,0.9557658076441705,0.2613798362257534,1,0.9985660646068395,0.009895860508178509,2,0.9978871787342088,0.010943722941545195,2,0.9997458302967019,0.0015872346016832205,4,0.9988016863831892,0.005202846145561039,6,0.9999719898213808,0.00017394073686605199
95792.0,1,0.9999464092075269,0.0008376407909920185,2,0.9930628700071271,0.037692369948193034,1,0.9995670764078379,0.0028611634361337714,2,0.9846635242160514,0.05034008005682647,4,0.9998636498455575,0.0007939230413496485,6,0.8836320673667704,0.18486737892088465
95799.0,1,0.9999974052204144,5.189208807639261e-05,2,0.9999990665446519,1.2878211784173722e-05,1,0.999991127221672,8.130927823357456e-05,1,0.9999970890591732,2.4906887703518056e-05,2,0.9999900740649577,6.950782096697092e-05,2,0.9999593801129466,0.00024629950277281644
95803.0,1,0.6160337087417526,0.9607951884214648,1,0.9984925765240344,0.010291118272815238,2,0.9998193461124479,0.0012534715565358744,2,0.9994838840544907,0.0027779131777411798,4,0.9998349256695503,0.0009342510409066359,6,0.989286255830855,0.03134862447575602
95809.0,0,0.9999999999939035,2.35979162497148e-10,0,0.9999999999973355,6.810908154827288e-11,3,0.9999998893254219,1.3585232436751362e-06,4,0.9999999268505446,7.922335861785283e-07,1,0.999998509449642,1.1994445435864542e-05,0,0.9999999999999787,3.930830758090415e-13
95849.0,1,0.9999840331467207,0.00027745990505396106,2,0.9999989157875235,1.5091187876771337e-05,1,0.9999992679709898,8.082553289198133e-06,1,0.9999982556961599,1.5671109506527608e-05,2,0.9999996830654792,2.8288794176834263e-06,2,0.9990301753494242,0.003956321943461137
95851.0,1,0.9998909411071224,0.0015928292688150826,1,0.8108702750178816,0.44206870790217906,2,0.9896513254828117,0.042639453445516395,2,0.9941620563136344,0.02254783504090404,4,0.8958430406845166,0.18701519818647339,4,0.9561461335619295,0.09360329970228333
95870.0,1,0.9998841751996548,0.0016815884268140018,1,0.9981301131108322,0.01240052639459622,0,0.9996764194383055,0.002117908712491992,3,0.9988859812480665,0.005453878096595499,1,0.9549384647251896,0.10258884326292105,1,0.9999993627881955,5.057573208782878e-06
95900.0,1,0.9999072485288327,0.0013763296609887036,2,0.8648750952177964,0.3607121750749047,1,0.9291348205470827,0.18468191082843058,2,0.9908205474894809,0.035453713551739596,4,0.5469073940523151,0.41802337054721167,6,0.9308944898272817,0.12923085250249763
95903.0,1,0.9999643970791239,0.0005774905640103008,1,0.6682768715208854,0.5786050141925259,2,0.9890594780719775,0.044033575837594964,2,0.9997454684092515,0.0014705853814173696,4,0.9984940823420787,0.0064238072784676935,6,0.6211641867366839,0.34107529472132014
95904.0,1,0.9999923523734973,0.00014101646661540446,2,0.9999971347634734,3.7648479427806926e-05,1,0.9896689573240474,0.041490472779196964,1,0.9990722315288755,0.004609265696482267,2,0.9998639054334271,0.0007574762713986342,2,0.9999941806151331,4.056703943916773e-05
95915.0,0,0.9999999050043239,2.3530673924325885e-06,0,0.9987877024632893,0.008512947564995873,2,0.9982900026034142,0.009091415814377809,0,0.9999503220121785,0.0003377287420623289,0,0.9997818971739997,0.0011479244516524492,0,0.9968177003552652,0.011036918787114398
95922.0,1,0.9999980502050542,3.9797147260154705e-05,2,0.9999696110131331,0.0003194736202945723,1,0.9944420974384213,0.024815842723600226,2,0.9746865354169372,0.07335196200188121,2,0.9425849898437451,0.12267049592044359,4,0.9999555325494928,0.00025517990972789086
95950.0,1,0.9999553197117755,0.0007100888435671936,2,0.9993040718704235,0.0052660911282970575,1,0.9888801100687025,0.0440986789104947,2,0.9415576274451072,0.1383468296442501,2,0.6784057338607274,0.3505313714426054,4,0.9244588956238734,0.13770459271605284
95955.0,1,0.9987721256900856,0.013643439873719328,1,0.9999989758361161,1.4081696711007986e-05,0,0.9999418380428512,0.00046897740661710325,3,0.9999984515048882,1.3931608451155202e-05,5,0.9999981470392328,1.4879230679333473e-05,1,0.9999952898923584,3.381432527697846e-05
95968.0,1,0.9999998497579525,3.622170981302829e-06,2,0.999999857440915,2.2295420706766954e-06,1,0.9999581748186884,0.0003343548928328507,1,0.9999285478120702,0.00046821802724127077,2,0.9999960668989769,2.9515733078112907e-05,2,0.99983616613434,0.0008431287876559389
95977.0,1,0.9853188052684524,0.11043105709776223,2,0.998251499224116,0.011982679199748436,0,0.9995556713098284,0.0029876140197715277,4,0.999999999808928,2.7756758332726585e-09,1,0.9999999999929265,1.0588693217846552e-10,1,0.9999865495856268,8.444218735057828e-05
95990.0,1,0.9999964280874658,6.97864707591559e-05,2,0.999308780373574,0.005214333280009378,1,0.9997601545340304,0.0017283547214054262,1,0.9999545501621868,0.0003141894483153663,2,0.9999911362225344,6.666955330013109e-05,2,0.9996577399169164,0.001709120409118983
95991.0,0,0.9774453106045774,0.15555361031411274,1,0.68777926427435,0.5683231983763608,2,0.9623522577068899,0.1160614327323205,0,0.9469122712272516,0.1430295257645793,4,0.8333405058345774,0.25149288772195993,0,0.9973880812136152,0.009378343745331145
96008.0,1,0.9999589754566057,0.0006570416470403816,2,0.9992296980172722,0.005761848842302784,1,0.9948289759793929,0.023390275534759173,2,0.9720591821047956,0.07937595557456052,4,0.5521772668258849,0.3840910483794659,4,0.9047987347306642,0.16405309352512018
96031.0,1,0.9999967599054198,6.375931127302218e-05,2,0.9954349843846407,0.026551220453402226,0,0.9449595707058542,0.15371826739723418,1,0.9951080682124981,0.019237345390538747,2,0.991322133203472,0.02788597559038214,2,0.9894015020277245,0.03018328734563579
96035.0,1,0.9999296192362411,0.0010723989870850925,2,0.999997887034984,2.8197035838386662e-05,1,0.9999980944082199,2.0627945248083136e-05,1,0.9999999321353729,7.61671655279322e-07,2,0.9999999034852014,9.691865657647518e-07,2,0.9999816388751183,0.00011567759774140987
96048.0,0,0.999999988519143,3.1938471675689355e-07,0,0.9162778917653704,0.26193702691932697,2,0.992174279674415,0.03300339449191595,0,0.9973142771192999,0.011547090898636158,0,0.989753986474266,0.03188597042434541,0,0.9999888169954393,7.12758399738088e-05
96050.0,1,0.9999583151071808,0.000666657354381778,2,0.889864123637548,0.31660785744370046,0,0.9295193298438171,0.18390037005792612,1,0.9994851299913461,0.0027421477399493075,2,0.9992600086718443,0.0036319940543795824,1,0.9256903903773078,0.13600618870806644
96064.0,1,0.9999820653110489,0.00030864828228657917,2,0.9910364113418285,0.04660278457690465,1,0.999044127817037,0.005490125553358563,2,0.9670681762567228,0.09014426421335936,4,0.6073778400040233,0.3831145227650968,4,0.999066327843501,0.003873705511601418
96074.0,1,0.9973045505348778,0.026889823698734418,1,0.9824983445360059,0.08126005369251377,0,0.9904870641224929,0.03981755823224846,1,0.9813756708624735,0.058309711690839074,5,0.9602381350338244,0.09394986412469965,3,0.8982543048327983,0.1893173286467197
96093.0,1,0.998010793715404,0.020717286206779286,1,0.9999999311706441,1.1049464650851864e-06,3,0.9999365203556997,0.0004886806177177859,3,0.999999945778734,5.973764278948255e-07,5,0.9999999652413726,3.529391083137922e-07,1,0.9999999999489759,6.605251075486782e-10
96097.0,0,0.9998940387129424,0.00155199311281981,0,0.9513661289123723,0.17701838440102577,2,0.9998703281515932,0.0009307494867567282,4,0.9998633151243462,0.0008695841462057803,3,0.999990128215722,7.273909716320794e-05,0,0.9999296087471624,0.000397011313906387
96103.0,1,0.9976193864707023,0.024176147579050393,1,0.9999999797078376,3.456435777036378e-07,0,0.9994397051627066,0.0034301762595220207,3,0.9999999647265099,3.9800942111147585e-07,5,0.9999999302240201,6.809210530176854e-07,1,0.9999990503210048,7.256978486215075e-06
96116.0,1,0.9999900022366559,0.00018048613265116983,2,0.9939825573342758,0.03349131142024694,0,0.8558178105124903,0.29754648992433286,1,0.99923719845575,0.003951381923041807,2,0.9727197549358272,0.06999106785461098,2,0.9978695985346083,0.007830137775705036
96124.0,0,1.0,5.143063467521784e-14,0,0.999999924828539,1.1908169429266533e-06,3,0.9999999999059099,1.635958491404882e-09,4,0.9999999999053024,1.4176594470591863e-09,1,0.9999999984399857,1.8526500024002224e-08,0,0.9987911870011847,0.004794391565294819
96133.0,0,0.9999999983056682,5.181147228721494e-08,0,0.9999996904058133,4.505495687871511e-06,2,0.9999990447872534,1.0240056930867657e-05,0,0.9999999973993567,3.355767901300633e-08,3,0.9999999999993427,1.0807718371876766e-11,3,0.999999831295618,1.439057754420283e-06
96140.0,0,0.829752518255088,0.6582705991960892,1,0.9832309284597966,0.07760645697112885,2,0.7789928669264111,0.381013570235715,2,0.9874189553203899,0.04715758419044592,4,0.9986100621758524,0.005987953899789688,4,0.9983446426356772,0.00634499876742683
96150.0,0,0.9999999997334328,8.862589828762893e-09,0,0.9999998222832021,2.6760871732506197e-06,2,0.9999999990099511,1.5521300263059357e-08,4,0.9999999777125839,2.668828521630584e-07,3,0.9999999999039595,1.2942437939557537e-09,0,0.9999999999974065,3.779733604201292e-11
96160.0,1,0.9730825696982311,0.1786891301556606,2,0.9549602781628571,0.188501302257209,2,0.9997334111016788,0.0017793635571958114,2,0.9957513235336113,0.017055637116381975,4,0.9999983297427364,1.3781007903210424e-05,6,0.9999869752960688,8.34346996000428e-05
96186.0,1,0.999997524508087,4.967457379341508e-05,1,0.9999484817192008,0.0005099164263079371,2,0.9985583459727945,0.007848053467424612,3,0.9981959884455499,0.008764425187430388,5,0.99910870611765,0.003991270885473336,4,0.9874395153644083,0.03618584414447399
96196.0,0,0.787038577289031,0.7471053886031139,1,0.9999999990087076,1.9609097719671927e-08,0,0.9999837344524601,0.00014110772707779317,3,0.9999999999985647,2.526499105975306e-11,5,0.9999999999997513,4.2292329008582106e-12,1,0.9999991210447473,6.750349997873448e-06
96198.0,1,0.999996374556296,7.075453430599388e-05,2,0.9999988448007635,1.5725779320436342e-05,1,0.9999966926237871,3.265516903552465e-05,1,0.999991579733356,6.646886656134315e-05,2,0.9999976781029245,1.8127452573417237e-05,2,0.9998512401880417,0.0007723853655278364
96205.0,0,0.9965414953968126,0.03325640367675099,1,0.9050401164722688,0.2856926135373738,3,0.9761112827864905,0.08152047985190679,3,0.9740302650473036,0.07483393810394415,5,0.96100041039217,0.0919496496120574,4,0.9974523316746329,0.010406983822988677
96219.0,1,0.9995718050230064,0.005408886424635352,1,0.9999792683198981,0.00022237031424810226,3,0.9999380639667147,0.0004775736366892366,3,0.9999991385142495,8.05518722425304e-06,5,0.9999999924332954,8.371455402061071e-08,1,0.9999999993720152,7.1608671888614144e-09
96222.0,1,0.9999976035940471,4.8199846460142244e-05,2,0.9942970226157607,0.03200685408081869,1,0.8063009199900747,0.35474328163417634,1,0.998947666037268,0.005137076741822934,2,0.9980942859030759,0.008458463141386076,2,0.9983798399956112,0.006182157622247053
96224.0,1,0.9999696953789144,0.0004985951379877289,2,0.9985637021035244,0.009869102676761964,1,0.9977033237774788,0.011757265718532273,1,0.9998709539194433,0.0008111298234233282,2,0.9995288717342676,0.0023111278728348977,2,0.9997755734477347,0.0011530493105483394
96226.0,1,0.9978564663194981,0.022093274964305312,2,0.9999429456847841,0.0005640583844985354,1,0.9724925879712999,0.09086779846704456,2,0.9996016486857854,0.002185056264004921,4,0.9684128159274495,0.07828418963583461,6,0.9968824895867389,0.010844771971403244
96237.0,1,0.9999968442155293,6.222027552368783e-05,2,0.9999999065153532,1.4623975069331686e-06,1,0.9995179251177277,0.0030036450538586455,4,0.9999999902274084,1.1806311392016677e-07,1,0.9999999986044728,1.6659845161341713e-08,2,0.9999999999368967,8.161548083898305e-10
96240.0,1,0.561597949382146,0.9890240801199806,1,0.9986937390661214,0.009097520265864986,2,0.992877587218845,0.03073154875139272,4,0.9934194316431094,0.02831189722319512,1,0.99960484459865,0.002031901958746849,1,0.999883885653659,0.0006608401868859089
96249.0,0,1.0,5.143063467521784e-14,0,1.0,6.489823532331762e-14,3,1.0,7.698578068763589e-14,0,0.9999996455772784,3.491022439899714e-06,0,0.9999998868362561,1.0733323925665163e-06,3,0.9999844928564191,9.622046756661934e-05
96250.0,1,0.9988807400959931,0.01258621927915321,1,0.9999059968764749,0.0008819472117322231,2,0.9972541431356046,0.014967988935526548,3,0.9405564501816756,0.1414926093303527,5,0.9946806461805944,0.019525783095990422,4,0.9991139277673443,0.0036881042996238745
96253.0,1,0.9999591321752391,0.0006547573392127638,1,0.9123577360178884,0.27054820405318325,0,0.9615468300693163,0.11847777641453072,3,0.6299794919072579,0.41033486627983784,2,0.8220589341205955,0.262976305731184,1,0.8926436363534256,0.17791774185667397
96257.0,0,0.9191215482292967,0.40526693143073195,1,0.9985537762568732,0.009923195602282156,0,0.9947153185835483,0.02625137353748044,3,0.9738692792746716,0.07522997527861541,1,0.991673453121525,0.029186465217004267,1,0.9953087312234256,0.015357755715542128
96270.0,1,0.999983681736267,0.00028305392950574946,2,0.9999484997018483,0.0005156411475415266,1,0.9997596363690308,0.0016214452769233202,2,0.9835589898565931,0.0521153228999476,2,0.9217264593690812,0.15323728100891965,6,0.9659207117581191,0.07639154698692613
96276.0,0,1.0,5.143063467521784e-14,0,1.0,6.489823532331762e-14,3,1.0,7.698578068763589e-14,0,0.9999999860876977,1.6502207149900826e-07,0,1.0,9.948042700981048e-14,0,0.9995787169418496,0.0018991076504672503
96279.0,0,1.0,5.143063467521784e-14,0,1.0,6.489823532331762e-14,3,1.0,7.698578068763589e-14,4,0.999999907864997,9.846438464166975e-07,1,0.9999991172441961,7.360677276636778e-06,3,0.9979936408298041,0.007434419194319227
96283.0,0,1.0,5.143063467521784e-14,0,0.9999998489835321,2.296408422039548e-06,2,0.9992721846267678,0.0043182413336381445,0,0.9999999999477325,8.036749363935969e-10,0,0.9999999234129178,7.430987076197745e-07,0,1.0,1.0991977025303735e-13
96297.0,1,0.9999394291419449,0.0009360419292162171,2,0.982118808351819,0.08164739984255778,1,0.9857926583432438,0.058487485847117715,1,0.9933715309731799,0.026837293425466112,2,0.9947563072058455,0.018552279012948144,2,0.9974811478025366,0.00963027845571593
96308.0,1,0.5722947155406637,0.9848664436421306,1,0.996971759326328,0.018739825411425843,2,0.9972968174691524,0.013478239944718483,3,0.9901076259903439,0.035912693109817935,4,0.9499493412447413,0.12293236587767097,4,0.9989818922868785,0.0045685241935415665
96322.0,1,0.9999923509589453,0.00014104050890849127,2,0.988826184423922,0.05583184990214953,1,0.971652454964938,0.09302034764172253,1,0.9980272130667819,0.008859272803511316,2,0.9959873137842211,0.01461195129730453,2,0.9982421607176954,0.006633172042715661
96325.0,1,0.9997247314314557,0.003652640196968146,1,0.9990648285404373,0.006957353394593645,0,0.9990881092272343,0.00582491548060509,3,0.9805990663994606,0.05968086225135129,5,0.961231633713317,0.0918921964555534,1,0.9774493532100538,0.05548391319852813
96329.0,1,0.9999990866494862,1.964162328845238e-05,2,0.998561220826482,0.009879085518180718,0,0.960817421648957,0.1192662669266432,1,0.999773501389163,0.0013255474549504994,2,0.9997506526134224,0.0012982172708511746,2,0.9995386958861417,0.0020580002628490424
96348.0,1,0.9993118276605205,0.008221691965019332,2,0.9991551931248168,0.006672577865634516,2,0.9979389839199799,0.010680280401638303,2,0.9998572107147718,0.0008745193415054273,4,0.998930427663028,0.004680376003397928,4,0.9999924145002768,4.992908446874396e-05
96368.0,1,0.8943070638825737,0.48678627204260944,1,0.9999954920576926,5.461366434613813e-05,0,0.9999228181168485,0.0005835982790241356,3,0.9999984183794164,1.4109043375815472e-05,5,0.990522033633302,0.029922334599241943,1,0.9999991127514881,6.809797786407473e-06
96377.0,1,0.9999028760472883,0.001434757600453148,2,0.99946419813339,0.004243008136120493,0,0.990470584199772,0.03886542361332315,1,0.9976951810463548,0.010996481500974023,1,0.9944490529947596,0.019219262557915204,2,0.9994481956723696,0.002412119357572054
96392.0,1,0.9971568149911296,0.028144456611969033,1,0.9999940414028994,7.068385924460719e-05,0,0.9998842730013805,0.0008585973911236344,3,0.9999667313917859,0.00024623997094379177,5,0.9999799532077932,0.00013723633319287544,1,0.9997908333738267,0.0010976677992241282
96403.0,1,0.9847053852314173,0.1141351151684101,2,0.9999989636756835,1.3945289970691892e-05,1,0.9999839569956745,0.00014103791076867304,2,0.9999873624417683,9.643917248216476e-05,4,0.999655578153562,0.0017261240566037355,6,0.9999995278784168,3.776720043307058e-06
96415.0,1,0.9999553907573597,0.0007090621577895772,1,0.8381730246802612,0.4031529477842244,1,0.986114434400586,0.05313204010986345,2,0.9661808321748465,0.10640840451817622,2,0.9136948243057633,0.1971598630988569,6,0.9993737812196781,0.0027863226684279574
96417.0,1,0.9999962631616457,7.276537097175153e-05,2,0.6989980823639584,0.556807744332925,0,0.9637264094288468,0.11247121417476948,3,0.8604577372455144,0.2511012701701934,5,0.8426650656768089,0.24290381039310646,2,0.95891045842889,0.0880779267906998
96432.0,1,0.9981503509069982,0.01945810993038557,1,0.9994027555485689,0.004951532219184214,0,0.9998755829873529,0.0009788324188420563,3,0.9987416271650104,0.006454713361302931,5,0.9132184154336289,0.16564744064002518,1,0.9986712784894197,0.005328747432121483
96433.0,1,0.9999371753169364,0.0009675603496949228,1,0.9999232969618003,0.0007410901497798371,0,0.9999981635712438,1.9888528323719893e-05,3,0.9999980735146867,1.7215801257760408e-05,5,0.9999997663412212,2.180895634864763e-06,1,0.9999970723409898,2.17323379821702e-05
96443.0,1,0.9999966222399327,6.626555337459589e-05,2,0.9999739128458142,0.000287310514683325,1,0.9999872865291441,0.00011755527009982012,1,0.9995742472018657,0.0023177220137337706,2,0.9995399092174331,0.0022304324231426876,2,0.9999968959831271,2.2204625119834185e-05
96450.0,0,1.0,5.143063467521784e-14,0,0.9999999634424561,6.03108855833196e-07,3,0.9999999999289813,1.2484680113495247e-09,0,0.9999969205213143,2.6195710025742078e-05,0,0.9999988536233281,9.391636100011767e-06,3,0.999999994673324,5.4900948906561417e-08
96452.0,1,0.9999769306484934,0.00038863417190367674,2,0.961324745112849,0.14921721598778082,1,0.9339445221314646,0.17594987507546678,2,0.856811600145913,0.2554856555120952,4,0.6935293704880597,0.3479310745045018,6,0.8486195333537052,0.22398738085124828
96479.0,1,0.9999889414907592,0.00019802661179791188,2,0.9921867827316531,0.04199294642545295,1,0.9930489971434351,0.030686038740061337,1,0.9897230712503335,0.03582455796859795,2,0.9841148357579892,0.04554804427510896,4,0.9848087702056948,0.040530406741819215
96489.0,1,0.7939459371617416,0.7338722096681385,1,0.9999238956440558,0.0007262160892371536,0,0.992925917939428,0.03035083292997991,3,0.9999957244757586,3.5541866998419866e-05,5,0.9999284413860562,0.0004317679556452389,1,0.9999889555626255,7.046576761075644e-05
96501.0,0,1.0,5.143063467521784e-14,0,1.0,6.489823532331762e-14,3,1.0,7.698578068763589e-14,0,0.9999999999424602,8.78784860991799e-10,0,0.9999999999985718,2.2602031775616442e-11,3,0.9999372826265531,0.0003441183581838711
96519.0,1,0.9999815048240701,0.0003174728972611112,2,0.9991703578937461,0.0061250451583762956,1,0.9994932750766953,0.0031516834274716594,1,0.9999436549867141,0.0003800671875866565,2,0.9999911170829745,6.772311987714201e-05,2,0.9998685417117711,0.0006718525784916142
96523.0,1,0.99879066096381,0.013464040545977902,1,0.9999380157336287,0.0006031312450220111,0,0.9999460047675897,0.00042288688128810703,3,0.9999999427997625,6.487999838779113e-07,5,0.9999999680768467,3.2554318013196883e-07,1,0.9999957104274224,2.9926675033032473e-05
96548.0,1,0.9999693665629075,0.0005035281211765037,1,0.961101469993577,0.14968467320559725,0,0.9956790834857693,0.020351722695695424,3,0.9994469617915981,0.0030202881295786207,5,0.9994312434215641,0.0027756731142831643,1,0.9856769862912909,0.03986880328959448
96552.0,1,0.9997250606119357,0.003648746868023607,2,0.9984807325513286,0.010516225469128544,1,0.9985897460636537,0.007707932753141563,1,0.9972654284442334,0.011789043944935698,2,0.9882039839051926,0.03803466133589616,4,0.8632642180486257,0.2454406024574678
96553.0,1,0.999923027969616,0.0011628892544235073,2,0.9235161746761533,0.24593555552230884,1,0.9883439261920677,0.04581512703664065,2,0.9692217781707358,0.08555629931146265,4,0.8902665390563118,0.19677223416743603,6,0.9997859157615847,0.0010523640472278849
96558.0,1,0.9962616428793424,0.035527009264038754,1,0.9999996839816137,4.729438175829754e-06,3,0.9967456857776693,0.015789841833025797,3,0.9999987028826737,1.175219038305511e-05,5,0.9999999975188132,2.9845997030212385e-08,4,0.9999786489318604,0.0001289851782522877
96566.0,1,0.999907524700338,0.0013726294360020114,2,0.9785516553443115,0.09434575303827655,1,0.8359406140648227,0.3220118888686977,2,0.9999456054134018,0.0003746684944548914,4,0.9983812749485331,0.0069306092758217325,6,0.9644419108814777,0.07892165746352148
96574.0,1,0.9999968857484481,6.146092498405948e-05,2,0.8826452469263598,0.32919275664568864,0,0.9240673099959619,0.1938435287760482,1,0.967521691023222,0.08919184818734475,2,0.8992921331832042,0.2148917509275805,2,0.8268372025195065,0.23683987401397974
96576.0,1,0.687535956938227,0.8959973270495557,1,0.9931962008266153,0.03732943435137245,2,0.9996378416311262,0.0023318216878623023,2,0.9931193029998695,0.027486394180539612,4,0.9598244074475555,0.10958426769835604,4,0.9977035891688993,0.009074464449610695
96582.0,1,0.9991251311253727,0.010149099533769598,2,0.9732107280394362,0.12417616099726424,2,0.8471220421379053,0.3093936690240117,2,0.9996968479793553,0.0017432448620956695,4,0.999351098550786,0.00328579980928238,4,0.9998938335327323,0.0005542414356973146
96590.0,1,0.9996600355957623,0.00440756318604189,1,0.9999888270934958,0.00012676081524373842,0,0.9999824319037189,0.000151830969952964,3,0.9997159468046791,0.0016368486723941128,5,0.9999890225966811,8.076792944811902e-05,1,0.9996595590565532,0.0015826778204777337
96593.0,1,0.9996115407154106,0.004961543294932051,1,0.8163078249228591,0.43555316683329215,1,0.726688995930751,0.42879893510750133,2,0.9977641067850173,0.010084208156085139,4,0.9857736082633589,0.041680260976673086,4,0.49908048069017746,0.3637752832081996
96600.0,1,0.9998854632674952,0.0016647357929941216,1,0.9999710050569179,0.0003023180680905,0,0.9997789301496465,0.0015017005852214105,3,0.9986981727333603,0.006306741858939259,5,0.9999464127866408,0.0003447225102838751,1,0.9998198366639941,0.000924650095945319
96609.0,1,0.9999998978550176,2.5194645086419093e-06,1,0.6078946792311197,0.6095699626790819,0,0.9468700513511978,0.14977809749584292,3,0.9453181241560703,0.1317709199397771,5,0.8814597376561579,0.2031559326871437,2,0.9946212320913934,0.0172001418591297
96624.0,1,0.9765834349794322,0.16021606468894664,2,0.9791242460338362,0.09664397228187999,2,0.7655070932915343,0.4125903870326693,4,0.997386829697356,0.011856370077924115,4,0.9989268408379849,0.005053035242361114,0,0.9013850798354529,0.1661015090353644
96628.0,1,0.9998714246564367,0.0018473320486113328,1,0.9054587106586967,0.28550113077064004,2,0.9996515433215979,0.0024241548941971486,2,0.9888935808144406,0.038168442809370526,4,0.8911342835782862,0.19263931066846954,4,0.9997776075190371,0.0011399970757072215
96630.0,0,0.7081808155885652,0.8710596271969903,1,0.9972551663626603,0.017230999598342872,2,0.9997305014868659,0.0017921580691141101,3,0.9437522644549937,0.15571848969194985,5,0.9142515437391237,0.16410304316723995,4,0.9536627356514441,0.09697053228274137
96634.0,1,0.9991050763541978,0.010352474120413012,1,0.9910619087050148,0.04752197127972526,2,0.9998579552052232,0.0010248389417593692,2,0.9970989046921577,0.012418095454932837,4,0.9965050262915844,0.012992571300118995,4,0.9996861708152665,0.0015215352775764287
96638.0,0,1.0,5.143063467521784e-14,0,1.0,6.489823532331762e-14,2,0.9999999999985434,2.9738961590468973e-11,4,0.9999999849875075,1.7736217007277745e-07,3,1.0,9.935650155623348e-14,0,0.9999999973632541,2.812178531575591e-08
96651.0,1,0.9984449904047715,0.01674812752868389,1,0.9999861483984032,0.00016110436113455143,0,0.9991141456732943,0.005236232893554305,3,0.9997558808745518,0.0014440886764838787,5,0.9999308146367596,0.0004434916478146116,1,0.9999772483312457,0.0001374960648077097
96659.0,1,0.9999990514729213,2.034638201962615e-05,2,0.9999977176597956,2.9613230790745187e-05,1,0.9953303657294224,0.021437833936796824,1,0.9999035728520366,0.0006305571440011846,2,0.9998298648326517,0.0009209368792330218,2,0.9999227838833007,0.00041607897426733007
96663.0,1,0.9999959126524453,7.906195505206907e-05,2,0.9998281896855319,0.0015136782820939978,1,0.9999948970736937,5.048453066072264e-05,1,0.9999974039779785,2.3479597027085494e-05,2,0.999995683702144,3.286794732960721e-05,2,0.9998073272104419,0.0009896600254932846
96672.0,1,0.9867510716567612,0.10163353610770814,2,0.9473742605533003,0.2141893962816816,2,0.9996896541658954,0.0020398194256948015,2,0.999994978239855,4.136772117655629e-05,4,0.9999791874832298,0.0001374198462025519,6,0.9997968808314389,0.0010635209655767623
96681.0,1,0.9998747702901737,0.0018040266664313233,1,0.9999632830669772,0.00038018698759534163,0,0.9998197879582532,0.001338154622786337,3,0.9999934807006865,5.633062370606101e-05,5,0.9999966750922477,2.6069181902228585e-05,1,0.9999288262544717,0.00042188127145637125
96705.0,1,0.9999840590885631,0.0002770465033704271,2,0.8480180056320342,0.3881429178043533,2,0.9924281452509761,0.032358489106651206,2,0.999998266898486,1.642320580676435e-05,4,0.99987874802387,0.0006808964397680313,4,0.996585689070696,0.011726976658683675
96708.0,0,0.9999532295363435,0.0007402222864088233,0,0.9999904792654318,0.00010929282989636819,0,0.9999835163285496,0.00014284192750755332,4,1.0,9.805046356972304e-14,1,1.0,9.948042700981048e-14,0,0.9999982879986735,1.256157311265374e-05
96725.0,1,0.9999164579185446,0.0012522767669599453,2,0.842759508377893,0.3965898041773227,2,0.971454494837911,0.11289936426798872,3,0.9885028166165949,0.03995286272022915,5,0.9986033692825065,0.006315373241643196,1,0.985204437794153,0.0438282644010139
96748.0,1,0.9925345594521838,0.06347754578832192,1,0.9999911032249955,0.00010230533537572397,0,0.9999989405384183,1.1285019404129197e-05,3,0.9999991777112177,7.95025595370003e-06,5,0.9999928592609892,5.239130969880566e-05,1,0.9999972452503769,1.9638823719189362e-05
96750.0,0,0.9998588439464796,0.002009076169578841,1,0.9994503162595174,0.0042558697844468805,3,0.9920542231412066,0.03342214196521503,3,0.9999999980076382,2.632332603387743e-08,1,0.9999992698379679,6.166512435294831e-06,1,0.9999999999999432,1.0217679496422676e-12
96756.0,1,0.8839897946652768,0.5177825268229247,1,0.9375217360195944,0.21275275660711007,0,0.9989651766647866,0.005877059873654149,3,0.9999754872053093,0.0001769348993795396,5,0.9999341254585333,0.0003907317869929677,1,0.9999912863035798,6.001987123839405e-05
96766.0,1,0.9996725988903746,0.004262471719472825,1,0.9969104262728264,0.019556277970374257,0,0.9999640776886585,0.00030786909158410196,3,0.7497893002933729,0.34975858470827587,5,0.9442147668483776,0.12032783220768055,1,0.9056442016639072,0.16067951405132597
96793.0,1,0.9911899062365721,0.07279734723303709,1,0.9722841108276665,0.11624787614800734,3,0.9455837799256158,0.15252160449565863,2,0.9953310347147301,0.020846600261450608,4,0.9987768052757326,0.005696023129361576,4,0.9999820117826339,0.00011047020402047768
96810.0,1,0.9999594000947356,0.0006508501739302063,2,0.9796802024766095,0.09040997139164007,0,0.6077434162746013,0.4831532095222027,1,0.9986250389861403,0.0064837172826380735,2,0.9781373471832323,0.06127323879995537,2,0.9997103884304007,0.0013615539023519247
96826.0,1,0.9998320197286744,0.002348699219327867,2,0.9728430061395551,0.11355468267026848,1,0.9973178311810418,0.01343600092261514,2,0.9914979429859506,0.030493393219559652,4,0.983045641296335,0.04826705215566452,6,0.9922764153903524,0.023281829145887986
96844.0,0,1.0,5.143063467521784e-14,0,0.9999999999963762,9.029906908226638e-11,3,0.9999999999999076,2.0531570496128686e-12,0,0.9999999999999503,1.061935672218311e-12,0,1.0,9.948042700981048e-14,0,0.9999999999996163,5.949984911641924e-12
96848.0,0,1.0,5.143063467521784e-14,0,1.0,6.489823532331762e-14,3,1.0,7.698578068763589e-14,0,1.0,8.85998748858114e-14,0,1.0,9.948042700981048e-14,3,1.0,1.0980566189863425e-13
96852.0,1,0.976099483567443,0.16281342124045747,1,0.9989578458472642,0.0075053354037957825,2,0.99987259084283,0.000917611422426402,2,0.9991192506167142,0.004518968429703771,4,0.985584645821594,0.042335785444993196,4,0.9997776098926172,0.0011347777093442461
96860.0,1,0.9999838773761012,0.00027994094514502665,2,0.7128508813710983,0.5458021312479728,1,0.7665857235879672,0.3921333019058721,1,0.9895838474180934,0.035982248432699586,2,0.9633901390260228,0.08958387467656931,2,0.9945963872214687,0.017281383519808565
96865.0,1,0.9999961114483933,7.549633803648208e-05,2,0.9989250310940354,0.007669128497262374,1,0.9998601342362302,0.0010125776084224237,1,0.9999470093417874,0.0003692640143978243,2,0.9999057008096678,0.0005524531093577415,2,0.9998542543158234,0.0008184228281830998
96885.0,1,0.9815169051351316,0.13283669490763436,1,0.9937667403999036,0.03833078615419379,2,0.9999724983890032,0.0002322374530760314,2,0.9999875603598076,0.00010209399460465974,4,0.9998648647281103,0.0007570483774779877,6,0.9999513567469587,0.00029214656400689324
96890.0,1,0.9999992472136148,1.6398661466568163e-05,2,0.9999988376022207,1.5537956134406977e-05,1,0.9999988738329311,1.194187476679422e-05,1,0.9542271916963041,0.11549075991717554,2,0.9814580835560525,0.051518625860751864,6,0.984902766465001,0.043283211810199354
96898.0,0,0.9992581843229212,0.008782215912279975,0,0.9434954394391425,0.1977398467084788,2,0.998864261571393,0.006625152683128663,2,0.9999961457374508,3.3301200249845214e-05,4,0.9999951977414044,3.6145629160438904e-05,0,0.9999999194968258,7.173389529111295e-07
96899.0,1,0.9999756962156401,0.0004076020973674319,2,0.9997424585007203,0.0021867094600743478,1,0.9991259904785336,0.005072467882221771,2,0.9999956559511881,3.752542255990982e-05,4,0.9846104448419557,0.04440535226153237,6,0.9995672054633712,0.0019453374751215201
96901.0,1,0.9999929074807371,0.00013155176592187726,2,0.9999883070375103,0.00013228039501484343,1,0.9999858453129091,0.0001290833776474792,1,0.9999984751906873,1.4293471966625153e-05,2,0.9999985026805637,1.2142793676342616e-05,2,0.9999998005040233,1.7558053180891765e-06
96907.0,1,0.9999838224762887,0.00028081484456581745,1,0.9983965295898225,0.010911449769891331,0,0.9879779566009761,0.05001022821381925,3,0.9757130548401302,0.07189917599817061,5,0.9975192385357342,0.009829238754872387,1,0.9589926385399149,0.10284169656637436
96922.0,1,0.7405479983311107,0.8259183091232896,1,0.9975634761262554,0.01678683128509245,2,0.9999756560057542,0.00020670165500626776,2,0.9999826466707514,0.00013470184109319632,4,0.9982482531517234,0.00718360467608629,4,0.9995038538540225,0.0023852170668844383
96925.0,0,1.0,5.143063467521784e-14,0,1.0,6.489823532331762e-14,2,1.0,7.698578068763589e-14,0,0.9999999999843254,2.521396735046371e-10,3,1.0,9.935650155623348e-14,3,0.999999642524763,2.910673527488366e-06
96926.0,1,0.9999708431763783,0.00048133486654428894,2,0.9999994043204159,8.463793329486207e-06,1,0.9996453005298873,0.0022904515728421355,2,0.9808116081348103,0.058941982002895646,2,0.9990182207526612,0.004342795179275535,6,0.9999993779823748,5.142836682254627e-06
96939.0,1,0.9989255721450992,0.012145477948513297,2,0.9892582774885175,0.05432767150489511,1,0.8231897398458762,0.33697285071177235,1,0.9991115273364324,0.004443615493164015,2,0.9946543642722738,0.019110696769705303,2,0.9994361960268855,0.0024631446821190245
96951.0,0,0.9999991742998373,1.7876881728745985e-05,1,0.9264779349382266,0.2390794305691412,2,0.8228347293757747,0.34136727641743586,3,0.9987227300941129,0.006093911382464185,1,0.9996734838741506,0.0016946053064824148,0,0.9873751116204562,0.03481846667464756
96954.0,0,1.0,5.143063467521784e-14,0,1.0,6.489823532331762e-14,3,1.0,7.698578068763589e-14,0,0.9999629665243155,0.0002577985951509499,0,0.9999999998023732,2.574932038901124e-09,3,0.9991574450782695,0.0034979552296715752
96970.0,1,0.9956175526353485,0.04064096162179366,1,0.9946614546307315,0.03198331873900462,0,0.9994478442308027,0.0034672874698691886,3,0.9999551287328666,0.0003335487123588874,5,0.9983383484341536,0.0077156198138969845,2,0.9441941724277071,0.11065646615345358
96992.0,1,0.9999558936894888,0.0007017895594778871,2,0.9994189136571878,0.004529206089621854,1,0.9986627104358314,0.007518088921849976,1,0.9162051817092578,0.17903963706983259,2,0.9833697237001363,0.04735114150418287,4,0.367815268101664,0.5631956895492235
97000.0,0,0.9973922353492479,0.026139666741181452,1,0.9940400708798721,0.03319919505994625,2,0.9998506559936997,0.0010578007446358972,2,0.9923047740106183,0.02840518801063318,4,0.9830879343684441,0.047870143429251874,6,0.9978512631062878,0.007891214841424934
97003.0,1,0.9999982586783522,3.582609022531255e-05,2,0.9999949878535637,6.144293309509849e-05,1,0.999840106478727,0.0011238385763089112,1,0.9838110918148697,0.05145387300843495,2,0.9934449023978291,0.022043799199867407,6,0.9931516749500668,0.02206395526595897
97011.0,1,0.9999868510206622,0.00023217646182575598,2,0.9922062539481974,0.0415307601816412,1,0.999091342352411,0.005559297021273837,1,0.9990030375750355,0.004922302794252816,2,0.9988241514783849,0.005138604330865277,2,0.9964977338456347,0.012076280712371436
97032.0,1,0.9976522230956455,0.023889778326657223,1,0.9911474406306228,0.051276537650885724,2,0.999980918080009,0.00016384905147310313,2,0.9999664988727723,0.0002493326260747381,4,0.996374191431819,0.013395142041194765,4,0.9999917088652479,5.5726612611192157e-05
97041.0,1,0.9999992495362635,1.6351410684257092e-05,1,0.7938363980987053,0.4631769101948821,0,0.9911375410832489,0.036578460045192246,1,0.9715311835399078,0.08038748172233147,2,0.9567934170414395,0.10060053151170266,1,0.8982397439923948,0.16903839636057916
97042.0,1,0.9999994058621542,1.3145533673035556e-05,2,0.9999955018596814,5.492451838078988e-05,1,0.9999962007139462,3.698939751197364e-05,1,0.9989522681106081,0.005117195291838627,2,0.9999509593787305,0.0002989634433375152,2,0.9985906255155559,0.005559082993808819
97044.0,1,0.9999989245385407,2.287431998462241e-05,2,0.9999938680887113,7.317789686438477e-05,1,0.9999722479885498,0.0002433770510626562,1,0.9999872463736382,9.724060663094568e-05,2,0.9999995037667576,4.304059901885992e-06,2,0.9999330748230848,0.0003650338923686503
97048.0,1,0.9998762487986155,0.0017848481851599266,1,0.9837951191036757,0.0755706516226766,0,0.9982505884149686,0.009301681836102048,3,0.9398752568169674,0.14123714069681728,5,0.9832584728465625,0.04823951540149962,1,0.9793311517711887,0.05171439406333343
97060.0,1,0.9999017340042017,0.0014499710115320546,2,0.9999988949634785,1.5443407186661302e-05,1,0.9999486736015563,0.000407462883088179,2,0.9998109436795365,0.0011246669908661318,2,0.988622545368784,0.03473703026308722,6,0.9999999992028599,9.255232172774007e-09
97064.0,1,0.9999563640299156,0.0006949807647495046,1,0.6552556838594685,0.5864121851871453,1,0.7287603093430052,0.4404944209285413,1,0.8998762810541471,0.2449289088658115,2,0.8880735442838483,0.2080593164663745,6,0.9094114713013224,0.19121684927222377
97065.0,1,0.9884013194428295,0.09121424294078695,1,0.7468954740742718,0.5378915393297827,2,0.9991147963854414,0.005306296292118971,2,0.9945358936493637,0.022071623360773774,4,0.9875784234782548,0.03907410726966215,4,0.8278702875344465,0.29742737214857806
97067.0,1,0.9994518797108687,0.006728461256315693,2,0.9753127481210684,0.105439547642725,2,0.8869745483187915,0.25503118378003325,2,0.9979870983822586,0.00915660564663615,4,0.9993478168654415,0.0030585374328646756,4,0.9999097097854044,0.0005164402801732284
97077.0,0,0.9887207214908473,0.08915941885356506,0,0.6311544980340833,0.5992454153098153,0,0.998892885448943,0.006233539801590376,3,0.999986092282222,0.00010527809399451226,5,0.9999778476559578,0.00014500065361938147,1,0.9999997647793634,1.9658465843588657e-06
97093.0,1,0.9999899091014437,0.00018203247981762156,1,0.9705637023399293,0.12087114627216757,0,0.9884535394265287,0.04547218458630116,1,0.7822160010640282,0.32563512306546044,2,0.8029903824335023,0.2769535336872945,1,0.9627110457576091,0.08182837302275554
97094.0,1,0.9999985345005813,3.0515904137055123e-05,2,0.9996096814739148,0.0031479951386228842,1,0.9887371148984839,0.044527076402768,1,0.999983310704868,0.0001244455019968504,2,0.9999842958077753,0.00010716717787405232,2,0.9998919055284812,0.0005629180298586425
97095.0,1,0.9995445087344595,0.005713069987645204,1,0.888130204940752,0.3196935286471738,0,0.9451587672806094,0.16192870921970937,3,0.9985928734836518,0.006665202983752516,5,0.9506159860724942,0.11179445180496464,1,0.9992515155777667,0.003514326361366566
97108.0,1,0.9335361988335195,0.3525864765041123,1,0.968651521879432,0.12688632518195334,2,0.9999928735119911,6.606686074735633e-05,2,0.7888691830825035,0.4086358462703934,5,0.9928721290406254,0.02384386674384249,4,0.9999546724855529,0.00026147114886331446
97131.0,1,0.9998535655804166,0.0020764469645075346,2,0.8727501654087492,0.34731273076230673,0,0.9689986385549164,0.09973386937550237,1,0.9908906374281148,0.032983750587034934,2,0.9027753325973296,0.18003754733884347,2,0.998879875373726,0.0044878951367336795
97137.0,1,0.9993200374022055,0.008135386274240092,2,0.9999999966636253,6.231223494206135e-08,1,0.999999999979778,3.7710696243076205e-10,4,0.9998499130995769,0.0009142851283269553,1,0.9983505865343856,0.00681810299144543,2,0.9999999972188363,2.9700543865747157e-08
97138.0,1,0.9999989993291754,2.1387633150799717e-05,2,0.9989527149160644,0.007495275735463885,1,0.9999609452339191,0.0003158155000260322,1,0.9999540243922024,0.00033731142057332294,2,0.9998471521992429,0.0008549999216662692,2,0.9999370398341044,0.00036305005151057447
97147.0,1,0.9999953078516218,8.98265429081985e-05,2,0.939674169604151,0.2074169553112783,1,0.9874110478941919,0.04876376661713747,1,0.9757385215079588,0.07095029268689523,2,0.9815651101202558,0.05128709064261524,2,0.966015037157563,0.07623106929418033
97153.0,0,0.9999999998591029,4.814056951583217e-09,0,0.9960025238369401,0.023724390580064605,2,0.9942132195592669,0.025668815685722973,0,0.9995591616864514,0.002391342484228044,0,0.9699013504227727,0.07539232763958896,0,0.9999995279102278,3.7869300209366284e-06
97166.0,1,0.9992381892635257,0.008989690559042517,1,0.9996244095270557,0.0032750294580949947,0,0.999966479998203,0.00027869003443180626,3,0.9982072341740807,0.008193972049508131,5,0.8982110838562409,0.18361800787087396,1,0.9998901218045505,0.000604817351851895
97174.0,1,0.9995230590844791,0.005950435419582037,1,0.9697596842209728,0.12462261643898648,2,0.9837979719371721,0.060625945219359774,3,0.9998872307313329,0.0007210019994603984,5,0.9999640722221984,0.0002270227429574176,4,0.999033227419152,0.004291594971224218
97177.0,0,0.9999995436855731,1.0269886931309152e-05,0,0.9916098431109708,0.044115336361625845,2,0.8956235016968518,0.24135859940093432,0,0.9999885148729908,8.860022406392719e-05,0,0.9999999558976863,4.4450944728552497e-07,3,0.9999830876395148,0.00010645724418253021
97186.0,0,1.0,5.143063467521784e-14,0,1.0,6.489823532331762e-14,3,1.0,7.698578068763589e-14,0,1.0,8.85998748858114e-14,0,1.0,9.948042700981048e-14,3,0.9999999986399501,1.4968140993387274e-08
97223.0,1,0.9999996300676672,8.437760683235025e-06,2,0.9999998877053456,1.7613713681208645e-06,1,0.99999268257801,6.770847064702711e-05,2,0.9031640146311621,0.19763097056581108,2,0.999724986327649,0.0014118678762030435,4,0.9996235819144247,0.0017189657092310923
97228.0,1,0.9988626804776249,0.012763023546703892,1,0.9999607627270314,0.0003997341135144886,2,0.9985990196612455,0.007652495190772559,3,0.9997520775944466,0.00143413584238914,5,0.9999697138238354,0.0001928117325851715,1,0.9998893118368549,0.000598502306089959
97231.0,0,1.0,5.143063467521784e-14,0,1.0,8.828962952780342e-14,3,1.0,7.698578068763589e-14,0,0.9999999999993605,1.1615130249492497e-11,0,0.9999999999987992,1.9117552946777568e-11,3,0.9999999999999787,4.560300182596242e-13
97234.0,1,0.9997089697720071,0.003838405959419424,1,0.9999708665480519,0.00031323900143424865,0,0.9969015286552468,0.015787119335856012,3,0.9994900342000634,0.0027203773432785774,5,0.9999013127424774,0.000595662435557658,1,0.9998698336735095,0.0006862849076012235
97236.0,1,0.9999751679356365,0.0004156915734067083,2,0.9661831474797531,0.13459619229418932,1,0.9372446409645037,0.16918048188143334,2,0.9722407091030331,0.07892285951430485,4,0.9077529596160494,0.17267968638771555,6,0.9806143481586848,0.049163154345138245
97247.0,1,0.9999903050985713,0.00017544892575049412,2,0.8830340447830116,0.32847599541257655,1,0.9814218256800032,0.06669718601395608,2,0.9940051128927162,0.023380029361637168,4,0.968943345901326,0.08890187053153797,6,0.7739675287998171,0.27466208886425403
97260.0,1,0.9842683634518004,0.11675193968779919,1,0.9904956419747996,0.04896587634599785,0,0.9650881684911667,0.10924072991822553,3,0.9987745885331124,0.006305289835463777,5,0.986226456255496,0.04546839608670227,1,0.987831746485199,0.03396168562522483
97266.0,1,0.9999678432770139,0.0005263152568544252,2,0.9996689705578967,0.0027366714026657263,1,0.9999641935814295,0.00029300494712270673,2,0.988518467259661,0.03897066393884214,2,0.9758770046953172,0.0634525570969212,4,0.9453448531336505,0.10896110923231517
97270.0,1,0.999872044057815,0.0018393241835981534,2,0.9573003131419495,0.161337872941419,1,0.9270660107944854,0.1916294629636854,1,0.9994782638739996,0.002943982470306101,2,0.9920640501437237,0.0265221670717431,2,0.9994470901519884,0.0025675415189739684
97275.0,1,0.9999997643085294,5.529155061444142e-06,2,0.999999956028856,7.384992079013777e-07,1,0.9999970194394844,2.95558645858072e-05,1,0.9999999920942315,9.779298897256755e-08,2,0.9999998753420136,1.1878587462493955e-06,2,0.999999310192674,5.651555262203665e-06
97280.0,0,0.9999999999408615,2.094654071443982e-09,0,0.9999666366738893,0.0003434093325429748,2,0.9893521000604333,0.04252917148659532,0,0.9992356294995903,0.0038831613828798506,0,0.9999959946959286,3.001676214012895e-05,3,0.9999999989919957,1.1596286629875527e-08
97293.0,1,0.9999765541161556,0.0003944297272740418,2,0.8472498956351789,0.38913215328689793,0,0.8421320160228175,0.3146114934614605,3,0.8607225265422426,0.25107243358013637,5,0.9880537475613024,0.039845384043151265,1,0.9010247014378036,0.165923501828012
97299.0,1,0.9998585078628743,0.0020133741752112327,1,0.998940748473653,0.0076454317094931555,2,0.9994855431544724,0.0033097640711305543,2,0.8534909452434908,0.25894737527806716,5,0.9881980809606538,0.035800474146950555,4,0.9928258944262243,0.021917031208293112
97304.0,1,0.9992402000775867,0.00896886036042756,1,0.9999610131978629,0.000419970692933231,0,0.9999759855739561,0.00021022162444945337,3,0.9999932283180387,5.590666547455742e-05,5,0.9954963810209405,0.016089177152537024,1,0.9999997309342106,2.303243520627204e-06
97338.0,1,0.961527933854275,0.23524226870900342,1,0.999797009873539,0.00175572701831596,0,0.9939666902635799,0.02905258356212848,3,0.9999398879940092,0.0004003860978847334,5,0.9999766955433934,0.00015174458282083455,1,0.9974932607356746,0.01009807701701058
97349.0,1,0.9999567284142746,0.000689700798826351,1,0.8912689307552533,0.3129914502618322,1,0.6395508113544053,0.4767386186776224,3,0.988309183845503,0.039540747517333906,5,0.9927090658587435,0.024101203635237108,1,0.9808434095956403,0.05132263897999367
97379.0,1,0.9993997091573679,0.007290119677146694,2,0.9251338324646238,0.243156411354459,2,0.9867294769707996,0.05097229167599792,2,0.9999967300334478,2.917354497744459e-05,4,0.9999828269562622,0.00011740828134581397,6,0.9977765566120818,0.008198788730813592
97383.0,1,0.9987191732810968,0.014153749657464557,1,0.6330676199010035,0.6949230331183355,2,0.9949622435851448,0.02478482663008456,2,0.9999769930187926,0.00018089877605769193,4,0.9999348466435654,0.0004235185724431336,4,0.9991245608938429,0.003828773949987869
97410.0,1,0.9999986046098784,2.9154714796644542e-05,2,0.9999796293740408,0.00022003090453244956,1,0.9995830767251522,0.0026541353920348475,1,0.999999779744168,2.315844607224786e-06,2,0.99999434229451,4.1900322888956216e-05,2,0.9999978767511467,1.621989734000411e-05
97415.0,1,0.9587746900140675,0.24788225760025379,1,0.9306355760381585,0.2695541628841489,2,0.9988164003615508,0.006905579279346092,2,0.9981665777777644,0.00910218154362029,4,0.9974134577295366,0.010789724098731777,4,0.9999661329975882,0.00019703732204126736
97418.0,1,0.9991155034669036,0.010246815132452814,1,0.9976115561686157,0.015410047862288605,0,0.9999883655722832,0.00011294621041511789,3,0.9993109143844026,0.003802307875047296,1,0.9783032794356418,0.05838975136897514,1,0.9975659404248886,0.008788564992199387
97436.0,1,0.9999967746116529,6.34910871551724e-05,2,0.9911951935872887,0.045909616502573324,1,0.9954114692515995,0.021133846734964244,3,0.8416387258304802,0.27750501333742644,5,0.9831810943188716,0.0541200944396684,6,0.9998093582954403,0.0009613086835025222
97446.0,1,0.9990731246395089,0.010675160228956154,2,0.9291953286027631,0.23352744840696504,2,0.9872652833443258,0.0492247947998614,2,0.999944669258374,0.0003998094868705566,4,0.9994134487792228,0.003009848909421212,4,0.9999751455101574,0.00014828941140482318
97452.0,1,0.9999973280277664,5.3322830887971506e-05,2,0.8561599924323617,0.3749135163139334,1,0.8056165360506587,0.3552853952297929,1,0.9787443741939069,0.06392695666998761,2,0.9699862420034845,0.07523400266289523,2,0.879010601700272,0.18957302500387954
97456.0,1,0.999996695671412,6.492973973407758e-05,2,0.999998754426643,1.713121262820501e-05,1,0.9999919270280817,7.412705480139793e-05,1,0.9973418053885421,0.011444211378491451,2,0.999962101273824,0.00023648833716735247,4,0.9994389545113868,0.002447457201368544
97465.0,1,0.9999770696614901,0.00038649226169724585,2,0.9997968058248922,0.001761156827512905,1,0.9945907804654415,0.024283652266565082,2,0.9999969087730948,2.7439361311381868e-05,4,0.9872582591778859,0.03821990150367109,6,0.9999981801196154,1.3403116972956347e-05
97468.0,1,0.9998156329946474,0.0025530578605400846,2,0.99985574773806,0.0013139351602371393,1,0.9498589799435945,0.1436616723527441,2,0.9999923634304205,6.0728377495755235e-05,4,0.9999969971439671,2.3272118953767023e-05,6,0.9999526335263489,0.00026713803499687464
97485.0,1,0.9999757883681507,0.00040618929217894987,2,0.9999999938031436,1.1228821217376233e-07,1,0.9999999993011777,1.147691909340283e-08,1,0.9999583140243659,0.0002871209310718346,2,0.9999999299650912,6.834979968193019e-07,2,0.9740976967837105,0.06176852909240963
97487.0,1,0.9999480183735566,0.0008147754120555829,2,0.9762679276730929,0.10236145114242244,0,0.9812230673140762,0.06726696522923672,1,0.9996946751593839,0.0018262958192865964,2,0.999794198729143,0.0011557218143797036,2,0.994735687851231,0.016892500671076758
97492.0,1,0.9999934393158324,0.00012242507351919435,2,0.9999994471328791,7.89577060596444e-06,1,0.9946428014276668,0.02406223928251706,2,0.9853700579853851,0.04742607200164688,2,0.997291783013761,0.010444550027241047,6,0.999998737092289,9.891995096245353e-06
97497.0,1,0.9999977686282611,4.5110149906459804e-05,2,0.9999631859158631,0.0003766226911860378,1,0.9999983745516262,1.7610371277953015e-05,2,0.9989739731418443,0.005025903587260341,4,0.988295243672668,0.03555235437890975,4,0.9977432136696142,0.00822628164401563
97501.0,1,0.9999585402010193,0.0006633813480428991,1,0.9915964305962242,0.04432319282149962,0,0.9538209823821027,0.13661336302845414,3,0.9998344473870983,0.0010589794166015638,5,0.9926815528183393,0.02429867638603636,1,0.999717022941904,0.0013859363467466012
97533.0,1,0.9999886420399687,0.0002029511124706915,2,0.9900120781958179,0.05093587853940693,1,0.9961915962342272,0.018060979706102032,2,0.8741221898715679,0.2366600111757597,2,0.7627170527582694,0.31569297950767017,6,0.985303978534023,0.039599626730361694
97550.0,1,0.9999726557398977,0.00045394418840771365,2,0.9999940152987206,7.402473283422285e-05,1,0.9996822409215558,0.002117429536815848,2,0.78892420272788,0.32022340460912285,2,0.9990193180021026,0.004338671102086269,6,0.998066563401267,0.007210434278649886
97560.0,1,0.9813865679702185,0.1335829487212087,1,0.9981413168155754,0.012834570113095023,2,0.9974299791021876,0.012911151343684531,2,0.9279944021471439,0.18920154611105722,4,0.9855197750212211,0.04747196959244707,4,0.9865220771221633,0.03973803436013425
97572.0,1,0.9997847669336941,0.002932411146710274,1,0.8540213810091433,0.378957706845533,2,0.6846242929454599,0.45011676335141204,2,0.9999844585943316,0.00011729218978986231,4,0.9999567359639193,0.0002788235534300831,6,0.9980909051735775,0.007123691706334476
97577.0,0,1.0,5.143063467521784e-14,0,1.0,6.489823532331762e-14,2,0.9999999999662776,6.109134272938142e-10,2,0.9999999996624567,4.783790051862918e-09,4,1.0,9.923257610265645e-14,0,1.0,1.0991977025303735e-13
97578.0,1,0.9999951951870191,9.181891835604644e-05,2,0.9991557507049771,0.00621609983114923,1,0.9938316369263664,0.02707967609961014,1,0.9924991715069713,0.027446469928130053,2,0.9844220682080739,0.04484966883037392,4,0.9799934410688065,0.05567867449597661
97580.0,1,0.9997899578849195,0.002869086500465643,2,0.9963143970056927,0.02411026402130726,2,0.9736586570544303,0.08787866354454717,2,0.8981566514507386,0.20449380717914442,4,0.9999993352864223,5.966550738795174e-06,6,0.999953148111709,0.00027792370148899343
97585.0,1,0.9994403136701103,0.006853574647946519,2,0.9999995796596894,6.000994557385468e-06,1,0.9999121499582005,0.0006566371517306514,2,0.9996857173431551,0.0017703704193997461,4,0.7779618263787224,0.29551697824006345,6,0.99999836800476,1.20147587805382e-05
97595.0,0,0.9977255715154915,0.023247691731479107,1,0.9764332433425259,0.10159464983429556,2,0.9999974035120467,2.5966168596034447e-05,2,0.9932580872773671,0.02512124621414458,4,0.9994613311468518,0.0025633451927335243,6,0.9977628289672049,0.008164491109276547
97598.0,1,0.9999949550050931,9.605371214033239e-05,1,0.9840865503198543,0.0743573928263239,0,0.99811458379369,0.009893670799574525,3,0.6094960764114158,0.41565664474661707,5,0.9122570013522173,0.17543322636754202,1,0.991575020605551,0.024992062971731174
97620.0,0,0.9999999962634618,1.099974229160526e-07,0,0.9999999748719123,4.231261343720326e-07,3,0.9999859140061699,0.0001236613987549722,0,0.9999999475966148,6.007849679146372e-07,0,0.9999999993045208,8.612186533499191e-09,3,0.9999999996865725,3.7819016911989534e-09
97624.0,1,0.9999284790662696,0.0010881136461715001,2,0.9999952133438924,6.0606037453958245e-05,1,0.9999421212074552,0.0004494072179665114,1,0.9999929807294847,5.6249786799401025e-05,2,0.999999865399053,1.3152688425079874e-06,2,0.9998919151970416,0.0005631959679801716
97638.0,1,0.9998852591907215,0.0016674072502411259,2,0.9999991884749224,1.1560909975551828e-05,1,0.9628505049899272,0.11454050118968159,2,0.9964941203268319,0.014489306697406118,4,0.8629920515436461,0.22296223631335055,6,0.9999723876565948,0.0001726011287434929
97640.0,1,0.9999809501874517,0.00032618127206381916,2,0.984259648868409,0.07375615769452476,2,0.9863413877614186,0.05245025130073538,2,0.9936262700128272,0.024522062472026256,5,0.9425583220298972,0.12930493240877994,6,0.9993300682215996,0.0031311634829208203
97643.0,1,0.9999542986844884,0.000724825919373232,1,0.9999962422890373,4.744698071232174e-05,0,0.999956014312991,0.00035143464225874263,3,0.9990991222379022,0.004489525017963946,5,0.999926172222534,0.00044681731986309024,1,0.9999988577427872,8.925131740667344e-06
97648.0,1,0.9986353327179416,0.01495531399563371,1,0.999999951839244,7.824491874957394e-07,0,0.9999670522107597,0.00026905700136541734,3,0.9999999984278674,2.078963112917881e-08,5,0.9999999999283382,9.75512190074754e-10,1,0.9999999999357527,8.084188945768813e-10
97659.0,1,0.9998401579152569,0.0022463638843213405,2,0.9994507406164646,0.00427805883037826,1,0.9539170391141806,0.1351437459997944,2,0.9726738892931256,0.0778709385134716,4,0.9969421405931534,0.011587211999788185,4,0.9998327936561358,0.0008552097913250369
97685.0,0,1.0,5.143063467521784e-14,0,1.0,6.489823532331762e-14,2,1.0,7.698578068763589e-14,0,1.0,8.85998748858114e-14,3,1.0,9.935650155623348e-14,3,0.9999964088265935,2.49825622428078e-05
97688.0,0,1.0,5.143063467521784e-14,0,1.0,6.489823532331762e-14,3,1.0,7.698578068763589e-14,0,1.0,8.85998748858114e-14,0,0.9999998603492086,1.3081643697052225e-06,3,0.9999999999964899,4.947466274290772e-11
97691.0,1,0.9999731402031162,0.000446594290444525,1,0.9346248357942077,0.22014848599584352,0,0.977362837997879,0.08074180919465304,1,0.7759800464375851,0.33192063896864904,5,0.9120903478150506,0.17179512602270727,1,0.7538321212042293,0.286995314534093
97692.0,1,0.9994098974837561,0.00718096699577946,2,0.9955714988615622,0.026304511847525597,1,0.5299374670116204,0.5001437771301936,2,0.9997992150929106,0.0012793729925342568,4,0.9994837658662918,0.0026530413720688177,4,0.9141246058175027,0.1612704449125684
97695.0,0,0.9999999865159951,3.7198141963529926e-07,0,0.9999999990532444,1.8993751881990425e-08,2,0.9999999999969589,6.10165101299087e-11,2,0.9999999999874163,2.0949583941556311e-10,4,0.9999999999977831,3.528359312478533e-11,4,0.9999999979840695,2.1778698311389848e-08
97699.0,1,0.9999435653832333,0.0008778807823051876,1,0.8529878592985095,0.3805610356139647,0,0.9995133642323148,0.0030546708049033868,3,0.572000332775165,0.570226530551462,1,0.9817229888112746,0.05628857739444497,1,0.7893501319974308,0.26472759725398193
97703.0,1,0.9993938240639497,0.007353055638682009,1,0.9998545284511863,0.0013493472935161388,2,0.9201579778751587,0.2043975030559895,2,0.9999827778352057,0.000140018520735727,4,0.999900548018147,0.0006111239798305625,4,0.9999164662259353,0.00044697726225538043
97704.0,1,0.9999012915602589,0.001455859747088334,1,0.9999474625690099,0.000550506954309118,0,0.9999378126967042,0.0004868666066351265,3,0.9972197132841075,0.01189447566804598,5,0.9998672237138106,0.0007524497139578818,1,0.9996905322671124,0.0014443187802313498
97706.0,0,1.0,5.143063467521784e-14,0,1.0,6.489823532331762e-14,3,1.0,7.698578068763589e-14,0,1.0,8.85998748858114e-14,0,1.0,9.948042700981048e-14,3,1.0,1.0980566189863425e-13
97735.0,1,0.9938054348074896,0.05434491185661753,2,0.8766950233213422,0.34406129878424196,2,0.9907132583260164,0.038448357757893785,2,0.9998920244062693,0.0007060170825613396,4,0.9992830324265239,0.0034618022727783866,4,0.9991719450968622,0.0034758496056717858
97737.0,1,0.9999801144361283,0.0003392596450038661,2,0.999999996881126,5.844390732503898e-08,1,0.9999952931665985,4.5047834707068544e-05,2,0.9845753905517144,0.049491366264356906,2,0.9967041171331908,0.012349137311969738,6,0.999992453655621,4.9617727211317724e-05
97741.0,1,0.9997230438516368,0.0036725908681289883,2,0.5896195647258659,0.6175765036005845,0,0.9925036385887047,0.03265300958020116,4,0.9983503719255225,0.007605991539675866,1,0.9998353747628113,0.0009183742437265368,1,0.9999196431315323,0.00044589555270284684
97747.0,1,0.9999952190949729,9.139644866061909e-05,2,0.9998479658694247,0.0013588475728061433,1,0.9995803878170613,0.002656730709503081,1,0.765677734679786,0.33830835754767014,2,0.9801842637529363,0.05448403017773319,4,0.9998264551457201,0.0009168361232506185
97768.0,1,0.9885596641881638,0.09019718311052698,1,0.9796207532953928,0.09691113382857006,0,0.9994572993932483,0.003376838182394461,4,0.9998994383006347,0.0006391875220769357,1,0.9999998009499917,1.88980522329231e-06,1,0.999520699848151,0.0021306122713736267
97774.0,1,0.9999408453278016,0.0009161757747778068,2,0.9999767253201604,0.00025493628732380666,1,0.9579170134753697,0.12588894745786447,2,0.9977829548346409,0.009889180642309252,4,0.9997927415508312,0.0010994625226325636,6,0.9999757122318541,0.0001467074156814242
97782.0,1,0.999982856376465,0.00029615011471934195,2,0.9921035947256271,0.04196681635085422,1,0.7520726072979613,0.40402945025572057,1,0.9954191462814993,0.018204102184532875,2,0.9982813355991694,0.007131059260046805,2,0.9921620743981268,0.0236309184517593
97783.0,1,0.9974448228322835,0.025687735864886756,1,0.9999840392852927,0.00017499638996565156,0,0.999869113808301,0.0009385848873845776,3,0.9999902170714899,7.953097285133113e-05,5,0.999977206425409,0.00014872208789214024,1,0.9999999181165646,7.350743041646163e-07
97787.0,1,0.9999972411805201,5.4928676741150545e-05,2,0.9928842053675012,0.03848822310182566,1,0.9931743944160539,0.029543395527801813,1,0.9952669186439385,0.018716055823590608,2,0.9856908253957963,0.04186440474821759,4,0.7293850605305339,0.3015178489366646
97794.0,1,0.9999980698879983,3.942365257961673e-05,2,0.9566759063155927,0.16236493651072675,0,0.8577129140184037,0.29510082158615875,1,0.987696550727745,0.04124797817877449,2,0.991734749700068,0.026927571233646818,2,0.9961028478754522,0.013109128800086824
97827.0,0,0.9999999998332854,5.655622427277287e-09,0,0.9993900421156363,0.004664751817951734,2,0.9866992063838037,0.050977962226236094,0,0.9995213215118668,0.0025731633478193925,0,0.9861208988330906,0.040824901455810504,0,0.999992149470706,5.191415143899052e-05
97851.0,1,0.5429569664289401,0.9946690173860518,1,0.9922300454773748,0.04140726479937874,2,0.9975535925821293,0.012373994558091343,2,0.9843835742699895,0.05644058794957187,4,0.9949502736593104,0.01927418622153089,4,0.9983539441759525,0.006280732143624894
97876.0,1,0.9998418890805078,0.002224518869896707,2,0.9949014302794758,0.031838512557178435,0,0.9962736998123888,0.019165281051653556,1,0.9990335929194533,0.005138337579939193,2,0.9999312805807511,0.00041253559383992705,2,0.9994684650330818,0.0024160409242210508
97878.0,0,1.0,5.143063467521784e-14,0,0.9999999999999574,1.2776308723007663e-12,3,0.9999999999963762,7.180186688804471e-11,4,0.9999999999999929,2.2636116903966064e-13,1,1.0,1.0067490643538415e-13,0,1.0,1.0991977025303735e-13
97896.0,0,0.8655459885963188,0.5695280086422845,1,0.9765480839151891,0.10674437391330877,0,0.9997516055075105,0.0016956382747853,4,0.999834917244512,0.0010307615311387068,1,0.9999979484146109,1.678023410482042e-05,0,0.9672073575260108,0.07486719642529345
97897.0,1,0.9999034680176739,0.0014268642204067245,1,0.9999979014373708,2.764969497298562e-05,0,0.9662491385235377,0.10954605928500326,3,0.9999664888306352,0.00023561364841049516,5,0.9999998148225935,1.7171031371777108e-06,1,0.998372223607722,0.006472219605631527
97928.0,1,0.995073667557995,0.04485133010121967,2,0.7165795328471875,0.5496803623072064,2,0.9646224104249742,0.11070446444496165,2,0.9999113804759038,0.0005848587167395355,4,0.9999730305387491,0.00018561228628868223,4,0.9994743289677297,0.0023680702318602683
97934.0,1,0.8951258480376122,0.4842585591177191,1,0.9910523682137091,0.04652110545191297,2,0.7899233153456104,0.46390424023070614,3,0.9965971989977227,0.014995650204204337,5,0.9951340995945758,0.017489900652653562,4,0.972917029950923,0.0711477619089228
97940.0,1,0.9930963920735627,0.05948243440234421,1,0.9664243609642458,0.14081073162442678,2,0.9992659801764681,0.004612012523648171,2,0.9929595152672858,0.02646703422323266,4,0.9924346926069934,0.028481222736353812,6,0.9973309135038729,0.010468356511138241
97951.0,1,0.9999389074977076,0.0009433474181568207,2,0.9999912565024093,0.00010118230440748211,1,0.9999869820066029,0.00011543859201137876,1,0.9999926355168754,5.870053141669388e-05,2,0.999999443626207,4.787390468003969e-06,2,0.9997296629100958,0.001284578860357734
97952.0,1,0.9957982327881104,0.03922117713462752,1,0.9998571410559892,0.0012858170172664167,2,0.989092061433965,0.04492124816823742,3,0.9979299341058062,0.009366659964990347,5,0.9997446440634132,0.001398585930000941,4,0.9998044508292943,0.0010080387823285183
97963.0,0,0.9988454476990117,0.012931346733807749,2,0.9999459092006356,0.000532966125360435,2,0.997711604757639,0.011687558485658995,2,0.9999999999771774,3.617439016091961e-10,4,0.9999999999945999,8.150057652780017e-11,6,0.9999999991866169,9.166682337569589e-09
97974.0,1,0.9998600929545061,0.00199309308811698,2,0.9999993964364765,8.41684722963317e-06,1,0.9999998951258127,1.300035300242902e-06,1,0.999999999468919,7.44307231925816e-09,2,0.9999999999943938,8.68326321172676e-11,2,0.9999999987223589,1.4169218665211453e-08
97986.0,1,0.9988305001782255,0.013077047309724522,1,0.9999894880336193,0.0001192603469858205,0,0.9999447678296802,0.000430458893669363,3,0.9997847171662189,0.0012631954654136741,5,0.9997095591481124,0.0015866603238200994,1,0.9999999866153645,1.3161158341344072e-07
98018.0,0,0.9997732928716536,0.003071748765698758,2,0.9999408776993581,0.0006147395472731513,2,0.9999999944728799,7.997644225869571e-08,2,0.9999999584545742,4.776799150329003e-07,4,0.9999999959258687,4.620323880785961e-08,6,0.999999999917847,1.0465989453279875e-09
98030.0,1,0.9999953864437238,8.843440456594177e-05,2,0.9894769174034537,0.053154017959322536,1,0.7075284708528334,0.4359482049386439,1,0.9895101937550277,0.03618742269778446,2,0.9392803934131166,0.13363373520233726,2,0.9985917191119615,0.0054746622777294045
98033.0,1,0.9999898623506559,0.0001828082266292676,2,0.989942160608727,0.051233238937238,1,0.9993275551069174,0.004059614228784932,1,0.9796944942980951,0.06259496362930116,2,0.998008558806633,0.008406312095566545,2,0.5030436122279431,0.3764914186785675
98035.0,1,0.9999970049244471,5.927754416221486e-05,2,0.7054286557138216,0.5517967027126541,0,0.9661647273336822,0.10663816739243377,1,0.8186515053835759,0.2941600824709498,2,0.9041788656082881,0.1790414425600809,2,0.8092085268375541,0.25045827887480165
98046.0,1,0.9989719187811761,0.011687004433223167,1,0.9999930740039997,8.185656395405068e-05,0,0.9993630603333045,0.004015163145879325,3,0.9999955899870269,3.869947993597572e-05,5,0.9999993353970323,5.981984530188608e-06,1,0.9995870354718835,0.001908509712206986
98056.0,1,0.9996439029139842,0.004592897444690209,1,0.9906048058873269,0.048590169130739665,0,0.9985688325353296,0.008112873695258913,3,0.999134125441531,0.004451279365713096,5,0.995729248708565,0.015777766684254103,1,0.999071743705486,0.004265100523431003
98082.0,0,1.0,5.143063467521784e-14,0,1.0,6.489823532331762e-14,3,1.0,7.698578068763589e-14,0,1.0,8.85998748858114e-14,0,0.9999999999999787,4.1055474258533794e-13,3,0.999999999996156,5.4001171982929634e-11
98088.0,1,0.9919800728156786,0.06736008624570052,2,0.9977983838538962,0.014271215305187325,2,0.9816027961561538,0.06832066083345271,2,0.9999992387241561,7.1369387439339265e-06,4,0.999996863860784,2.449306096239351e-05,6,0.9999946394241847,3.7883831397500056e-05
98092.0,0,0.9776567577808445,0.15440239536858333,1,0.8699247970667029,0.35183444773616535,2,0.9968256154733567,0.015522937295524208,0,0.9564881295356066,0.12611696352017004,0,0.9953854522485415,0.017725717974515297,3,0.8523509377989548,0.2626544823936795
98099.0,1,0.9997892224864227,0.0028780688103108494,2,0.9601999847148701,0.15254551684227552,2,0.9406866485459877,0.1625983352886276,2,0.9999970100420945,2.6570543655890174e-05,4,0.9999557717159622,0.00028642599184059786,6,0.9960691208559038,0.013397604547260852
98100.0,1,0.9998496721887982,0.0021259640231108814,1,0.9999976260395164,3.014671470899417e-05,2,0.9990100130209828,0.0058568790957696714,3,0.9999871692419781,9.776935936737682e-05,5,0.9999999648324625,3.5651014908680136e-07,4,0.987457303020764,0.03521227703885992
98102.0,1,0.9999812728668688,0.0003211177464079248,1,0.7913677632970846,0.46618824761213096,0,0.8926043540225919,0.246022700555959,1,0.975984068239909,0.07125510004554392,2,0.9785548979850989,0.05784908310519636,2,0.9777502221258746,0.05482194546144236
98103.0,1,0.9999943871148491,0.00010600223803937591,2,0.9746341999730942,0.10764296393409505,1,0.9945829940486844,0.024293702879268353,1,0.9333490234215033,0.16123178756599033,2,0.94348709981707,0.12412061437731496,2,0.9282835685624086,0.1334463498318387
98113.0,1,0.9974183620638574,0.025915330393599344,1,0.9999994618016351,7.561459692874642e-06,0,0.9999966192917303,3.3188206389902735e-05,3,0.9999999948404898,6.439024384326702e-08,5,0.9999999999770921,3.3441201328685753e-10,1,0.9999999996382591,4.341747700932234e-09
98135.0,0,0.7752592456646179,0.7687299863111785,1,0.9999991720109183,1.1308236905161635e-05,0,0.9995296515149257,0.002938818899975517,3,0.9999999989582911,1.4033974478153649e-08,5,0.9999999972652098,3.2248358990816254e-08,1,0.9999998565463099,1.2353552369212081e-06
98138.0,0,0.8110854896847672,0.6991951687505078,1,0.9884801519277362,0.057230564976139174,2,0.9999911681346058,8.051586848346376e-05,2,0.9988800869955354,0.005789622578122499,4,0.9999813651876457,0.00012460248770702654,4,0.9976841250606296,0.00841149709679992
98144.0,1,0.9987748443262808,0.013617152159293029,1,0.9569581251782064,0.16278899372656355,0,0.9889237423526078,0.04526213405338081,3,0.8741232495190353,0.285955463201233,1,0.9313674615057402,0.16090787060662193,1,0.9696569958864132,0.0713214801215165
98148.0,1,0.999902365273144,0.0014415641183865534,1,0.9936414726983485,0.03531794926832578,2,0.9952444382732684,0.02328117433601274,2,0.9838642992881452,0.05155006759533299,4,0.6973642555882091,0.34254588007093184,6,0.9927300000426922,0.023506378641648614
98156.0,0,1.0,5.143063467521784e-14,0,0.9999321030534835,0.0006549507198650398,3,0.9999998112328363,2.2649449416567313e-06,0,0.9999980847630718,1.685719648414409e-05,0,0.9999999534839976,4.642741798481236e-07,0,0.9999995541469991,3.579653884036769e-06
98161.0,1,0.9996271137168963,0.004784654051942728,1,0.9983494095375322,0.011441049581433283,0,0.9998003550458303,0.0015216367619519768,3,0.9992165666978782,0.00403926976858336,5,0.9999774565966233,0.00015862053643828086,1,0.9999307287110591,0.0003909400385693428
98168.0,1,0.9903991700181903,0.07813512963825996,1,0.999663011791717,0.0028314850774038957,0,0.9999967218179842,3.3522749735772036e-05,4,0.9995085086606579,0.002646352198568568,1,0.9999976988981815,1.8412713330601563e-05,1,0.9999993685748803,5.127203331363677e-06
98208.0,1,0.9983799845052355,0.017352475999475103,1,0.9714577551039225,0.12401299897736577,0,0.9999988437664028,1.2766869018304138e-05,4,0.9998792785994152,0.0007518117393725167,1,0.9999998897545898,1.0746702609602204e-06,2,0.9985477407179383,0.005682583648082714
98225.0,0,0.9565095934538314,0.2580728289206193,0,0.9938942135270368,0.037190084228768634,2,0.9971142155406706,0.014291469948517798,0,0.9999954946261331,3.762251500911416e-05,0,0.9999864843335659,9.372946666631308e-05,3,0.999888831742444,0.0005791351576755173
98238.0,1,0.9990893562429342,0.010511436627594649,1,0.999812541616444,0.0016510633481737313,3,0.9999998967282178,1.293202168316103e-06,4,0.9999999999581846,6.550492644093901e-10,1,0.9999999961988806,4.4128693156253983e-08,1,0.999999961344117,3.6501464797424124e-07
98241.0,1,0.9999394006265764,0.0009364414463374002,2,0.949917805222407,0.18098239820457065,1,0.9926821748638993,0.03122224947298743,2,0.8822567627444573,0.23572431445981662,2,0.504691977079873,0.40611895221665273,6,0.9946903037317197,0.017020902113799512
98243.0,0,0.9999994069646352,1.3122729887224804e-05,0,0.9816271157503453,0.08341183032352313,2,0.9993054595803159,0.004144269775388011,0,0.9999007730087094,0.0006725756164199414,0,0.9997463303447635,0.0013138357593142716,0,0.9753573666751675,0.059431132228783046
98256.0,1,0.9998322148828197,0.0023462519830962075,2,0.9993018450625507,0.0052748687283641175,1,0.9891866045621984,0.0430792166704561,1,0.9999909404649867,7.109841627498656e-05,2,0.9976421447356714,0.009582288007145313,2,0.99998620491385,8.66077285907685e-05
98262.0,1,0.9999859029629282,0.0002475007406843766,2,0.9981706780007945,0.01216613607462934,1,0.9953851952964162,0.021228166077575175,2,0.8874178969377531,0.22060054619158026,2,0.82312118897748,0.26577886419852514,4,0.9652467038591322,0.07782103673133282
98271.0,1,0.9997025892136427,0.003913252578114979,1,0.999791391513599,0.0019225090095414397,2,0.9860683832889575,0.053742079427507944,3,0.9784677417056329,0.06468512406037999,5,0.9993202999325947,0.0031543221160239606,4,0.997256758631235,0.009946483047480097
98280.0,1,0.5773264933379328,0.9826776964095418,1,0.9993557442100102,0.00489499500695735,0,0.9984123081574241,0.009105921025125783,3,0.9993852316892241,0.003265512000308487,1,0.999727047414817,0.001478659108818172,1,0.9966138609179056,0.011637026781982095
98293.0,0,0.9788589592081648,0.14780010640155505,0,0.9714376772004157,0.11806585574754688,0,0.9972758186006552,0.014294776639073508,3,0.9982821380264907,0.008526407322240418,5,0.9985998008881729,0.005984211567791594,0,0.9768563074849301,0.05654825714968415
98300.0,1,0.999971433973359,0.00047242536362532414,1,0.9784423630566503,0.09482871415569999,0,0.9999262222521806,0.0005618438656849063,1,0.9845542196404807,0.049547151457706586,1,0.9997822294652842,0.0011544566835990765,1,0.9996376865050718,0.0016616491221759597
98314.0,1,0.9978325570942692,0.022304983117451826,1,0.988605745837981,0.06371998666416437,2,0.9976401345520133,0.012042160046132044,2,0.999818985820315,0.00115948680801182,4,0.9983934543850256,0.006729780949383331,4,0.9999903595295941,6.547482426754158e-05
98343.0,1,0.99790353095338,0.02167540281331169,1,0.9985386273136903,0.010223031095335403,0,0.9978327307469134,0.011296192904252246,4,0.9999995971604564,4.108514887351652e-06,1,0.999997924863056,1.6327384575351183e-05,2,0.9988920617589649,0.004443772286557021
98350.0,0,1.0,5.143063467521784e-14,0,1.0,6.489823532331762e-14,3,1.0,7.698578068763589e-14,4,0.9992707143111886,0.003726129923874339,0,0.9948563866954245,0.01799192476665954,3,0.9999995719516078,3.445669243619662e-06
98354.0,1,0.9933255508013925,0.05783413698474917,1,0.9910952654950963,0.046337036089722866,0,0.9999996608839481,3.888929576607064e-06,3,0.9999999843574124,1.9095142624116257e-07,5,0.9999999990526298,1.1868665133047137e-08,1,0.9999999928486041,7.391137722533137e-08
98374.0,1,0.9987932973334117,0.01343849044586328,1,0.9999876874440966,0.0001398922284763777,2,0.9777115517219026,0.07719743567607946,3,0.9988143873023506,0.005699538653809936,5,0.9999649320089394,0.00022085378247388817,1,0.9994407416471687,0.002453114268795456
98381.0,1,0.9895488793212353,0.08376916321562675,1,0.9999169451114442,0.000785933743128545,2,0.9864156544791244,0.058644048348630656,3,0.9999574056777403,0.0003075575667516377,5,0.9999899910918228,7.066748612899579e-05,4,0.9853878137359928,0.040301338760546056
98416.0,1,0.9999985389449486,3.042976176589819e-05,2,0.9995668318628667,0.0034593108546658352,1,0.9999821364747549,0.00016038535687157548,1,0.9999154517597484,0.0005455006470104664,2,0.9999976528636386,1.9099388461706058e-05,2,0.9990576786881413,0.003933144764171442
98420.0,1,0.9999998809327515,2.9105292630281777e-06,2,0.9999999668903504,5.700055407554905e-07,1,0.9999911169808953,8.095952145962451e-05,1,0.9999962508125516,3.1456645993104405e-05,2,0.9999860794186536,9.464619216836559e-05,2,0.9999999832107066,1.7300000443799458e-07
98426.0,1,0.998829096713859,0.013090713316777735,2,0.9997565405014186,0.002216476161117841,2,0.9941436223696152,0.025981515287262048,2,0.9999830802726897,0.0001264244086109954,4,0.9999999757782806,2.5308805420541193e-07,6,0.9998518906864693,0.0007990246022521843
98437.0,1,0.9999956376328366,8.397185664745607e-05,2,0.9464826100953365,0.19002587748640126,1,0.9789168914866448,0.0738973293539991,1,0.9103842030290995,0.18751625408691613,2,0.9707724183152923,0.07371439308888743,2,0.9383972264362622,0.1195516897685981
98444.0,0,0.9999358947663408,0.0009854158518455172,1,0.9982176271698211,0.011890331571772998,0,0.999803866256444,0.0013703341285477696,3,0.9999994248858164,5.496426330098908e-06,1,0.9999911156564518,6.353573894612137e-05,1,0.9920613150845433,0.023802971217359022
98474.0,1,0.9999768844314735,0.0003893460150442537,2,0.9999203651654024,0.0007850622771144222,1,0.9991590492812806,0.0049808952399695615,1,0.7859650374197018,0.3226448076934308,4,0.6580707932748006,0.3585507109061747,2,0.9696286540078174,0.08021337621067495
98475.0,1,0.9664348574376999,0.21196722487233288,1,0.7925340970132195,0.5332937168404737,2,0.9999047284225369,0.0007193426491983466,2,0.9997647391340212,0.001428875911042893,4,0.9983091147497385,0.006995722960722985,6,0.9998503785453263,0.0008033661251594103
98483.0,1,0.9999982407653987,3.616865736695756e-05,2,0.9991742567703655,0.006088843482358836,1,0.9982658481802642,0.009212931946967061,1,0.9996788611579115,0.001805000718155475,2,0.9997258059374461,0.0014084596261422873,2,0.9999029717585051,0.0005138228205636026
98485.0,1,0.999991507596566,0.00015530979224036932,2,0.9999975208388285,3.283477310665561e-05,1,0.9999850805099131,0.00013302808783292893,1,0.5604376003046395,0.4261821992414721,2,0.958828381735249,0.0958105267627396,6,0.9986604471843754,0.00531076464564237
98494.0,1,0.9999920936144047,0.0001454082317564874,2,0.9987667186977937,0.008660360478593908,1,0.99948532777843,0.0032339856621923964,1,0.9999968719190843,2.786134087690607e-05,2,0.9999998116520743,1.8422795618252437e-06,2,0.9999266393114956,0.0004225823869303316
98495.0,1,0.9999706902024134,0.00048363895836272457,2,0.9865295642923771,0.06505621348766621,1,0.9985333993765844,0.007969668268685406,1,0.9427638816187947,0.13674876168347175,2,0.9977259096845065,0.009478507257219394,6,0.9914092767917304,0.025566676978254082
98500.0,1,0.9903092125505655,0.07873621678314967,1,0.9990705141132523,0.0073383034841672575,0,0.9993111890282582,0.004220875966941247,3,0.9960708248803154,0.016109074058462607,1,0.9786249216791493,0.0583093797215218,1,0.9998542001964439,0.0007453080918501416
98512.0,0,1.0,5.143063467521784e-14,0,1.0,6.489823532331762e-14,3,1.0,7.698578068763589e-14,4,0.9999795323508786,0.00015002118999931158,1,0.9999351522134171,0.0003852097540868004,3,0.9999999995984901,4.670638046947888e-09
98542.0,1,0.993805128313375,0.05434715716528476,2,0.677353531065125,0.6043108783865322,0,0.9797771756725328,0.07235404673213262,4,0.9989281714972054,0.005334642051050275,1,0.9920860576238749,0.028187988117579766,1,0.9999108122186845,0.00047800614763838893
98545.0,1,0.9999991858954626,1.7642440731510205e-05,2,0.999048650526112,0.006891043332869965,1,0.9967536818028307,0.01576007578591664,1,0.998499017193888,0.006996103590028237,2,0.9990514460019028,0.004221619235628151,2,0.9982231231245152,0.006700422337957772
98548.0,1,0.9999659836901719,0.0005539924906481864,1,0.6685728560462956,0.5782901612360929,2,0.9983777496510795,0.008986912552573091,2,0.9993911630883453,0.003228598034553323,4,0.9425123277324491,0.12324417704592311,4,0.9990856511446674,0.0037746663040097777
98551.0,1,0.9999974176812341,5.166082245398898e-05,2,0.7206461707453414,0.5391738918388975,1,0.6830778571562446,0.4505252333103403,1,0.8835704056505064,0.22352549330821156,2,0.8795376140678742,0.20579371688144624,2,0.7391606469407165,0.29494326747271715
98561.0,0,0.5243618517951607,0.9982868432827992,2,0.9894145362843831,0.05344832047845647,1,0.9922663149924306,0.033313552933382166,0,0.9982247274764338,0.008874418906396094,0,0.9546541526130079,0.12002090324213817,0,0.996635972683817,0.011571003251854698
98565.0,1,0.9999613385060446,0.000622504574621153,2,0.9116244295968173,0.2720677662020214,1,0.8858596739887243,0.2573505673741508,1,0.9611744818746726,0.10441734600140545,5,0.9827430342150777,0.0490305397656294,2,0.9538126473635722,0.10596677767005167
98611.0,1,0.9996728031906149,0.004260106610966154,2,0.8841171228750626,0.33015826593449527,0,0.9777967386806684,0.07755625522318631,3,0.9973937343283141,0.01250148996646621,1,0.8797340880642539,0.21802927891829724,1,0.9819860632908368,0.04785644512261314
98661.0,1,0.9999998906434182,2.6865797194728172e-06,2,0.9999998219505083,2.722503861292894e-06,1,0.9999992932154005,7.744349995062257e-06,1,0.9999941360173227,4.7535604984616174e-05,2,0.99999927941958,6.090285770080242e-06,2,0.9999742566721643,0.0001612157858039061
98673.0,1,0.9998916853914683,0.0015830289923154189,1,0.6147845114969597,0.6074178883009103,0,0.9886547579758493,0.044985354039388206,1,0.8773965679319736,0.23837429965814189,5,0.8637136826312212,0.24290287856091836,2,0.9414230061306798,0.11484058430523707
98677.0,1,0.9964040970793062,0.03437513552769334,1,0.9999216748896936,0.0007470884244532231,2,0.9980437984815372,0.010702218972993682,3,0.9949670440003437,0.020197683327245697,5,0.9993606308688135,0.003226110888144252,4,0.9863855215352949,0.039291657370159445
98680.0,1,0.989814356893215,0.08202133437839437,1,0.9999734928294762,0.00027838934272549705,0,0.9999502511699783,0.00039147008450194623,3,0.9999998243823937,1.8407064069634364e-06,5,0.9999952380072886,3.660199313963394e-05,1,0.9999998925921525,9.419883853566349e-07
98689.0,1,0.9987558130443372,0.013800992233872067,1,0.9989489665471539,0.008081043113498403,2,0.9953444733825141,0.02270574102290024,2,0.8945192875072909,0.21389037516647214,5,0.9968295669449067,0.012644111923815891,4,0.9997182189301612,0.0014001276791832844
98728.0,1,0.9999080025324879,0.001366224491205209,1,0.9449923210622447,0.19397029841876126,1,0.8974773941737181,0.2433195273585929,2,0.939487214085186,0.1680184149800894,4,0.48793747900182377,0.572241227602345,6,0.9953573291294953,0.015650209354805503
98733.0,1,0.9998915996740606,0.0015841580412058822,1,0.9824636845484443,0.08048457356349624,0,0.9999779027457639,0.00019917995750027586,3,0.9999312686237817,0.0004812862471001875,1,0.9940913501198105,0.02023674088800773,1,0.9997047260205725,0.0013914486369676392
98747.0,1,0.9999997306679881,6.26649562020313e-06,2,0.9999999951132033,9.128989749547588e-08,1,0.9999987360530079,1.3294568407630366e-05,1,0.9995020801060968,0.0026621171282234083,2,0.9866593673638361,0.03953765604504049,4,0.9109933367533197,0.15948877407109224
98748.0,1,0.9999144308295532,0.00127970257614725,2,0.9999820582456418,0.00019800811004019587,1,0.9995637341054544,0.002759134160012863,1,0.9964845347805972,0.014522906036905299,4,0.9868751824281549,0.039018315208852385,6,0.9886567251188736,0.031922870189904584
98751.0,1,0.9998002653090893,0.00274279240898386,2,0.7061376782817277,0.5544909994940168,2,0.9998747662774563,0.0009492062860183694,2,0.999993431104755,5.4021995176708507e-05,4,0.9998369364997975,0.0008981189620512022,6,0.9993034901018119,0.002961573438951745
98762.0,0,0.9999999983266292,5.1200626761336867e-08,0,0.7363453237550193,0.5250669353331826,2,0.9986657960012545,0.007332476456141026,0,0.9992765386870006,0.003998815007874067,0,0.9692390398478398,0.07667182763250284,0,0.9999995323982339,3.8240697149484435e-06
98772.0,1,0.9998688711406111,0.001880299671543084,1,0.9995472130918738,0.0035906370350578284,2,0.9988621367763928,0.00664253366533654,3,0.9994399064432603,0.003170875790697975,5,0.9993975632173214,0.003061951055123528,4,0.9993837752003446,0.0028102563777247847
98775.0,1,0.999973150551911,0.0004464371498565903,2,0.7402665202117524,0.5216001035573268,1,0.9974038188368309,0.01413545194203692,1,0.9792110511545551,0.06525542598689514,2,0.9827335683195529,0.04900117401268677,4,0.7711846601529486,0.35619806642444474
98778.0,1,0.9999993836769238,1.3603793828706316e-05,2,0.9998716442420373,0.0011644896301010593,1,0.9999003370292073,0.0007355941575033405,1,0.9975011332068716,0.010854521525298352,2,0.9999703613147074,0.0001898697323057227,2,0.9816287147430401,0.04992007183669795
98780.0,1,0.9981370463761184,0.019578791017527627,1,0.9545051090637025,0.19202110369577208,2,0.9999113692489452,0.0006941135736425558,2,0.9983013113076598,0.008184241472731535,4,0.9867283045027418,0.04342977709141494,4,0.9938202650304013,0.021678116784911185
98781.0,0,0.8848743185240123,0.5151855528288113,1,0.9995636537093937,0.0034701003806185,0,0.9904229435367833,0.04322960949544057,3,0.9999995584658181,4.3326646435231985e-06,1,0.9999745734500737,0.0001649611305656948,1,0.9978672353697823,0.00783598758113078
98791.0,1,0.9993702614170822,0.007604219338578614,2,0.908229796858423,0.28092096583242854,1,0.9486280822429353,0.14635768665194454,2,0.9991758662849846,0.004247329703463311,4,0.9739316853886321,0.07572192553796021,6,0.99402952132643,0.01880560962857795
98793.0,1,0.9998626153383775,0.0019607658941044655,2,0.8764323884495475,0.3406405701820536,0,0.9776265720876766,0.07728468646870919,3,0.9966429242893539,0.01425624368298571,5,0.9660178024646165,0.08347228651942473,1,0.9929904790571001,0.021472479009163263
98804.0,1,0.990164585563346,0.07970005494078473,1,0.9995674337973575,0.0034434732158021846,0,0.992136578204996,0.03535959184737686,3,0.9993305136731838,0.003733935411278769,1,0.9941616668764384,0.020845682954491136,1,0.9921053531349003,0.025385625107774607
98828.0,1,0.9882696808118716,0.09205736364506827,1,0.9999987898041636,1.6111499588477828e-05,0,0.9998318452790322,0.0012486494028619787,3,0.9999999678645791,3.820115353824854e-07,5,0.9999999631599621,3.7744583140757854e-07,1,0.9999987825115633,9.156066446524063e-06
98832.0,1,0.9999770439659091,0.0003868882702228668,2,0.993135135795497,0.03740675176722377,1,0.9995698421783328,0.0027402145069611674,1,0.9994684670043119,0.0028332443678293594,2,0.9989419294879566,0.005018014645455322,2,0.982428766629143,0.04752473411459787
98843.0,1,0.9994197465002576,0.007075208164238053,2,0.9692280849781912,0.12591238322906673,2,0.9472931064673182,0.17290901171532594,2,0.9999990499784525,9.067749346169032e-06,4,0.9999988298142694,9.620052568771172e-06,6,0.9997954728356203,0.0009983418326510517
98846.0,1,0.9999036465992491,0.0014244819726265813,1,0.8616188917058129,0.3660989116825725,0,0.9995116234100784,0.0030501077399653757,4,0.9858960136940349,0.04637093350250823,1,0.9999430835656314,0.0003549139931935882,1,0.9999901808146046,6.390649407847373e-05
98865.0,1,0.9999892841317538,0.0001923774716337634,2,0.9998919887795822,0.0010278846529531542,1,0.9169162918395528,0.20665224662043513,2,0.9996891403119107,0.001753028886808894,4,0.9893213622150885,0.03298303785414196,4,0.999963093293452,0.00022936739670454903
98877.0,1,0.9502189182912186,0.2854662792699932,2,0.8051798656442007,0.5702821286555579,2,0.9997510886405605,0.0017519768989494315,2,0.9998611077649491,0.0008611956562534252,4,0.9996727305487227,0.0016559467725972671,6,0.9983104382168168,0.006431916372984568
98892.0,0,1.0,5.143063467521784e-14,0,0.9999999999999929,2.9742732692811933e-13,2,0.9999999994996713,8.090193582541174e-09,4,0.9999999984014316,2.111071494524649e-08,3,1.0,9.935650155623348e-14,0,1.0,1.0991977025303735e-13
98902.0,1,0.9999997303366549,6.273726385681283e-06,2,0.9999481905440085,0.000521867359942513,0,0.9690802389828744,0.09949182671970719,1,0.9997900418132681,0.001324945994244311,2,0.996221577231224,0.013886453845380255,2,0.9998748967410179,0.0006420435980365626
98904.0,1,0.9999988071596606,2.5192623105652513e-05,2,0.9999999847958955,2.690189670477623e-07,1,0.9999999688122334,4.1373127725420434e-07,1,0.9999999568220561,5.000336446990923e-07,2,0.9999999923207916,8.487713595244949e-08,2,0.9999999678207919,3.0459334254401263e-07
98910.0,1,0.9999950197923854,9.491306632933347e-05,2,0.9999999847249975,2.7240600546494613e-07,1,0.9999998652009074,1.6510563872299921e-06,1,0.9921229191206639,0.028582442122918182,2,0.9884238338893249,0.03523294689515032,6,0.997486622215239,0.009034377537018959
98921.0,0,0.9999906695329072,0.00016936950851762243,1,0.978313300438083,0.09514984391078339,3,0.9997507134869297,0.0016730027464317617,0,0.9556483553334818,0.11279432702301505,0,0.9999953461897139,3.453203180119386e-05,3,0.9938331553872646,0.019370656958244727
98932.0,0,0.9999999507312628,1.2670661917418922e-06,0,0.9896189298239942,0.052562086294371396,2,0.6799484921238994,0.4522191787880703,0,0.9995929909556136,0.002227242812838535,0,0.9994639912580185,0.002552094752712193,0,0.9934337293138202,0.02038093699726174
98933.0,1,0.9999894886302202,0.00018899839405814965,2,0.9998854520328846,0.0010574089878786401,1,0.9990579684316765,0.005438083665830665,1,0.9999873635831626,9.821312144365682e-05,2,0.9999680735347228,0.00020312791814011864,2,0.9999943159024894,3.997027889919537e-05
98944.0,1,0.9995101749262417,0.0060923401317921405,1,0.9993590329303744,0.005252549148386164,2,0.999816626979652,0.001285210250990735,2,0.8976392548645902,0.2269766298348882,5,0.9235642602115673,0.15813043450502012,4,0.9999810488007029,0.00012388886288796952
98948.0,0,0.9999999998677502,4.530718499227738e-09,0,0.9999709288908167,0.000302873620593812,2,0.9999996629985509,3.865985758709913e-06,0,0.9978775985059934,0.010341247529721822,3,0.9999999014269938,9.437505252974443e-07,3,0.8623989772469994,0.2058934604883437
98951.0,0,1.0,5.143063467521784e-14,0,1.0,6.489823532331762e-14,3,1.0,7.698578068763589e-14,0,1.0,8.85998748858114e-14,0,1.0,9.948042700981048e-14,3,1.0,1.0980566189863425e-13
98981.0,1,0.9999930308928577,0.00012943921140268555,2,0.999999680717868,4.823684804107048e-06,1,0.9998934183495435,0.0007801586802127139,1,0.9986256553734963,0.006480557040512833,2,0.9980030677911141,0.0080413868118905,6,0.999769045023921,0.001112510506602102
98988.0,0,1.0,5.143063467521784e-14,0,1.0,6.489823532331762e-14,3,1.0,7.698578068763589e-14,0,1.0,1.0098884280397766e-13,0,0.9999999928749688,7.857545321240423e-08,3,0.9999999039768686,8.467143414733159e-07
98994.0,1,0.9995252790779082,0.005925934288895338,2,0.9452033640656926,0.19345545656425286,1,0.9985912229726492,0.007687215893625761,2,0.9999873253858421,9.671557800134453e-05,4,0.9999773903923038,0.0001551440004523901,6,0.9998106819217943,0.0009392542988634286
99001.0,1,0.9991635498965552,0.009757629090139741,1,0.8601710697429826,0.370228676129593,2,0.9977564465080705,0.012655925078483692,2,0.9898519168500762,0.038364909451536325,4,0.9781671663050782,0.05869417246994808,4,0.9988208309306843,0.004922583817318939
99005.0,1,0.6481421969819028,0.9357162962463822,1,0.999215515638815,0.0058197231630752475,0,0.9542520705193926,0.13870562217496385,3,0.999805759427196,0.0011521372023386395,5,0.999089122025041,0.004067294949998198,1,0.9993800716076799,0.0027288219370616928
99023.0,1,0.9999400255757726,0.0009276810863703134,2,0.998043387308516,0.012904899598648248,1,0.9994477733350629,0.003409430190277953,2,0.9627451020017574,0.09891666889544211,2,0.786377132993458,0.2896191225011176,6,0.9781160261184425,0.05424192551882581
99028.0,1,0.9999486860780109,0.000805266719861096,1,0.9998340506675731,0.0014900905280601166,0,0.999978171346033,0.00019372556384679082,3,0.9935294258240776,0.024272191382048603,5,0.9971505599093649,0.010924794063324375,1,0.9949195262054891,0.016395728870538355
99067.0,1,0.9999788826677424,0.0003584433316591298,2,0.9999679412112253,0.00033692132626443534,1,0.9994486851411797,0.003383364305827403,2,0.5511195085050484,0.42742647052363286,2,0.9724460547394362,0.07039772856290603,6,0.9985762939822911,0.005541667745344208
99089.0,1,0.9999964827891362,6.879604392589655e-05,2,0.9992704938672754,0.0054630634447464035,1,0.9996807009193766,0.0020923913740303287,1,0.9998915067622204,0.0006864807188879279,2,0.999877929536797,0.0006922835721372039,2,0.9999713897727485,0.00017725528263228622
99099.0,1,0.9997872921305336,0.0029016289963753293,1,0.9999970549212402,3.854330831280647e-05,0,0.9999768060790687,0.0001968214087647058,3,0.9999972271185027,2.4907576209189233e-05,5,0.999961558145109,0.00023960512347040498,1,0.9999897404071661,6.621318774586317e-05
99108.0,0,0.9911229276494518,0.07325336031926047,0,0.9999469931114516,0.0005529121421996591,2,0.9999990857673802,9.84753241432441e-06,4,0.9996961478801852,0.0017181264248246207,3,0.9999383557479944,0.0003679231599303459,0,0.9995724819004908,0.0019241229464175846
99110.0,1,0.9999965005305658,6.84745554163729e-05,2,0.999578866879249,0.003370496098263106,1,0.9990647082802673,0.005409177000700126,1,0.9999995570022127,4.54616577134644e-06,2,0.9999996195509051,3.452367999664e-06,2,0.999990808800699,5.9938451071495633e-05
99114.0,1,0.9998998050363083,0.0014756238476366988,2,0.9750911033967381,0.10622951574315832,1,0.9915171842393475,0.0353177244617825,2,0.9998261783292347,0.0010620427670400081,4,0.9940831794463018,0.02255301906671097,6,0.7434794055218579,0.2938222487804364
99121.0,0,1.0,5.143063467521784e-14,0,1.0,6.489823532331762e-14,3,1.0,7.698578068763589e-14,0,1.0,8.85998748858114e-14,0,1.0,9.948042700981048e-14,3,0.9999999999994884,7.780763376883253e-12
99136.0,1,0.9992885408388664,0.008465733055094387,1,0.9702564241296499,0.12251620346453045,2,0.9997794466703275,0.0014995401977984828,3,0.9996046825575994,0.002183226178772359,5,0.9995724075704843,0.002092342021251551,4,0.9999966382763592,2.4247494809936507e-05
99138.0,1,0.9999278066474852,0.0010973690943334967,2,0.9999201324303013,0.0008060968779558347,1,0.9985645040988947,0.007827979391535943,1,0.963685878569681,0.09698459455100304,4,0.975353033770891,0.0645318388752515,4,0.9988354882647325,0.004795612213696816
99153.0,1,0.9983097464475851,0.018001233628769455,2,0.9996720995581271,0.0026945207620845896,0,0.9973722268852864,0.013156429626996473,4,0.9999586455382132,0.0002850422769187183,1,0.9999910882668753,6.281634829195762e-05,2,0.9999999958064514,4.386345718807044e-08
99154.0,1,0.983751395712032,0.11982452861571662,1,0.9998085028886323,0.0016666647823958371,2,0.9994388701763329,0.0034794909709380084,3,0.9068287043044211,0.20067943861981416,5,0.9872529033524724,0.04303238335293246,4,0.9838521178477904,0.04388679267417096
99160.0,1,0.9999807299156046,0.00032963326828452873,1,0.9966295385038288,0.020604553903320322,0,0.9999572809326259,0.00035514378892346425,3,0.9958941853860207,0.01658968029904092,5,0.9995425143108242,0.0022919044766947037,1,0.9932713847767588,0.020744775831451793
99167.0,1,0.999993633628688,0.00011907525755205495,2,0.989548869707358,0.05286926988803054,0,0.992301554545034,0.032577080564015176,1,0.999970524697887,0.00020982000221080255,2,0.9999936126269798,4.854635872287851e-05,2,0.9913744172073411,0.025482094480804282
99171.0,1,0.9994146701284551,0.007129748172964698,2,0.5784031288044342,0.6241715495607857,2,0.8054041894072494,0.3566834538309967,2,0.9997820757389275,0.0013996410899055809,4,0.9982958097404849,0.00800068299182774,6,0.9975898069378747,0.008869243800251373
99197.0,1,0.9999620217191131,0.0006124808066188864,2,0.9440051970987767,0.19655237158740096,1,0.8743249271978478,0.3139125653962146,3,0.90688717915059,0.21787833842117976,5,0.9816303430020089,0.051975117988497764,2,0.9819412933237015,0.05270497629360519
99224.0,1,0.9999998747272166,3.0530378780762175e-06,1,0.9980877881454527,0.012634358515344312,0,0.9999924441589941,6.997565474864986e-05,1,0.9459986477912574,0.13056273962833667,2,0.9843830257693486,0.05089940459881918,1,0.9709291237346737,0.06757635117301525
99237.0,1,0.9998992511536887,0.0014829798392177644,1,0.9731042147262973,0.11294373444093539,0,0.9959240065621269,0.01939215081266117,3,0.992575512179834,0.02722023356127812,5,0.9958209381317796,0.015646461837707477,1,0.9450248466321203,0.10944155675587335
99246.0,1,0.9999163247693968,0.0012540803876938049,1,0.8891214586216902,0.3174898100018392,0,0.9726030191113919,0.09432644297867243,3,0.574586439703771,0.4240079980209949,5,0.950213075553515,0.1106196523602399,2,0.9389860973616173,0.11814790678448336
99247.0,1,0.9999126453909073,0.0013038014931863113,1,0.9864335214676917,0.06541325066267303,2,0.9284496110365841,0.1944693902700811,1,0.9660997870396998,0.10064989522067724,5,0.9951094269358516,0.017343088093367855,6,0.9936589250706264,0.021921019808782954
99251.0,1,0.9998861821761292,0.0016553207682148295,1,0.9892651533533441,0.05417140877698137,2,0.9996214815692095,0.0025499375826861094,2,0.9994376488080225,0.00320649021645377,4,0.9608415020978361,0.0962736306513053,6,0.6787579473938282,0.32290420769211103
99260.0,0,0.9999189388626386,0.001218613690669436,1,0.9785239985471837,0.09441835181796555,3,0.9998979426863689,0.0007502301169167449,3,0.999971350191832,0.00020402066654643322,5,0.9999981559004091,1.4618425766660544e-05,3,0.9973733204641171,0.009369053148220664
99279.0,1,0.9999804253675413,0.0003344000268404559,1,0.9967159302701704,0.02013935806265922,0,0.9999547258314984,0.0003804945131271985,3,0.9981692188345794,0.008311712222739586,5,0.9999676406788113,0.00020687304547933682,1,0.9956555701937816,0.014483566260080832
99291.0,0,1.0,5.143063467521784e-14,0,1.0,6.489823532331762e-14,3,1.0,7.698578068763589e-14,0,1.0,8.85998748858114e-14,0,1.0,9.948042700981048e-14,3,0.9999999998764544,1.5120625297608411e-09
99305.0,0,1.0,5.143063467521784e-14,0,1.0,6.489823532331762e-14,3,1.0,7.698578068763589e-14,0,1.0,8.85998748858114e-14,0,1.0,9.948042700981048e-14,3,0.9999999999981917,2.6160814527380116e-11
99315.0,0,0.9999999999976268,9.51783952964475e-11,0,0.999991791187368,9.497113516791376e-05,3,0.9999999998837197,2.0026164868256015e-09,4,0.9990612623953046,0.004648960860816596,0,0.9999999999990834,1.505044216862513e-11,0,0.9999999999604441,5.172491305599172e-10
99316.0,1,0.9999864978720215,0.00023789586932654,2,0.9999967811735223,4.115804569907514e-05,1,0.9996436246198922,0.0022985434010240253,2,0.9883221954303227,0.0395109681871292,2,0.9981262314299458,0.007614748196034426,6,0.9999806893306732,0.00012023353783162719
99318.0,1,0.9999989125755328,2.311141025543567e-05,2,0.9999997954506159,3.1491090245203715e-06,1,0.9999998384786496,1.9702341393400736e-06,1,0.9999205687604769,0.0005491195844406252,2,0.9999800896993026,0.00013140344623457668,2,0.997788812950793,0.00808934304638019
99320.0,1,0.9999998071301386,4.580382190915779e-06,2,0.9999976291687569,3.0247904019046545e-05,1,0.9998464750454436,0.0010833862938382562,1,0.9999998976258996,1.1102935448733662e-06,2,0.9999991815521706,6.890919001127399e-06,2,0.9999995555525161,3.6945485131047514e-06
99321.0,1,0.9999136115889776,0.0012907668633878216,2,0.9653830040433068,0.13765330696833053,1,0.9314356113043915,0.18027509262927896,2,0.9999347682614589,0.00044081544987361547,4,0.9983535042501336,0.007409352384541954,6,0.9985544145239768,0.005617681668831299
99322.0,1,0.9986227645032091,0.015074820533160548,1,0.998612344899818,0.009720624519859033,0,0.9994667979042706,0.003359783150487901,3,0.9999008378138889,0.0006767708612995464,5,0.5971929093216595,0.3765517511853515,1,0.9995244959646159,0.002208709554273846
99335.0,0,0.9589846143112385,0.24692848189188507,2,0.9999989740064456,1.3815009707287804e-05,1,0.9999992812408917,8.115472084952435e-06,2,0.9999996100662095,3.98629429083888e-06,4,0.9999900052975652,6.980211428260528e-05,4,0.9981934253718079,0.006791797732743881
99338.0,1,0.9995699230940994,0.005429937040736173,1,0.6429397355808226,0.5950625828632807,0,0.9993172537753963,0.004591255378327623,3,0.9999976409178162,2.1001921906946753e-05,5,0.9997898035815403,0.0011111491379014462,1,0.9997575656766093,0.0011889061878916818
99345.0,0,0.9717596361126366,0.18548911828034928,0,0.9839250862134199,0.0813257881773513,2,0.9965863587346708,0.016444788618917947,2,0.9975778089493827,0.010605382678663407,4,0.9966315841796631,0.012580034544345826,0,0.9994113858770949,0.002555006148397661
99346.0,1,0.9999987244438913,2.681618999526979e-05,2,0.9990430501168744,0.006927481595609757,1,0.9997441734598361,0.0017112171797653152,1,0.986776856770312,0.043704033450171056,2,0.9988620060882707,0.004955493030890619,2,0.7558870464544104,0.3585123197959331
99364.0,1,0.999802267063636,0.0027181776453060326,2,0.9995079750616719,0.003950778522835807,1,0.9998626983440285,0.000984088795412878,2,0.9832891751934308,0.05299007206720367,2,0.96609147532855,0.08334008563521064,6,0.9965753359780867,0.011965579303343613
99366.0,1,0.9518907120459815,0.2783104008145638,1,0.9994776520650042,0.004068485370228637,0,0.9986837919056121,0.007350899086266733,3,0.999963926606713,0.00025181064265491636,5,0.9999803431771581,0.00012986084419056812,1,0.9927433176398036,0.022087470959525686
99376.0,0,0.9999906159965425,0.00017026385888440612,0,0.9998561628412801,0.0012891987083949465,3,0.996388745873758,0.01725052796907726,0,0.9994890138616876,0.0028892995912952533,0,0.9997996792128208,0.00112606369382502,0,0.9999999389809401,5.702742406748721e-07
99396.0,1,0.9248725527714398,0.3847733066406267,1,0.99983129379252,0.0014876059224014136,0,0.9998272889204303,0.0012054614603459934,3,0.9992454515566335,0.0038392343029071616,5,0.9889744647044593,0.03767128684907319,1,0.9986557144300069,0.005259033289810204
99401.0,1,0.9999848785469294,0.0002639559691647546,2,0.9999944924374377,6.683515318876203e-05,1,0.9999990520717911,1.0686024568669665e-05,1,0.9999979003298359,1.891127856322273e-05,2,0.9999989300631786,9.2850960684415e-06,2,0.9999994242048361,4.730529511728487e-06
99416.0,0,0.9999849248974547,0.0002632136546132902,0,0.9999955182950544,5.703449770276905e-05,2,0.9999999994807567,8.614686193836817e-09,2,0.9999783862727402,0.00015769197669342701,4,0.9999999559629426,4.4115232442614907e-07,0,0.9999999999767866,3.1466566240368627e-10
99427.0,0,0.9999999999905498,3.5967283217490547e-10,0,0.991473365633077,0.04470716846641394,3,0.9999999972780671,4.072237844690545e-08,3,0.9064709844214864,0.19300373198490792,5,0.9386900663725041,0.12867616747681357,3,0.9999996220066979,3.1226700061548287e-06
99438.0,0,0.9943351185509025,0.05043069774332511,1,0.9764146821873174,0.10165981870882565,0,0.9729015844327704,0.09417659795944579,3,0.9833098702647682,0.05273278132356298,1,0.9966835595613955,0.012956069735460101,1,0.9994191881374563,0.002524227659180463
99442.0,1,0.9999986011253924,2.9222484866532486e-05,2,0.9948008249928761,0.029610835316512152,1,0.8543076169820294,0.29947845312126087,1,0.9963872912301479,0.014863660883218692,2,0.9926038769487723,0.02513359852509787,2,0.9998735745565851,0.000648129241212023
99443.0,0,0.9999942006550645,0.00010925020267936895,1,0.9993520961677533,0.004919345757217089,3,0.9999980401167455,2.069749720173531e-05,3,0.9999966433019756,2.8374134394067913e-05,5,0.9999899977319026,6.985051392337093e-05,3,0.9999952903160602,3.264268402657841e-05
99444.0,0,1.0,5.143063467521784e-14,0,1.0,6.489823532331762e-14,3,1.0,7.698578068763589e-14,0,0.9999898139506215,7.907695875875106e-05,0,0.999999996555399,3.9384659194317027e-08,3,0.9940259281729124,0.018780615302387837
99446.0,1,0.9999985291830792,3.0618944323447486e-05,2,0.9998313685042213,0.0015125776733518291,1,0.6804690053908553,0.4519368306774983,1,0.9999628977111044,0.0002680984564934177,2,0.9999852048848016,0.00010018363966982357,2,0.9996891284272352,0.001453824567502504
99448.0,1,0.9977466514613286,0.023062531457494685,2,0.7564847406402833,0.5362239833980557,2,0.9993417565953495,0.004177617834075411,2,0.9980892476806333,0.00861842601813771,4,0.9999066552037248,0.0005358679340296728,6,0.9997865220760529,0.0011067715857652118
99449.0,1,0.9950027477195014,0.045393707936506725,1,0.9999854826319431,0.0001604237702256198,2,0.9999908326278115,8.332127635982986e-05,3,0.999406432459531,0.0032255802167794638,5,0.9999928345844429,5.412735841956331e-05,4,0.9999594701805526,0.00024300560857932902
99456.0,0,0.9999999932412322,1.9318777348699365e-07,0,0.9755778347189462,0.1044800027293662,2,0.8586771903549332,0.2938591095626125,0,0.9999807934766537,0.00014153655666929255,3,0.9999955793385501,3.2886566861769625e-05,0,0.9996780751262282,0.001592861956841526
99463.0,1,0.9999336864716611,0.0010161211642865427,2,0.7928548598843121,0.4652738957467487,1,0.905919939035819,0.22575269328112724,1,0.9983217765314352,0.007705418888242976,2,0.9958622731501993,0.015016927345891636,2,0.9696392845033492,0.06995700476745872
99466.0,1,0.9931952670394381,0.058772621680703574,1,0.9999867927321635,0.00014708341229469836,0,0.9984575523782185,0.0083154472612359,3,0.9999997399394883,2.6119599348063786e-06,5,0.9999994972000777,4.4104643040036165e-06,1,0.9999992914029315,5.520470340045934e-06
99484.0,1,0.9957808443978888,0.03935829710652532,1,0.9999671091034398,0.00033923231011395483,0,0.998654517364211,0.008018014122029246,3,0.9999801165658455,0.00014708205795883528,5,0.999969561061576,0.00019496371839071395,1,0.9987448672600119,0.004953616734550683
99488.0,1,0.9995491896446766,0.0056610787732460175,2,0.9667612383068896,0.13395423410810925,2,0.693631201150624,0.44485215403034467,2,0.9999626960899825,0.00026561620198784213,4,0.9998504243741495,0.0008434016890488703,6,0.8491985048529362,0.21958950828225252
99494.0,1,0.9999812061846148,0.0003221647856796735,2,0.7514939065527776,0.5104492237356907,1,0.7739760893899603,0.38725551860735835,1,0.9720016357497343,0.07963066120808152,2,0.8560520587441972,0.2300231384532476,2,0.9955979478833809,0.014864063793552283
99531.0,1,0.9989063177185501,0.01233509169789696,1,0.995937486370336,0.024288612957024853,0,0.9994663430699013,0.0034644400847197556,3,0.9999925448784988,6.243224289196593e-05,5,0.9998964961724316,0.0006165759290938934,1,0.999750309831217,0.0012042042997645029
99541.0,1,0.9999288287506332,0.0010832968473850851,2,0.9118178394693018,0.2718798499242139,1,0.9956264038410436,0.020347406028873926,2,0.9902774090595075,0.037835755841442505,2,0.9488206275696054,0.12555549148176326,4,0.8904928690369546,0.17761301525539666
99563.0,1,0.9984545047198898,0.016659349025086236,1,0.9995028214755098,0.004009038109356235,2,0.999996188407734,3.86652171691351e-05,2,0.9971406712947277,0.012212359701397576,5,0.9976083509712595,0.009399065322432986,4,0.9999999468762063,5.081113718150664e-07
99573.0,1,0.9999999805316977,5.267537479835936e-07,2,0.999999978852774,3.645832696901895e-07,1,0.9999999729971915,3.59654428196297e-07,1,0.8624464158907544,0.24884313425661955,2,0.9799217943635039,0.05488645529031023,4,0.9873025383581442,0.03531029997379558
99584.0,0,1.0,5.143063467521784e-14,0,1.0,6.489823532331762e-14,2,1.0,7.698578068763589e-14,0,0.9999999999067484,1.3962126804830987e-09,3,1.0,9.935650155623348e-14,0,0.9909274035592172,0.026566062704022723
99593.0,1,0.9999997329772478,6.216083771610322e-06,2,0.999919902204026,0.0007614994515371351,1,0.9997752124482518,0.00152618912782609,2,0.9906997369213889,0.032782299096837546,2,0.9008308827378296,0.180411642997981,6,0.9283370041696584,0.13255539300365526
99599.0,1,0.9999813782067524,0.0003194630097190741,2,0.9723803748613973,0.11506586490649792,1,0.9855990206417703,0.054416956761969504,1,0.995456520876531,0.01804550308748561,2,0.9992330219373908,0.0035010672214299283,1,0.9585023015874834,0.08888546842924086
99613.0,1,0.9999795544941169,0.00034799348952963493,2,0.999999983103976,2.906129774164442e-07,1,0.9999999999082547,1.5959038275032853e-09,2,0.9999999995917719,5.740035830583375e-09,4,0.9999999954177383,5.166250053068581e-08,4,0.9999999999935199,9.143883159460798e-11
99631.0,1,0.9999516534397905,0.0007628549293580829,2,0.9999989115737752,1.497742629965769e-05,1,0.9998291803979074,0.001194313822905956,2,0.9989335441133165,0.00520048894253793,2,0.5986007193126568,0.376410649751141,6,0.9998701874076488,0.00066505934387416
99655.0,1,0.8252700546980256,0.6684113475826079,2,0.9783789292353605,0.0949248863699633,1,0.9857803921107584,0.05867907339158831,1,0.9840525768255226,0.050836967913510424,0,0.9924418486971608,0.024868793513590882,2,0.9999984354357228,1.194486212794784e-05
99659.0,1,0.9999949168993019,9.672404152666888e-05,2,0.9922611067708077,0.04127079517994599,1,0.9943621610797732,0.027850335985682723,1,0.9918528199603458,0.0297727419893059,2,0.9819289496084413,0.05070817943874842,2,0.9952560066979378,0.017120143490455018
99665.0,1,0.999883125265282,0.0016953101042594275,1,0.873931291967113,0.3456615911230378,0,0.9950181676143043,0.022760527343989957,1,0.9243523818500695,0.16665389736741187,5,0.7409351107479032,0.3214169776142794,2,0.8618884694346194,0.20634306046637388
99676.0,1,0.9999982752387441,3.550915307406759e-05,2,0.8884903059298633,0.31828128891862023,0,0.9336643590321588,0.1760491018898584,1,0.9697814231892201,0.08423388620326214,2,0.9878649182349535,0.03707470732986045,2,0.848553917571896,0.2185143797920766
99686.0,0,1.0,5.143063467521784e-14,0,1.0,6.489823532331762e-14,3,1.0,7.698578068763589e-14,0,0.9999999999988702,2.0096566438583328e-11,0,1.0,9.948042700981048e-14,0,0.9999164502333417,0.00044610706985019654
99710.0,1,0.9999964578639997,6.924748876653646e-05,2,0.9996807922237259,0.0026326147196871715,1,0.999829061340473,0.0012671272241440122,1,0.9999949712153617,4.20354460256777e-05,2,0.9999996958078691,2.8312087676347362e-06,2,0.9999721300624086,0.00017770540451503438
99711.0,0,1.0,5.143063467521784e-14,0,1.0,6.489823532331762e-14,3,1.0,7.698578068763589e-14,0,1.0,8.85998748858114e-14,0,0.9999999999999964,1.419300424598808e-13,3,0.999967619193412,0.00018866815125710031
99720.0,0,1.0,5.143063467521784e-14,0,1.0,6.489823532331762e-14,3,1.0,7.698578068763589e-14,0,1.0,8.85998748858114e-14,0,1.0,9.948042700981048e-14,5,1.0,1.0969155354423114e-13
99724.0,0,0.999999999994067,2.2973778876741778e-10,0,0.9999998427384592,2.483105409279394e-06,2,0.9999956984080219,4.144454312630649e-05,4,0.9999999929252894,8.693629292318687e-08,3,0.9999999999997335,4.510000292821632e-12,0,1.0,1.0991977025303735e-13
99744.0,1,0.9996593039734555,0.004415991684522222,2,0.9996820615240427,0.002661676533294396,1,0.9979971691662781,0.010439481723243734,1,0.9999916333430747,6.98908030880815e-05,2,0.9998626415187316,0.000789571562361687,2,0.999998573059399,1.1048953956375506e-05
99745.0,0,0.9999998742512205,3.0639504204815475e-06,1,0.9212362740596374,0.250988935895292,2,0.9997867747981024,0.0014539693928926093,0,0.9980658620047714,0.008751721659884446,0,0.9929494714937859,0.023417628863836956,0,0.9994976350127993,0.002221129709025311
99759.0,0,1.0,5.143063467521784e-14,0,0.999999843945625,2.3683552319816955e-06,3,0.9999999999989946,2.0829358220254996e-11,0,0.9999995094104963,4.733146899446774e-06,0,0.9999993860124692,5.244024145003855e-06,3,0.999999999999762,3.7576471504237295e-12
99763.0,0,0.5374067483824254,0.9959588004116763,1,0.9881917018725193,0.05845150373869863,0,0.9987567556276904,0.006989051239806489,4,0.9896737483388278,0.03572744021932297,1,0.9999946117524063,3.983961585020738e-05,1,0.9898316600161344,0.029177219265903317
99765.0,1,0.9998124087654752,0.00259301354487075,2,0.9689566121597184,0.12615461440656967,0,0.996666132317714,0.016157254904777523,1,0.99978582556987,0.0013512536713071316,2,0.9793451425986686,0.06137458478871026,2,0.9998346680709588,0.0008248283205302053
99766.0,0,1.0,5.143063467521784e-14,0,1.0,6.489823532331762e-14,3,1.0,7.698578068763589e-14,0,0.999998041290844,1.721250762095474e-05,0,0.9999952830592823,3.491938693210019e-05,3,0.9999947064846803,3.576967181050187e-05
99782.0,0,0.9927904640443067,0.061665755010053544,0,0.8338725239200224,0.4093766254846402,2,0.9951633201424747,0.022465383549179666,4,0.9998040409085285,0.0011743348968573624,1,0.9998354852067217,0.000918445633984755,0,0.9568306414001169,0.09408543640839168
99783.0,0,1.0,5.143063467521784e-14,0,1.0,6.489823532331762e-14,3,1.0,7.698578068763589e-14,0,1.0,8.85998748858114e-14,0,1.0,9.948042700981048e-14,5,1.0,1.0969155354423114e-13
99790.0,1,0.9999268116212171,0.0011110484893707645,2,0.9997346862437053,0.0022514014524296975,1,0.9940349637069281,0.026339869608416767,2,0.998305604307496,0.007770928133900049,2,0.6607580774552576,0.35749646758668324,6,0.9967792255417451,0.011151268532881453
99807.0,1,0.9995240783725953,0.005939187822877242,2,0.8975803442166296,0.3065402884535864,2,0.9986966758199364,0.007836459893914132,2,0.9998957902152915,0.0007033089133681463,4,0.9994790066892992,0.002561293788958812,6,0.7707163957349288,0.2768098268147477
99811.0,1,0.9999804697459542,0.0003337058479974008,1,0.9990187422408734,0.007100301922171562,0,0.9998572450825148,0.0010882075872258204,3,0.9918287236795139,0.0294675635813047,5,0.999898236710072,0.0005792679300785265,1,0.9980958057173411,0.007114887334104856
99819.0,1,0.9998339247837944,0.0023247957470273538,2,0.999999924547484,1.2033522890417247e-06,1,0.9957253119876793,0.019898140133574358,2,0.9999998348932232,1.7527072384665332e-06,4,0.9966213958945258,0.012612377219977915,6,0.999999751872816,2.1504202994379802e-06
99839.0,1,0.9995784130224112,0.00533487669196401,2,0.996215057720975,0.024970281296520368,2,0.9990798796824222,0.0056724706447473655,4,0.9988112016464361,0.005800711726643169,4,0.999953082293427,0.00030528715668447866,4,0.9999999750970513,2.401230909827169e-07
99842.0,0,1.0,5.143063467521784e-14,0,0.9999999879421823,2.110978866363531e-07,3,1.0,7.698578068763589e-14,0,0.9999597745179327,0.00027795242744489484,0,0.99998867201289,7.83217252441384e-05,3,0.9999999999939249,8.600298202452736e-11
99857.0,0,1.0,5.143063467521784e-14,0,1.0,6.489823532331762e-14,3,1.0,7.698578068763589e-14,4,0.9999770088383431,0.00016685683508460387,1,0.9999620331017672,0.00023687525702715233,3,0.9998764934638492,0.0006346443925377759
99883.0,1,0.9996484763908522,0.004540466028116082,1,0.975111977765453,0.10666989091718322,2,0.9998652858297786,0.0009780329142436324,2,0.9996922940431027,0.0017899478622216802,4,0.9954073029687969,0.016460475638836375,6,0.9931890507090734,0.02097086710670068
99901.0,1,0.9976583024839623,0.023836687200313733,1,0.999919195116611,0.0007666627897774792,0,0.9995410877202947,0.002875511792017755,3,0.9999965805060378,2.8972895377769787e-05,5,0.9999395927326593,0.0003612271905580718,1,0.9999998600410747,1.2091050339064702e-06
99905.0,1,0.9999114645901683,0.0013197103302845787,2,0.9981209060378535,0.01251368620512232,1,0.9895117324821984,0.042162403863886116,2,0.9999944202974177,4.7770940862619705e-05,4,0.9977833089752077,0.008869410927537196,6,0.9623730568808958,0.08243713645682157
99909.0,1,0.999939156043764,0.0009398674015862032,1,0.6338731133800631,0.5980962870569256,1,0.5157404812145363,0.49994062920372667,2,0.9781701753042694,0.06533228919562732,4,0.8814932254513073,0.2037589832376713,6,0.9644751136238764,0.07890857904750163
99924.0,1,0.9999999189812276,2.0254582661109566e-06,2,0.9999997987066027,3.097146974765619e-06,1,0.9999994731969546,5.878704849483541e-06,1,0.9999999861716199,1.6545566986814422e-07,2,0.999999999600881,5.138737063755103e-09,2,0.999999982205516,1.781301905766238e-07
99927.0,0,0.9995534329276798,0.005613887714940021,1,0.9999980981992175,2.4534285860646534e-05,3,0.9999796433196182,0.00017585681644888097,3,0.9999999982335694,2.321783272676646e-08,5,0.9999999995044675,6.2029218422573745e-09,3,0.9999994879061763,4.075033473019913e-06
99928.0,0,0.9999999067045849,2.313382343396349e-06,0,0.9999602109363835,0.0004031702773573058,2,0.9999998697286059,1.5837531193226618e-06,0,0.9999988573333303,1.0424108343020594e-05,3,0.9999999999181348,1.1203765728900638e-09,3,0.9999909054816758,5.892691557718261e-05
99935.0,1,0.999875851083679,0.0017900096402163007,2,0.9958291171907293,0.024865972426530176,1,0.9999268508893906,0.0005885987974895451,1,0.990609598527291,0.03305195505913322,2,0.993629134525661,0.021522083927769234,2,0.9999325998253521,0.00038336892152945396
99937.0,1,0.9976752701705895,0.023688387939711283,1,0.9989303642782584,0.008281224591218508,0,0.9985048351326103,0.008494883327820158,3,0.9990955311290772,0.00487365494404942,1,0.9858810447413199,0.041440038426866124,1,0.9999326180690268,0.00038048761668664055
99942.0,1,0.9996267248282081,0.004789082594301037,1,0.9092720942337585,0.2836673805677457,0,0.989992736832587,0.04437566634934807,1,0.8058448755128059,0.3174191967984606,5,0.9902477191441491,0.03322787350484156,2,0.9708332778010563,0.06873125227741288
99959.0,0,0.987319241574521,0.09808216717761971,1,0.9989158184735197,0.007723584552580605,3,0.9867362369239829,0.050862888697901,3,0.9997960761875794,0.0012042175020528486,5,0.999821035991582,0.0009616849423853951,3,0.999990840650945,6.231481485817139e-05
99961.0,1,0.9984294149653354,0.016893281328340483,2,0.9999992449821925,1.0375198997241623e-05,1,0.9999951303639647,4.704540432539683e-05,4,0.6922820188366903,0.3835268136083208,1,0.9873127294585378,0.037961749589668844,2,0.9999990948920089,6.937578960682391e-06
99984.0,0,0.9573498414081321,0.25431383592442525,1,0.9950021288423526,0.02864335034513754,0,0.9987420682514119,0.007301788614220854,3,0.9775155830282467,0.06685841608446905,1,0.9988331926034737,0.00505516786915644,1,0.9753549298389278,0.05956327434551885
99985.0,1,0.9999996503017891,8.004620401902028e-06,2,0.9957176569295156,0.025146656534936515,1,0.9993388257322586,0.004002424763337589,1,0.9998594356264519,0.0009062777223921752,2,0.9998457865886813,0.000843962044034313,2,0.9999362894795176,0.0003835897030046434
99989.0,1,0.9621106830656417,0.23252964995760647,1,0.999274839008437,0.005431577156485132,0,0.999702109359576,0.001981956383622199,3,0.9999999874561106,1.4983445432955108e-07,5,0.999999984419727,1.6506200958493274e-07,1,0.9999683403175516,0.00018553430521063785
100001.0,0,0.9969751297446918,0.029672228456858275,1,0.9723842653541996,0.11501249799624985,2,0.974760707693435,0.08496199918898685,0,0.6052775902781716,0.4367836512500243,0,0.9726937054014302,0.06995036451502788,4,0.9992308694647358,0.0035433948437770964
100008.0,1,0.9891593609401184,0.0863159124407867,1,0.9308327437279812,0.24991395827862914,0,0.9633884840368329,0.114561412800513,4,0.9504736131468495,0.13833864576686772,1,0.9982449161249922,0.007937582529926806,1,0.9854472983313537,0.03909781348830697
100013.0,1,0.9987610125927243,0.013750807194163344,1,0.9987715415027907,0.008655882821030698,0,0.9999849419754011,0.0001422662818188856,3,0.9999763795645797,0.00017772360688854473,5,0.9999885403020963,7.988925703785185e-05,1,0.9999865511682648,8.85681786934897e-05
100015.0,1,0.9999968301678703,6.247693125418113e-05,2,0.9847724964558646,0.0717628008830201,1,0.9980466704980995,0.010199251515441607,2,0.797355135256251,0.3144996016540285,2,0.5686341747253277,0.39071529456809306,4,0.9947705035522965,0.01694574248317423
100025.0,0,1.0,5.143063467521784e-14,0,1.0,6.489823532331762e-14,3,1.0,7.698578068763589e-14,0,1.0,8.85998748858114e-14,0,1.0,9.948042700981048e-14,3,1.0,1.0980566189863425e-13
100026.0,0,0.9999999999979643,8.19484081010572e-11,0,0.9987518141257119,0.008731795017403067,2,0.9042886488801114,0.2276281128150858,0,0.9999989927507072,9.268698249252251e-06,0,0.9999977643832786,1.7484480164467137e-05,0,0.9999980095634683,1.4450420539863782e-05
100029.0,1,0.9999982707995259,3.559413445958742e-05,2,0.9941011086123679,0.03291531388644511,1,0.9376745629423636,0.16831670260972534,1,0.9999170511797423,0.0005361176521874182,2,0.9981868032155086,0.007606566100211616,2,0.999249263675884,0.003161725550055735
100032.0,1,0.9999988080994517,2.5174130150245246e-05,2,0.9965710566973914,0.020832104701606246,1,0.9727894625432795,0.09010310744240425,1,0.9999540276052177,0.00031687878100995076,2,0.9998849052848211,0.0006839001456353492,2,0.9991099854128648,0.0036700091644745673
100039.0,1,0.994708159367769,0.04763125269291776,1,0.9976530879921595,0.015496276972388697,2,0.9961018091520354,0.018857702227136827,2,0.9970375330915859,0.012556706282398439,4,0.9906774207493816,0.02950747637696135,6,0.9999042023709406,0.0005073546473617352
100044.0,1,0.9999740398766603,0.0004329115243758748,2,0.7893142646600977,0.46873769957215405,1,0.9862937131607383,0.05224108001939407,2,0.9817527999811332,0.06244791839650228,5,0.5815610236367126,0.5370939482048083,6,0.994426664390825,0.017806600561588833
100047.0,1,0.9980807219296851,0.020088181931544772,2,0.9999664003160673,0.0003585701264617715,1,0.9955993510707825,0.020497903570474305,2,0.9855054902433478,0.054286282436262205,4,0.9822534182840847,0.050779324549764124,4,0.9985369408368684,0.006033553011913031
100061.0,1,0.9948938561709177,0.04622365071120293,1,0.9969911309602266,0.018723640033083848,0,0.9999757759745214,0.00021037809940998155,3,0.9999982393485293,1.6401653545159462e-05,5,0.9999900857013581,6.942194170407489e-05,1,0.999946532914083,0.00030621568908612777
100068.0,1,0.9999940304161695,0.00011220805221216629,2,0.8488618518625684,0.3865843264917039,0,0.912434863235999,0.21506715503065943,3,0.8205351367690429,0.29242028007288307,5,0.6508931142453882,0.38555859317493374,2,0.9101561414121337,0.15532221967168383
100095.0,1,0.9999865597156344,0.00023689525553247212,1,0.9979808578435345,0.013250218186888266,0,0.9997801441505635,0.0015220059316398056,3,0.8323542016045592,0.2809268068397955,5,0.9781189075225692,0.05875545048047934,1,0.9435833807083289,0.11151354235118754
100099.0,0,1.0,5.143063467521784e-14,0,0.9999994368152962,7.889243594493538e-06,2,0.9830135436632704,0.062084166213561796,0,0.9999999999995808,7.703225970739157e-12,0,0.9999999999965787,5.2423171041219567e-11,0,1.0,1.0991977025303735e-13
100102.0,1,0.9957015427633745,0.03998233742518876,1,0.9999550466597896,0.0004515187023593591,2,0.9982407453406085,0.009671497112838316,3,0.9921564716502583,0.028588054706298563,5,0.9973197692972535,0.010373025269316782,4,0.9985361575694375,0.0059078828235675
100110.0,1,0.9998700194652145,0.0018654829835196356,2,0.9998037811121949,0.0017444430195297422,1,0.9994571773181872,0.0033620121615836997,1,0.8831328301488407,0.22412747020493592,2,0.9946251838169987,0.018694858014544322,6,0.9996962732043572,0.001523764196434944
100111.0,1,0.9999752962746266,0.00041372784120732734,2,0.9879717606935798,0.0596546715899343,1,0.7874779806492506,0.3735311213842123,2,0.9999878508941014,9.663184649059618e-05,4,0.9998671244815136,0.0007492013152524757,4,0.7059765801341541,0.3112891298488228
100112.0,1,0.9999741292120025,0.00043155042976008,2,0.9996630312270749,0.002770875770609397,1,0.9996688842615347,0.002166051532273504,1,0.9999223363740329,0.000505329673685341,2,0.999510485822135,0.002355838056283188,2,0.9995989631949261,0.0018239137534754677
100115.0,0,1.0,8.453100113244261e-14,0,0.9999999999902229,2.3457921868581786e-10,2,0.9999999997857998,3.686391048358623e-09,4,0.9999999995054445,6.8917232597905156e-09,3,0.9999999996636078,4.2830199016893865e-09,0,0.9999999999997584,3.813011097582487e-12
100119.0,1,0.9407350799659577,0.32451998886660555,1,0.9999082003422449,0.0008603181257761435,0,0.9793716240177301,0.07258735265095077,3,0.9999540812958008,0.0003135154859584777,5,0.999770111192875,0.0012032043883136547,1,0.989521376432697,0.0299036841126451
100165.0,1,0.9977860919891726,0.022715329081234133,2,0.9988899641894359,0.007909536534458183,2,0.9819507793811215,0.06542462471189392,4,0.8276150438162795,0.28560401648462386,4,0.9999996450896792,3.31102414288557e-06,4,0.9999482175216594,0.00030514763861743473
100171.0,0,1.0,5.143063467521784e-14,0,1.0,8.471640544612542e-14,3,1.0,7.698578068763589e-14,0,1.0,8.85998748858114e-14,0,1.0,9.948042700981048e-14,0,1.0,1.0991977025303735e-13
100175.0,1,0.9999724559195228,0.0004569720873613622,2,0.9999990226057436,1.3751832084891999e-05,1,0.9999983051059661,1.7738400382973292e-05,2,0.9998150495177144,0.0011120116025368657,4,0.9963256135122769,0.013544952641759696,4,0.9999887261239128,7.182772428788762e-05
100181.0,1,0.9977630459097256,0.022918330281499606,1,0.9999918210765296,9.465329188052874e-05,0,0.9958414507642542,0.02139567497084345,3,0.9999878978430519,9.291542037187736e-05,5,0.9999996255378276,3.3092333739184152e-06,1,0.999558431945536,0.002035077565095032
100190.0,1,0.7910920248943535,0.7393901826049545,1,0.9997799233278514,0.0018874211839164908,0,0.996197424777051,0.019693016991167756,3,0.9997374396361379,0.0015430791394172995,1,0.9976998136913611,0.010003720250691808,1,0.9998904540214519,0.0005734024670202321
100192.0,1,0.9972603744644205,0.027266185013757504,1,0.9999632347780574,0.00037544547704076265,2,0.9998975250158237,0.000756639349713937,3,0.9670318268809521,0.09012134627514144,5,0.999992187515147,5.803484663354102e-05,4,0.9998622781465213,0.0007377558386648918
100200.0,1,0.9966248333280944,0.03257401425246182,1,0.9999678058590834,0.0003324399746802878,0,0.9999103421610651,0.0006946853398255489,3,0.9999984377523727,1.4445165041015335e-05,5,0.9999975932681807,1.892266631943527e-05,1,0.9999831660121327,0.00010397661801121567
100202.0,1,0.9999312887557722,0.0010493402391890843,1,0.9881425889463397,0.05933204582894441,0,0.9999349861303467,0.0005293907540607104,1,0.9412164649319277,0.13893549465000385,5,0.941176795772071,0.13014192651730033,1,0.8075822700371494,0.2516645651372835
100221.0,1,0.9999988887968235,2.358210954528796e-05,2,0.9999523564076819,0.0004768159237314942,1,0.9999051069426058,0.0007029363224935055,1,0.9953968872058616,0.018243792247789808,2,0.9996576603416584,0.0017157428102402648,4,0.8482269691601416,0.22505856487412929
100248.0,1,0.9999917910901523,0.00015052733025866475,2,0.9991449668491557,0.006295398673372548,1,0.9971169243379757,0.014241615176290837,2,0.990716837774491,0.032733984355948265,2,0.7972096334573582,0.2814418545018468,6,0.9578669788225173,0.08976161828347028
100265.0,1,0.9999855925315013,0.0002524982081403641,2,0.999922622377481,0.0007390071669164947,1,0.9992572107772411,0.004398473187211444,1,0.9999033063760658,0.0006482653508500391,2,0.9992664015982983,0.003370420064821362,2,0.9998575601520393,0.0007250963660025773
100286.0,1,0.9994533016491403,0.006713055546498033,1,0.9997235599593854,0.0024219973719594137,0,0.9997624052619831,0.001704659072708038,3,0.9988522869913923,0.005564670656006382,5,0.9999881862339961,8.273317415588896e-05,1,0.999309860059249,0.0030279187361344053
100295.0,1,0.9999353022357997,0.0009936653336174953,2,0.981978444946031,0.08247068289631024,1,0.842772373500606,0.31582618827585335,2,0.9998520235727606,0.0009335593244291433,4,0.9981724322183337,0.00762805374393744,4,0.8277538582275031,0.23610412810178932
100319.0,0,1.0,5.143063467521784e-14,0,1.0,6.489823532331762e-14,3,1.0,7.698578068763589e-14,0,0.999982169691875,0.00013221860141776065,0,0.9999999999684945,4.4281856730457657e-10,3,0.999999999813955,2.2378142815895808e-09
100324.0,0,0.9991478997243473,0.00991739858649709,1,0.9944048374708162,0.03148988109895282,0,0.999264099375946,0.004360347286359726,4,0.9864929789352671,0.044624094414307286,1,0.9999959856066917,3.1589027568288925e-05,1,0.9999678010742828,0.00019918391004091558
100326.0,1,0.9999657260884129,0.0005578147637777687,1,0.9999940428525934,7.298581779541019e-05,0,0.9995236024105953,0.002974381937751698,3,0.9999100621152014,0.0005804355261165436,5,0.9999819819879818,0.00012256820982520797,1,0.9999756480500294,0.0001538050374187115
100338.0,0,0.8096837159622956,0.7021326328957262,1,0.9293301269498828,0.23247445065363745,2,0.9239403847036627,0.1940706008671224,2,0.9067711966388319,0.19302710897189612,4,0.9732069583721257,0.0688927145101568,6,0.9696857207905594,0.07186077373638157
100348.0,1,0.9999688783420069,0.0005108431607194762,1,0.992491549572753,0.040299202291542116,0,0.999772493989605,0.0015639124973506648,1,0.8044690504707908,0.3072527780284776,5,0.889498672147068,0.20562605329694242,1,0.9916867790886655,0.02471887624178559
100377.0,0,0.9999142647704999,0.0012819462044629333,0,0.9947179541769583,0.03005174383721573,2,0.9999418377511655,0.0004512064294117235,0,0.7584132677229176,0.4066386892936181,3,0.9999963941238722,2.832697995049615e-05,0,0.9639567338073203,0.08125757124168115
100382.0,0,1.0,5.143063467521784e-14,0,1.0,6.489823532331762e-14,3,1.0,7.698578068763589e-14,0,1.0,8.85998748858114e-14,0,1.0,9.948042700981048e-14,3,0.9999999999999929,2.1547731422624104e-13
100389.0,0,0.9999999992092725,2.5049294889837293e-08,0,0.9999999976466896,4.469961555285923e-08,3,0.9999999893285648,1.5387073018716073e-07,0,0.9999999999999929,2.1117763435800346e-13,0,0.9999999999743281,3.639480250648392e-10,0,0.9999997063448167,2.441857869183326e-06
100407.0,0,0.9999999918236462,2.3146103809480873e-07,0,0.9999333615595353,0.0006439457565429804,3,0.9994623045770512,0.003307695308530624,0,0.9999994728883624,5.28927467966296e-06,0,0.9999992129737876,6.706517746528302e-06,0,0.9999554841771389,0.0002668878751140542
100447.0,1,0.9937532021316374,0.05472724006858665,1,0.9914321460577161,0.04852662040947066,2,0.9716265878361914,0.09721692849747465,2,0.9998390981318422,0.0009963603675393867,4,0.9989860424057249,0.004851152469386001,4,0.9889346458725519,0.031334625564182046
100451.0,1,0.9999963171579398,7.179126600342167e-05,2,0.9988778580537621,0.00796258826209723,1,0.8048271556657798,0.3561094398328677,1,0.9998567456567017,0.0008859441321912667,2,0.9998628008969584,0.0007700406443686642,2,0.999775215811173,0.0010868107499028502
100463.0,1,0.9999987463002399,2.6387961304205776e-05,2,0.9999990352407586,1.3084495999217952e-05,1,0.9996765597286557,0.0021082956096040856,1,0.999799278681551,0.0011864989123491745,2,0.9991423619603136,0.003858405816395123,6,0.9986639093698343,0.005676722769428022
100464.0,1,0.9999364469829672,0.0009777205264668012,2,0.9982558006498552,0.011699044529946849,1,0.9892722164086555,0.04279451024575453,2,0.9999999949994205,6.37883111467135e-08,4,0.9993444310583354,0.0030477202877943754,4,0.9813848278759181,0.04758727157695806
100483.0,0,0.9967900286724467,0.031212480180518584,1,0.9890528776323995,0.054896276859258186,0,0.9964410438911034,0.017041891984704873,3,0.9965935092026863,0.015584013839340485,1,0.9998126606132065,0.001002927087791767,1,0.994736873375392,0.01735213282609717
100500.0,1,0.9998659485271986,0.001917944617202078,1,0.9704533756320035,0.12129555338765508,0,0.9997138678652375,0.001998149530333934,1,0.8346534812836198,0.2787583749057056,5,0.9851626954200873,0.043090111376455735,1,0.9963039885851107,0.012738928223237692
100514.0,0,0.9735514572074921,0.1762561027546734,1,0.995034396694187,0.028487699344577497,2,0.9994938036304908,0.0031361596321077064,2,0.8869393566627065,0.27817796984400484,3,0.9718573018430126,0.08191601090852647,0,0.8766641807115026,0.2469736261823143
100521.0,1,0.9610388696263549,0.23750856656520158,1,0.9975747427853121,0.01683908176267347,2,0.996125523514782,0.02013584525258769,2,0.9995352684311253,0.002666001012541213,4,0.9995803817396689,0.0021610211779618917,4,0.9883125265979122,0.03451404178917746
100526.0,1,0.9999649475252739,0.0005693501235981241,1,0.9728167548089652,0.11381589184437978,0,0.9941356161125864,0.028967717717173908,3,0.779729752088126,0.3282764279678371,5,0.9862636669736247,0.0409925458555737,2,0.7461041604917831,0.2919771110281101
100532.0,0,0.9999999972802769,8.131041305780245e-08,0,0.9999905943039619,0.00010765309467135991,3,0.9999994575336167,6.064322563178148e-06,0,0.9998838244853724,0.0007261953881241411,0,0.9999997380294646,2.362004006247889e-06,3,0.9987375095275294,0.0049819521240856614
100557.0,1,0.9999129283259297,0.0012999861229989647,2,0.9579243452916573,0.15901361687477997,1,0.937242210388679,0.1693404780957964,2,0.9998768394301384,0.0008128450390850668,4,0.9567693470643052,0.11751851104695359,6,0.9944750520344166,0.017596764438238124
100568.0,0,1.0,5.143063467521784e-14,0,1.0,6.489823532331762e-14,3,1.0,7.698578068763589e-14,0,0.9999035512599934,0.0006140387571314475,0,0.9999999999118003,1.1888935723754063e-09,3,0.9999937954930077,4.1419169514802664e-05
100571.0,1,0.9998295451081247,0.002379702754355021,2,0.9936547377153399,0.03507674713438509,1,0.994546154588343,0.02464680954490461,2,0.99987879307247,0.0007931045196130619,4,0.9983833254267284,0.00710795828738236,6,0.9992078726149484,0.0033258862386438127
100623.0,1,0.9999767243031344,0.00039181131200282364,1,0.980066408196883,0.08904060777607846,0,0.9984825590241447,0.00829173059972731,3,0.9971888875940065,0.012006868439787833,1,0.9346767476895187,0.14452440484626145,1,0.9990365642697272,0.0039334531248296665
100627.0,1,0.9999641124201224,0.0005816955015698468,2,0.991301665353141,0.04549242288859331,1,0.9942048089838451,0.026915045513637742,1,0.9979404889650656,0.00920200616073882,2,0.9972981813552627,0.010634111077364068,2,0.9997569346589735,0.0011872033599323083
100641.0,0,0.9999999980374881,5.959631637694383e-08,0,0.9999813311892007,0.00020202477540645755,3,0.9999998149961187,2.2172171093691525e-06,0,0.999980867070236,0.00014103980053035403,0,0.9999982946164796,1.3593260250568077e-05,0,0.9999999817135434,1.8150178524706865e-07
100644.0,1,0.9993381576761204,0.007944386175394483,1,0.9998394956958853,0.0015184410839177015,0,0.9998385214523265,0.0011907174925399062,3,0.9999705135633533,0.0002255117431128108,5,0.9999467227528869,0.00033262693654986753,1,0.9999592100495719,0.00025703450683428516
100647.0,0,0.9999999974523277,7.640686893369834e-08,0,0.9999998695228612,2.0017342716071004e-06,2,0.9999999863318793,1.8839958226505478e-07,2,0.9999419644349603,0.0003878755770504926,4,0.9999999842032069,1.671888825332185e-07,0,0.9999999569772493,4.0133880124651354e-07
100670.0,0,0.9999999951589018,1.407051579756501e-07,0,0.9992582014387573,0.005540849060445569,2,0.9999924158008088,6.996902051522779e-05,0,0.9729063993957442,0.07734988139548604,4,0.9999982805648319,1.3701768615233126e-05,0,0.9999989480936468,7.989139612535594e-06
100677.0,1,0.99998845902047,0.0002059552601189679,2,0.999937822537841,0.0006077918141062757,1,0.7335848264339129,0.41813764115576235,1,0.9920330999169267,0.028851903084237056,2,0.9729764193960211,0.06933890320982515,2,0.9999974488531008,1.8237827195122622e-05
100689.0,1,0.9912471481345874,0.07240703768612447,1,0.9999810773534571,0.00020456993174568306,3,0.9620712656746883,0.11638522496738336,3,0.999942746348681,0.0003971930004795477,5,0.9999774616429085,0.00015431890157416558,3,0.9990068486862808,0.00414439417408097
100698.0,1,0.9999941126631565,0.0001107799225868782,2,0.9997164235613494,0.002367063726322706,1,0.9998887233255829,0.0008115558739672738,1,0.9999787457073358,0.0001557289146877384,2,0.9999183186613446,0.0004750380079538534,2,0.9999991842280723,6.5189863123196415e-06
100705.0,1,0.999464146638041,0.006595381003546804,1,0.9967928922830472,0.02032140622738353,0,0.999751768446768,0.0017866883715789727,3,0.9986739426660746,0.007023071975286452,5,0.5255960198900879,0.3897557941930722,1,0.9997604250994704,0.001256556475154591
100713.0,1,0.9999951956378847,9.181095286676453e-05,2,0.9967871091018523,0.019722311988362065,1,0.9727714023374104,0.09034272349223159,1,0.9989353958727621,0.005214631712638611,2,0.997475466446936,0.009905306308271841,2,0.9998195529316193,0.0008963833068468243
100714.0,1,0.9999932966098055,0.00012487992182931302,2,0.6779707074644062,0.5720060147529186,0,0.7481662931140605,0.4071049823028745,1,0.871131612928012,0.23873568791889854,2,0.8561074744305053,0.27575650425939663,2,0.9104621549371787,0.15492474263423567
100715.0,1,0.9997551397016592,0.0032904992672106513,1,0.9947489955045895,0.03008763663474851,0,0.9974731941677096,0.012844048842380837,1,0.6019732165954167,0.4177780861454121,5,0.9309291106274947,0.1409882903064956,1,0.9943489142052827,0.017929253173720634
100720.0,1,0.9986049735359567,0.015243705371884752,1,0.9753008218093333,0.10681772961164232,2,0.9998768144195928,0.0009499038162432708,2,0.999830374126105,0.0010424670575470024,4,0.9885723531087302,0.034888891224632144,4,0.9995588747543884,0.001983621376819202
100727.0,1,0.9999835032908738,0.000285890367117507,2,0.7921840132303621,0.4652395124510175,1,0.9222154360328887,0.19947793990672824,2,0.8847438326616134,0.271317602814975,4,0.8102983651011805,0.33461057014415174,6,0.8305633654899373,0.2365847855926634
100780.0,1,0.9999622749711303,0.0006087607289183729,1,0.9024291066334393,0.291417348948739,0,0.8955472969518028,0.24588285335092194,3,0.9708177735465486,0.0869604147671306,5,0.9723744902405782,0.0716841867768352,1,0.9918203811726461,0.027409560746444746
100801.0,1,0.9992337270740145,0.009035887429026754,2,0.9320489080573732,0.2276731449563596,1,0.8988883424060045,0.24932683067527256,2,0.9986855589620205,0.00688579230605821,4,0.9919627808397218,0.030732821772932677,4,0.9283477928294581,0.14093737575762677
100860.0,0,0.9976876692578386,0.02357990551552336,1,0.9963609518671709,0.021908942661038863,3,0.7874468456620835,0.41319267950463096,3,0.9999876704829648,9.425467739296543e-05,5,0.9999998198443001,1.662534245843746e-06,3,0.9988185212930281,0.004705019690498335
100866.0,1,0.9996843311776229,0.004126349583282286,2,0.8859635106210132,0.32629250809427723,1,0.9759786711981284,0.08176815490514565,2,0.9999490495827572,0.00036396590076462663,4,0.9998811263495224,0.0007227884536455373,4,0.9947698035598763,0.017013348062738163
100874.0,1,0.9999524052348695,0.0007520685993593651,2,0.9997976482994466,0.001762544406501766,1,0.9986211436707803,0.007577534673344498,2,0.9823083277183838,0.05540038307224447,4,0.9746563683147411,0.06600046044354692,4,0.9820282504049169,0.04649956527159777
100881.0,0,0.9856988209940948,0.10811764963837166,1,0.9986547108865533,0.009319378476258227,2,0.9999192751754038,0.0006070210108630643,2,0.9999145066006427,0.0005530170990532485,4,0.999958760235232,0.0002561151783794203,6,0.9986562282793249,0.005331213410537942
100892.0,1,0.9999523647745457,0.0007526495349905437,2,0.9999296674413016,0.0006771739812849436,1,0.9995362586841732,0.0029081323260178996,2,0.8593057549722759,0.2523999981619551,2,0.9741615233534399,0.0669534265220576,6,0.9903264545933476,0.028090970907628285
100895.0,1,0.9997514506672206,0.003334710810251241,2,0.7749772846197106,0.4854694070535619,0,0.9950116344076024,0.022727837942793643,4,0.9929062173195792,0.02926485747711821,1,0.9953053019627114,0.017319032232131118,1,0.9803645673310746,0.049890517470439474
100896.0,1,0.9922400785565719,0.06554669955210195,1,0.999404828359925,0.00458672721837164,0,0.9988149728089519,0.007196133357346696,3,0.9996896452809897,0.0018293509568745047,5,0.9994390002023602,0.0027919044570009458,1,0.9998287197261627,0.0008555947889008867
100898.0,1,0.9992633502837178,0.008728486717817289,1,0.7716036235944972,0.490782706826517,0,0.9690388386081384,0.10048878998987025,3,0.9964892665622694,0.01461672463325807,5,0.9877024524511456,0.039279634717892385,1,0.9967547625972542,0.012059047324317632
100911.0,1,0.9995321961931585,0.005849496604369061,2,0.9806540018647495,0.08701232680389213,1,0.9730883194257273,0.0893921496769924,2,0.9999839272462324,0.0001253108401010192,4,0.9984347642522761,0.0066633733356533725,4,0.9847430880720526,0.04059717246795989
100928.0,1,0.9999521585432871,0.0007556098659731582,2,0.9999518635005965,0.0004868595360396417,1,0.9895526238174269,0.04187692191667914,1,0.9702401016757363,0.08320128580252167,2,0.9927642828264771,0.023928214754498932,6,0.9998075068492716,0.0009832823676753605
100929.0,1,0.9998755524818476,0.0017938836190755979,2,0.9956133453289082,0.026402078776210383,0,0.9132472628395216,0.21968372763016,1,0.9997046011984518,0.0016877979985112422,2,0.9999870691441917,9.040776026769121e-05,1,0.9973709394311004,0.010155523030531322
100934.0,1,0.9999728835175562,0.00045049007942136006,1,0.9999906770468585,0.00010913288039354951,0,0.9999997259948137,3.2857664712294214e-06,3,0.990640776102307,0.032953538196764345,5,0.9989560187975216,0.004696528398978732,1,0.9999689469120453,0.0001816022152973428
100935.0,1,0.9999985069432382,3.1049598715146566e-05,2,0.9999661780253849,0.0003497914129331328,1,0.9999824425349639,0.00015170060838944096,2,0.9972225105275477,0.011883410323148564,4,0.8353234592087772,0.2496708882970942,4,0.9591834909103771,0.08764118116368559
100952.0,1,0.9992972441337254,0.008374655064022797,2,0.998985347954239,0.007321596887410741,1,0.9999443308530447,0.00043675969593754815,2,0.9991445888344516,0.004655295525409113,4,0.993632556470885,0.022001858782486197,6,0.9996397375086764,0.0017498581713123612
100965.0,1,0.9999940477808067,0.00011190667106470128,2,0.999999394427372,8.654027375454392e-06,1,0.9999934262733093,6.190475654232055e-05,1,0.9999995344844113,4.70352092251004e-06,2,0.9999967634606621,2.5750230828632673e-05,2,0.9998622117083613,0.0007005965154816055
100966.0,1,0.9999960410453598,7.676073059254664e-05,2,0.9976906267943033,0.014869115035143134,1,0.9995425055043488,0.003069216236066268,1,0.9998175124258671,0.00116659648545479,2,0.9961023132148645,0.014244366419650583,2,0.9999408205856203,0.000355853665953144
100973.0,1,0.9982955711983243,0.018131646787543792,1,0.9510167308006886,0.18053178547655485,2,0.9824146082110323,0.06870596437151671,2,0.9987345340413253,0.006397093925941543,4,0.9991887562084747,0.003981367421349516,4,0.9981134513822996,0.007405353377523516
100986.0,1,0.9892956446833278,0.08542722150457233,1,0.972439834920722,0.12859739544976242,0,0.9988218847641013,0.00745939021500162,3,0.9381038035906436,0.17787105471593426,1,0.9944386446466853,0.02163773532683328,1,0.9909896160598112,0.030036227613746865
101011.0,1,0.9992846793813257,0.008506092985355946,1,0.9200143449376501,0.25468681009620425,2,0.9225892210452351,0.1990096373264448,2,0.9928006539404772,0.027404325310623683,4,0.9702298540148602,0.07991187932087661,6,0.9961709825707674,0.014222245201216692
101014.0,1,0.9999059303217125,0.001393975091603169,2,0.9967199943441261,0.020182670417719185,1,0.9998345799013411,0.0012766861792946798,1,0.9997199881706598,0.0016988104734539722,2,0.9998264274698258,0.0009928912681033987,2,0.9999509225917588,0.0002917961929022623
101023.0,1,0.9999991757375661,1.784782647591607e-05,2,0.972746732655437,0.11383662402645972,1,0.9998362049177749,0.0011607104116682764,1,0.9075853936525362,0.20419505427149673,2,0.9930649160241012,0.025409891511448405,6,0.9302601241136864,0.14430517135794738
101024.0,1,0.9017256502987792,0.4635014209114453,1,0.9982747080393815,0.011812766705830553,2,0.9996129936044353,0.0025520119483331237,2,0.9812653006264267,0.06774300488881331,4,0.9266201446239316,0.16068023331494874,4,0.9868432933905523,0.036509761805630335
101028.0,1,0.9990350952657454,0.011057156609767018,2,0.7040442641385187,0.553700664200702,0,0.9994774454861887,0.0032425083094106593,4,0.8571822723296639,0.2739201959912063,1,0.9976273991958754,0.009401255323893508,2,0.9933711866475223,0.020488234879826053
101034.0,1,0.9993842264077455,0.007455517650902328,1,0.9659445900845961,0.13729909089390452,0,0.9994485454642837,0.003675226543642232,1,0.973731184149902,0.07605559480950805,2,0.9964031587475369,0.013329619963312759,1,0.9988463858830027,0.004667173224796935
101037.0,1,0.9899810689710291,0.0809186103413721,1,0.9999826790899771,0.00018862009452677692,0,0.9997976989483325,0.0013882132338339684,3,0.9999991968198706,7.505357684119929e-06,5,0.99999640502423,2.735049866768212e-05,1,0.9999997442271437,2.1316591950070216e-06
101064.0,0,0.999999999983622,6.104061233607561e-10,0,0.99987711386184,0.0011190266091191119,2,0.9999991669247759,9.01293441789967e-06,0,0.99999559125712,3.6520259141186756e-05,3,0.9999999180119479,8.212871038217367e-07,0,0.9999773962649312,0.00013819677911843588
101069.0,1,0.9997122714493012,0.0037995969203604534,2,0.7206362123877084,0.5402100557922763,1,0.802528434594482,0.3591888623539255,2,0.9996212059224301,0.0022254814982683325,4,0.9921328811638465,0.02736128704078219,4,0.7863489089131517,0.2670091241825217
101070.0,1,0.9999186757413726,0.0012221890282260134,2,0.9949829079989879,0.02883934604884955,1,0.9964557368008258,0.018925912082806008,1,0.981946384130174,0.05635254157928846,2,0.9810685711237327,0.05243543717847134,2,0.9906506908763608,0.030380667415654167
101076.0,1,0.9998209226393525,0.002487329970148918,2,0.9917388202467282,0.04368588158271873,1,0.9988972409879744,0.006215477430855462,1,0.9991174033929074,0.004506377605180421,2,0.9993719342321048,0.0029451228270080923,2,0.9999624793109785,0.0002203763944533165
101079.0,1,0.9992338739290939,0.009034367642491256,2,0.9998031421639547,0.001732041025217236,1,0.9964931655004894,0.01761406514290013,1,0.9999992392804502,7.250292748319202e-06,2,0.9997786174751537,0.0012859623026319975,2,0.9999994908143659,4.164735508901738e-06
101096.0,1,0.9996107224319198,0.004970812703483717,1,0.9854990305622348,0.07079638511466482,0,0.9998677249219599,0.0010225678611383183,3,0.9947242395483209,0.020468357642147984,5,0.9976460565071972,0.010039900281162173,1,0.9997030271070139,0.0013979104769084353
101097.0,0,0.9999803805474904,0.0003351009665420067,1,0.998304441181521,0.011388321447526372,3,0.9949209058605673,0.02306513353454527,3,0.9999607475497415,0.0002718261996413454,5,0.9999800723429758,0.00013149786345065468,1,0.9999978189675697,1.5810517178720764e-05
101106.0,1,0.99955079071708,0.005643279479551446,1,0.999626948556102,0.0031687885910695905,0,0.9999697388023014,0.00026641450859336884,3,0.9944829704453801,0.02129251429804053,5,0.9987175573394016,0.005733315682034431,1,0.99987079445516,0.000688106397107787
101107.0,1,0.9999626670581618,0.0006029964270863315,2,0.8939843109413629,0.3079137360759938,0,0.9297235913719257,0.18362757162848353,1,0.9993773323156327,0.003306942938963924,2,0.9987805636636056,0.005663073514121046,2,0.9729927129019779,0.06381792096391423
101108.0,0,0.9992122509973038,0.009257707423854566,0,0.9985707405962427,0.010453957030697198,2,0.9985385895760477,0.008286879391080313,3,0.999955161163151,0.00030692439047554375,1,0.9999992209672094,6.550391577640902e-06,2,0.9999912886119247,6.0789484625183235e-05
101115.0,1,0.9999981228528757,3.8417168464915e-05,1,0.998559659070843,0.009889504613908577,0,0.998564935366054,0.007824565176542975,3,0.9962168140028349,0.015457909162477598,5,0.9815990075905826,0.05193088966624766,1,0.9996341306713711,0.0016760199968399096
101123.0,1,0.9991459814689648,0.00993695296582706,1,0.9977324919287983,0.01581807704280997,0,0.9998535802347635,0.0011434953817144743,4,0.996772428263484,0.014344035314735494,1,0.999945606380707,0.00036020463099732984,1,0.9988719435195929,0.0049346624314829555
101132.0,1,0.9992222090742785,0.009154959946073397,2,0.9999954169874743,5.833356387116405e-05,1,0.9954903751077865,0.02081959514754655,2,0.9758374172965115,0.07074229607645965,4,0.817678839926033,0.2651691048492869,6,0.9999990434872243,7.3481277677118436e-06
101138.0,1,0.9998588984492202,0.002008379052498781,1,0.999749945701089,0.002267449895499522,0,0.999934838837721,0.0005367674170321592,3,0.9998380161675203,0.0009934552992284453,5,0.9999575389739208,0.00027513106437793703,1,0.9999861142816872,9.296912110937123e-05
101160.0,1,0.9999394026160572,0.0009364135731889228,1,0.9920669664291154,0.04219619152770752,0,0.9999467738904219,0.0004432859061962613,3,0.9999587109806658,0.0002951491382097317,5,0.9626677907453258,0.08899529614178958,1,0.9999406129687229,0.00032777502839158676
101166.0,1,0.9999903832606368,0.00017414673325091642,2,0.9968084429736895,0.019636548381994363,1,0.9666715499812282,0.10550127630427052,1,0.9996744047662746,0.0018277721510004871,2,0.999459045295606,0.0026092438000825903,2,0.9998105392352414,0.0009345830926718565
101169.0,1,0.9959017353730218,0.03840281271443678,2,0.9959943734060563,0.02400770554343238,0,0.9802220830770181,0.07033057627316334,1,0.9632852264379083,0.09797174663452206,1,0.9375347632248021,0.1304555947988654,2,0.9997301888364942,0.0012787699238868831
101174.0,1,0.9991913117803789,0.009473168150544714,2,0.9128575069653927,0.2748585405971283,2,0.9922831084036704,0.033040303564146035,2,0.999999081631368,9.049449153169406e-06,4,0.9999996857639101,2.9926753225595663e-06,4,0.989419771452156,0.03021734606081297
101175.0,1,0.6809350103049525,0.903361769130303,1,0.9901749949165729,0.051375873832093855,2,0.9966504375009146,0.01640363667147566,0,0.9248194986530791,0.1871113797838706,0,0.9644972860240362,0.09199336233181775,3,0.9862968054238715,0.03730192332784903
101181.0,1,0.9997079300002709,0.003850616569336837,1,0.7081261969744197,0.5501935451315997,0,0.9395670749503386,0.16581379203319835,1,0.9162827702141578,0.17887342608772785,5,0.9108012614136151,0.1758910595178229,1,0.8251139875163438,0.23824132362552494
101182.0,0,1.0,5.143063467521784e-14,0,1.0,7.058472862401615e-14,3,0.9999999505332665,6.359360063938702e-07,4,0.9797523736427519,0.061512949227963354,3,0.9999998636135659,1.2793862400400901e-06,0,0.9999999938238524,6.316909429538294e-08
101186.0,1,0.9998266770524912,0.002415570671185357,2,0.9936334711364578,0.035346436279930525,1,0.8791742143002799,0.2660170292119295,2,0.999999531277037,4.601083679785972e-06,4,0.9986511165874855,0.005732585912002306,4,0.9997273024665172,0.0012946044657081246
101191.0,1,0.9995699982306299,0.005429096817203504,1,0.991924560033541,0.0429875441271157,0,0.9994234533852425,0.003718474843766702,3,0.9995499348913849,0.002517702037919482,5,0.9784062267917031,0.05815812779372307,1,0.9997539220505534,0.001234736295980537
101206.0,1,0.9999231223232745,0.0011615998098109266,1,0.852140790106406,0.3827637039789666,2,0.9989262714387708,0.006175531434523553,2,0.9987910624989501,0.00588309431131523,4,0.9992208245472959,0.0036716420916947192,4,0.9959546079625744,0.013929328716866498
101216.0,1,0.8823031518623633,0.5227040894016266,1,0.9997979283480108,0.0017651939560290586,0,0.7753389572648658,0.4157747502186277,3,0.9999977823102105,2.042156085033083e-05,5,0.9999758923725246,0.0001633496181663466,1,0.9999870073339423,8.191826708569729e-05
101226.0,0,0.9999997915325278,4.927414142208697e-06,1,0.9518701411186483,0.1756502004568149,3,0.9975433944994437,0.012699364397104592,3,0.9992338300237825,0.0038910860495114845,5,0.999935006452889,0.0003859941583604339,1,0.9997748480205246,0.0011053786532812917
101229.0,1,0.9998418553859457,0.0022249443106811565,1,0.9885006486297517,0.05804503775867014,0,0.9993508766055095,0.00429823998193558,1,0.5751200973904105,0.42390353950955323,5,0.9690422382802601,0.08058035040544986,1,0.6698292307349015,0.3264858204646122
101230.0,1,0.9959417711064497,0.03808525146641926,1,0.9873524633386856,0.0676853951641131,0,0.9999960334274907,4.096756385441896e-05,4,0.8322621602055651,0.2810538400987187,1,0.9999861523407736,9.459024197257198e-05,1,0.9998700016908544,0.0006646060779748753
101238.0,1,0.9999651763434496,0.0005659625178838985,2,0.9955500290049356,0.02618339842161098,1,0.9824105037939502,0.06386868685933124,2,0.6804023733738586,0.3893140052421606,2,0.9972332073718709,0.010638798746055396,6,0.9965767207440541,0.011775954153024147
101246.0,0,1.0,5.143063467521784e-14,0,1.0,6.489823532331762e-14,3,1.0,7.698578068763589e-14,0,0.9999999999999929,1.800750579023195e-13,0,1.0,9.948042700981048e-14,3,0.9999999996139977,4.498079106407004e-09
101252.0,1,0.9998988095872281,0.0014888410363140556,1,0.9999998793241789,1.9342877045680878e-06,0,0.9998997475263028,0.0007382513205488394,3,0.9999996935519143,3.0465698404891328e-06,5,0.9999998601269509,1.3101405847454066e-06,1,0.999993953491154,4.061829496495689e-05
101254.0,1,0.9999854165899178,0.00025532629831766707,2,0.9999601566703987,0.00042754293344802536,1,0.9998604663779423,0.0009984274423966834,1,0.988798480084954,0.0381894814546003,2,0.9942500178018375,0.019775086937859336,2,0.9409571720314545,0.11718711568801725
101256.0,0,0.9992361330427069,0.009010983205867776,1,0.9999980354883041,2.528527852226021e-05,0,0.9962555394539824,0.01778809184955038,3,0.9999999926861634,8.967583817181714e-08,5,0.9999998538432813,1.3653936315337192e-06,1,0.9999999994715196,6.0730115397180966e-09
101262.0,1,0.9980247672340994,0.02059186258658624,1,0.997698751863971,0.014816110052765076,2,0.9985943374156445,0.007676619129089956,3,0.9742210346497638,0.0844436113162348,5,0.9985952525291681,0.0063798734951208734,4,0.9999949339762074,3.572302153987994e-05
101307.0,0,0.9998426940206517,0.002214352293584431,0,0.9977735001339846,0.01440179429294847,3,0.9459752453971797,0.17765635998026394,0,0.9999999475043011,5.98289714904342e-07,0,0.9999999945574984,6.09244660378677e-08,3,0.9999957321196273,3.0160902675356326e-05
101308.0,1,0.9999955860416563,8.489007410523578e-05,2,0.9322366613827836,0.225574339215086,1,0.92292599905554,0.1958960044336902,1,0.9881321302813029,0.040025619632016646,2,0.9939082143401556,0.020863120351030363,2,0.9744933035501496,0.06102953415630368
101322.0,0,1.0,5.143063467521784e-14,0,1.0,6.489823532331762e-14,3,1.0,7.698578068763589e-14,0,1.0,8.85998748858114e-14,0,1.0,9.948042700981048e-14,5,1.0,1.0969155354423114e-13
101330.0,1,0.9999987757652844,2.580978459333289e-05,2,0.9928156774006889,0.038805713872200005,1,0.9884107492255095,0.04557760852235682,1,0.9989108439403896,0.005415416564265306,2,0.9987521980079276,0.0053842391322453,2,0.9958479488999958,0.013831856876816684
101355.0,0,0.9999999999937685,2.4095488147939407e-10,0,0.9999995738407235,6.077900678825881e-06,2,0.9975765097985422,0.012274545863292312,0,0.9957672232080201,0.016996924918875216,4,0.9999952397241968,3.521589881835014e-05,0,0.9971378875284246,0.01008223446017747
101356.0,1,0.9999897846900808,0.0001840961799029388,2,0.9995497905566995,0.0035868453173056756,1,0.8779168065598287,0.26795989021264444,1,0.9996439828812871,0.002031285605922024,2,0.9999954247029668,3.4030526718180754e-05,2,0.9992106116947171,0.003314833893173056
101359.0,1,0.9983159093552556,0.01794448100316636,1,0.9996229025700508,0.0030528316643266846,0,0.9999090909679847,0.0007132674065801645,3,0.9999577730104318,0.00029062378662383324,5,0.9869602808178967,0.03923307590924541,1,0.9993594452856573,0.002905447979514063
101366.0,1,0.9903105721216128,0.07872714134249001,2,0.9439600952990338,0.19817386989647187,0,0.999175938016779,0.004896454681023603,4,0.990816340871015,0.03421526880268945,1,0.9999637987957568,0.0002438975745972663,2,0.999086949359345,0.0037627345658345114
101370.0,1,0.9999976218616593,4.785867681735966e-05,2,0.9999987924034466,1.6710520097304153e-05,1,0.9998648941752782,0.0009658881255367048,1,0.9999999276856775,8.10050232797671e-07,2,0.9999999431054308,5.826666938837331e-07,2,0.9999881137822614,7.614793157611444e-05
101372.0,1,0.9999954107002587,8.800434881046834e-05,2,0.9721695911796936,0.11571223231285177,0,0.9516367048349269,0.13970229377690646,3,0.8198161049939944,0.29306646539237646,2,0.9098983492846867,0.16898094780003317,2,0.9986754188514628,0.0051910186818850375
101379.0,1,0.9999443049444862,0.0008674363478032353,2,0.9999507518659453,0.0005150835898867952,1,0.9986789602294296,0.007269917448578625,2,0.9999409833034847,0.0003949648744980428,4,0.9924923942199396,0.024672794365550067,4,0.9359107133575184,0.12238212214910742
101399.0,1,0.9999423684818869,0.0008947544413596709,2,0.9772804111734702,0.09879413489608856,1,0.9450397223515935,0.15358933848573386,1,0.9192595127629296,0.17563890483449524,2,0.9960772106006152,0.015124045983755743,6,0.8780329544855608,0.19162933412864352
101400.0,1,0.9994131412613154,0.007146161684158308,1,0.9196474229353631,0.25530004290477193,2,0.9738912060165777,0.0892584503677025,2,0.8972025141894925,0.2059801733062179,4,0.5896994093999237,0.377880737187603,4,0.9994490255049066,0.0026540824268091274
101411.0,1,0.9982352849487321,0.018684397701431342,1,0.992563655517771,0.041673671545394544,2,0.5820458782230044,0.5935169567106254,3,0.989057589057197,0.03783898359811831,5,0.9745298499958697,0.06829988856467191,1,0.9871329498374515,0.04226768049877832
101412.0,1,0.9999952177990025,9.14193537168285e-05,2,0.9999666985269778,0.00034495633364258377,1,0.9999504942875426,0.0003998783508539391,1,0.9999995199201714,4.700609457307501e-06,2,0.9999982835151654,1.4335297657904885e-05,2,0.9999976937224118,1.7517501303612853e-05
101416.0,1,0.99993790208733,0.0009574098412490086,2,0.9999784315366178,0.0002434473575971223,1,0.9066784309115049,0.22635165654703687,2,0.9999843145317213,0.00012427669501529238,4,0.999383764424457,0.0031002030403262204,6,0.99999859025523,1.0846550542811024e-05
101427.0,1,0.9999366479802728,0.0009749178457572447,2,0.9999980119929192,2.5935671304493884e-05,1,0.9999998318146196,2.046740248963138e-06,1,0.9999970530206683,2.517199481517217e-05,2,0.9999998684175802,1.2371377240311058e-06,2,0.9999969704082359,2.160403101641459e-05
101439.0,1,0.9997027710964576,0.003911121772237146,2,0.9940332953715096,0.033561396581614916,1,0.9994877874248024,0.0033453020947697976,1,0.6327645207952967,0.41036110290509314,2,0.985862326951994,0.04240161351310539,6,0.9879454645394006,0.034079552901764065
101446.0,1,0.9999464530983242,0.0008370180609216747,2,0.9715749945536846,0.11807523779406044,1,0.9953718771301958,0.023561733509932067,1,0.992321314380023,0.03112639504450395,2,0.9906978654524823,0.029945142464679022,2,0.9791361328568591,0.06017464537912646
101448.0,1,0.9999610728594923,0.0006263972906631714,2,0.8871663141016578,0.320807833186614,1,0.7570317862503488,0.3999788160261494,2,0.9501702220278059,0.12324592458041649,2,0.6441005574643479,0.36410019870057947,6,0.9873080666897606,0.035003438215832815
101449.0,1,0.9996695857221237,0.004297332750595705,1,0.9745627215133753,0.10926616562258483,0,0.9874083633707149,0.052499125505040475,1,0.9984705239959787,0.007154754948547974,2,0.9461969975996943,0.11856207535292668,2,0.9793101998991289,0.05185149245142901
101462.0,0,0.999998332505766,3.4411379179038e-05,1,0.9999999883118919,2.0495666474271724e-07,3,0.9981066999789426,0.009926770513744599,3,0.9999999999377138,9.482337255078102e-10,5,0.9999999999518536,6.6533748326822e-10,1,0.9999999919372087,8.136097855184183e-08
101464.0,1,0.9999996441114114,8.137309181365111e-06,2,0.9999999656137076,5.71794036897426e-07,1,0.99999997981654,2.7643401752376945e-07,1,0.999917798851802,0.0005343207418745023,2,0.9999940715889095,4.370952635532039e-05,2,0.9999998861198798,1.002501200107789e-06
101472.0,1,0.9998980510436728,0.0014989031919127513,1,0.9893779505329737,0.053715593047686125,0,0.9930026204353146,0.030276916021017408,1,0.9529882635115423,0.11797746154960198,2,0.7279851047423108,0.41930961435718944,2,0.6809152955548546,0.32183972601621624
101484.0,1,0.9785234313558733,0.14965267211659106,1,0.9994331759251939,0.0045860133149199555,2,0.9991570943800627,0.004974268765090848,2,0.5724845455585724,0.4270069025842987,4,0.8675106703829969,0.22749715854262728,4,0.9984823712000264,0.0061480405249554285
101516.0,1,0.9999974801274002,5.050054247377916e-05,2,0.9999964426925699,4.4824584810463297e-05,1,0.9999967986960966,3.1997238754862566e-05,1,0.9999779676657827,0.00016050618574436941,2,0.9999838161828186,0.00010879820788674284,2,0.9989681124421983,0.004182949041818715
101537.0,0,1.0,5.143063467521784e-14,0,0.9999997796806775,3.2745085192496175e-06,3,0.9966246685307476,0.016287683282604458,0,0.9999999999999964,1.0475355590217146e-13,0,0.999999999999801,3.454800396005586e-12,0,1.0,1.0991977025303735e-13
101547.0,0,0.7638006226062405,0.7886626433614715,1,0.9999954089651887,5.554397458326791e-05,0,0.9981571663373591,0.009698183694494876,3,0.9999987898429697,1.0997203659769113e-05,5,0.9999999826765597,1.8245509419758483e-07,1,0.9961648906140975,0.012932044601338002
101550.0,1,0.9775675776834358,0.15488829102874235,1,0.9969502299632838,0.02057785260211877,2,0.999964853068626,0.00029248558026337174,2,0.9999711750879307,0.0002152629007058987,4,0.9999964289255338,2.8108127035615235e-05,4,0.999924932334889,0.000405372837206602
101558.0,1,0.96653409293214,0.2114859480408357,2,0.9933004857433563,0.039763800587255246,2,0.9990942619991117,0.005248941642314835,2,0.999992038347273,6.739365732331326e-05,4,0.9999986670053647,1.132007433417425e-05,6,0.9996989662580099,0.0014098794114152983
101559.0,0,1.0,5.143063467521784e-14,0,0.9999999999999893,3.738854463994229e-13,2,0.9999999987299404,1.9682924001970312e-08,0,0.9999999999999787,5.081354419771807e-13,3,0.9999999999974172,3.9989291346380357e-11,3,0.9877220625220846,0.03403270215891063
101588.0,1,0.9999906508273658,0.00016968204364079182,2,0.9976306478208703,0.0151951801074306,1,0.9983891038318123,0.008645334089314997,1,0.9942144352221876,0.02296680190526672,2,0.9987808282907281,0.005645925396382834,2,0.9990265755302751,0.00396930466373478
101590.0,1,0.9697987440892022,0.19540014436365893,1,0.9998340759770687,0.001533230232446111,2,0.9998400613450663,0.00112582126296728,3,0.9985896105215666,0.006668426723155857,5,0.9999814703059213,0.0001289583188862573,6,0.9998069114499224,0.0009580161672450328
101599.0,1,0.9984709697261485,0.01650551304897103,1,0.9994898606250224,0.004178473499334032,2,0.9996795067355209,0.0022519309920893712,3,0.9582205467544321,0.10815520471915863,5,0.9942755849294079,0.01973708130058175,4,0.9780688495665616,0.06244501604070917
101606.0,1,0.999997573791761,4.8756009521468526e-05,2,0.9991058898068103,0.006527158932222858,1,0.999524892382932,0.0029651269094750333,1,0.9669005577294607,0.090339251732154,2,0.9994233641638607,0.002726044841527528,4,0.9510847610992167,0.1003892307552855
101609.0,1,0.9999749213784012,0.0004194614980524801,2,0.9999810610127436,0.00021570180116210497,1,0.9954441101856787,0.02101638600285864,2,0.999989418722395,8.22758679015531e-05,4,0.9980383131481028,0.007921493749529605,6,0.9999239372025277,0.0004135108513698196
101613.0,0,1.0,5.143063467521784e-14,0,1.0,6.489823532331762e-14,3,1.0,7.698578068763589e-14,0,1.0,9.199140929762455e-14,0,1.0,9.948042700981048e-14,0,0.999999979408486,1.9786537600113867e-07
101626.0,1,0.9999907193845622,0.00016853631451479382,2,0.9980184864240196,0.013060733834805145,1,0.8345415451136081,0.32819918783393887,1,0.9985353901113132,0.00749625649687119,2,0.9819084626904884,0.05207985201424422,2,0.9995111199243083,0.0022271582299376587
101647.0,1,0.9779807147609832,0.15263288843726075,2,0.6675040859088351,0.5901064571089495,0,0.9999772090445485,0.00019566189743508682,4,0.9997706509382795,0.0013390778419681408,1,0.9999998498032816,1.4085932329938394e-06,2,0.9997313596778039,0.0012773798552832344
101659.0,1,0.999999222771674,1.6895274837363456e-05,2,0.9988018821718885,0.008432104583538175,1,0.9903162067051433,0.03934633837736819,1,0.9997874621647057,0.0012672641919638983,2,0.9997937436288996,0.0011216910879910142,2,0.9997049096990149,0.0013912187158747504
101662.0,1,0.9926585174360302,0.0626015495306443,2,0.9972878393865647,0.017738294000562524,2,0.6410689966044817,0.4713042044129654,2,0.9999973891134366,2.251671230457469e-05,4,0.9999961303237849,2.9394490065463308e-05,6,0.9974364911846052,0.009250936688786807
101664.0,1,0.9957018717762607,0.03997975276377707,1,0.9925707253108019,0.039954080289608215,0,0.9915618255610631,0.037715973853614054,3,0.999965237526273,0.00026416230198681026,5,0.9999658976045349,0.00022268168482936145,1,0.9788030328889421,0.056448618935276064
101668.0,1,0.979407586123737,0.1447539813498238,1,0.9972053424027977,0.01870540678834427,2,0.9974775740252982,0.012709478628876062,2,0.9992766953507952,0.004009412882355806,4,0.9992366848319996,0.0037196008449904318,6,0.9701482381980261,0.07606095675047667
101677.0,1,0.9998010640812333,0.0027329737192903726,2,0.9954384645620235,0.026732439631861414,1,0.9985477376164251,0.008182167253681033,2,0.9786472722171214,0.065208926991653,2,0.9660701861177278,0.08304284189007548,6,0.9991143150882321,0.003675633128435573
101681.0,1,0.9999865391752678,0.0002372276388867455,1,0.7204410246707695,0.5394823184264828,0,0.9550423719562334,0.13266180591101726,1,0.9266144054426672,0.16299486421246331,2,0.6686134737727181,0.4047992319696366,2,0.9425012716350433,0.11308514372777091
101693.0,0,0.9995223603258273,0.005958144234580133,1,0.9971230070673848,0.017937323322851733,3,0.8191945546692586,0.3705773805571194,3,0.9396730803151523,0.14162338649759199,0,0.9957134392796606,0.016526297920349542,1,0.8484424847612627,0.21991430707812037
101711.0,1,0.9998409250738698,0.0022366867133853142,1,0.9998508202218549,0.001420465939716177,2,0.9998164755092027,0.0013571371369993264,3,0.958390244677252,0.10819774265122016,5,0.9947876253204126,0.018370338595543143,4,0.996172572166198,0.013365470225085654
101716.0,0,0.9938259414256961,0.05419463480409718,1,0.9063174287942442,0.2830626934189708,0,0.7851342622804406,0.41412893703155246,0,0.9507424989827956,0.12215322967749402,0,0.974057957437453,0.067228141526642,3,0.9896141978836518,0.033043242073083616
101718.0,1,0.9960848275698397,0.03694582056648815,1,0.9997758380274687,0.0019187405991843804,0,0.9998933475657147,0.0007940313579323417,3,0.9999958110277504,3.581406411156619e-05,5,0.9999898989739707,7.04876517906114e-05,1,0.999996201136547,2.692735439603379e-05
101725.0,1,0.9996284385559389,0.004769562803127657,2,0.9999960660378984,5.051689863081355e-05,0,0.9464331855600226,0.15068629008500167,1,0.9998561318680839,0.0008809853446686969,2,0.9997020073142612,0.0015166894836810925,2,0.9999998404146403,1.3662103136329883e-06
101731.0,1,0.9976502185843247,0.02390727867405755,1,0.9702413035917147,0.12201184327898765,2,0.9998744968195455,0.000924385624353295,2,0.9986462065235824,0.006396366300372554,4,0.9974763851215812,0.009832182307375424,6,0.9996473218749935,0.0016858413510877916
101733.0,0,0.9984221140929239,0.016961244136983418,2,0.9999999518573557,7.82171076957723e-07,1,0.9999999971003035,4.3220602597440885e-08,1,0.9989554321137832,0.005103704111357979,2,0.9999997823228194,1.9851439124361494e-06,6,0.999999958240914,3.912635692646683e-07
101740.0,1,0.9986877817112371,0.01445477285646403,2,0.9104753946685328,0.2791532006302861,0,0.9996691273129172,0.0023181714354053944,1,0.9831360562802022,0.05957014287993389,1,0.9995050648936065,0.0024719888847726606,2,0.9707091768500108,0.08248388569006043
101742.0,0,0.9998659294854122,0.001918189582739376,0,0.9670759206784878,0.13176992363580892,2,0.9780933726044714,0.07600794499232734,0,0.9999946022690213,4.590684272670006e-05,3,0.9999954918531851,3.3492166377659375e-05,3,0.9997058698340262,0.0014261372610144285
101758.0,1,0.9605586052544132,0.2397251169074178,1,0.9997866816134358,0.0018771033767732747,2,0.9999757887355457,0.00020309480391762232,2,0.9985889027440489,0.00663166428669896,4,0.9914103484058314,0.027580593312744133,4,0.9989468702288751,0.004599407722892637
101763.0,1,0.9999594170700067,0.0006506025317445178,2,0.6149277587782302,0.606895854776543,0,0.9976555958970941,0.011966867750333949,3,0.961067357565862,0.11893059401473269,1,0.7150284244918236,0.3542170943884439,1,0.8689114496217303,0.19966305315344476
101768.0,1,0.9999834795785322,0.00028626707093976983,2,0.9999975420832259,3.2405041533582934e-05,1,0.9996737021546086,0.002136195782577718,2,0.9895991906946441,0.03593624020313831,4,0.9974584353758092,0.009906834110772405,6,0.9972906710286362,0.009740962111978984
101775.0,1,0.9999813116902615,0.00032050798698149907,2,0.9950963125367098,0.028226032915448833,1,0.9215414586905405,0.1984351667937081,2,0.9462586611852286,0.13055613230524635,4,0.9450474819941643,0.11901322391627704,6,0.8361620938706568,0.23075032553162614
101793.0,1,0.9995616950626288,0.005521834096500677,2,0.9943584715377588,0.03209231885847786,1,0.9014687238669349,0.23217085230911647,2,0.9607522510389334,0.10478117973218302,4,0.8430881712488947,0.2551677031101338,4,0.9899265965320067,0.0290063158218608
101799.0,1,0.9999964666907388,6.908764763398908e-05,2,0.9999999618612961,6.300283079556496e-07,1,0.9999999079671944,1.147449241160878e-06,1,0.9999492029659318,0.0003436443676380691,2,0.9999962248659697,2.841664128582019e-05,2,0.999800508468211,0.0009772228237639174
101802.0,1,0.9999930794374859,0.0001286073690116667,2,0.9999988334991645,1.563481754382831e-05,1,0.9931112209932005,0.029688117401243778,1,0.999997790303486,1.9614352383611903e-05,2,0.9999518116384379,0.00029424445126194034,2,0.9979639025364371,0.008225072884568342
101821.0,1,0.7051924775272309,0.8748507316563046,1,0.9702209286380842,0.1267941212931001,0,0.9998753602213385,0.0009508565622000357,4,0.9971127863219724,0.012854321298101073,1,0.9999956009161599,3.437552972386767e-05,1,0.9732750811220872,0.06792244279663436
101822.0,1,0.8138861807378722,0.6932707107527223,1,0.9992674099205929,0.005492647541066992,2,0.9977498633952525,0.011523878103882237,2,0.9158407978955703,0.18368507605814613,4,0.9922274706385255,0.028339954427232826,4,0.9347854433897487,0.13996967244962036
101828.0,1,0.9999934650975718,0.00012198109778209919,1,0.8376460175110456,0.4038309917108003,0,0.8791217678461272,0.2662905911304998,1,0.9423793027925967,0.1369238991991409,2,0.9226299783270746,0.161926662764247,2,0.9705955100999876,0.06817775862607416
101830.0,1,0.9999565321553613,0.0006925451578687782,1,0.9997165922852027,0.0023784836131164892,0,0.9998409333334073,0.0011930123929636692,3,0.9819346757237978,0.056195032389488364,5,0.9917685553638689,0.02693475509674175,1,0.9993072694769028,0.0029588635262669666
101845.0,0,0.9999872280590113,0.0002260550347639685,0,0.9993163425641176,0.00515737588158597,2,0.9988687830044616,0.00635228062031782,4,0.9994021575937322,0.00312857610320431,0,0.9999999934740842,7.343164497431545e-08,0,0.998322700361227,0.006370342056387693
101848.0,1,0.9994677895305747,0.006555782694081271,2,0.9906773378527262,0.04901573882990905,1,0.9998164749416045,0.0013646775010048564,1,0.9935113320360822,0.024439815652487505,2,0.9978309482715974,0.008635443743003889,2,0.9999900298099222,6.637488853279444e-05
101851.0,0,0.9999999999997016,1.2821478665421742e-11,0,0.9954768911144285,0.02633423983442408,2,0.9995998351872979,0.002546953875768561,0,0.99990087474929,0.0006294711524932897,0,0.9996346633034173,0.0018176530851706377,0,0.9999999998367883,2.033093429065236e-09
101861.0,1,0.9999999635960968,9.521086434491663e-07,2,0.9994526943702883,0.004239690999628041,1,0.9352408403271845,0.17302717126431966,1,0.9998355922585098,0.0009922181309482364,2,0.9998403564771368,0.0008953085205417252,2,0.9977657172380329,0.008155298573365855
101865.0,1,0.9758810387660105,0.16398104804803473,2,0.9986755006325321,0.009985546241142292,1,0.9996096264480827,0.0025852880883707034,4,0.9999945517214663,4.490596800351243e-05,4,0.9999797663776797,0.00014148124350959963,0,0.999313408872196,0.0031297965012060374
101866.0,0,0.9944194834764893,0.04980079543987999,0,0.9999120040616221,0.0008795540178112384,2,0.9999913679193349,7.887154951552436e-05,2,0.9992772453511491,0.0036968470600015676,4,0.99982916174783,0.0009258677154108864,0,0.9999988389517388,8.876047230209624e-06
101880.0,1,0.9911530969772426,0.07304804861496911,1,0.9996436248222572,0.002903449008922587,2,0.9988647381701669,0.00638242763151734,3,0.9727038169855451,0.08251657937532494,5,0.996846769595499,0.012226496250297193,4,0.9996284366958148,0.0017478125691581066
101893.0,0,0.9999999983273042,5.118089327368469e-08,0,0.9991884077344321,0.005995717861446842,3,0.9999892211012119,9.670920675242222e-05,0,0.9999520386047754,0.0003261647857309201,0,0.9999999676195342,3.297359712341613e-07,0,0.9981995529914801,0.006938188693209595
101896.0,0,0.9773414308934315,0.15611810541956855,1,0.99822222534445,0.011863846852711657,0,0.9986421346715002,0.0075463062389555646,3,0.998739644987971,0.006010936050573918,1,0.9948518803111593,0.01972214739472197,1,0.997677012265096,0.008467685764083147
101903.0,1,0.9998994966841503,0.001479719547485931,1,0.9332361341284591,0.22352796618392712,0,0.9992536932782777,0.004422698143740669,1,0.9545284063474666,0.12657178929983787,1,0.9243103338203854,0.16899548734740127,1,0.979290596729502,0.0518013740104827
101912.0,1,0.9999787399293465,0.00036065953332802805,2,0.9950934780888481,0.028258980437828825,1,0.9065088376226429,0.22435190046136685,1,0.9981917335955452,0.008226047212376282,2,0.9993808363709292,0.003102462232203671,2,0.9791625235418675,0.0521750387262686
101920.0,1,0.9992754179392185,0.008602771177971282,1,0.9461536322190021,0.19197761643040584,2,0.9906511610094345,0.04230714090750494,2,0.8957610373220461,0.20873727369390258,5,0.8455508796378765,0.2404073581375361,4,0.9649770121826685,0.0932724572552785
101922.0,1,0.9999395717437455,0.0009340437030914836,2,0.9903250929722246,0.05107696064560559,1,0.6004739792003123,0.4854542492416503,2,0.9905967574559006,0.033371434307633695,4,0.9520975131251882,0.10788898844868344,4,0.9908907310428663,0.026723425801103953
101950.0,1,0.9917063094091546,0.06925618011455248,1,0.9997203934271649,0.0025044430287009425,2,0.9906147862291315,0.043368033076744486,2,0.8703671437615664,0.24329705834885895,4,0.8887514529240603,0.19789954236173582,4,0.9797603854176992,0.06427344421840751
101957.0,1,0.9999999547176773,1.1700576948040133e-06,2,0.9995444304586919,0.0036053835207025967,1,0.797397807690591,0.3635511340291663,1,0.9999037556209425,0.0006128659871660235,2,0.9998341438107435,0.0008983480602705073,2,0.9987397710883797,0.004971095303889626
102008.0,1,0.9999992116251039,1.712138148207875e-05,2,0.9999996870407833,4.672502390544134e-06,1,0.9999968016553519,3.17235378518635e-05,1,0.9999758306596367,0.00017509712772999196,2,0.9999808123139026,0.00012719049381697533,2,0.9992526273373921,0.0031491586354719736
102015.0,1,0.9998091375955448,0.002633469218030727,2,0.9800078587656171,0.08958755905127631,0,0.9873511960660829,0.04910592053356233,1,0.9868418931851709,0.0436031634341299,1,0.975895470511694,0.06580433857916765,2,0.9704338505984307,0.0687812944092918
102024.0,0,0.9999999999068514,3.2382159146377583e-09,0,0.9998387153241002,0.0014287699529938562,2,0.9999966987931819,3.243644953089707e-05,0,0.999997056753316,2.514901035835268e-05,3,0.9999985931008217,1.1365315438657693e-05,0,0.9913783463877681,0.025472514219644554
102030.0,1,0.9006278508392456,0.46700218814492456,1,0.99999185602679,9.428594535498152e-05,2,0.999620548753563,0.0024803913542117786,3,0.9998773944977452,0.0007627734502600954,5,0.9997464660140033,0.0013137712361353695,1,0.994450246917287,0.017661307510776013
102035.0,1,0.9997729127366694,0.0030763504313641396,1,0.6913132498212796,0.5633451113200638,1,0.9789638486996798,0.07483968482741621,1,0.9743560541905828,0.07464074046972002,5,0.9454316374493104,0.11860029660356741,2,0.9971363442064466,0.010102658778162972
102037.0,1,0.9999992332264425,1.6682991774077764e-05,2,0.9999056944241197,0.0008819044894539907,1,0.9997051986139593,0.0019413664520435258,1,0.9999699277170976,0.00021474169042688175,2,0.9989281385612238,0.004709105147546094,2,0.9999165017733379,0.0004475557585478016
102064.0,1,0.9998356041324834,0.0023036981630676,1,0.7557628823501326,0.5067762713387116,0,0.9982454470463827,0.010188332001701508,3,0.9919441574509226,0.030637170492905055,1,0.901049039251644,0.18990334583431315,1,0.9998806413274087,0.0006691714171537562
102072.0,0,0.9999989379945856,2.2607410195995818e-05,0,0.8984764516991055,0.2989386854500972,3,0.9906977127293213,0.038430233545484374,0,0.8559454925867718,0.3071348456258408,1,0.9993757697662379,0.0029190645723593577,1,0.9851380456482643,0.04483616590386316
102073.0,1,0.9988392198786711,0.012992086015115303,1,0.9996737379233723,0.0028773224249826015,2,0.999966948242213,0.00027015055760069726,2,0.9994351426184569,0.003028065505586024,5,0.9918392263867304,0.026529235702367,4,0.9996379811356008,0.00166249584550249
102074.0,1,0.999997563605772,4.8945976635342774e-05,1,0.9996972404909878,0.0025772732031852466,0,0.999999254314937,8.171611223227913e-06,1,0.9999884626783302,8.867426201529535e-05,1,0.9999756292933588,0.00016411872420497338,1,0.999999732208963,2.220189367322834e-06
102081.0,0,0.999862392232427,0.0019636279245385307,1,0.967190206354209,0.13141811687481886,0,0.9996276366548787,0.0024355592152678364,3,0.9998981003619963,0.0006797985037264374,1,0.9999950373260771,3.69332874997587e-05,1,0.998789527153297,0.0047999446633497315
102093.0,1,0.9992569449389308,0.008795098534979635,1,0.9992478897202522,0.0057848388223105405,0,0.9956349514447506,0.021325283699510148,3,0.9997088978382418,0.0017442618819465774,5,0.9989365847699826,0.004809420526073997,1,0.99703248572833,0.012017149923771966
102099.0,0,1.0,5.143063467521784e-14,0,1.0,6.489823532331762e-14,3,1.0,7.698578068763589e-14,0,0.9999999999976055,4.1388070936257064e-11,0,0.9999999999751381,3.527422309544233e-10,3,1.0,1.0980566189863425e-13
102103.0,1,0.9997706766039565,0.0031034010549174113,2,0.9999891698709521,0.00012938137396037376,1,0.9907227051136037,0.037997555287237104,1,0.6002818293065993,0.41809753915934256,2,0.983516333018876,0.04689195745228824,6,0.9970868315281451,0.010274848385624702
102111.0,1,0.9995556076398991,0.005589679446500461,2,0.9438726605196548,0.19767317932130726,1,0.9737589603143892,0.09067735442784114,2,0.9992662373333081,0.0037882753639205016,4,0.9923859683763854,0.026534392281322483,6,0.999892091938631,0.0005690136288292804
102121.0,1,0.9999056392385053,0.0013978679059678525,1,0.9782178804566412,0.09562135561722779,0,0.9994871713977515,0.003503530891998271,3,0.9997815390119311,0.0013914300528293185,5,0.8943428380249224,0.18836590708713374,1,0.9994738720628659,0.0025839971630888647
102130.0,1,0.9998325912071253,0.002341531944927018,2,0.9995989958355049,0.003232978609178844,1,0.9955181010992571,0.020724239054025456,2,0.9776514539052346,0.06655239699573948,2,0.9730425721685158,0.06923244655937225,4,0.9998673595536803,0.0007217123784107856
102135.0,1,0.9999906627977283,0.00016948204711437665,2,0.9999999875696269,2.2390871119788443e-07,1,0.9999999875566382,1.7489767210518546e-07,2,0.999974203150086,0.0001853734432439296,4,0.9999987472828447,1.0200808516886717e-05,4,0.9999993478599117,5.200196165085891e-06
102139.0,0,0.9997746675966727,0.003055099554101828,1,0.9705065509162192,0.12104080350345996,2,0.9419569682201243,0.159827129544527,0,0.9272489853228992,0.1932690139410147,0,0.9638413590992067,0.0868608770296543,4,0.888517437044887,0.18316666375713658
102191.0,1,0.9998954022753309,0.00153397589125267,1,0.9992596956379028,0.005571023895180478,2,0.9999428359241516,0.0004647225694523326,3,0.8497442789822565,0.2629964907302534,5,0.997944512299786,0.008256931112417857,4,0.9999928181979315,5.1435035509644295e-05
102204.0,0,1.0,5.143063467521784e-14,0,0.999999993869956,1.1109429501830496e-07,3,0.9999963784056117,3.534248059535666e-05,0,0.9999999947890856,6.6655314010065e-08,0,0.9999999965008044,3.997819018754782e-08,5,1.0,1.0969155354423114e-13
102217.0,1,0.9999365267569637,0.0009766082780079486,2,0.9976812653835686,0.014976525785024205,1,0.9988602577168106,0.0064293986809517605,2,0.9999890691882805,9.047129479543816e-05,4,0.9982777271841542,0.00717069792632349,6,0.9380694396900243,0.1193849493186788
102218.0,1,0.9993869461000802,0.007426505016402836,2,0.8710428045085364,0.3508204610370897,0,0.9056735821007387,0.2261115358245386,1,0.9847024597622207,0.04917911417793303,2,0.9458024441361002,0.13657173587470142,2,0.9976345532312747,0.00856718371571319
102221.0,1,0.9998956577497523,0.0015305973765272042,1,0.6426216808484282,0.5964243251278653,2,0.9946876174950045,0.026301239432052627,2,0.9940501227529481,0.02338107241211924,4,0.9853118010182842,0.04960746125811623,6,0.9905095619101262,0.02844384971266506
102223.0,1,0.9999933916971457,0.00012324470969663206,2,0.9386294622132864,0.2100552786638543,0,0.8698464691858055,0.27897722288341553,1,0.9954597604842429,0.018033791783249063,2,0.9773814978918465,0.06806559972794853,2,0.9903824533626936,0.027873606125992354
102226.0,1,0.9995968822230552,0.005127220815686774,2,0.9999541944929277,0.00048618287121643606,1,0.9433947509967682,0.157273607238705,2,0.9999975440912537,2.1448299525948002e-05,4,0.997988840933381,0.008134547706149488,6,0.9999952235823166,3.383750472835321e-05
102248.0,1,0.9999840523580188,0.00027715376519358605,2,0.9968719861701891,0.019284552281126074,1,0.749783201426503,0.40588982532832846,2,0.9988566966511178,0.005543653908566596,4,0.9971125676099832,0.011045250746377291,6,0.9988203722635323,0.0046953930371007565
102250.0,1,0.9999994713296386,1.178608338257135e-05,2,0.9996861898829692,0.002590152818642897,1,0.9997744653892902,0.001529337854355459,2,0.7616747158320396,0.34120108583461045,2,0.9938697151319345,0.020841308742464888,6,0.9405947257993249,0.1158088513981133
102256.0,1,0.9696422367997574,0.19618286186325398,1,0.9956500064387386,0.026595633327623415,2,0.9991899825102476,0.00474692472260909,2,0.9963704291278482,0.016380531822736424,3,0.9999511960580632,0.00031221027025146557,6,0.9999658348315841,0.00021610121889735387
102258.0,1,0.9999682356813906,0.0005204553596282407,2,0.9776521825906404,0.09747226521813446,1,0.9970186348178508,0.014696773840590484,1,0.9947307756715309,0.020465903046788143,2,0.9716968341235318,0.07188469526777543,2,0.9948232409784861,0.01666140972533858
102272.0,1,0.9999841424221416,0.00027571811102672876,2,0.9998417511059732,0.0014046953608712342,1,0.9999844228700847,0.00014135284190641567,1,0.9998387948136234,0.0010128020097613514,2,0.9985489670231139,0.00621086226935396,2,0.9998879196603625,0.000589548194341195
102281.0,0,0.9999999999999574,2.0044478809430205e-12,0,0.9999998618298871,2.1122435359800154e-06,2,0.9999997820811319,2.5684863719177706e-06,4,0.9980104805164375,0.008923660044790102,3,0.9999952158717,3.6739003064298146e-05,0,0.9999867187680922,8.346878318983939e-05
102283.0,1,0.9999086417724196,0.0013576504056202457,1,0.8684083445005681,0.35452494855848976,0,0.9997373485028967,0.0017955545566904732,1,0.848979319389558,0.2637421202898188,5,0.9318671609093993,0.13990124595244596,2,0.7975852745817366,0.2590141351254491
102285.0,1,0.9953505751789861,0.0427192314752435,2,0.9987846399370454,0.00853204774645047,2,0.9997964085935142,0.0014814816980659308,2,0.9999992759474942,7.0620691224516576e-06,4,0.9999999954293592,5.275158126856214e-08,6,0.9999999853147586,1.4366433765482911e-07
102288.0,1,0.9999781312592103,0.0003700945323387497,1,0.954393709001878,0.1687917205175106,2,0.9744295760108016,0.08677466371641643,2,0.7873128794369466,0.32179580474549213,5,0.7722944673658835,0.2997211509726497,4,0.9802133689535457,0.05028248678836263
102336.0,1,0.9858616990950392,0.10712160004912566,1,0.934874326870663,0.2376833222446206,2,0.9986059224928248,0.008286825560210287,2,0.9994668600724868,0.0029972214625925797,4,0.998572272749093,0.006335887546202031,6,0.9996794938579928,0.001604917243006016
102341.0,1,0.9966797364364434,0.03212283226528455,1,0.9998049893260578,0.0017010604545804689,0,0.9984368089200821,0.008755060196944078,3,0.9994425753522728,0.0031373626699163454,5,0.7830128290748419,0.30858912131762484,1,0.9998234093761431,0.0009417252219756876
102350.0,1,0.9999565169981861,0.0006927647759201965,2,0.9715627555923773,0.11769062594711999,1,0.9991406183029446,0.005006495041158316,1,0.7029623249106698,0.40303535173393357,2,0.9704653967359562,0.08190202473539325,6,0.9852677396041396,0.03962359129200025
102352.0,1,0.9997523176361786,0.0033243276941775433,2,0.9964323567366649,0.021610093166177763,1,0.9949559663595164,0.02293093131436569,2,0.9858854936854103,0.04625111016092599,4,0.8339244365266103,0.25129111325111425,6,0.9995686396874057,0.001968887029667907
102359.0,1,0.9999983785267369,3.352713328131287e-05,2,0.9996964383323662,0.0025173392105707023,1,0.9907362717970485,0.03793859831843774,1,0.9999906587694576,7.358836083040955e-05,2,0.9994377901234538,0.002705666821384037,2,0.9999616684330453,0.0002208270248246891
102377.0,1,0.970660244548389,0.1910698806233056,1,0.9997662279681447,0.0020420702431505166,0,0.999874147261166,0.000906239642271663,4,0.9980162226203845,0.008905688219627613,1,0.9995900029894683,0.0020144740136093875,1,0.9996642340255293,0.001556517747441865
102383.0,0,0.9999844507932123,0.0002707969513964411,2,0.9999993540918365,9.215818257042546e-06,0,0.9999997635918727,2.891179811993122e-06,1,0.9999962847130727,3.117220591612576e-05,2,0.9999718103930906,0.0001881057924771198,2,0.9999999999999787,4.3496939704676293e-13
102393.0,1,0.999998761501018,2.608981086985783e-05,2,0.999982486031677,0.0001933619659768612,1,0.9980872693357502,0.010014753110497224,1,0.9922259748954478,0.02827201744736426,2,0.998633787884708,0.005791420788932521,6,0.9686981787373083,0.08220970712702731
102396.0,0,1.0,5.143063467521784e-14,0,1.0,6.489823532331762e-14,3,1.0,7.698578068763589e-14,0,1.0,8.85998748858114e-14,0,1.0,9.948042700981048e-14,3,1.0,1.0980566189863425e-13
102400.0,1,0.9999406599715355,0.0009187786967105003,2,0.9878181641276494,0.06003901852123764,1,0.9936924108806879,0.028106822709867325,1,0.8662188938369588,0.24509220330216192,2,0.9263150880864852,0.14699780285053088,4,0.9928745136232164,0.023806941823591464
102415.0,0,1.0,5.143063467521784e-14,0,1.0,6.489823532331762e-14,3,1.0,7.698578068763589e-14,0,0.9999999999999858,3.741134389051841e-13,0,0.9999999844008408,1.6520662399782783e-07,3,0.9999999999994031,9.025838854273387e-12
102419.0,1,0.9999383280718374,0.0009514545922911809,2,0.9999999813743623,3.1882431373725893e-07,1,0.9999999132831194,1.0969204529649614e-06,2,0.9999998730834118,1.331150335438994e-06,4,0.9980603180703813,0.007842326047460893,6,0.99999975014532,2.163785157437325e-06
102424.0,1,0.9997490036565184,0.0033639935539299935,2,0.9869962013266014,0.06404097966355693,2,0.9324524328457816,0.17843149025037758,2,0.9978355078373335,0.009945981195658753,4,0.9974556597376592,0.011398412780249011,6,0.9981878748847344,0.0069235437685496734
102443.0,1,0.9999487725091171,0.0008040349528089099,2,0.9998979418368845,0.0010050515177837034,0,0.9984382066835167,0.00843255900619841,4,0.9999950214366619,4.3020113534929665e-05,1,0.9999977746517174,1.741289025650865e-05,1,0.9883046572761972,0.03273484411752196
102454.0,1,0.9999929197815267,0.00013134134230872774,2,0.9076844292420316,0.280239256089616,0,0.8840550899469335,0.25880740511517103,3,0.6547705348580419,0.40089781785970063,2,0.5272222740571081,0.45309631346380835,1,0.993384264409001,0.020456884253384967
102456.0,0,0.9999999999999005,4.452453134715909e-12,1,0.9942069131754371,0.032419977797383356,3,0.999999998641286,2.1656687456039147e-08,3,0.9999673896451088,0.0002295854384224537,5,0.9999999984255332,1.869001947440082e-08,3,0.9999999998563887,1.7465361631160625e-09
102457.0,1,0.9927424349085551,0.062006791135415386,1,0.9612404694540531,0.15325505275151302,2,0.9993241533940577,0.004550016621888578,2,0.9947314430473795,0.0206983311019148,4,0.9969460174977754,0.0119888243934147,6,0.9882177322311805,0.036720105922422634
102458.0,0,0.999708081359883,0.003848839403029355,0,0.9548639862654988,0.16742629326570904,3,0.9751947494534379,0.08381696497360275,0,0.9840592694244576,0.05085183120102221,0,0.9588817519498506,0.09570649831252154,4,0.9907657556433621,0.027162030628664673
102461.0,1,0.9999883523518232,0.00020770422178608246,2,0.871479097458577,0.3492638982409768,0,0.5938365015143978,0.48760698415530607,1,0.9902783720123306,0.03400509095428816,2,0.9938517797019313,0.021027874754835734,2,0.9909316876096645,0.02655640201789443
102475.0,0,1.0,5.143063467521784e-14,0,1.0,6.489823532331762e-14,3,1.0,7.698578068763589e-14,0,1.0,8.85998748858114e-14,0,1.0,9.948042700981048e-14,5,1.0,1.0969155354423114e-13
102492.0,1,0.997577498142844,0.024540507469582563,2,0.7430376157019289,0.5358674830488263,2,0.9968328929563236,0.015714910304885314,2,0.9999474917316763,0.00035628774094212954,4,0.9992583551415171,0.0033971437610400643,4,0.9999555220993093,0.0002519264504768661
102501.0,1,0.9987385336334892,0.01396754502469635,1,0.9998365413534765,0.0014618215617869341,2,0.9999906132975748,8.975042478959942e-05,2,0.9940932786579334,0.022563033746825608,5,0.9953729717400738,0.016487096640946934,4,0.9999713228680904,0.0001705484065887982
102506.0,1,0.9998692061319411,0.0018759788252123964,2,0.9541368964662287,0.16974489130811724,1,0.9462503942396172,0.17147678902454735,1,0.5607806069508265,0.4780117194624766,2,0.6273112765790966,0.39307534454803317,4,0.7736942413365505,0.3520193658437081
102533.0,0,1.0,5.143063467521784e-14,0,1.0,6.489823532331762e-14,3,1.0,7.698578068763589e-14,0,1.0,8.85998748858114e-14,0,1.0,1.43929828821301e-13,3,1.0,1.0980566189863425e-13
102553.0,1,0.999924213738711,0.0011466722423568456,2,0.9712192391653167,0.11906939361369165,2,0.9763036120163879,0.08092850198725597,2,0.9999517238801057,0.00034428136299925955,4,0.9999624873932693,0.00024491822931415583,4,0.9948904154420045,0.016587053545713465
102559.0,0,0.999999999906926,3.2357478506141715e-09,0,0.9999935119350041,7.645238012932303e-05,3,0.9968681389772187,0.01528222530293269,0,0.9999955842926347,3.668068753529785e-05,0,0.999998587137952,1.141001586191806e-05,0,0.999995442698765,3.1710439725408984e-05
102568.0,1,0.9999986121809388,2.9007421157125656e-05,2,0.999971341175939,0.00030214355127130914,1,0.9997533270042576,0.0016566758408727627,1,0.9951658227627965,0.019012118108763514,2,0.9916977522492612,0.026814855348019945,6,0.9187297992192807,0.15672095422856042
102573.0,0,1.0,5.143063467521784e-14,0,0.9999999998250537,3.73695132408399e-09,3,1.0,8.463804115448557e-14,0,0.9999993174018533,6.4455355651390825e-06,0,0.9999999530739434,4.6813703829074296e-07,3,0.9999999996787707,3.77360315529432e-09
102581.0,1,0.9999925666153527,0.0001373707247496301,2,0.9999981799738336,2.4321037927881237e-05,1,0.9999992697862582,8.244109980553958e-06,2,0.7887717949491158,0.32034866491010605,2,0.5389881280532594,0.38515713367337817,4,0.9927065892576138,0.024724496494801438
102605.0,0,1.0,5.143063467521784e-14,0,1.0,6.489823532331762e-14,3,1.0,7.698578068763589e-14,4,1.0,8.832394674567064e-14,1,1.0,9.948042700981048e-14,0,1.0,1.0991977025303735e-13
102616.0,1,0.9999858905134322,0.0002477013467972031,2,0.9470039400427598,0.18865228791685404,1,0.5107377684693244,0.4998405813627011,1,0.7158362589113093,0.37130235853166377,5,0.7731844773344666,0.3761855290384877,2,0.940056056318107,0.11656135978267174
102620.0,1,0.9999749519932256,0.00041899358024782683,2,0.927670635612102,0.23636680754256859,2,0.9452812215074716,0.15313955481801636,2,0.9992572199843245,0.0037878647124115613,4,0.9938767536956707,0.02083263326989531,6,0.9904760982231724,0.027682833487694243
102621.0,1,0.9999912533230532,0.00015958768921091402,2,0.9971078018592752,0.018087032625498458,1,0.9989803647561029,0.006013071499645045,1,0.9908901090431855,0.03241630429354741,2,0.9684078413181987,0.0782671949188204,2,0.9997556242966389,0.00125726588723155
102622.0,1,0.9994852728690378,0.006365233178377666,2,0.5752186024357496,0.6216783272060732,1,0.9052133673115764,0.22908623520000349,2,0.8596018408490423,0.28418370115259634,4,0.5680327319528201,0.45669507571908613,6,0.9814312504330978,0.049509312684218564
102626.0,1,0.9998792124750143,0.0017463277764608416,2,0.8833055737767302,0.3284494571391975,2,0.9666747704038059,0.1055624184254349,2,0.9999979853495632,1.8680221659043697e-05,4,0.999983477995224,0.00011621207192381213,6,0.9964814216653343,0.012038522190775936
102644.0,1,0.9999062825850981,0.0013892623429993328,2,0.9017974198740257,0.29244257064771284,1,0.975330741845762,0.08365834920884012,2,0.9267387835908537,0.1650660825075831,4,0.6397470946102611,0.4707980613965274,6,0.9705309088566111,0.06865073148191729
102669.0,1,0.9999730270263789,0.00044831243986408816,2,0.9999771822694539,0.00025004444719031087,1,0.9916766557004053,0.03474897134653802,2,0.6167987336763597,0.41357390083199524,2,0.9422728547455543,0.12316018361667931,6,0.9533183617798757,0.09693499979569797
102673.0,1,0.9999995375891512,1.0398240232147571e-05,2,0.9999401517472021,0.00058474732929138,1,0.993385660460735,0.02870058606072298,1,0.9999807827358004,0.00014165157616289993,2,0.9999850476664787,0.00010293176240910095,2,0.9999711010203882,0.00017010880269880223
102674.0,1,0.9999011202382786,0.0014581391985900919,2,0.7928796868415146,0.46506312419820733,2,0.7742670426160403,0.3977380987156116,2,0.9930029703777908,0.02778055326144148,4,0.9694380579918015,0.08778676869387009,4,0.8688492312768893,0.2013421523189009
102676.0,0,1.0,5.143063467521784e-14,0,1.0,6.489823532331762e-14,2,0.9999999999999858,4.614070549402466e-13,0,0.9999999997704379,3.3084970297215914e-09,3,1.0,9.935650155623348e-14,0,0.9999999999999858,2.9597522805602073e-13
102685.0,0,0.992758515177573,0.06189266301528167,1,0.5144787001978209,0.6305577161937481,2,0.9963228131134192,0.01751668621620658,2,0.939350294027407,0.14229424765596296,4,0.9978033663117098,0.008730370267209865,0,0.9778131361741959,0.05505225991574011
102689.0,1,0.9999535331950068,0.0007358530424404866,2,0.9999948279037014,6.368050000143621e-05,1,0.9999645634000048,0.00030493642008387834,2,0.9999358675444727,0.0004245727386907248,4,0.9998865988171516,0.0006382535035074859,6,0.9996916304584409,0.0014405347711517933
102706.0,0,0.9223434093723293,0.3938677326437534,1,0.991908703276415,0.04282909520833653,2,0.9999965772342342,3.3549378553397423e-05,2,0.9977192833029126,0.010932820037093019,4,0.999904688922779,0.0005737629214546221,6,0.996967024371428,0.010596790845722907
102713.0,1,0.9999905464109625,0.00017142566079922082,2,0.9650734911570158,0.1379524818467644,0,0.9672648320283094,0.10407456945055535,1,0.9934917432153548,0.024400235426692167,2,0.9292903064992779,0.1487282230345829,2,0.9726359126509099,0.06447725530258
102718.0,0,1.0,8.258697731923339e-14,2,0.9850543098291362,0.07069372965576118,2,1.0,7.698578068763589e-14,2,0.9999999999903721,1.6067089674677287e-10,4,1.0,9.923257610265645e-14,6,0.9999999999924825,1.0292958860549611e-10
102721.0,1,0.9999773973012983,0.00038143916915623705,2,0.998122142621728,0.012684013214572172,1,0.9899537737033866,0.0405567344157605,1,0.9989525786006377,0.005133045609558006,2,0.9693122324593408,0.07696546325848731,2,0.9956940017393037,0.014280168084551022
102724.0,1,0.9964814271092759,0.033746449029036736,1,0.9997775938210297,0.0020080240876733735,2,0.9991886595468534,0.0049949258283958475,3,0.9144680420095622,0.18251012232389338,5,0.9905394052910075,0.030680544487210956,4,0.9969483177486279,0.01193319746665308
102747.0,1,0.9999824061903897,0.00030326898123824613,2,0.9932042524241107,0.03705618584924233,1,0.9761900291628656,0.08116519979088596,1,0.999662113222058,0.001890993387645943,2,0.998569153019968,0.006299103763144908,2,0.9999670821677256,0.00019169256647365263
102761.0,1,0.9999909844259075,0.00016410001681002034,2,0.9999759885855583,0.0002604455891903329,1,0.9872633377400117,0.049220432682798396,2,0.9992889683986835,0.0036440843378379114,4,0.9945435043915098,0.018906101428466254,6,0.8952855010652241,0.17232214480882907
102772.0,1,0.9988649870515441,0.012740465321772386,2,0.9945882190144069,0.03267820177124166,2,0.994526560684999,0.02518372004504729,2,0.9999901018937951,7.770007771559881e-05,4,0.9999495501378934,0.000312375482556727,4,0.99990842096642,0.0005046363174175015
102775.0,0,1.0,5.143063467521784e-14,0,1.0,6.489823532331762e-14,3,1.0,7.698578068763589e-14,0,1.0,8.85998748858114e-14,0,1.0,9.948042700981048e-14,3,1.0,1.0980566189863425e-13
102788.0,1,0.8956831167254091,0.48253229664870956,0,0.53854798721145,0.7044995395472352,0,0.9907598191405456,0.042054454141361323,1,0.9437744305332776,0.13501528356316497,0,0.9767840613163403,0.0728018000905354,2,0.9986333207015448,0.005809086647758595
102790.0,1,0.9661245300211225,0.21346944429517342,1,0.9997948031278595,0.0018316243055703074,2,0.9998607637750946,0.000992256553456481,2,0.9963346932856079,0.015464730543188428,4,0.9985581369675645,0.0064047546975615705,4,0.9921829417108426,0.024288679926039433
102802.0,1,0.9999898594976141,0.0001828555576854678,2,0.9751432713108237,0.10594723502100192,1,0.9978969016957756,0.011163726445681548,1,0.9818122657223,0.05968945549442381,2,0.9939753691973151,0.022712237865009456,6,0.9940034265116533,0.021246756363387645
102834.0,0,0.999999995619703,1.279441894730049e-07,0,0.9996281349736348,0.0030114412864668495,3,0.9999999983945358,2.468252444988578e-08,0,0.9818845602777158,0.05629991344039455,0,0.9979498137600806,0.00822564453017823,3,0.9999988098163448,9.466994894592244e-06
102847.0,1,0.999890428826264,0.0015995704055295134,2,0.9543554246198509,0.16897485403956616,0,0.9012830362243422,0.23262745618692823,1,0.995886149681462,0.016600717036869148,2,0.9858348416633781,0.04692031550384633,2,0.977142897531655,0.055996942020749015
102858.0,0,1.0,5.143063467521784e-14,0,1.0,6.489823532331762e-14,3,1.0,7.698578068763589e-14,0,1.0,8.85998748858114e-14,0,1.0,9.948042700981048e-14,3,1.0,1.0980566189863425e-13
102865.0,1,0.7202068854679277,0.8551687614396757,1,0.9999026264915479,0.0009073297532877997,3,0.9982358259800531,0.00936790009350006,3,0.9999841765461194,0.00011852024682364638,5,0.9999685157948963,0.00019971978901900075,3,0.9947992265294193,0.016756480075350137
102880.0,1,0.9992125605861233,0.009254515834563258,2,0.9499407302271481,0.18225031068475214,0,0.9870925231468799,0.050073478279656615,1,0.8981237771830399,0.2069886777277576,1,0.9958844401088427,0.015576258560928176,2,0.9995558518928844,0.00200194723369557
102885.0,1,0.9999973565600493,5.2794373366145824e-05,1,0.7360369385252545,0.5253642555367322,1,0.6692483291162915,0.4579765314150876,1,0.9854839115417267,0.04712973330341761,2,0.9512781376483389,0.11097210812380276,2,0.9429571827076364,0.1124178633381774
102889.0,1,0.999977573723336,0.00037871543197621116,2,0.6749804208175857,0.5740390510456378,1,0.8180525885208998,0.34217596101580183,2,0.9991155185970508,0.004558995470594711,4,0.8975156357349705,0.21668359654300176,4,0.9520926637865952,0.09886270963406028
102893.0,1,0.9999285340355245,0.0010873566246540963,2,0.8252374928806109,0.4218626730007343,0,0.9833296879964464,0.061402147046976344,3,0.9979775114234374,0.00920276464896696,5,0.9997408178046726,0.00139395355475922,1,0.88791561589938,0.18065993132589805
102895.0,0,0.9999999998076277,6.486384080612686e-09,0,0.9999995520850158,6.367881436831827e-06,3,0.9999502269583487,0.0003916375702594124,0,0.9999981739089112,1.613958801012646e-05,0,0.9999998964608228,9.871838715764691e-07,0,0.9999923221721878,5.054774961797847e-05
102899.0,1,0.9999885556460164,0.000204369739773438,2,0.9878397061281791,0.05982658587378065,1,0.8976019060968197,0.2383037064708648,1,0.9705861852510301,0.08245150601626824,2,0.9782478537763639,0.05850164979022602,2,0.9755482772204129,0.059048835410840175
102908.0,0,1.0,5.143063467521784e-14,0,1.0,6.489823532331762e-14,3,1.0,7.698578068763589e-14,0,1.0,8.85998748858114e-14,0,1.0,9.948042700981048e-14,5,1.0,1.0969155354423114e-13
102918.0,1,0.9999987494606447,2.6325994675270622e-05,2,0.9998773492335139,0.0011173841331121785,1,0.9990448528089663,0.0054796942625246646,1,0.9528265823941743,0.11812044447818436,2,0.9509337337992857,0.10925529139073316,4,0.9235585959372262,0.14814923389475412
102923.0,1,0.7394255032492079,0.8276120591075307,1,0.9994798443194466,0.0040534012235156755,3,0.944916489071464,0.1662704827925683,3,0.9998851409680369,0.000740703337622528,5,0.9999991548574504,7.168818887192972e-06,1,0.994910813363906,0.016420624184848676
102948.0,1,0.9999993684256663,1.3918154317644082e-05,2,0.9999973946541278,3.33246278883531e-05,1,0.999996094088321,3.9823790510304814e-05,1,0.9999990115295798,9.169648682893131e-06,2,0.9999999180900827,8.222444138756431e-07,2,0.9999975254328988,1.7916395859640927e-05
102954.0,1,0.9999935547153935,0.00012043668413311889,2,0.9367273469225154,0.2147284125631781,1,0.7168660885008598,0.4298734287998368,1,0.9873252861292644,0.042226228046365596,2,0.9613842587367398,0.09844141844517948,2,0.9914307572581166,0.02534511751075939
