SEQN,P_cluster_1,P_cluster_2,P_cluster_3,P_cluster_4,P_cluster_5,max_posterior,entropy_raw,entropy_norm
93705.0,2.430333298021381e-08,3.369501075621381e-24,0.9424681647628164,6.663224680634512e-14,0.057531810933784296,0.9424681647628164,0.22012194741490498,0.1367694557921743
93708.0,0.0005427780479245407,0.08989594168748759,0.9091640439393013,4.893588148444078e-08,0.00039718738940497085,0.9091640439393013,0.31034027075281373,0.19282525181941174
93709.0,0.007884587633814116,4.798698051850933e-05,0.9841604738567653,1.5559241366361092e-07,0.007906795936489623,0.9841604738567653,0.09264605176032611,0.05756422850770864
93711.0,0.0010213810278726424,0.13856495369698218,0.8510242653741833,0.009102908720647217,0.0002864911803155299,0.8510242653741833,0.463291690348921,0.2878593121049588
93713.0,0.0980934463032634,0.005365032383951812,0.06992331464234094,0.8263612716894293,0.0002569349810136505,0.8263612716894293,0.6015555779685542,0.3737674956710611
93714.0,0.815440754277252,1.605834235452125e-08,0.06882609929797841,0.0001582567831507041,0.11557487358327483,0.815440754277252,0.6013389715214463,0.3736329105184221
93715.0,4.792480834160946e-08,0.007387611641262997,0.0068840928843806725,0.9852551921986503,0.0004730553508962457,0.9852551921986503,0.08878900466068498,0.05516771040045978
93716.0,0.012386418125145333,0.019558344435861998,0.05399818441685993,0.9140364006162309,2.0652405901903904e-05,0.9140364006162309,0.371331123566501,0.23072099936113905
93717.0,0.02288381518874769,0.21931425723662815,0.4041244049878082,0.35366045626253856,1.7066324277858782e-05,0.4041244049878082,1.1531323402848936,0.7164814071894865
93718.0,0.053969383472689265,0.7945639588286337,0.1421679651280757,0.009292623959886422,6.068610713978683e-06,0.7945639588286337,0.661156602811072,0.41079969454127274
93721.0,0.7469999801825453,0.00027715228762960066,0.003933519883169472,0.24792419893832712,0.0008651487083290789,0.7469999801825453,0.5938119876143119,0.3689561324650515
93722.0,0.00016731675131723695,0.8748055633520117,0.1249956998132226,1.826535489538108e-05,1.3154728551953416e-05,0.8748055633520117,0.3787360208930069,0.23532192075692424
93723.0,0.05485027408368718,0.6250077603378648,0.10154064686016669,0.21860050961871455,8.090995665020402e-07,0.6250077603378648,1.0176356225723766,0.6322925629565375
93726.0,0.9561560896335088,0.00016253213561701491,0.02086836601032134,0.01891194459672462,0.0039010676238273234,0.9561560896335088,0.22171617454242842,0.13776000480012723
93728.0,0.0741936136993503,4.881176661210782e-05,0.9005268480926852,1.0970189536435165e-05,0.025219756251814395,0.9005268480926852,0.3807580731660568,0.23657829247367582
93729.0,0.47654720797151257,0.23485241319998576,0.1330512762647003,0.15554356971425964,5.532849542772372e-06,0.47654720797151257,1.2513392070365272,0.7775007643159172
93730.0,0.3468993918607677,0.5800121057511708,0.010424026585612468,0.06243362495317501,0.00023085084927499863,0.5800121057511708,0.9058794535011222,0.5628545509600167
93731.0,0.03922671624316095,0.09961256823328524,0.021971370648921185,0.8387297518792529,0.0004595929953814841,0.8387297518792529,0.5917085172585523,0.36764917284920756
93735.0,1.2854531274051892e-131,1.0778588020431198e-114,1.4439025319534267e-52,1.1835693732337467e-98,1.0,1.0,1.421519084682928e-13,8.832394674567064e-14
93738.0,0.8307917448640929,0.07216946277351392,0.02719311735219351,0.06979213220349982,5.354280670146617e-05,0.8307917448640929,0.6280786790551932,0.3902472249490459
93742.0,0.00547715975311581,1.5271742292733765e-09,0.976415357720581,8.903161657337814e-05,0.018018449382557044,0.976415357720581,0.12502375518535272,0.07768162674648807
93743.0,0.07361492518879914,0.00244043021718544,0.8584611107816706,0.0653847008439609,9.883296838329447e-05,0.8584611107816706,0.5169942899110663,0.3212266132895854
93746.0,0.3455737899216702,0.6443454765587081,0.010060616778550743,3.753959067962318e-06,1.6362782002920213e-05,0.6443454765587081,0.6968892695535839,0.43300164869337177
93752.0,0.09974945865339083,0.0016052177540878613,0.8892281107193271,0.009257452506077127,0.000159760367118935,0.8892281107193271,0.38940032337171077,0.2419480244396536
93754.0,0.014454900516527501,0.00196183473957634,0.6119410706660932,0.37106612107421916,0.0005760730035824325,0.6119410706660932,0.7461700559402576,0.4636215228779819
93755.0,0.2056128842113247,0.7306647774386738,0.01264793321579065,0.051070737647680546,3.6674865308653277e-06,0.7306647774386738,0.7617460415648045,0.47329942688671117
93756.0,0.003632075613232418,2.473941489091127e-06,0.9912952995533774,3.2486976222953e-07,0.005069826022139066,0.9912952995533774,0.05589955421811349,0.03473234586202302
93757.0,0.09933620937317539,0.005805148297392826,0.0037298513484297375,0.8908262171181262,0.0003025738628771431,0.8908262171181262,0.38557405705367714,0.23957063150733054
93758.0,1.6939872451020665e-10,5.8442849732262976e-18,0.8057769920424236,0.0052310045375663075,0.1889920032506106,0.8057769920424236,0.5163556403280706,0.3208297979927282
93759.0,0.005132237986202943,2.3012706301662294e-05,0.8908679693495509,0.10156866498099672,0.002408114976949689,0.8908679693495509,0.37705976944604863,0.23428040717382295
93760.0,0.9929874858861215,6.333037206433882e-07,0.0055021256364315525,0.0014213179783738334,8.843719535059683e-05,0.9929874858861215,0.04576618753135275,0.028436131134835986
93761.0,0.19795558127431845,0.027464959745261447,0.05038190039933988,0.7237660354353367,0.00043152314574251746,0.7237660354353367,0.8072384761468305,0.5015654657506917
93762.0,0.014549383918756455,0.0007349092522001226,0.9059135641697912,0.07782951414646948,0.0009726285127839591,0.9059135641697912,0.36182708078422976,0.22481580556096478
93763.0,8.332883901159364e-05,0.000992581810852691,0.0007032424234190844,0.9982161922860034,4.6546407131267425e-06,0.9982161922860034,0.014591356363476967,0.009066119451236938
93766.0,0.259547291186648,0.0008207996067785035,0.6965923304279823,0.04276035278027836,0.0002792259983130586,0.6965923304279823,0.7448418240434975,0.46279624599932845
93767.0,0.22780941943245023,0.0650564902507757,0.013689660773808144,0.6933830623319543,6.136721101099325e-05,0.6933830623319543,0.8279899676609197,0.5144590923726127
93768.0,6.78724487704738e-05,0.001453903777076467,0.8537152021507516,0.1445271845770371,0.0002358370463655394,0.8537152021507516,0.42669903549027294,0.26512301729299825
93770.0,0.10401519196380628,0.8320532106480323,0.021982637119500145,0.04055506891184791,0.0013938913568132033,0.8320532106480323,0.6114568104358407,0.37991947729818204
93772.0,1.1495624489763833e-09,1.0682116411676243e-13,0.22243506489936363,1.359984412898043e-07,0.7775647979525239,0.7775647979525239,0.5299749859882519,0.3292919732372417
93773.0,0.0023750938599865212,0.853899962350223,0.112979734745768,0.026563425582565005,0.004181783461456003,0.853899962350223,0.5148572887841855,0.31989881983426105
93774.0,0.22940789841530446,0.6186441027954395,0.12784837856415657,0.024097893570108515,1.7266549925039737e-06,0.6186441027954395,0.9876104658106761,0.6136368841448643
93775.0,0.03674581784400028,0.85230752428155,0.11090037918292465,4.131050840272797e-05,4.968183123582555e-06,0.85230752428155,0.5019649942218583,0.31188838683605424
93776.0,0.0007672587634431637,0.9878048890722295,0.011425753881257114,1.2642575018022388e-07,1.9718573217592827e-06,0.9878048890722295,0.06874632592692745,0.04271449392102122
93780.0,0.2744295402404336,0.014535404763348178,0.10443094450502224,0.6064314788338677,0.00017263165732763638,0.6064314788338677,0.957099898194545,0.5946796026117188
93782.0,0.0015605373444499983,0.9983771145441916,9.076453413675738e-06,5.318222274734911e-05,8.943519775598481e-08,0.9983771145441916,0.012337127316369354,0.007665488193769952
93783.0,0.010032463243607653,0.9817799897166504,0.0015175719182807872,0.006669523316808822,4.5180465072410966e-07,0.9817799897166504,0.10749400433543571,0.06678978014930859
93785.0,4.295761482639506e-15,6.591190277830072e-29,0.0018268065292729222,3.6468412465162235e-16,0.998173193470723,0.998173193470723,0.01334349167640589,0.00829077752755638
93788.0,0.0007907996577999935,2.906643766222195e-11,0.6471771299863265,0.006625274409818668,0.3454067959169892,0.6471771299863265,0.6876745686458935,0.4272762331079055
93789.0,5.281384968570252e-06,0.910011944522491,0.08992436040718658,5.777476524611624e-11,5.84136275794672e-05,0.910011944522491,0.30305406772205085,0.18829807933610465
93791.0,0.00804848809269604,1.0390348920471632e-07,1.8232104259841318e-05,0.9919061110844618,2.7064815093943987e-05,0.9919061110844618,0.04735830909990117,0.029425371885440966
93794.0,0.0815409321329598,0.04724906521435101,0.8558756620076905,0.015249205586585617,8.51350584121527e-05,0.8558756620076905,0.5464027690028984,0.3394991287216066
93795.0,0.015476708207794091,0.14404128784266454,0.047592057662398525,0.05112690177162077,0.7417630445155238,0.7417630445155238,0.8621443306985876,0.5356803912955473
93796.0,0.002948216982164259,2.2506644826126945e-06,0.8240814241711457,0.1717900309364587,0.0011780772457478112,0.8240814241711457,0.4872052835471857,0.3027176629698877
93797.0,0.33239640836664425,0.05038461167873378,0.39954166042528605,0.21763511114775838,4.2208381578540845e-05,0.39954166042528605,1.2155221536120324,0.7552463777702906
93798.0,0.15905084931034655,4.3686156458207545e-07,0.8327434716052874,0.006913621636588726,0.0012916205862131822,0.8327434716052874,0.4878249436397835,0.3031026794329712
93800.0,2.388610654023088e-19,7.077501158453511e-34,1.8664947411777254e-08,2.2065157828910193e-29,0.9999999813350515,0.9999999813350515,3.5083800311126825e-07,2.1798790770416476e-07
93801.0,0.004146667960689555,1.6302818762657002e-05,0.6048271926810816,0.3858546722076133,0.005155164331853637,0.6048271926810816,0.7216441572295387,0.44838272520754163
93805.0,0.24871279580212896,0.002428999253928765,0.4496507200336996,0.29914462635819367,6.285855204963193e-05,0.4496507200336996,1.0817192623242395,0.672109967068103
93806.0,0.3090267619707149,0.0043339089115919304,0.05992960523869273,0.6235063596688116,0.003203364210187777,0.6235063596688116,0.8680983759046375,0.5393798475840133
93811.0,0.08763773539170606,0.5678661884895533,0.0013726052617798732,0.3431101898864335,1.3280970527048811e-05,0.5678661884895533,0.9109182809214353,0.5659853504654742
93812.0,0.0010866153478394948,4.2007133284375395e-06,0.990452650715955,0.006438308491866737,0.002018224731010054,0.990452650715955,0.06197802948705371,0.03850911489547221
93813.0,0.9997714931114802,3.7156865765025574e-07,0.00022508706467827154,1.90075156188621e-07,2.8581800277217535e-06,0.9997714931114802,0.002163920718278268,0.001344519537883616
93814.0,0.01831162606169757,0.9404505779972534,0.0027928353193642074,0.038443090931553084,1.8696901322044025e-06,0.9404505779972534,0.2727088161110318,0.16944351441217717
93815.0,0.10242793972144852,0.036444448656830365,0.027709490736897994,0.8334146144111344,3.506473690150806e-06,0.8334146144111344,0.6053725455241442,0.3761391109574298
93817.0,0.07685649283676897,0.6737582435898571,0.0006263636887134732,0.2485342493445046,0.00022465054015526192,0.6737582435898571,0.8157660146374751,0.5068639233207309
93819.0,0.026880809685372667,0.7483656097427603,0.2242870040811366,4.454429297506692e-08,0.000466531946437418,0.7483656097427603,0.6529840043617554,0.4057217736185846
93823.0,0.13382292419329825,0.010961925739850194,0.0171309385164337,0.8380194772289415,6.473432147635692e-05,0.8380194772289415,0.5370078673856749,0.333661748140075
93824.0,0.039960646513458944,0.7543839262136101,0.20564408628245012,9.658230333709508e-06,1.6827601460448655e-06,0.7543839262136101,0.6666760154858962,0.41422909845439204
93825.0,0.0005377483955412735,1.6556244994779183e-07,0.04296560120563114,0.9564361949674053,6.0289868971673885e-05,0.9564361949674053,0.18246545100371056,0.11337215905878056
93827.0,0.003777581480709026,1.16618765134342e-07,0.9916834414637163,0.0042312722810495355,0.0003075881557592074,0.9916834414637163,0.05496998660869606,0.034154773032256905
93829.0,0.42034332165360655,0.5733727452910446,0.006240030044527789,4.204083178190186e-05,1.8621790403519224e-06,0.5733727452910446,0.7153529796130095,0.4444737967748726
93830.0,1.3516118186389951e-86,1.5168789116744732e-73,1.0314703779103136e-38,1.59749761696277e-75,1.0,1.0,1.421519084682928e-13,8.832394674567064e-14
93831.0,0.014126536516147363,0.0007282973424016943,0.2968321178444726,0.6879186944642668,0.00039435383271101907,0.6879186944642668,0.6863963641012225,0.4264820399707886
93832.0,5.700026649838603e-06,1.8672768030306123e-10,0.5259119654134625,0.00025922612266917797,0.47382310825049184,0.5259119654134625,0.6940803124553543,0.4312563455185625
93834.0,0.5740913719742737,2.831631852709147e-06,0.12266638516883559,0.30287973329506573,0.00035967792997302484,0.5740913719742737,0.9406448511265528,0.5844555070185525
93837.0,0.9340774984722061,0.05069919799769135,0.004051484822219524,0.011170459885162895,1.3588227194782189e-06,0.9340774984722061,0.2874194795881718,0.17858376354107444
93839.0,0.5008828725505841,0.0007378101139495382,0.0745097170709568,0.42383245884813603,3.7141416373293336e-05,0.5008828725505841,0.9093154853130274,0.5649894775610116
93840.0,0.002424805858388544,0.6870081436224217,0.0032891196308645425,0.3072765975740643,1.3333142614254492e-06,0.6870081436224217,0.6539222267527014,0.4063047239664654
93841.0,0.2928166711408882,0.4288730892182372,0.19261788281488862,0.08503205945258145,0.0006602973734029413,0.4288730892182372,1.254388165234616,0.7793951885584017
93843.0,0.00020432778246747249,0.9412520220899284,0.058538789326582887,7.197259549043884e-10,4.860081294381329e-06,0.9412520220899284,0.22491982274549568,0.13975054334673206
93845.0,0.8329039938353608,0.08942277590888134,0.07168380819778569,0.0055322102052276535,0.0004572118527446007,0.8329039938353608,0.5893760690819122,0.3661999413140112
93846.0,0.009140671652555452,0.9879260022759457,0.0022299654168862425,0.0007032776316129727,8.302299844241339e-08,0.9879260022759457,0.07363909476252856,0.045754542125304734
93847.0,0.9996138813816104,6.854639730954487e-05,0.0003152275405629207,8.856432523687215e-07,1.4590372641246259e-06,0.9996138813816104,0.003616648691134051,0.0022471501778308814
93848.0,0.0029053281085218274,0.02051432806626189,0.9696097216515883,0.006826201862758693,0.0001444203108691474,0.9696097216515883,0.1619452663625677,0.10062225147762491
93849.0,0.037912588871375455,0.8073884363413703,0.0071606030955487536,0.14753803098962046,3.407020850623679e-07,0.8073884363413703,0.6145204071838287,0.38182299698311023
93850.0,0.06871397718217169,0.03923473943883827,0.8879920039331067,0.0003000332878881636,0.0037592461579951508,0.8879920039331067,0.43996258818729217,0.2733641259400286
93851.0,0.011455584870465262,0.03025512338406094,0.9202636514846142,0.03776573768495095,0.00025990257590996913,0.9202636514846142,0.3593821403181117,0.2232966786364472
93852.0,0.19427682731522838,0.7613074277835851,0.04405395846697184,0.00035377589139311353,8.010542822508215e-06,0.7613074277835851,0.6663960864626979,0.41405516877308185
93855.0,0.09010822769396272,0.04512981232669441,0.007847515755795056,0.8568717515620587,4.269266148880606e-05,0.8568717515620587,0.527518421713961,0.3277656240346337
93856.0,0.98479799105212,3.188363192273652e-08,0.014650969071758368,0.0003772323875315758,0.00017377560495827836,0.98479799105212,0.08143920180543057,0.05060102112436423
93861.0,0.017537161510894145,0.009689728884104076,0.12134051544150096,0.8513404485882917,9.214557520965034e-05,0.8513404485882917,0.5096381558958604,0.3166559902426357
93863.0,0.15091059480634414,1.1298151376031994e-06,0.0023323340147906116,0.8448340811023362,0.0019218602613918154,0.8448340811023362,0.4540055540709233,0.28208951122835746
93866.0,0.29523983506696305,0.6948067371504301,0.0002654710803744323,0.0096783798795009,9.576822729913757e-06,0.6948067371504301,0.6603605749721928,0.41030509463609505
93868.0,0.0044135002974262354,2.1141327586159465e-05,0.6564227723659913,0.33743067240060254,0.0017119136083945286,0.6564227723659913,0.677971883251565,0.42124761571336794
93869.0,8.242652885708986e-07,2.3764149643005903e-06,0.003953007829085944,2.3988002665455484e-05,0.9960198034879988,0.9960198034879988,0.026142862944851977,0.016243474037040503
93870.0,0.000410935543976618,0.9994052257146194,5.4333187257852836e-05,0.00012922447439818805,2.810797472787376e-07,0.9994052257146194,0.005493575285345233,0.0034133502404182815
93871.0,0.007129348759830405,0.7315407556727619,0.2561531048034296,1.342013464797174e-07,0.00517665656263212,0.7315407556727619,0.6400508874948205,0.3976859762964158
93875.0,0.09934625144666646,0.11872080547788684,0.7165802810794868,0.062912314063798,0.002440347932162856,0.7165802810794868,0.909904167156848,0.5653552461559183
93877.0,0.004675676993131094,0.0006677451109145221,0.5862772493706632,0.40706030477720917,0.0013190237480828215,0.5862772493706632,0.717628731190463,0.4458878007323236
93878.0,0.044837228315595584,0.7322463380528057,0.22048222054521843,0.002419391813956975,1.4821272423443292e-05,0.7322463380528057,0.7154981772294526,0.4445640131263835
93883.0,0.9977909730412791,1.3421785781681147e-05,0.0021871250090307252,1.2118683170040564e-06,7.268295590414379e-06,0.9977909730412791,0.01585617418043845,0.009851994946768531
93887.0,0.02170141291353865,0.006223698285137197,0.08875129643264923,0.8833080498739689,1.5542494705108412e-05,0.8833080498739689,0.43945957639426386,0.2730515871405247
93888.0,1.923170724581711e-05,0.991952534689991,0.007977828629431031,9.089433049140969e-06,4.131554028467814e-05,0.991952534689991,0.047287997636556375,0.029381684916964836
93890.0,0.004297721418569859,0.9250862395950947,0.0037911850156927746,0.0668186700444589,6.18392618427777e-06,0.9250862395950947,0.29746252099342035,0.184823856015384
93891.0,0.9914292040503647,1.147840136650408e-11,0.008177820118812252,1.7723057758785257e-06,0.0003912035135683684,0.9914292040503647,0.050932225304388984,0.031645970876477934
93892.0,0.03605135005345855,2.1568487443594397e-06,0.9595312014418083,0.0005942664990637001,0.003821025156923784,0.9595312014418083,0.18514549388801552,0.11503736332891713
93893.0,3.23909683016904e-10,2.0937470822236915e-10,0.04814605452880949,1.3379836724827152e-06,0.9518526069542352,0.9518526069542352,0.1930391817630212,0.1199419873681678
93894.0,0.023405489149091446,0.4068427142184183,0.24530972703551684,0.3244370067140814,5.062882892394037e-06,0.4068427142184183,1.163754114848314,0.7230810867927562
93895.0,0.7038165551004686,0.0012641684988471149,0.010903735823265065,0.2839983600025089,1.7180574912027552e-05,0.7038165551004686,0.6625950724858117,0.4116934660024931
93899.0,0.44314540248817835,0.0006985116812872319,0.022182815794097862,0.4264650507778664,0.10750821925857017,0.44314540248817835,1.0534224350550498,0.6545281597485564
93902.0,0.4414718137155709,0.03618694040316983,0.00517554299085112,0.5170042799520008,0.00016142293840681283,0.5170042799520008,0.8507944166458129,0.5286282931903092
93903.0,0.007490779667393739,4.557085675739673e-06,0.0009149192605556165,0.9915099067080881,7.98372782877021e-05,0.9915099067080881,0.05232518841665613,0.032511467520682395
93906.0,0.02608279361420058,0.11170166132707973,0.057137349796896574,0.8050187328902928,5.9462371530837536e-05,0.8050187328902928,0.678674844544468,0.4216843901222918
93907.0,0.019616437150990505,0.9734221070750042,0.00025352318360927814,0.0067073220021852354,6.10588209548397e-07,0.9734221070750042,0.13901643204526187,0.08637576570755351
93909.0,0.002710815204351174,3.5404707311599855e-06,6.859080910850445e-06,0.9972542154750947,2.4569768911278664e-05,0.9972542154750947,0.019151075348693834,0.01189923214852688
93913.0,1.651494542052374e-06,0.9850607931982861,0.014814481145351287,5.453941316364784e-13,0.00012307416127481328,0.9850607931982861,0.07835786589152212,0.04868647947593974
93914.0,0.06989126144515687,0.0026636730159956944,0.056850705925745,0.8703435772999749,0.000250782313126488,0.8703435772999749,0.4877090392785664,0.3030306640042792
93915.0,0.8058313216306145,0.15343620802320496,0.010022299132869538,0.02791639309128951,0.002793778122020067,0.8058313216306145,0.624035621598304,0.3877351321086489
93916.0,0.008373821372455906,0.035128747628264026,0.17571869916268604,0.7807285222185437,5.020961804927406e-05,0.7807285222185437,0.6569870712254524,0.4082090189063775
93918.0,0.003975695140123574,1.6984913956488428e-05,0.06175162220133722,0.9336236292372196,0.0006320685073629982,0.9336236292372196,0.26289732996397686,0.16334729530906425
93920.0,0.007183213472631797,0.9820240399589915,0.010425795466482304,0.00035301952531807657,1.39315765773958e-05,0.9820240399589915,0.10380956730911589,0.06450051071067114
93923.0,0.0010508580823477595,0.027495423892962917,0.0002938567436040718,0.9693837818397073,0.0017760794413794008,0.9693837818397073,0.14979920399023164,0.09307547860835252
93924.0,3.4559215869888557e-07,2.7716477953981827e-06,0.9835008934725983,3.405749450553696e-12,0.016495989284041855,0.9835008934725983,0.08411291395834716,0.0522622918899279
93926.0,0.38818042271927083,0.00016987827231112478,0.24824628319844483,0.3633391524603895,6.426334958545416e-05,0.38818042271927083,1.0831655279780716,0.6730085824434826
93927.0,0.004107976234657085,0.5845417252599702,0.41085170678698985,0.00046760844436164535,3.098327402273416e-05,0.5845417252599702,0.7057981650141661,0.43853705667137105
93929.0,0.00013648892315872997,9.064612295132078e-05,7.816834964802966e-05,5.294381837407866e-18,0.9996946966042405,0.9996946966042405,0.0031029022898554433,0.0019279415912122017
93930.0,4.593437583756739e-10,4.521889823010055e-11,0.8554973207979905,0.02540638938588972,0.11909628931155575,0.8554973207979905,0.48024671221414816,0.29839405950604647
93931.0,0.23003347212877173,0.17515196739899097,0.023576324353138896,0.5711998609546417,3.8375164458518795e-05,0.5711998609546417,1.051797553666944,0.6535185641776105
93932.0,0.05583970519254976,0.07075812524612231,0.07316963115028657,0.799410944879479,0.0008215935315609664,0.799410944879479,0.724660467017723,0.4502568638523947
93937.0,0.06139652474191815,9.9539374470468e-07,4.458259471582779e-06,0.9237338570294977,0.014864164575366242,0.9237338570294977,0.30723099120804925,0.19089334781693795
93939.0,0.03472622023631639,0.5523928861801272,0.05272504852253371,0.3593354362722302,0.0008204087887919895,0.5523928861801272,0.9732931271982447,0.6047410214950413
93940.0,0.0005928147356233084,0.00017766926817294057,0.006440366759337411,0.9922414422677487,0.0005477069691182936,0.9922414422677487,0.05027354376581305,0.031236709025811233
93941.0,0.06180473965108188,0.31250846822442835,0.20157585021306498,0.42396350021265405,0.0001474416987713628,0.42396350021265405,1.2234854618495503,0.7601942593729268
93945.0,2.1931175865998093e-06,0.9740280508788929,0.02542046240909939,3.1887413943535724e-08,0.0005492617070067046,0.9740280508788929,0.12313316200627851,0.07650693515728914
93946.0,0.0047895188407971225,0.004625522346412307,0.03920053404270003,0.9513745244632769,9.90030681337446e-06,0.9513745244632769,0.22496072422985183,0.13977595686783786
93947.0,0.0025883083262117808,0.6464281642705484,0.35092476236216785,1.4946979837651894e-09,5.876354637451756e-05,0.6464281642705484,0.6655052218894137,0.41350164349173885
93949.0,0.08418760319232292,0.002947237627117746,0.002380932621206403,0.9104415840928322,4.2642466521279936e-05,0.9104415840928322,0.32574615090012965,0.2023974633525775
93950.0,0.7934914083366691,0.10709923918146322,0.002514047699444554,0.0962939585887415,0.0006013461936812825,0.7934914083366691,0.6676742360100614,0.4148493277384503
93952.0,0.7403953597254793,0.0005866725179430766,0.0014066442083366082,0.25336603482731623,0.00424528872092347,0.7403953597254793,0.6071824479374824,0.37726366655498056
93953.0,0.004358778640657085,4.4682632056694325e-09,2.9267317163106476e-10,0.269799778611159,0.7258414379872464,0.7258414379872464,0.6097272910086872,0.37884486645809207
93957.0,0.12537463022525128,0.0736832834483198,0.0520008968458402,0.7487323312147968,0.00020885826579059578,0.7487323312147968,0.824672159124942,0.5123976220230296
93959.0,0.002562478355158627,0.03721704830423371,0.9601742236819522,8.28110875840967e-06,3.7968549896270134e-05,0.9601742236819522,0.17727597895501512,0.11014775878300545
93960.0,0.002020316217763509,1.8731988414221882e-06,0.011332094854559915,0.9862235449878254,0.00042217074100897806,0.9862235449878254,0.08029029116899127,0.04988716280925737
93963.0,0.040943900166221424,0.0004086961427336997,0.40434375673795203,0.5326190714433041,0.021684575509788404,0.5326190714433041,0.918756120861798,0.5708552742319081
93964.0,0.01675008663080349,0.007071122436624468,0.012993647062781869,0.9631377598077971,4.738406199479402e-05,0.9631377598077971,0.1965927044016326,0.12214991512428551
93965.0,0.0012847563673038355,0.9888287470278738,0.009173319164024592,0.0007126227490168451,5.546917801717871e-07,0.9888287470278738,0.06786975994106362,0.042169852851557325
93968.0,8.39112336432085e-30,6.274828174338596e-52,2.082715183961057e-33,3.9764355322391475e-32,1.0,1.0,1.421519084682928e-13,8.832394674567064e-14
93970.0,0.09665601419308814,0.1421441280005794,0.03336578240670501,0.7278312035722756,2.8718273533679306e-06,0.7278312035722756,0.8478667367604155,0.5268092234003043
93971.0,0.9257836014412968,0.0005766192896332845,4.118313736675887e-05,0.0007257993077075801,0.07287279682399536,0.9257836014412968,0.2722110548582941,0.1691342379567811
93972.0,0.2971863682870224,0.11287355632178128,0.5819293154242795,0.007611541225796508,0.0003992187411189307,0.5819293154242795,0.9621511615152888,0.5978181289765565
93974.0,4.257605350542412e-06,0.00024013903079076376,0.002325722388511882,0.9972662950119875,0.00016358596336103556,0.9972662950119875,0.020312717477978286,0.012621000984907522
93975.0,0.010939901139800708,0.8976783388460583,0.07453763282060444,0.016836568053642798,7.5591398936915075e-06,0.8976783388460583,0.4086822851300043,0.2539285808869239
93978.0,0.07750737020386249,6.0862807968964914e-05,0.861785853951363,0.05990155626030113,0.0007443567765030032,0.861785853951363,0.5009837247932739,0.31127868985985946
93981.0,0.029098466801889992,0.008154301254157618,0.36254471209942735,0.5997979751962154,0.00040454464830982174,0.5997979751962154,0.819734396651937,0.5093296176999942
93982.0,2.1023279227574543e-05,0.9891622223920203,0.010811453062293525,9.657771838699188e-07,4.335489273254408e-06,0.9891622223920203,0.060017229155676664,0.03729080114989159
93983.0,0.3773020519620585,7.395508470788036e-06,0.5927219651666432,0.0002091631839655622,0.029759424178861637,0.5927219651666432,0.7842233086950633,0.4872653381881694
93984.0,0.2724183005556667,0.47512220692851137,0.0068561892076197326,0.2455948719479141,8.43136028737547e-06,0.47512220692851137,1.0869282927545434,0.6753465196496349
93987.0,0.39753418407902136,0.0010266579547208213,0.0052232657735047615,0.5956396826133481,0.0005762095794039225,0.5956396826133481,0.7141367393960966,0.44371810423928826
93988.0,0.02230321611796376,0.9640072033194312,0.012023623256535217,0.001664207589073493,1.7497169952044884e-06,0.9640072033194312,0.18398330620405975,0.1143152555203605
93989.0,0.014514698402215094,0.9766050901500781,0.0067518771332604945,0.002128093000513667,2.413139308008612e-07,0.9766050901500781,0.1313961790630086,0.08164103631949748
93990.0,0.06555693405162565,0.016140575555806197,0.8896154624663549,2.085008925176862e-09,0.02868702584120366,0.8896154624663549,0.4511660019004655,0.28032519826634744
93998.0,0.012688729638033407,0.9724274377608805,0.0011502737774207817,0.013732937350514163,6.214731501786107e-07,0.9724274377608805,0.149281014074328,0.09275350911086509
93999.0,0.0007726070000774745,0.9977304598200745,9.258548385547894e-05,0.001403636404165472,7.112918279942836e-07,0.9977304598200745,0.017893260302812224,0.011117707719305934
94003.0,0.0010497027405339215,7.238441739092724e-07,0.99601903279887,0.0017369794136106475,0.0011935612028097801,0.99601903279887,0.030256636411478233,0.018799505204719798
94004.0,0.22311748694738867,0.6828535719247639,0.021886406990059414,0.07213885433631409,3.6798014742981865e-06,0.6828535719247639,0.8685385979679601,0.5396533729309195
94007.0,6.141275872158934e-07,0.015409495621057373,0.003982035095226598,0.9422518325508829,0.03835602260524622,0.9422518325508829,0.26743434195720356,0.16616629935897193
94010.0,0.0029226999075435156,0.0006865536935511644,0.6019962540566893,0.3942814922628906,0.00011300007932583055,0.6019962540566893,0.6955518261917216,0.43217064840965186
94012.0,0.040547330732024635,0.15452049018202382,0.12373073309089244,0.6811948908932883,6.555101772519372e-06,0.6811948908932883,0.9386689776236884,0.5832278277849522
94013.0,0.01740749564562852,0.0020334717987174128,0.4139539922923372,0.5665334585015893,7.158176172628409e-05,0.5665334585015893,0.7708246917694356,0.4789403094174952
94015.0,0.030499519376275663,0.9385743446776814,0.005747715434277898,0.025177301019308155,1.119492456877887e-06,0.9385743446776814,0.2883095484739669,0.17913679443398345
94016.0,0.16759138717899705,0.7331902713030655,0.09247747973530138,0.006702728556935595,3.813322569962272e-05,0.7331902713030655,0.7810080212623977,0.4852675677816038
94017.0,3.9189748485306707e-17,4.180179170047104e-17,2.3324937555579287e-05,1.3013950656261064e-09,0.9999766737610484,0.9999766737610484,0.00027213608541857176,0.00016908765682485723
94019.0,2.9482283860514318e-05,1.5368807290418074e-05,0.8066736889591615,0.00020798941081385567,0.1930734705388761,0.8066736889591615,0.4930887503478234,0.3063732664294456
94021.0,0.7208453995469001,0.2567344434928003,0.021967887234323167,0.00044623959838633193,6.030127589625741e-06,0.7208453995469001,0.6724321809442556,0.41780560514277615
94027.0,0.00026209903143610346,6.127613319878649e-05,0.00011978541736942344,0.9995462877583045,1.0551659690367841e-05,0.9995462877583045,0.00441202359714399,0.002741344393006924
94028.0,0.00041864196741691543,0.9918698807388354,0.007708838813710087,2.383422100075332e-06,2.550579374369492e-07,0.9918698807388354,0.04889460411134356,0.03037992564583978
94029.0,1.797893277538256e-05,0.37716750215264133,0.622759711795962,1.8472391542413228e-10,5.480693389895671e-05,0.622759711795962,0.6634329545546586,0.4122140714029087
94030.0,0.05406855504409347,0.1194333918813188,0.026607585146663698,0.7998644097293582,2.6058198565825935e-05,0.7998644097293582,0.6869298672919503,0.42681352414088675
94031.0,0.5051039170420019,0.010518170310821211,0.03042094335903576,0.45120908011672567,0.002747889171414418,0.5051039170420019,0.8744242973909394,0.5433103635967339
94033.0,0.09390044213592777,0.0016473978393970864,0.22693445214875885,0.6774308324067518,8.68754691648201e-05,0.6774308324067518,0.8338823133433648,0.5181202125916173
94037.0,0.02834617684528142,0.004787836601090601,0.5822804798752214,0.38445323093077943,0.0001322757476258566,0.5822804798752214,0.8101718914339524,0.5033880991461518
94038.0,0.0705939206166804,0.12074565405005235,0.39382372986623043,0.4146973695284767,0.00013932593856128006,0.4146973695284767,1.175637424885547,0.730464602457092
94039.0,0.003445451110637915,0.023225176509937936,0.04309304043960445,0.9299381739995516,0.0002981579402673188,0.9299381739995516,0.31239325687610087,0.19410084381797615
94040.0,0.5695482005607124,0.05978077394228608,0.023310843661517668,0.34696549166673735,0.0003946901687478681,0.5695482005607124,0.9470005005003183,0.5884044940062849
94041.0,0.000128436790936847,0.8815389532582936,0.11816154243641969,8.586185622762198e-07,0.00017020889578852664,0.8815389532582936,0.3661476616746215,0.22750033340575584
94042.0,0.003775850735610021,0.3050700420108173,0.07676994463806674,0.6139718032048893,0.00041235941061645647,0.6139718032048893,0.8830264183597232,0.548655161865947
94043.0,3.6191364869197565e-05,0.0011256853628841149,0.9732448488844717,0.01472688875467493,0.010866385633101066,0.9732448488844717,0.14566467799165878,0.09050655316759423
94044.0,0.0019218378742196657,0.9978197475288691,8.576153421136208e-05,0.00017243024887176635,2.2281382797344984e-07,0.9978197475288691,0.01649863377548954,0.010251177537216794
94045.0,0.005166468305897631,1.301643364154242e-05,0.006350118607535934,0.9815696819067428,0.006900714746182813,0.9815696819067428,0.11207612699941381,0.06963681303487552
94046.0,0.001986251745724972,0.00011881274210210847,0.021470335941272883,0.9764234020554619,1.1975154370936314e-06,0.9764234020554619,0.11921343301363693,0.07407147060015477
94047.0,0.700720845392225,0.007958069409899113,0.0001053596840146739,0.290251284538554,0.0009644409753065575,0.700720845392225,0.6543793958898466,0.4065887791223762
94048.0,0.0007334210501391639,0.061112824317861116,0.020174963429955638,0.9179290049112528,4.978629079151065e-05,0.9179290049112528,0.33395559890188065,0.207498280189516
94049.0,0.9999997347676054,1.4296303526214469e-38,1.9484041313804813e-13,1.4413292580575025e-31,2.652322025516935e-07,0.9999997347676054,4.281559242060568e-06,2.660282331478804e-06
94050.0,0.010250323335154413,0.0003838734903336843,0.11439540983548582,0.8749259853788415,4.440796018487584e-05,0.8749259853788415,0.41533948988497177,0.2580649347677015
94051.0,0.0030302682176608898,0.003526896974470928,0.9709243853796283,0.022229971555110393,0.0002884778731286118,0.9709243853796283,0.15310477801449768,0.09512934722840181
94057.0,0.6896980020822938,0.009993855838164213,0.29354970540810366,0.0025683919887476785,0.004190044682689446,0.6896980020822938,0.7003194601091769,0.43513294591775814
94058.0,0.8652146817708651,2.396313019690502e-10,0.11974115046239212,0.00012985923702663185,0.01491430829008442,0.8652146817708651,0.44328835014668383,0.2754305380294281
94060.0,0.2746458797716121,2.7365802146085374e-05,0.021871881921928474,0.7034040660098758,5.0806494438121984e-05,0.7034040660098758,0.6867879507717096,0.4267253464490701
94061.0,0.634339686181745,0.34671899881923746,0.005945685274510847,0.012991351761139192,4.277963367927088e-06,0.634339686181745,0.7429442981910344,0.4616172468979631
94065.0,0.0014115846988684807,0.0033727211365447195,0.9951265488954525,3.535702475085601e-06,8.560956665895706e-05,0.9951265488954525,0.0341696716387269,0.021230810691571806
94067.0,0.6899278683451813,0.03148435881016454,0.09794105488937813,0.18051982017554086,0.00012689777973370062,0.6899278683451813,0.9026888317715547,0.5608721062164714
94068.0,0.0026701615885964137,0.002477512305112054,0.1170657630819605,0.8776490987096449,0.0001374643146857055,0.8776490987096449,0.39755995651840836,0.2470178895668874
94069.0,0.00014286811451535403,0.00018308365762695908,0.022770441554177154,0.9768465944410293,5.701223265112691e-05,0.9768465944410293,0.11240530333957441,0.06984134179464778
94073.0,0.000230468909799421,3.936123682123731e-05,0.5048045498752208,0.016463397379945635,0.478462222598214,0.5048045498752208,0.7677264694160404,0.4770152756342973
94074.0,0.06519551886831638,0.8858849048660071,0.010402531640486271,0.038515548405046805,1.496220142185057e-06,0.8858849048660071,0.45829694579268393,0.28475590282296726
94080.0,0.004913247788384529,0.03489488156444176,0.9532103737668045,0.006733596886555224,0.0002478999938147044,0.9532103737668045,0.224612781872733,0.13955976812614693
94081.0,2.5206010472633844e-20,2.253471974957043e-41,2.644344560536225e-06,1.689113573182082e-27,0.9999973556554385,0.9999973556554385,3.6605889283361074e-05,2.274451782237355e-05
94082.0,0.1422120925244843,0.0030228758633503955,0.7460529040121577,0.10851206273575784,0.00020006486424965688,0.7460529040121577,0.7561733463987571,0.46983691670039446
94084.0,0.6150681702225848,0.13407834173341232,0.07207476941688426,0.1772789242729194,0.0014997943542003477,0.6150681702225848,1.0743552021082448,0.6675344191957048
94092.0,0.0009096746899347173,1.2323387863789413e-05,0.718213274983129,0.038900843796750816,0.2419638831423204,0.718213274983129,0.7138693377008456,0.44355195822446836
94093.0,0.005457327811927832,4.964835299300717e-05,0.00015832758388223517,0.9940970211252077,0.00023767512598786165,0.9940970211252077,0.038183391498115345,0.023724675057745538
94095.0,1.187461162848417e-11,1.2246795687252092e-17,0.5164332732648946,2.159589147592415e-10,0.4835667265072701,0.5164332732648946,0.692606983507151,0.43034091477294584
94097.0,0.6700542102314931,0.012756753749467858,0.3064308017113676,0.010462966583447616,0.00029526772422412825,0.6700542102314931,0.7364736871760278,0.45759683022639325
94098.0,0.2194622731058872,0.7676354795040122,0.004495906824113121,0.008406156552284829,1.8401370182849086e-07,0.7676354795040122,0.600297377402671,0.3729857317047952
94101.0,0.6816092812121114,0.00036324532535096817,0.009650421100141181,0.3078011263524743,0.0005759260099234793,0.6816092812121114,0.6759008656917148,0.4199608201533466
94105.0,0.4601668236575737,0.45390121900347824,0.0853335681302031,0.0005370470501397763,6.134215860572772e-05,0.4601668236575737,0.9303519843346348,0.5780601893039654
94112.0,0.030943581012173503,0.6500216092158129,0.11666660365686574,0.20232577071813404,4.2435397012674475e-05,0.6500216092158129,0.9619131393527345,0.5976702374917621
94113.0,0.05814250499457883,0.0007746469171608995,0.9060115008841568,0.03433444714184774,0.0007369000622542452,0.9060115008841568,0.38145990539932373,0.23701436535840453
94116.0,7.750648534407057e-08,5.6911008142916325e-05,0.9860552898287857,1.0122450412044153e-14,0.013887721656577014,0.9860552898287857,0.07379886188780939,0.04585381102163588
94118.0,0.46368523207190004,0.26070004036506883,0.20116871370593303,0.07443819979650478,7.81406059412388e-06,0.46368523207190004,1.2229089882725275,0.759836076200672
94119.0,0.005004581586390757,7.385817775519575e-06,0.9756192845055648,0.018113467151594627,0.0012552809386727393,0.9756192845055648,0.13172030288034947,0.0818424257703342
94122.0,0.003052270135870094,0.10950333607054712,0.0051479551740058645,0.8822830671674158,1.3371452160133072e-05,0.8822830671674158,0.3976524882635777,0.24707538277271687
94124.0,0.01722677353202548,0.0003426824960405826,0.005902323531137418,0.9757284615579055,0.0007997588828897124,0.9757284615579055,0.13266804722130246,0.08243129243839946
94126.0,0.08645963824481537,0.0038373903091335963,0.9094780989330798,4.430173209389343e-05,0.00018057078087715765,0.9094780989330798,0.32130292219356826,0.19963673013495278
94127.0,0.23571720519369924,0.7549617393786133,0.004201722240602863,0.005114821792996554,4.511394086413277e-06,0.7549617393786133,0.602883342087875,0.3745924819032499
94128.0,1.1706114332007841e-05,1.2922404215313227e-11,1.8047114727257552e-05,0.9996137583842399,0.0003564883737791181,0.9996137583842399,0.003546450678700645,0.0022035337003693564
94130.0,0.009868483603704853,0.9135768772613228,0.07655013407970468,2.825933114148214e-07,4.222461956030636e-06,0.9135768772613228,0.3249286216927839,0.20188950389603078
94131.0,0.9993634590742648,9.21982320698127e-06,0.00048351053925694307,8.970140467234619e-09,0.00014380159313074297,0.9993634590742648,0.005706955152500312,0.003545930606213421
94133.0,1.3177502698270676e-07,0.1852653285301026,2.085338900030655e-05,0.8143749439471216,0.0003387423587490779,0.8143749439471216,0.4825037743810945,0.29979645107984304
94134.0,0.18282561793622332,0.0707961489564582,0.012363796322002504,0.7339592701455712,5.516663974671809e-05,0.7339592701455712,0.7799958535726139,0.48463867263630866
94137.0,0.05379745183351398,0.9315666163182936,0.014359578445376253,0.0002391390724454468,3.721433036930597e-05,0.9315666163182936,0.2865672631924597,0.178054251722614
94138.0,3.0013690541278494e-06,0.00013811171636858794,0.8894383339163185,8.128438200459794e-08,0.11042047171387626,0.8894383339163185,0.3487851493758832,0.21671239796282882
94139.0,0.008225667617916644,0.0127873985586011,0.9359288241448568,0.04266207981361076,0.0003960298650133191,0.9359288241448568,0.2948823300219193,0.1832206932269551
94141.0,0.5536630705660074,0.009525847625624995,0.3724008866529497,0.06431651293393288,9.368222148657942e-05,0.5536630705660074,0.9168572141171787,0.5696754171340053
94150.0,0.00021441719810007972,0.00015022580353939033,0.7551882358960862,0.24234021946788897,0.002106901634384829,0.7551882358960862,0.5716617358950462,0.35519340726258264
94151.0,0.0015505038918715171,0.9135755985975743,3.368795939971188e-05,0.08483951256722963,6.969839263044694e-07,0.9135755985975743,0.3022631742519223,0.18780666959359868
94152.0,0.007816906464413836,0.2105053023984911,0.657481868562698,0.124106376350366,8.954622402998137e-05,0.657481868562698,0.9014463822215878,0.5601001289066491
94154.0,0.00019797519585811925,1.2264065002749524e-05,0.6325209864349379,0.36619796914637764,0.0010708051578237595,0.6325209864349379,0.6667471986584774,0.41427332704626957
94155.0,0.020961278185917424,7.703551857539504e-05,0.02019894900884471,0.9585651336377018,0.0001976036489592414,0.9585651336377018,0.20281516904944086,0.12601614978903095
94156.0,0.11202522674020617,0.45292958905791764,0.05006783253520336,0.38497274007000004,4.6115966719713184e-06,0.45292958905791764,1.1214223174609226,0.6967788622332706
94157.0,0.016297857669766182,0.003408143418877592,0.5229701931287027,0.4573011793681493,2.262641450288537e-05,0.5229701931287027,0.7835032397943592,0.4868179342248721
94158.0,0.026898390666301532,0.000175166079035942,0.014206172289850647,0.9585793318685388,0.00014093909627380284,0.9585793318685388,0.20100600266260998,0.12489205151046194
94160.0,0.015092781675387553,0.9352340995449959,0.031864359430360666,0.01780566363652693,3.095712729970268e-06,0.9352340995449959,0.3074917785277209,0.19105538408914013
94162.0,0.00012035564435233093,0.05964863759014665,0.0927250526425824,0.8407055662522777,0.0068003878706425,0.8407055662522777,0.5695768611124787,0.3538980017259911
94163.0,0.003136956018666265,0.7664807851411585,0.014083791919827306,0.2162341628089681,6.430411138144529e-05,0.7664807851411585,0.6137208516086602,0.3813262051721361
94166.0,9.913607491723804e-08,0.004163081558534856,3.265648679539616e-05,0.9955651387207237,0.00023902409787212168,0.9955651387207237,0.029577075046013465,0.018377269988179505
94168.0,0.053227641029567015,2.4725795143529664e-05,0.9402405752129203,0.006478195542541991,2.8862419825799114e-05,0.9402405752129203,0.2472729132485704,0.15363929937166507
94169.0,0.0029605613843400524,0.009238303054307987,0.003572126540213903,0.984104623075204,0.00012438594593351597,0.984104623075204,0.09752773000153395,0.06059738573825059
94173.0,1.4380961386480014e-07,0.0015020704866349015,2.1307150970106296e-09,0.0006465228528472834,0.9978512607201868,0.9978512607201868,0.01666156404203292,0.010352411803717305
94174.0,0.04584927852578374,0.8824291928071487,0.03912095367893867,0.03259388752746521,6.687460664689492e-06,0.8824291928071487,0.49016089899573106,0.30455409010119305
94175.0,0.0276120531919718,3.8658307904648164e-05,0.9521525779973722,0.015645590978139137,0.004551119524611762,0.9521525779973722,0.23577932396719725,0.14649793082766802
94176.0,0.04468833097925359,0.9315931916407798,0.0211982897068799,0.0025195864329646154,6.012401222803859e-07,0.9315931916407798,0.30168472420729425,0.1874472583729737
94177.0,0.04796230208543209,0.7271910390560677,0.22472462120118922,0.00011481666813648458,7.220989172906298e-06,0.7271910390560677,0.7139501094152648,0.4436021445123613
94179.0,1.7147278725640566e-10,1.8717813148270283e-18,3.409693974469625e-08,7.632989171880588e-20,0.9999999657315902,0.9999999657315902,6.243890887343274e-07,3.87954753588479e-07
94181.0,0.9105452508563997,0.07645953359864446,0.00014001163227263022,0.0010802270148248983,0.01177497689785733,0.9105452508563997,0.3428285575103306,0.2130113593458474
94182.0,0.13475223900874822,0.03262329276570775,0.8183471006908793,0.014001756068809075,0.0002756114658553402,0.8183471006908793,0.6078264947000008,0.3776638353080233
94183.0,0.7797901979913683,2.109356775417747e-06,0.004403704237492749,0.21378569037807468,0.0020182980362870523,0.7797901979913683,0.5602256274727544,0.34808775358440136
94187.0,0.6181988642148816,0.0003037653429392929,0.37233455199525867,0.008973796638675778,0.00018902180824560347,0.6181988642148816,0.7115506686339358,0.44211128813151457
94189.0,0.9998477539963085,5.5974576714835985e-05,9.047907482430105e-05,1.6587004636221306e-06,4.1336516888321014e-06,0.9998477539963085,0.001615974104424784,0.0010040611644228006
94190.0,0.03555996140582587,0.11235438717177157,0.002421622443957675,0.8496306037652747,3.342521316965249e-05,0.8496306037652747,0.5176457289821758,0.32163137514220275
94192.0,0.9629667361446712,0.00013723503978973667,0.02677156827201121,0.009840824609052385,0.00028363593447602197,0.9629667361446712,0.1822768943154339,0.1132550022012094
94193.0,0.9848930645837728,1.1960457822203212e-05,0.011290878368850416,0.0037791038156403437,2.4992773915278787e-05,0.9848930645837728,0.08709909717205949,0.054117711841602856
94199.0,0.010210885976682422,0.004018644443269301,0.8109735464334111,0.17470602660470444,9.089654193283053e-05,0.8109735464334111,0.5445417568716721,0.3383428168708364
94200.0,0.6659401977694299,0.03744386966616943,1.109598540865768e-05,0.031369860970067026,0.26523497560892667,0.6659401977694299,0.8544712894093006,0.5309128626881949
94201.0,0.00021967958397260632,0.0002583794793075498,0.9918681377442468,0.00580984779750051,0.0018439553949742109,0.9918681377442468,0.05360315461825605,0.03330551256692288
94202.0,0.3035764590388069,7.755337518066095e-08,0.6919385721024156,0.004400984939102123,8.390636629882644e-05,0.6919385721024156,0.6413803100187886,0.39851199295334755
94205.0,0.004771344639595457,0.00014393759645280236,0.9767542078963171,0.01585600740965154,0.002474502457981975,0.9767542078963171,0.13031205996615342,0.08096743525139814
94206.0,0.020394024152189067,0.28262306439969603,0.6137128100548489,0.08315398779383305,0.00011611359943322848,0.6137128100548489,0.944011205272605,0.5865471404515943
94207.0,0.15266165062292977,0.022010519927945733,0.5883039806542972,0.23678934079127317,0.00023450800355564522,0.5883039806542972,1.0261067255709297,0.6375559551837913
94208.0,0.9999918711708833,7.127532108958719e-09,8.197607654455726e-09,5.586513155928899e-08,8.057638843938205e-06,0.9999918711708833,0.00010385526379374824,6.452890353295978e-05
94210.0,0.0008607006515698588,0.11142542025147448,0.034923619499807455,0.8526848616235583,0.00010539797359142953,0.8526848616235583,0.5045945752603147,0.31352223739850277
94211.0,0.0009188741163772697,0.9979521925672786,0.00031267409271521125,0.0008162178406301792,4.1382999178931955e-08,0.9979521925672786,0.01679888750962776,0.010437735671468844
94212.0,0.5203545056275963,0.04020097720273443,0.2184617118679887,0.2183134364965851,0.0026693688050964297,0.5203545056275963,1.1494842223040465,0.714214704042591
94216.0,0.0010607782632575515,4.578582247059304e-08,0.9977853864332317,0.0008055210500533434,0.0003482684676359326,0.9977853864332317,0.0179895905401362,0.011177561061009738
94219.0,0.917239276852289,0.07717864433325451,0.005279802167016564,9.96475829689811e-05,0.00020262906447153265,0.917239276852289,0.307268689295304,0.1909167709555154
94221.0,0.02073015002662185,0.9790176764806634,1.4354051961627138e-05,0.00021519198792569575,2.262745282925348e-05,0.9790176764806634,0.10333332051737039,0.06420460194148772
94223.0,0.08250052877542496,0.1840483408961626,0.00743727748393854,0.7260042896085448,9.563235929194746e-06,0.7260042896085448,0.7863756119700639,0.4886026394026944
94227.0,0.00027052268022547803,0.04055147416874718,0.9577029699608479,0.00013200797411589083,0.001343025216064166,0.9577029699608479,0.18364729130664884,0.11410647772606662
94229.0,0.7780836094334427,0.0001325059729863007,0.2180501445577231,0.0008044159278473232,0.0029293241080016155,0.7780836094334427,0.5513363158832207,0.3425645137496384
94232.0,0.0005114341913518439,4.005635595464533e-05,0.875230599168422,0.013201699611855104,0.11101621067241725,0.875230599168422,0.42207307764146507,0.2622487480757337
94233.0,0.0092229020310766,0.14944144471278778,0.07985233368412357,0.7614446196350737,3.8699936939856974e-05,0.7614446196350737,0.7370334917249017,0.45794465634913406
94237.0,0.00022710542772649145,4.285597675171155e-06,0.007979854977139947,0.991752565814987,3.618818247262206e-05,0.991752565814987,0.04909118921453362,0.03050207083806577
94241.0,0.07178057537568872,0.01051131198955354,0.004561245442606355,0.9130073334184546,0.00013953377369578515,0.9130073334184546,0.3458809528584265,0.21490791920970662
94242.0,0.1615370815161813,0.5335510272551734,0.2401577380269053,0.06469643103370071,5.7722168039632136e-05,0.5335510272551734,1.1499430984596246,0.7144998198286882
94243.0,8.538412794387484e-06,4.947129375327085e-06,0.999217192905418,0.0005427380325420816,0.00022658351986991966,0.999217192905418,0.006924952534936438,0.0043027149301231495
94245.0,0.0025096841597741764,0.9832724514029397,0.01416472139432323,5.2061151868016564e-05,1.081891093229441e-06,0.9832724514029397,0.09244141338958554,0.05743707953901616
94247.0,0.9954855513376998,6.384620290863553e-06,0.0009259770484951718,0.003370758479314789,0.00021132851419971367,0.9954855513376998,0.032024970443172436,0.01989823291458205
94248.0,0.010899619856253095,0.9666129345951129,0.005923642608436159,3.608294468289979e-09,0.016563799331904785,0.9666129345951129,0.18038081064756495,0.11207689917951451
94250.0,0.9996003154788645,2.926544867060197e-05,0.000357118730694539,1.1391070474243145e-05,1.9092712963105724e-06,0.9996003154788645,0.0036945226806328457,0.0022955360080000107
94251.0,0.3736641971535395,0.5889735927727827,0.014199578698370923,0.023143953236425895,1.867813888039466e-05,0.5889735927727827,0.8273981811797956,0.5140913947580902
94253.0,0.9469126116804633,0.00011204149178460606,0.007220623767713425,0.0431427657432628,0.0026119573167739246,0.9469126116804633,0.2394184988472661,0.1487590773136266
94255.0,0.017766303267409366,5.728116395155975e-05,0.001874133591990872,0.9800836276992833,0.0002186542773647067,0.9800836276992833,0.10549408259644798,0.0655471589064903
94258.0,0.0015186238337600163,0.0016782598044807729,0.0018206797816688325,0.994745586204191,0.0002368503759004004,0.994745586204191,0.039283542823348776,0.02440823750941512
94259.0,5.5980364043279885e-05,0.9268622932040268,0.07306320164011681,5.781951708724557e-14,1.8524791754697606e-05,0.9268622932040268,0.26231016089728343,0.16298246665543487
94261.0,4.8426905711672476e-17,0.009104294155599048,6.397429038280025e-12,0.9904724529342532,0.0004232529037497715,0.9904724529342532,0.055550810476422054,0.034515659192101096
94262.0,0.0016421693561945855,0.9872315945197313,0.0012192111576837998,0.009906904359344467,1.206070468868133e-07,0.9872315945197313,0.0771136210664576,0.04791338669898214
94266.0,0.01012969097280015,0.023684495892944024,0.00828170876260226,0.957901739125462,2.3652461930830236e-06,0.957901739125462,0.21609808551727444,0.1342692898233331
94267.0,3.595752372587972e-18,2.4268150219651535e-26,8.09141372835512e-06,3.526913396741899e-27,0.9999919085862717,0.9999919085862717,0.00010296083702500806,6.397316493513625e-05
94270.0,0.018610715560827065,0.3626807626312596,0.003503882533997153,0.615144638987418,6.000028649802917e-05,0.615144638987418,0.7612792319367291,0.47300938175699914
94274.0,0.5452374810252026,0.0792217742204233,0.2717777132780051,0.10374030907213724,2.2722404232412636e-05,0.5452374810252026,1.1209406136629037,0.6964795628354514
94275.0,0.01585362627176119,0.8086699277023858,0.07143544321367204,0.0025890009495553577,0.10145200186262392,0.8086699277023858,0.6735119010957742,0.4184764729924626
94276.0,0.0001959244676974559,1.0804421522818438e-13,0.0011869769416506086,0.00010521476044603843,0.9985118838300955,0.9985118838300955,0.012119370859312249,0.007530188499774443
94278.0,5.8685077618208904e-06,0.0029573975377822186,0.9238160918172562,0.07049512409652431,0.0027255180406747766,0.9238160918172562,0.29356065501526973,0.18239949037318942
94279.0,0.0004695692906448077,0.0007266131738799231,0.002648880033316464,0.9961534003299283,1.5371722298230194e-06,0.9961534003299283,0.028427164709345608,0.017662790524396562
94283.0,0.9986226503459592,0.00013337811147593468,5.78440639870763e-05,0.0011079032758300237,7.822420274806908e-05,0.9986226503459592,0.011410153019221688,0.007089526679513265
94284.0,0.14567167498333003,0.6260165338724468,0.2094206249539508,0.008319018826412882,0.010572147363858378,0.6260165338724468,0.9891848605551672,0.6146151106004035
94285.0,0.005005962186460779,1.5006292543688542e-10,9.236222221912177e-05,0.9936360319482205,0.0012656434930385986,0.9936360319482205,0.042163509198742864,0.02619766122880449
94286.0,0.11888640335682048,0.4864270255556826,0.3915083863567519,0.0031524748986476404,2.5709832095604676e-05,0.4864270255556826,0.989296449787453,0.6146844448887434
94287.0,0.16214177802834895,0.7862699149346011,0.0005208593601799961,0.02906865890030961,0.021998788776559256,0.7862699149346011,0.6747942627161658,0.4192732490659504
94290.0,0.9851504220337802,0.009324674375424943,0.0052744381994330675,0.00019543579880193596,5.5029592559859515e-05,0.9851504220337802,0.08820507497152745,0.054804894485259666
94291.0,0.13109102424566987,0.8196163789477807,0.040229301173029426,0.009060649641966416,2.6459915524922274e-06,0.8196163789477807,0.6013129831671356,0.37361676304599717
94293.0,0.24370621837836628,0.018915326780524853,0.3301662787138496,0.4071928662697153,1.930985754221527e-05,0.4071928662697153,1.15105054313147,0.7151879138913976
94295.0,0.6686353522252964,0.3003149519929932,0.009541886505432086,0.021480162856918505,2.764641935868947e-05,0.6686353522252964,0.7575695377596643,0.4707044191682564
94298.0,1.297998398678608e-06,2.219904312940802e-12,0.1939181358208146,0.000707385536246467,0.8053731806423186,0.8053731806423186,0.4975592087296265,0.30915091839555475
94300.0,0.7637432254223481,0.0009562814020125303,0.20990650755017157,0.025188147338781525,0.00020583828668781698,0.7637432254223481,0.6346533771491207,0.3943323145589856
94301.0,1.454285341783916e-06,0.0023311806796969072,0.9957517273618388,3.631972995402293e-16,0.0019156376731223341,0.9957517273618388,0.030376450785239303,0.01887395006079993
94302.0,0.16070721276966096,2.388212027233328e-09,3.537132943917393e-05,7.763707530865619e-08,0.8392573358756126,0.8392573358756126,0.44123384141367006,0.27415399998024886
94303.0,0.002507740948888004,0.0010848950813551227,0.9051998324906505,0.09111562700698764,9.19044721178502e-05,0.9051998324906505,0.3317137640393106,0.20610534987188756
94304.0,0.0317370458979141,0.2507347129419818,0.01146448011161413,0.7059708858619015,9.287518658967559e-05,0.7059708858619015,0.7542548976965091,0.4686449175015272
94306.0,0.0038295898388496564,0.9135073066266781,0.08226716991788492,0.0003849904175260395,1.0943199062061668e-05,0.9135073066266781,0.31258855660656226,0.19422219036322189
94314.0,0.0007694132768628119,0.009727108227500968,0.012967991285154749,0.9762432206783268,0.0002922665321538524,0.9762432206783268,0.13278090901592168,0.08250141741417347
94319.0,0.003621187908993294,0.012142538105464791,0.32179955070408467,0.6623900479419481,4.6675339510411005e-05,0.6623900479419481,0.7120849782987926,0.4424432733921629
94320.0,0.0019399069723027719,0.04291656699839548,0.8851861637457104,0.06932628503488594,0.0006310772487057283,0.8851861637457104,0.4448694668725708,0.27641294108683817
94321.0,0.5442114086864962,0.19468071549146457,0.24098597029976201,0.015031271245733514,0.005090634276544124,0.5442114086864962,1.0825851492935328,0.6726479728915048
94322.0,0.0016385904169985647,0.000920208456092879,0.0006302837516714863,0.9966390086663671,0.00017190870886864607,0.9966390086663671,0.026433191985108566,0.016423865612269085
94323.0,0.02908353776050828,8.040665720362627e-05,0.0018318742302869074,0.9645686815088305,0.004435499843169157,0.9645686815088305,0.17401689810624313,0.10812277799710922
94324.0,0.07432985398717656,0.159864410641978,0.1972796371520185,0.568304747442845,0.0002213507759835932,0.568304747442845,1.1295229300102185,0.7018120558014802
94325.0,0.9991834199457982,1.4075247810247656e-07,0.00024171652991747237,1.6942493594428815e-10,0.0005747226023821826,0.9991834199457982,0.0071197879423203795,0.004423772975219947
94326.0,0.2761770879529959,0.04427154963040893,0.06692706047520507,0.6126075635804544,1.6738360934785618e-05,0.6126075635804544,0.974734913521403,0.6056368537057898
94330.0,0.16575218363433913,9.147722205458437e-06,0.8278680220120948,0.005936121220726068,0.00043452541063329164,0.8278680220120948,0.48818816423546313,0.3033283610780185
94335.0,0.013736714175825048,1.3865083397388904e-06,0.9013475602828093,0.08426233044063296,0.0006520085923928151,0.9013475602828093,0.36576790275651827,0.22726437592322776
94336.0,0.025105367424875343,0.0033577257476840113,8.156319571835609e-05,0.9673152509765017,0.00414009265522118,0.9673152509765017,0.16726171564118056,0.10392554714224132
94337.0,0.896012616894059,2.370117163341245e-09,8.689085180268254e-06,0.0212812026653121,0.0826974889853323,0.896012616894059,0.3865443099622508,0.24017348353478543
94339.0,0.1739354893882104,0.008236428309394897,0.001931352537524584,0.8158454029283501,5.1326836518788595e-05,0.8158454029283501,0.52238002300034,0.3245729574061648
94340.0,0.0532918169170868,0.0005710279630133625,0.0048793963677233754,0.94060329756256,0.0006544611896168905,0.94060329756256,0.24888137662424606,0.15463869385793202
94341.0,0.050752922274613615,0.12229361909112295,0.022744450628308096,0.8039718997847805,0.00023710822117435062,0.8039718997847805,0.671713577413944,0.41735911166529566
94342.0,0.8225446997828992,0.013264394068323459,0.15632163441413655,0.007834393751053742,3.4877983586379395e-05,0.8225446997828992,0.5464803998360995,0.3395473634702734
94343.0,0.0010785149829149446,0.001336523076035616,0.43818028827462296,0.5362634846186886,0.02314118904773923,0.5362634846186886,0.7990813928612746,0.4964971849412635
94345.0,7.896450191874855e-08,7.911716678571018e-16,0.8893182207994215,5.313784563787667e-08,0.11068164709822981,0.8893182207994215,0.34794041384740315,0.2161875342685205
94348.0,8.497314123867293e-05,1.4597307337918534e-12,0.9812091096481685,0.00038281773411684715,0.018323099475016574,0.9812091096481685,0.0957066206060326,0.05946586685117087
94350.0,3.980933588383118e-07,0.001394876439938545,0.00018843219909210206,0.9981997900758356,0.00021650319177441573,0.9981997900758356,0.014418670665110348,0.008958823794142933
94356.0,1.3037460024910342e-05,0.16857625166866702,0.826589697640213,1.0179506106447509e-07,0.004820911436034235,0.826589697640213,0.48341584977420893,0.30036315538453723
94359.0,0.0004053743014558239,5.668685919386319e-08,0.0006913318131304007,0.9988626545987386,4.058259981619996e-05,0.9988626545987386,0.009745025388502023,0.006054924712046661
94360.0,0.0017963226111435175,6.956771104553947e-05,0.0001278639954518546,0.9401004123120409,0.0579058333703182,0.9401004123120409,0.23620735958458083,0.14676388430998424
94361.0,0.27783023201627177,0.7195664746934425,0.0011975450058272564,0.001404822492853211,9.257916069484603e-07,0.7195664746934425,0.6099395755992796,0.3789767662902958
94365.0,0.0002078885514646016,0.8941679934123539,0.0028208169036707076,0.10279764076120489,5.660371305251637e-06,0.8941679934123539,0.3522781956588128,0.21888274964644658
94372.0,0.003638892801042638,0.00010805831117396572,0.007596786085295412,0.9852034769249007,0.0034527858775880082,0.9852034769249007,0.09275460351659282,0.05763167550608494
94373.0,0.32689226898328255,0.0018830343465277902,0.6665329964971045,0.0042778651285063215,0.00041383504457967246,0.6665329964971045,0.67426817759639,0.41894637400248175
94375.0,0.031278120582965314,0.820898017450194,0.1463222178744956,0.001500584471573317,1.0596207708802345e-06,0.820898017450194,0.5613774001941743,0.3488033902128923
94376.0,0.00513849593272139,0.00258228437421584,0.6468751214749092,0.34536483391743744,3.9264300716305436e-05,0.6468751214749092,0.6918274580579532,0.42985656837898095
94377.0,0.9864494869651633,5.042737172716355e-10,0.013500112657498257,4.349543812636712e-08,5.035637762706631e-05,0.9864494869651633,0.07207613935440739,0.04478342332908018
94379.0,0.5577238080251411,0.3686530849142741,0.033756335794684206,0.03986407815528153,2.693110620283153e-06,0.5577238080251411,0.936402799673227,0.5818197722564018
94380.0,0.005127105993800722,7.532234781340727e-08,0.9932604833310067,0.00021707676482447593,0.0013952585880213524,0.9932604833310067,0.044758788310305574,0.027810198805751234
94382.0,0.00023742505896480522,0.9989875316335849,0.0007454582298946984,2.23896257594518e-05,7.195451797166881e-06,0.9989875316335849,0.008686782850309376,0.0053974016538305344
94385.0,0.20511027585231587,0.5377933220223471,0.2532362342816473,0.003856144104617101,4.023739071507361e-06,0.5377933220223471,1.0278058413913405,0.6386116752008754
94386.0,0.54821260882946,7.471359399333864e-10,0.31599837537346304,0.0225185546936914,0.11327046035625009,0.54821260882946,1.0256848430646535,0.6372938248443623
94387.0,0.9993246114897747,1.0746783109498307e-08,0.0006656526794199088,1.5206925671743284e-06,8.20439145493587e-06,0.9993246114897747,0.005660887580346736,0.0035173072142840587
94388.0,0.2399554142433406,0.7557607221574403,0.004268790361180133,6.789711978430966e-07,1.4394266841028713e-05,0.7557607221574403,0.5775873528622439,0.3588752000931218
94390.0,2.5647965403827916e-07,2.0238364672565907e-17,5.8765704737227434e-05,4.5492791365130696e-08,0.9999409323228189,0.9999409323228189,0.0006362200936720023,0.0003953057702672037
94392.0,0.048224877158507345,0.9322773528086195,0.004585462464556551,0.014904571932187053,7.735636131362233e-06,0.9322773528086195,0.299060997368995,0.18581704522959674
94393.0,2.3261527165736612e-07,3.454697266920077e-07,9.570132603287318e-05,1.6009304845310907e-09,0.9999037189880402,0.9999037189880402,0.0009906484755968896,0.0006155245057565726
94398.0,0.17028806246432648,0.00014315107269667675,0.8283185891446848,0.0003164114246811139,0.000933785893609939,0.8283185891446848,0.4678059958269086,0.29066420780370633
94399.0,0.5634230553922979,0.00022976963783231943,0.027723219977361727,0.4071823362792506,0.0014416187132587242,0.5634230553922979,0.7998579277757962,0.4969796732115611
94401.0,0.0272273552611565,0.0011793345616809632,0.04080451254056783,0.9306348855147084,0.00015391212188720034,0.9306348855147084,0.3048517390826747,0.18941503535331755
94404.0,0.007275610233309708,0.0022442781572140167,0.8520253998986012,0.13833957279224188,0.0001151389186324013,0.8520253998986012,0.46063660748395985,0.2862096163668078
94405.0,0.15571832501483068,0.333055105504596,0.00015753274808203671,0.49081065297948756,0.020258383753004375,0.49081065297948756,1.085445882684386,0.6744254464857031
94406.0,0.9965083132663966,1.6432048659692516e-08,1.214668902245495e-05,1.4330700028231624e-16,0.003479523612532829,0.9965083132663966,0.023320455602640996,0.014489813755767278
94407.0,0.8461873603277256,0.035150975007898405,0.1078303704575418,0.010802752399426163,2.8541807408436303e-05,0.8461873603277256,0.5483870194631086,0.3407320128514512
94408.0,0.003288931835748211,0.05813329463482782,0.9045389547502805,0.03392769900426811,0.0001111197748768561,0.9045389547502805,0.390752863236274,0.24278840470789126
94409.0,0.006964593423178351,0.9890207260138549,5.403204777751292e-06,0.0040091660080221695,1.1135016712276944e-07,0.9890207260138549,0.06770592337029005,0.04206805546657726
94410.0,0.001097772560109288,7.001647794112181e-09,0.9921959008479544,4.7404185397931294e-06,0.006701579171748103,0.9921959008479544,0.04885671957252616,0.030356386658392846
94414.0,0.9019831597648666,0.0009710323017158032,0.004737775360374385,0.09210593667149918,0.00020209590154232263,0.9019831597648666,0.34651661101225967,0.21530287582712082
94415.0,0.006671719028863046,0.11082888440192581,0.05977378346340788,0.8227134379168257,1.2175188977487694e-05,0.8227134379168257,0.6063044131336904,0.3767181128576254
94416.0,0.623204529233858,7.641437277789914e-06,6.732401710347206e-05,0.37430048684237416,0.0024200184693869814,0.623204529233858,0.6778398950908199,0.42116560685814874
94418.0,0.0013693693268630193,7.186159814966553e-11,0.5186206798590272,2.2873424502356243e-05,0.4799870773177473,0.5186206798590272,0.7020991429779488,0.4362387250565634
94420.0,1.5651620190210988e-06,6.75240938330909e-12,0.9963564425352363,2.7576560375270615e-06,0.0036392346399560355,0.9963564425352363,0.024131011061762804,0.014993440178917662
94421.0,0.0531952384565559,0.09052086293160591,0.6327040124095213,0.2228035806108595,0.0007763055914562823,0.6327040124095213,1.0032231037955777,0.6233375615455159
94424.0,1.0180733571819945e-05,3.317838021424098e-09,0.9984197482825387,2.3558812459358706e-07,0.0015698320779267752,0.9984197482825387,0.011835761021173728,0.007353971799554183
94425.0,3.652646302793969e-05,4.355579464238184e-07,0.9977016112928128,0.00021376901213519085,0.0020476576740782516,0.9977016112928128,0.017158981464336042,0.010661474625252828
94427.0,0.9957972808781766,4.610754627768978e-05,0.00022744582266467217,0.003296776982907915,0.0006323887699719055,0.9957972808781766,0.03006082288811169,0.01867783942199296
94428.0,0.5113120971743396,1.2004416906574722e-11,0.4656824895926253,1.1949102807479921e-05,0.022993464118222635,0.5113120971743396,0.7857531734807978,0.48821589662469883
94429.0,0.008937575815106956,2.61113114081132e-09,0.9782640626094232,0.0034247338660575244,0.009373625098281069,0.9782640626094232,0.12687573380722095,0.07883232576231236
94430.0,0.999963274828146,2.2141239236985305e-11,1.4137015749755548e-07,6.1383758067092e-07,3.596994197577016e-05,0.999963274828146,0.0004158089523595826,0.00025835662820364205
94432.0,0.6304823267445125,0.002534607653464099,0.35616589118300207,0.01070191955218616,0.00011525486683539434,0.6304823267445125,0.7232681287453129,0.4493917554430219
94433.0,0.08574278762269551,3.2960087467351587e-09,0.9125454313137997,0.001440068511991082,0.0002717092555063506,0.9125454313137997,0.3057861286629311,0.18999560424201933
94434.0,0.0010239178991194881,0.6731029041955294,0.00011297614696617978,0.32562192071069196,0.00013828104769318832,0.6731029041955294,0.6411106300315642,0.39834443135613345
94436.0,0.19483229825787557,0.10114878878714353,0.01833718174206141,0.6856728194529119,8.911760008883814e-06,0.6856728194529119,0.882591837572758,0.5483851416411172
94443.0,0.0069412533564067475,0.6038598090932858,0.05701989400749786,0.3321504204309706,2.8623111837954537e-05,0.6038598090932858,0.8688047910960978,0.5398187680207711
94445.0,0.011258236700862699,0.02150700236960283,0.15327140394575156,0.8138890095453074,7.434743847481456e-05,0.8138890095453074,0.588864737551629,0.36588223317110447
94446.0,0.6353695557544622,0.023486001771119834,0.15590993897417882,0.18515991426688785,7.458923335167366e-05,0.6353695557544622,0.9790177321469221,0.6082979185362074
94448.0,0.01782457547029094,2.8071583113330668e-05,0.03661031229694335,0.9455010820435391,3.5958606112718985e-05,0.9455010820435391,0.24651689112091052,0.1531695564124499
94450.0,7.224563150269264e-05,7.411339197154414e-08,0.00023688782985011424,0.9996898514963262,9.409289276106756e-07,0.9996898514963262,0.002990789224242441,0.0018582818269262693
94453.0,0.43298015550803626,0.5397079035910392,0.016447083914503276,0.010851955541947332,1.2901444473804732e-05,0.5397079035910392,0.8120756294806655,0.5045709581008249
94457.0,0.01681823089224824,0.9802920309651588,0.0009977633085878348,0.001749876719511974,0.00014209811449282945,0.9802920309651588,0.10748182932359374,0.06678221538912249
94459.0,0.9994677576762176,2.9170803948187468e-12,9.883135739945285e-05,0.00023986664101490396,0.0001935443224523439,0.9994677576762176,0.005097728681756361,0.003167396916881745
94460.0,0.5464159232237129,0.4057830594802418,0.047419541475545904,0.0003462999578973151,3.5175862600530834e-05,0.5464159232237129,0.8439196911190313,0.5243567860550111
94463.0,0.9996682632458217,0.0002462738137616515,5.128853507981506e-05,3.3193691824213984e-05,9.807135114091633e-07,0.9996682632458217,0.0032405173128407933,0.0020134466125132236
94464.0,3.1818319482809494e-12,1.1276935046093637e-11,1.4380656093592622e-05,0.0005430119736872848,0.9994426073557569,0.9994426073557569,0.004800146507449566,0.0029824987160827253
94465.0,0.0007229425462899247,0.00010174024431562726,0.996766272004191,8.897368402932922e-06,0.002400147836800845,0.996766272004191,0.023973957906064387,0.014895857566699405
94469.0,0.9999735026279383,1.9120242217543613e-05,7.260579877411825e-06,5.4419638871045693e-08,6.213032945266287e-08,0.9999735026279383,0.00032208997677266607,0.00020012575464035137
94470.0,7.3824888398888475e-06,8.357293997751662e-07,0.9673626670498922,0.02745416887101132,0.005174945860854869,0.9673626670498922,0.15814255976935665,0.09825949702538272
94471.0,0.00025740014066466364,9.345766726462433e-12,0.9990375925731952,1.3526778811180669e-05,0.0006914804979840685,0.9990375925731952,0.008272651162370939,0.005140087168606244
94473.0,0.000961854206774614,0.000618781483709209,0.24497054609727742,0.7532923126463666,0.00015650556587190799,0.7532923126463666,0.5706134101325331,0.3545420458435344
94474.0,7.493928576023074e-05,7.55184342755857e-06,0.9791151932646981,0.0006902043063615432,0.020112111299751104,0.9791151932646981,0.10505636990025187,0.06527519271704336
94478.0,0.004393995636691045,0.9786928452932664,0.0169094081304625,1.0623706278844194e-08,3.7403158725652157e-06,0.9786928452932664,0.11396238849255283,0.07080881319627738
94479.0,0.8135564961952677,0.0011576809054716678,0.06290899074888913,0.12160693453780419,0.0007698976125664664,0.8135564961952677,0.6114477673845945,0.3799138585345278
94481.0,0.9501683056105543,0.01210613798020664,0.01414237751203229,0.023493486814036953,8.969208317004749e-05,0.9501683056105543,0.25119306480512665,0.1560750264825217
94483.0,6.788823168068402e-05,5.838719653340214e-05,0.9881009102571516,1.5506352638085638e-10,0.011772814159569748,0.9881009102571516,0.06534316304795514,0.040599989936319254
94486.0,0.16477324121413608,0.10166856864327645,0.3540984166320641,0.3777547308048145,0.0017050427057103382,0.3777547308048145,1.2757690854320773,0.7926799012101157
94487.0,0.003517448857867413,0.8441187525851901,0.14121595623634559,0.010062211971405385,0.001085630349192278,0.8441187525851901,0.4930309353693781,0.30633734396359674
94488.0,0.07777367656308803,0.9078232619621923,0.010078180364698019,0.00432453655717818,3.445528445750724e-07,0.9078232619621923,0.35630059535953734,0.22138200710126887
94490.0,0.006938509689824563,0.7931290752513639,0.19938045559715628,0.0005338372214494758,1.812224020451491e-05,0.7931290752513639,0.5440416032158525,0.338032053931828
94493.0,0.2691433643677479,0.05166472484554472,0.21500805536244927,0.46408703630896775,9.681911528995336e-05,0.46408703630896775,1.1939864059021723,0.7418654653762924
94497.0,0.503981238005958,0.021192617579585835,0.44671796921016377,0.005055885504536355,0.023052289699756152,0.503981238005958,0.900630810298747,0.5595933855793421
94499.0,1.0684850465998064e-05,1.3760699048355167e-05,0.6950567057708782,0.00012377380845793036,0.30479507487114876,0.6950567057708782,0.6163568365371896,0.3829640346952041
94500.0,3.3017677451962426e-05,2.7816435084627815e-08,0.9777618463020407,5.071944089918524e-06,0.02220003625998095,0.9777618463020407,0.1069222643910809,0.06643453814839777
94501.0,0.9212632035661888,0.04064646797450411,0.03735079552250548,0.0007260468652988993,1.348607150208383e-05,0.9212632035661888,0.33392267400648223,0.20747782280178823
94503.0,0.005683792165989109,0.3830538128335961,0.6102615329667818,7.612176862639434e-06,0.0009932498567711149,0.6102615329667818,0.7053026933643747,0.4382292028262717
94504.0,0.029905496106830007,0.14708093702756217,0.02469663289411848,0.7981491698252178,0.00016776414627181686,0.7981491698252178,0.6596936812860054,0.4098907302912296
94506.0,0.42078934184704125,0.06401768883872216,0.5150509966954684,1.5981796590361174e-05,0.00012599082217819253,0.5150509966954684,0.8832423333381001,0.5487893173849073
94507.0,0.9190822678862799,1.9338853941599836e-05,0.0011122162336900498,0.07974711513818948,3.9061887898211664e-05,0.9190822678862799,0.28739490299630716,0.1785684932459765
94508.0,0.47167544880319906,0.527095076171568,0.0010066988809846757,0.0002226608637947791,1.1528045474999926e-07,0.527095076171568,0.7008070412192807,0.435435897094897
94509.0,4.292194345079586e-05,2.3265759975837495e-05,0.9933513959573798,4.597728239483554e-05,0.006536439056799508,0.9933513959573798,0.04064614422104083,0.025254869359680947
94510.0,0.3931336126240726,0.02263287482548094,0.4064983185711663,0.17747487153941952,0.00026032243985968156,0.4064983185711663,1.1276824707735804,0.700668514182124
94512.0,0.06277767089072474,0.004348065299558752,1.9218230423982952e-05,7.807105949580357e-05,0.9327769745197972,0.9327769745197972,0.2632815059997142,0.1635859973010885
94515.0,0.9991824061077387,2.340198315403363e-10,0.0007960628899594519,9.20397433291264e-08,2.1438728538911365e-05,0.9991824061077387,0.006729800248311309,0.004181459996883767
94519.0,0.03326169380534978,0.01401749173480682,0.0675661587010003,0.8847789399006799,0.00037571585816136585,0.8847789399006799,0.46636263245609133,0.2897673957181538
94523.0,0.24499079027896092,0.13262373660985835,0.3378022030813446,0.2845739345954639,9.335434371019628e-06,0.3378022030813446,1.3368845485595648,0.8306530734930134
94528.0,0.9999192474949259,1.801174971162365e-21,1.793428555410022e-13,2.4164639738848894e-10,8.075226324704711e-05,0.9999192474949259,0.0008417739887311326,0.0005230235862022418
94530.0,0.0003829091871053194,0.9991016878695438,1.4741145644505472e-05,0.0005006109616874133,5.0836018984323235e-08,0.9991016878695438,0.007879858831565223,0.004896031571449557
94531.0,0.13233260724249796,0.7636868178536718,0.017440271877415304,0.08653887680839537,1.4262180204328382e-06,0.7636868178536718,0.7559313885548542,0.46968657983928686
94532.0,0.38843621787599647,0.07799259507175241,0.3194317493035527,0.21412590188493769,1.3535863762400599e-05,0.38843621787599647,1.2609855482021066,0.7834943730727721
94534.0,0.002439169927736332,1.2342690204135217e-06,0.9875028493887252,0.009590148066722289,0.0004665983477975253,0.9875028493887252,0.07525423883732772,0.04675808756332442
94539.0,0.18027035485551166,0.7771600247207248,0.028431271058322233,0.014137156482539402,1.192882902480246e-06,0.7771600247207248,0.6662343705607284,0.4139546890337144
94541.0,0.009544007684114408,0.878416122495109,0.09526460517392173,0.016765332829675093,9.931817179851519e-06,0.878416122495109,0.45090538532810875,0.280163268085417
94547.0,0.005189182341247051,0.006408315060661357,0.9873673695162883,1.810201037016847e-08,0.0010351149797935477,0.9873673695162883,0.07933164717710155,0.049291523807290606
94549.0,7.885667169549596e-10,4.691275702277164e-08,0.9573782412230515,1.1942481058745036e-05,0.04260976859456727,0.9573782412230515,0.17629888860287374,0.10954065841299886
94552.0,0.3838465663175415,0.049646120725230204,0.5246804551936435,0.0410105921086657,0.0008162656549201042,0.5246804551936435,0.991806956218499,0.6162443102377889
94553.0,0.36202797159460604,0.29650276560468725,0.34105085430913423,9.78117841893228e-05,0.0003205967073835326,0.36202797159460604,1.0986495215667451,0.6826293285866224
94554.0,0.06020398103413256,0.002620485790925684,0.8191932068807575,0.11496662390905428,0.003015702385130278,0.8191932068807575,0.6143162091026066,0.38169612158167693
94557.0,0.9395157170238515,0.017890764099261807,0.028869266408611236,0.01371905209374221,5.200374532353956e-06,0.9395157170238515,0.29184481386968164,0.18133337832728075
94558.0,0.0015571231838400863,0.9626180962739405,0.03553391877289378,0.0002653192988886538,2.554247043872738e-05,0.9626180962739405,0.1677821001716345,0.10424888023041676
94559.0,0.001765646306173151,2.6469107666820283e-09,0.0001083916057192316,0.9977408745661485,0.00038508487504851314,0.9977408745661485,0.01746662160579629,0.010852622192414941
94560.0,0.9728491301720238,8.140664790700382e-06,0.0016046887523969212,0.024199694596035604,0.0013383458147542952,0.9728491301720238,0.13611223095996067,0.08457128411626993
94564.0,3.471718790288517e-08,3.2460740454016765e-08,0.726130814699721,3.32604272521779e-06,0.2738657920796271,0.726130814699721,0.5871114637940207,0.36479286293565577
94565.0,0.5271519780889985,0.002743042567726153,0.22079982982435986,0.20484097127865508,0.04446417824025983,0.5271519780889985,1.1504158029268634,0.714793527627906
94568.0,0.0001553550278382203,0.0069472455235431605,0.0024550697846009444,0.9904071158279484,3.52138360689951e-05,0.9904071158279484,0.06054794111591023,0.03762055103097331
94569.0,0.006914169025328673,0.9775255219736605,0.0005695799640010272,0.01498914957722669,1.5794597817092213e-06,0.9775255219736605,0.12384941566084494,0.07695196857487725
94570.0,1.3353843526367477e-11,3.040635371250677e-18,0.0015510730236968032,2.0655031592301886e-05,0.998428271931356,0.998428271931356,0.011826903881757472,0.007348468549414598
94571.0,0.002593920526248772,4.2417316988420813e-05,0.990155841672338,0.0003602740582905223,0.006847546426133205,0.990155841672338,0.06265205165966,0.038927908417980266
94575.0,2.2296796110416404e-07,7.713819187220848e-09,0.9937232888040133,1.2653047171488386e-10,0.006276480387676414,0.9937232888040133,0.03808822582035477,0.023665545297581848
94576.0,0.8508999194064247,0.002905808306401839,0.04412035718343112,0.10195845070582354,0.00011546439791924796,0.8508999194064247,0.5258895798086358,0.3267535676559805
94577.0,1.9218398298654303e-05,0.002357108947674498,0.06834405663857543,0.9273867605776088,0.0018928554378414358,0.9273867605776088,0.2796290267111596,0.1737432830125463
94578.0,0.024177197141604368,0.0022022544018844613,0.6277294089441862,0.34540220548813594,0.0004889340241877771,0.6277294089441862,0.7666752345165906,0.47636210666684087
94579.0,0.011327509271322882,0.12324808751328159,0.11727947761546623,0.7481248460637564,2.0079536174085357e-05,0.7481248460637564,0.7774448534588619,0.483053647147569
94583.0,2.832164433995746e-07,1.1052904964764059e-08,0.9935625043694313,2.7898971736442898e-08,0.006437173462247205,0.9935625043694313,0.03890151379948552,0.024170869530873173
94586.0,0.00184351041320857,0.17673964544404386,0.8127391866203127,3.380908201745276e-05,0.008643848440416081,0.8127391866203127,0.5278420161602332,0.32796668456873207
94589.0,0.00211171415494369,0.0005915161788418799,0.008420776534951425,0.9888468685718632,2.912455939966939e-05,0.9888468685718632,0.06902670772858982,0.04288870492940881
94590.0,0.32986120397287944,9.301407065673042e-06,0.559994424838514,0.10956286461101777,0.0005722051705213356,0.559994424838514,0.9371957341998466,0.5823124501786091
94595.0,0.027383002777448533,0.6968114326420172,0.020146762936859765,0.2555204277229914,0.0001383739206827141,0.6968114326420172,0.7787783606592298,0.4838822017566443
94596.0,0.001893123460421328,0.13075621757710512,0.031994882321925745,0.8353322350582129,2.3541582333948675e-05,0.8353322350582129,0.5385629098579249,0.3346279503528079
94605.0,0.03640134802474819,0.004415286920116983,0.6772293215005379,0.18788986417615336,0.09406417937844506,0.6772293215005379,0.9449725428621736,0.5871444530798986
94606.0,0.01270556417674032,0.042768240554299314,0.3677903114013647,1.6014855066701132e-06,0.5767342823820881,0.5767342823820881,0.8755927818472373,0.5440363838099217
94607.0,0.00586110068391489,0.3695886706836675,0.13584015907997035,0.48632978388830406,0.0023802856641421616,0.48632978388830406,1.0341305553251725,0.6425414409190611
94608.0,7.216435133028777e-06,0.8675162679507765,6.1447328908624e-05,0.13225876499637726,0.00015630328880559196,0.8675162679507765,0.3929022124026262,0.24412387043151246
94609.0,0.16663242585829463,0.3829954030693372,0.3576739410000796,0.09010397329991833,0.002594256772369629,0.3829954030693372,1.266217895725517,0.7867454133788235
94615.0,0.4469457016229511,0.006304282983218574,0.07890767890816984,0.4678193078744436,2.302861121704796e-05,0.4678193078744436,0.9478942059614585,0.588959784430498
94616.0,0.576219302739985,0.0007629606468724095,0.19106215279443883,0.2318016998656017,0.0001538839531005043,0.576219302739985,0.9795808334900028,0.6086477930723609
94618.0,0.14583385790736317,0.0004741975204852969,0.002417050663777787,0.8504985946610805,0.0007762992472919851,0.8504985946610805,0.44224719238498256,0.2747836303396952
94619.0,0.06439088376123762,6.81537524481983e-07,0.9334170477427253,5.1379415794749336e-05,0.0021400075427180634,0.9334170477427253,0.254597264138221,0.15819017445237774
94623.0,0.002469904787658829,0.9889041672890462,0.008439459429903142,2.613094189862282e-05,0.00016033755149256885,0.9889041672890462,0.06783615882214239,0.042148975302531276
94624.0,0.00020663344841694652,1.1475783147144959e-05,4.042800287401829e-05,0.9993971834881777,0.0003442792773859552,0.9993971834881777,0.005640641570853394,0.00350472766130042
94625.0,0.11181638946789428,0.019975337330716925,0.8553573086172838,0.011910709005338471,0.0009402555787665889,0.8553573086172838,0.516105631265638,0.32067445862828237
94627.0,0.8368254184299837,1.2310844674601323e-05,0.14696990254944564,0.015350618713879043,0.0008417494620174159,0.8368254184299837,0.5011029157285802,0.3113527473518481
94631.0,0.01947141286188224,0.980222416910102,0.00028733784871750787,1.8801001876664075e-05,3.1377422004368916e-08,0.980222416910102,0.09882318386979932,0.06140229648271425
94632.0,9.644581005756229e-05,7.577236693550368e-07,0.8917063526472343,0.0821213670877509,0.02607507673128831,0.8917063526472343,0.4034654123547001,0.2506871555824744
94633.0,0.00038834792819670536,0.9984005353171944,0.0011417510803971914,1.294115903853805e-05,5.642451517347226e-05,0.9984005353171944,0.013081333425960772,0.0081278894481718
94634.0,0.0001604229592643492,0.008871532768472747,0.8451160114129105,0.14389410353984422,0.001957929319508748,0.8451160114129105,0.4767098501509238,0.2961964835474466
94640.0,0.8954757669304477,0.08523210661201719,0.006579618770077491,0.012705596958193182,6.910729265104384e-06,0.8954757669304477,0.397339865810021,0.24688113952099436
94641.0,7.508634294907664e-07,0.0027601377749574283,0.012193665220114978,0.20738193899996676,0.777663507141531,0.777663507141531,0.5918142977228655,0.3677148979470793
94642.0,0.5946466655910817,0.0014198644273025558,0.21227379918751704,0.19155852891071443,0.00010114188338580124,0.5946466655910817,0.9648917493069429,0.5995209519127388
94644.0,0.0057952219095833086,0.9939731974628209,3.702424429238554e-05,0.00019289872291725386,1.657660384727052e-06,0.9939731974628209,0.0379079649975029,0.023553542951011523
94649.0,0.0037039388600487236,2.40109419222945e-06,0.9880138794640098,0.008039338140566994,0.00024044244118254842,0.9880138794640098,0.07346167102523987,0.04564430255910715
94650.0,5.504927542038493e-05,8.406893248441467e-06,0.9999245668135291,8.349084736730356e-08,1.1893526954172729e-05,0.9999245668135291,0.0008497885312501368,0.0005280033014538124
94651.0,0.9567263664235037,0.005215563341862832,0.014340043339120279,0.023614691901462002,0.00010333499405291725,0.9567263664235037,0.22001257239263164,0.13670149726986763
94652.0,2.2723269323281017e-06,0.9938714153840257,0.005877825047081009,8.632992003194724e-19,0.00024848724196166135,0.9938714153840257,0.03839361911236336,0.02385529681868695
94654.0,0.004321737178074576,0.10629278741521728,0.7954793468071787,0.09323243598339627,0.0006736926161323061,0.7954793468071787,0.6699319678295701,0.41625213539077793
94660.0,0.0006825054199071639,0.0099749636881973,0.9873882183249565,1.5723672779639378e-07,0.001954155330209508,0.9873882183249565,0.07566070205869842,0.04701063736237567
94663.0,0.00744642656951626,0.9873227383323002,0.004356118079502978,0.0008737652921058371,9.517265761592806e-07,0.9873227383323002,0.07893168726092467,0.04904301473894638
94664.0,0.0029584758077478577,0.0036793774828483413,0.3624327658358805,0.6225765425047215,0.008352838368802535,0.6225765425047215,0.7406909226132294,0.46021714593078944
94666.0,0.6990508120178106,0.04028789058150231,0.23030022220463,0.02895895681928469,0.0014021183767730827,0.6990508120178106,0.8296221538199772,0.5154732266529397
94669.0,0.026572689058833695,0.5472077527087532,0.0013504600006440796,0.424857163382385,1.1934849384655551e-05,0.5472077527087532,0.7990653763784717,0.49648723334096934
94670.0,0.00013725750849075347,0.0008074987021655274,0.7069461610189962,0.29019103133881136,0.0019180514315346132,0.7069461610189962,0.6231699753961204,0.3871972758822634
94672.0,0.9308150140426127,3.595298058579115e-05,0.036734424353609574,0.03159490293477298,0.0008197056884180574,0.9308150140426127,0.3034525621434258,0.18854567784133203
94673.0,0.10119682282146548,0.8975894694665564,0.0003436240123968259,0.0008688691432199594,1.214556360036083e-06,0.8975894694665564,0.33766947010946513,0.20980583811324333
94676.0,0.0021922135604944873,1.3633787549478993e-05,0.9962436896595904,0.0012366290145336203,0.0003138339778321786,0.9962436896595904,0.028135837618478855,0.017481778825457425
94677.0,0.8681337570343285,0.1052675043499089,0.00857991019390147,0.018012530704118873,6.2977177435192485e-06,0.8681337570343285,0.47299805023199243,0.293890212587719
94678.0,0.0005578701618299161,0.9338415706494239,0.06559803631609645,1.4763027321197088e-09,2.5213963463507104e-06,0.9338415706494239,0.24683458303086983,0.15336694949453458
94679.0,3.7128888910500674e-06,0.011538897590388984,0.0035457810001835624,0.9843416871766916,0.0005699213438437021,0.9843416871766916,0.09133103106501282,0.05674716021004162
94681.0,0.9630657656958075,4.6958585660023776e-08,0.030926048436605028,0.004708717477060556,0.0012994214319410587,0.9630657656958075,0.17761483480945794,0.11035830176315083
94684.0,0.03802142052853426,0.7737911313841468,0.0021322465385029666,0.18592338465318634,0.0001318168956295468,0.7737911313841468,0.6498498847069829,0.40377443558798454
94685.0,0.9944836399478383,0.0012553329776870412,0.003224528872850222,0.0010292456659556487,7.252535669916659e-06,0.9944836399478383,0.039552142054623,0.024575127595201654
94686.0,0.5279248863616625,0.11965639097295748,0.005616293341431783,0.34582933070408983,0.0009730986198577099,0.5279248863616625,0.9943428522392347,0.6178199510258827
94687.0,0.017573730269527653,0.9660936581534634,0.015894921794469392,0.00043695625505449484,7.335274866937217e-07,0.9660936581534634,0.17356990459345337,0.10784504531209142
94688.0,0.002568240160414698,0.003027524475768739,0.05655085402669469,0.9377322577490453,0.00012112358807565554,0.9377322577490453,0.2567068028672376,0.15950090456052227
94689.0,0.11751703989696627,0.03044268045586674,0.015954333432629714,0.836077955778289,7.990436246523006e-06,0.836077955778289,0.5737263892183101,0.3564762485000811
94695.0,0.06112184561018797,0.0007390665679725702,0.1539639856614349,0.7841656031558819,9.499004522765006e-06,0.7841656031558819,0.6549975885326654,0.40697288380764723
94696.0,0.07149967940025753,0.8830150562955428,0.01689116424172615,0.028591750143460697,2.3499190131679124e-06,0.8830150562955428,0.4690751817832623,0.2914527973768413
94697.0,0.003077194671055028,0.991517697404845,0.0015127818514391606,0.003891439620712083,8.864519470888648e-07,0.991517697404845,0.057673479654718945,0.0358345477070899
94698.0,0.1405630433698529,0.001530517814394212,0.8386419756241148,0.018766440629245484,0.000498022562391037,0.8386419756241148,0.5116935248867661,0.3179330628000959
94704.0,6.000030572694009e-06,1.3651953103995911e-12,0.998725293834451,3.244067879593701e-05,0.0012362654548155264,0.998725293834451,0.009958959648945276,0.006187849541759228
94705.0,0.040678191013742246,0.0017258388625610369,0.9572458128568304,7.905359689128043e-13,0.0003501572660760312,0.9572458128568304,0.18584715913564812,0.11547333245963769
94706.0,0.07964256011506349,0.3945325245728829,0.5251775739375014,0.0005353625370036361,0.00011197883754996171,0.5251775739375014,0.9117241671094762,0.5664860757073831
94708.0,0.06409570674974079,0.01747564101733472,0.050806979201025115,0.8675719022834368,4.9770748464226685e-05,0.8675719022834368,0.5219464726158157,0.3243035774063681
94710.0,0.0023232349337025046,0.10084902284898441,0.7248601623581176,0.16780223324794888,0.004165346611247332,0.7248601623581176,0.8010456594540306,0.49771765239613125
94711.0,0.629576991406235,1.591900603615835e-06,0.35809013158719216,0.011834994560873387,0.0004962905450973214,0.629576991406235,0.7153632438210488,0.444480174285903
94713.0,0.3160903209568181,0.10004413259000666,0.5822004083903934,0.0015875357927700342,7.760227001241395e-05,0.5822004083903934,0.9202686365592435,0.5717950530738007
94716.0,0.0001830653687278384,0.020227316349131993,0.9779568288140921,9.049486260433519e-05,0.0015422946054441495,0.9779568288140921,0.11310302720818398,0.07027486200889099
94719.0,0.2308991977505691,0.6850482455857104,0.006264575661403283,0.07763837009999906,0.00014961090231699147,0.6850482455857104,0.8290933074550856,0.5151446359314178
94720.0,0.0678269136093564,9.658412032887918e-06,1.579815722411101e-05,0.0015147937469165227,0.930632836074469,0.930632836074469,0.25953297289236876,0.16125690272814147
94721.0,0.9189965121669814,9.226444821745186e-09,8.9191522619407e-05,0.07887573191337029,0.0020385551705831666,0.9189965121669814,0.29142712866033155,0.18107385591506267
94725.0,0.007518718912987272,0.0019014961180594603,0.2532009398628019,0.7368825109146181,0.0004963341915319043,0.7368825109146181,0.6252382492619042,0.3884823666893115
94726.0,0.06418643420446478,0.4432244070194969,0.4850317267250288,0.007523084108782424,3.434794222855999e-05,0.4850317267250288,0.9249756333783726,0.5747196746343867
94729.0,5.540699048715861e-06,7.221992152419106e-08,0.9598070769916933,0.00025976256846524674,0.03992754752087074,0.9598070769916933,0.17018112882317188,0.10573948054062637
94730.0,0.04122360093046821,0.9278319018032941,0.028903377593032447,0.002040101007989036,1.0186652181349276e-06,0.9278319018032941,0.31603017742876577,0.1963605896115647
94731.0,3.5585999228898193e-09,7.949853813675807e-09,0.882634311267249,2.073296719718459e-09,0.11736567515100009,0.882634311267249,0.3616434855260049,0.22470173141321018
94736.0,0.008930708729305264,0.4388455488882596,0.00967373396708772,0.5423254242263835,0.00022458418896502055,0.5423254242263835,0.7821738492719419,0.4859919374516217
94740.0,0.04941074938720253,0.03160240848938983,0.469122344196061,0.44936691028984804,0.0004975876374989506,0.469122344196061,0.9760932575085585,0.6064808402781585
94744.0,0.009669030786240474,0.011083494152981306,0.02976913041382221,0.949438752293687,3.959235326865379e-05,0.949438752293687,0.24903358415036075,0.15473326571121
94747.0,3.0208738364147045e-05,9.044205176139806e-07,0.9994776986633825,8.933610682975014e-06,0.0004822545670532314,0.9994776986633825,0.004636000654779577,0.0028805091634557865
94748.0,3.0435178344541356e-18,1.0433934867922554e-22,1.0516572784045723e-08,8.970136299814479e-16,0.9999999894834275,0.9999999894834275,2.0370941800015535e-07,1.2657177790230313e-07
94750.0,1.3279673996418223e-10,1.0145184184564342e-09,0.002715476943738488,0.0164472674037937,0.9808372545051539,0.9808372545051539,0.10258188530227022,0.06373770899128768
94752.0,0.03661278325308485,0.0003133100515740455,0.7646049165982854,0.19755338208320483,0.0009156080138494903,0.7646049165982854,0.6556233994421059,0.4073617219881111
94753.0,0.21960845839419366,0.07955200144999276,0.6847869695865372,0.01603077863380615,2.179193547211193e-05,0.6847869695865372,0.8600658682079253,0.534388969939927
94754.0,0.002761496123393869,8.84154051275036e-10,0.9713898827958748,0.022171401301280078,0.0036772188952974016,0.9713898827958748,0.14953041099040754,0.09290846812739673
94755.0,0.0007773580038096135,1.1841543886434544e-09,0.9922611555811265,0.0008606132123005475,0.006100872018607779,0.9922611555811265,0.05045883880027731,0.0313518393039243
94760.0,0.00032323172396519654,7.144338400071966e-05,0.9977413099471905,6.03279143476457e-07,0.0018634116657008984,0.9977413099471905,0.017256865044981216,0.010722293113427457
94761.0,0.008431057001818575,9.123859295785337e-05,0.0024747191009495953,0.9889994749526009,3.510351671612101e-06,0.9889994749526009,0.06695025557876946,0.041598532668784015
94763.0,3.6936741051970888e-06,0.0007340585619916472,4.69440679436017e-05,0.9988299218519973,0.0003853818439629082,0.9988299218519973,0.010010703880241039,0.006220000040325219
94764.0,0.9769596279103591,0.01202247895555409,0.009427706084868053,0.0008191309318958371,0.0007710561173236508,0.9769596279103591,0.1312442911244576,0.0815466630371375
94765.0,1.3991570800415743e-06,8.586360439886833e-05,4.274822226061815e-09,0.17503066910188808,0.8248820638618116,0.8248820638618116,0.4646673254625154,0.2887140422582419
94766.0,0.008730480122262716,0.029860983245236967,0.0053832685844483,0.9559431436383126,8.212440974096555e-05,0.9559431436383126,0.21820761279421566,0.1355800128159031
94767.0,0.32186338345604265,7.469460056723111e-09,0.19309116243400073,0.0008028538104328639,0.4842425928300616,0.4842425928300616,1.0393099210737722,0.6457595617975276
94768.0,0.011246337232414949,0.013926415431459978,0.08515109799227956,0.8896195313359277,5.6618007918547524e-05,0.8896195313359277,0.42435128938539146,0.26366428062055913
94771.0,0.0004358664665693807,0.9877031868580511,0.011819585460825725,3.0127066956321663e-05,1.1234147597002294e-05,0.9877031868580511,0.0684906510927338,0.04255563421464897
94773.0,0.023782850928766495,0.0930735114301342,0.031983173950330485,0.8511374891021647,2.2974588605768452e-05,0.8511374891021647,0.5574462701601737,0.3463608417904712
94775.0,0.0655105586894255,0.9248210740034435,0.00036718490134978637,0.009300792609791539,3.897959908789797e-07,0.9248210740034435,0.297247251815513,0.18469010175481623
94777.0,4.6466676828944245e-08,4.2342138812879707e-16,0.9996520015655562,6.416555600391931e-11,0.00034795190360175173,0.9996520015655562,0.0031196202478020055,0.0019383290425188991
94779.0,0.00843435517989163,3.001792106209596e-06,0.35732870280082246,0.6191219182455517,0.01511202198162861,0.6191219182455517,0.768236120421694,0.4773319396085433
94780.0,0.007302642441295805,0.033364898401386414,0.21749609451646917,0.7321339343551354,0.009702430285711921,0.7321339343551354,0.7544287900044931,0.46875296286732887
94783.0,0.292796525872253,0.7029297257945786,0.002476395101284594,0.0017834888768989761,1.3864354983332969e-05,0.7029297257945786,0.6337207615563932,0.39375284791070897
94785.0,2.6166208396093793e-07,0.06551286540268521,6.0008744684000505e-05,0.934344059535635,8.280465491201239e-05,0.934344059535635,0.2433732885659274,0.15121632632466803
94786.0,0.5394869815713621,0.24961310565861408,0.06881077475137534,0.14205876563905445,3.0372379592377882e-05,0.5394869815713621,1.14107148861569,0.7089875787068687
94788.0,0.004741094477105914,0.9913722273029506,0.0038755979258247157,1.104344751406783e-05,3.6846604996612387e-08,0.9913722273029506,0.05561043937610379,0.03455270871058271
94792.0,1.0034001789987361e-126,3.227309767038206e-148,1.2025438258312045e-52,7.599908460059783e-125,1.0,1.0,1.421519084682928e-13,8.832394674567064e-14
94793.0,0.04911727033527641,0.0013886711324100254,0.012755999739561524,0.9366486444980696,8.941429468153247e-05,0.9366486444980696,0.2749266721197863,0.17082154583023926
94795.0,0.00021203906678595174,0.9963716737818581,0.0034153352552355348,4.489227970436631e-07,5.02973321722838e-07,0.9963716737818581,0.024826502310792017,0.01542557318862001
94797.0,0.00026757113109698985,0.0009326869114764679,0.9987792958781796,2.2857658145670694e-07,2.0217502664506122e-05,0.9987792958781796,0.010150825713572986,0.006307062630468896
94801.0,0.00017420949029833179,1.6954435572803907e-05,0.0006242769408383906,0.9991356052864794,4.895384680978727e-05,0.9991356052864794,0.007650428559080489,0.004753478528109261
94802.0,0.01687251829383871,0.9193408915437498,0.06322276006068338,0.00040220516269919563,0.00016162493902920617,0.9193408915437498,0.32530925298688923,0.20212600341624504
94812.0,0.06438797495635376,0.03418196572494948,0.004212181608025309,0.8964140917450434,0.0008037859656272391,0.8964140917450434,0.4187984446181455,0.2602141041804827
94813.0,0.006905895056930325,0.0002842653380030482,0.9369705665053786,0.05403055529703371,0.0018087178026550117,0.9369705665053786,0.26677519511985065,0.1657567484019201
94819.0,0.002768283492994244,0.9904990520986618,0.006731438718152135,7.230083054573678e-07,5.026818850707251e-07,0.9904990520986618,0.05944076544669026,0.03693262410899253
94826.0,0.00015578641190990152,0.0005103082949763441,0.9836364548620198,0.015172226305169763,0.0005252241259245595,0.9836364548620198,0.08897509107628511,0.055283332391319114
94829.0,0.0016865720766484713,2.069867430450066e-09,0.9968415744168306,2.6493237299608422e-05,0.0014453581993528204,0.9968415744168306,0.02365330786183116,0.014696626492449216
94831.0,1.6145268475955186e-09,4.09694384591812e-11,0.9951376714697678,2.690150758596402e-09,0.004862324184585173,0.9951376714697678,0.030748474336590816,0.01910510128973356
94832.0,1.3840195811295941e-06,0.03566086934711032,0.0025134479157039816,0.8937849807901086,0.06803931792749579,0.8937849807901086,0.417177466284822,0.2592069337138245
94834.0,5.219474398406116e-09,3.048814369024232e-14,0.0037778256897184506,5.850882962644865e-14,0.9962221690907208,0.9962221690907208,0.024845788957739808,0.01543755665613919
94835.0,0.7279083868818462,0.015735869017890744,0.2450465604096393,0.011273606737513413,3.557695311164099e-05,0.7279083868818462,0.6920421365953793,0.42998995565398396
94836.0,0.0735780484420322,0.7433046155231209,0.13405390561608724,0.049037305015637266,2.612540312269534e-05,0.7433046155231209,0.8300108096516856,0.5157147120987006
94844.0,6.26124094706771e-08,0.03695290413553936,9.263085893620142e-06,0.962962810981346,7.495918481112284e-05,0.962962810981346,0.1590378629495253,0.09881578016824381
94847.0,7.169736312800835e-17,7.258486716575007e-26,7.9212017745101e-05,5.1116690150285636e-30,0.9999207879822555,0.9999207879822555,0.0008272382651519112,0.0005139920333433695
94848.0,0.79522590838506,0.022031528685440272,0.02058024538090216,0.1620453279152523,0.00011698963334588865,0.79522590838506,0.6421497050220301,0.3989900449473371
94850.0,0.019541524037963814,1.5308710563098818e-05,1.4121151624854509e-08,5.6132332473282064e-05,0.9803870207978472,0.9803870207978472,0.09703884300515979,0.06029362316835141
94852.0,0.5981285584506911,0.0005111190273983459,0.19981920238437686,0.20152148460958916,1.9635527943365295e-05,0.5981285584506911,0.9560808272470575,0.59404641823125
94854.0,0.8617400932039705,0.03232206693721686,0.10064728967407306,0.005289540855442835,1.009329295283732e-06,0.8617400932039705,0.4979991800465369,0.30942428794495536
94855.0,2.6653992837399596e-25,4.7137599349571994e-12,3.2760974440217623e-14,1.2274094810449637e-35,0.9999999999952536,0.9999999999952536,1.2877209665308218e-10,8.001060224704684e-11
94856.0,1.0485558869908192e-08,0.929209820683021,0.05535576819210302,9.12252716462991e-25,0.01543440063931844,0.929209820683021,0.29280091320374846,0.18192743624444563
94857.0,0.9965354793648201,2.940582281505735e-08,0.00011997939355781925,0.0027939272767297948,0.0005505845590709877,0.9965354793648201,0.025103247625956053,0.015597524720907136
94858.0,0.06258234876652717,0.0003337902051407121,0.926796090999471,9.82523386779177e-08,0.010287671776521755,0.926796090999471,0.2936476138621395,0.1824535209426186
94860.0,0.9067916305911308,0.0020133286075926936,0.09076631624326714,0.0004206429589578372,8.081599052609235e-06,0.9067916305911308,0.3223770275808526,0.20030410933547124
94861.0,0.5233381043037387,1.7174155799989629e-06,0.4127710556282205,0.022672860421531774,0.04121626223093063,0.5233381043037387,0.9214323499109744,0.5725181088330447
94862.0,0.0017272256685411805,0.8749452443673694,0.12328254913643175,1.3126188541415175e-06,4.366820880330229e-05,0.8749452443673694,0.3863953155705274,0.24008090811415422
94863.0,3.896783318303442e-05,1.9059884524248936e-08,0.9936033819876614,0.0032486145786316547,0.0031090165406383327,0.9936033819876614,0.043334858025918827,0.026925461175684343
94867.0,0.15270853280826563,0.015832395761172326,0.14512700825178462,0.6863039862190081,2.8076959769050354e-05,0.6863039862190081,0.8913690431765473,0.5538387261105638
94868.0,0.2431244752667578,7.370131834408355e-11,0.7513224173310372,0.0032644440992619594,0.00228866322924164,0.7513224173310372,0.5912430358917345,0.3673599530146171
94872.0,0.0001712277151815724,0.00033350474423067165,0.20553248982168507,0.7939024161751376,6.036154376441587e-05,0.7939024161751376,0.5131533448894872,0.3188400999659554
94877.0,0.300550213091668,0.001780667139091185,0.34184907299512207,0.35576341732286343,5.662945125450421e-05,0.35576341732286343,1.1077440185145506,0.6882800572525397
94878.0,0.3401042658862016,0.26038171811689376,0.3986730612325926,0.0007420078581053574,9.894690620797782e-05,0.3986730612325926,1.0900594078436687,0.6772919908386351
94879.0,0.2548505790991352,0.3767515725378485,0.10169944942414857,0.2666941084885705,4.290450296081093e-06,0.3767515725378485,1.3011617990128568,0.8084572812411202
94882.0,0.0004642087735577254,0.9971748751486638,0.001104137176667375,0.0010502196397435247,0.0002065592613691297,0.9971748751486638,0.02285758316716387,0.014202214941360649
94883.0,0.010736371882134743,0.006788176412189886,0.569556798009504,0.4127806701331996,0.0001379835629728976,0.569556798009504,0.76964296495385,0.478206061263866
94885.0,9.156887797173757e-06,7.772957319188618e-08,0.923121266812417,0.0339762412804342,0.04289325728977753,0.923121266812417,0.3239357271979778,0.20127258386007582
94889.0,0.9610720067520147,0.004901988020628551,0.033611002989187906,0.0003024182733126126,0.00011258396485513182,0.9610720067520147,0.18174273575206004,0.11292311082519105
94890.0,1.9793077053731753e-07,1.654269645625412e-05,3.294660135409087e-05,0.9999349997881329,1.531298328432059e-05,0.9999349997881329,0.0007599826979892676,0.00047220379992159883
94891.0,0.17603171043146973,0.2971658573306459,0.3230705206165168,0.20360286019790663,0.00012905142346109408,0.3230705206165168,1.3566226057680768,0.8429170179769981
94892.0,0.141508532583792,0.6634413621322265,0.1315275996681486,0.06348737469394977,3.51309218816945e-05,0.6634413621322265,0.9911232999410929,0.6158195307094055
94894.0,0.8686221028990581,0.00012959062050164059,0.07062496477382917,0.060193094930765606,0.00043024677584470886,0.8686221028990581,0.4831746987606193,0.30021331983528954
94896.0,0.9533975236581586,0.04622276989342243,0.00033955889792849415,2.796855317016709e-06,3.735069517410615e-05,0.9533975236581586,0.19073008180649104,0.11850726289778553
94898.0,0.5906874251736384,1.4713248701487883e-09,0.4046619009754798,1.4139760168783785e-05,0.004636532619387565,0.5906874251736384,0.7021508544574661,0.43627085520530523
94899.0,0.008109593229549046,0.866156015375755,0.0004757087199437636,0.12515839051062247,0.00010029216413147192,0.866156015375755,0.4281674823221241,0.26603541460917074
94906.0,6.778324143309034e-06,1.709966830563805e-08,3.4076207766272376e-08,0.998713326091301,0.00127984440868024,0.998713326091301,0.009892476720554558,0.0061465413757982494
94907.0,0.0022851777574419163,1.0803024025023248e-05,0.9941872663907166,0.00039666489218268393,0.00312008793563396,0.9941872663907166,0.04092564699545252,0.02542853419772927
94908.0,0.004127532303409331,1.0312729943058044e-08,0.9732978232979861,0.014327561129382065,0.008247072956494026,0.9732978232979861,0.1494003845165543,0.09282767813677412
94909.0,0.0010664273788949723,5.647702329405804e-06,0.0041927288496457285,0.9946800274174995,5.516865162946203e-05,0.9946800274174995,0.03616570206849504,0.02247101412803078
94916.0,0.982171919224943,0.016058631621715645,0.0015945505818528573,0.00016771745755023612,7.1811139380472036e-06,0.982171919224943,0.09582840581184882,0.05954153625405701
94918.0,0.00023624750942081375,0.13524544958939522,0.8360310630272014,7.499720916361175e-06,0.028479740153066518,0.8360310630272014,0.5237133436019228,0.3254013960748962
94920.0,0.6350060898544697,6.752663551496322e-06,0.35348635845642723,0.00784465562659375,0.0036561433989572988,0.6350060898544697,0.7145901046813221,0.4439997959291155
94921.0,0.3966398432565105,0.001575018371910269,0.5406798499765272,0.06100125945626132,0.00010402893879226662,0.5406798499765272,0.8809929926621807,0.5473917234432326
94922.0,0.27166222857284406,0.08322903344179997,0.6022957994720661,0.04278898483665268,2.3953676635744734e-05,0.6022957994720661,1.0014208776522748,0.6222177754827053
94926.0,0.005168557221495414,0.9939546691144319,0.00028212502747683037,0.0005945903817436925,5.825485288513624e-08,0.9939546691144319,0.03996353594640228,0.024830740992028554
94927.0,0.9992709412964982,9.005458007770983e-10,1.7742057938671405e-06,2.5667552557571277e-06,0.0007247168419073118,0.9992709412964982,0.006024854208386587,0.003743452395299082
94929.0,0.030926656837463685,0.00423984388744104,0.6409781739156821,0.3237603054187159,9.50199406984081e-05,0.6409781739156821,0.781751196390647,0.485729328451281
94930.0,0.9676959462067911,2.902052661165752e-14,0.016109738724246155,5.915746855660048e-07,0.01619372349424884,0.9676959462067911,0.16506024114255596,0.10255769412870376
94933.0,0.9360161867650917,0.02222884263427569,0.04160437639959713,9.39160045989276e-05,5.6678196435995354e-05,0.9360161867650917,0.2802111100143752,0.17410495170365803
94935.0,0.09503714465919638,0.15040567685594586,0.01257337937455812,0.7419796159697966,4.183140502806001e-06,0.7419796159697966,0.7851067938202093,0.48781427836058644
94936.0,0.849074415848558,0.141042637816711,0.00983893342207176,4.286748590486044e-05,1.1454267553083598e-06,0.849074415848558,0.4610915077137119,0.28649226177129195
94938.0,0.8973203142429268,0.0017902035825965196,0.02043674457053003,0.07989758215070462,0.0005551554532414413,0.8973203142429268,0.3941127147816843,0.24487599784798877
94939.0,0.013134826919645128,0.03050719771413436,0.8184048195352551,0.12504256901570643,0.012910586815259344,0.8184048195352551,0.643510520918786,0.39983556740349563
94941.0,0.583337597573685,0.2112667147784207,0.20370656953157346,0.0016640761282064615,2.504198811372151e-05,0.583337597573685,0.9778803100792,0.6075911984701926
94945.0,0.2552848697032863,9.882078942205311e-07,0.3231886246766622,0.15961278406200732,0.2619127333501513,0.3231886246766622,1.357407205838216,0.8434045174102336
94946.0,0.19709991381873274,2.9801700956207474e-05,1.4840834375918157e-05,0.8027582422655636,9.720138037004329e-05,0.8027582422655636,0.49783994574605295,0.30932535011128454
94950.0,1.310072776227058e-05,0.22856173557067558,0.3611416962488276,4.227951219581257e-05,0.4102411879405399,0.4102411879405399,1.0712649162319516,0.6656143166229878
94952.0,0.00456514267285781,0.0005047631511680879,0.9911215423235898,3.672804351916252e-14,0.0038085518523457555,0.9911215423235898,0.058489307196615214,0.03634144985944595
94954.0,7.567489696229824e-06,0.238561584779594,0.7600302090389766,4.936649923714934e-08,0.0014005893252339982,0.7600302090389766,0.5597324622783374,0.3477813328206012
94957.0,0.043609844030444975,0.09267354215005527,0.18433909762426776,0.6792410955463671,0.00013642064886499578,0.6792410955463671,0.9326904276224374,0.5795131458111635
94958.0,0.007136636782983063,1.9072611806980894e-05,0.9927130227475102,0.00011008412611799678,2.1183731581443517e-05,0.9927130227475102,0.0439718753810325,0.027321262312337235
94959.0,0.0373042509981088,0.041887616189611634,0.22216651157946235,0.6976528597222432,0.0009887615105726732,0.6976528597222432,0.8478112400079149,0.5267747413292212
94960.0,0.0005081234111750575,0.6844261020689351,0.007009387513333418,0.3007162225265692,0.0073401644799884124,0.6844261020689351,0.6955506392003762,0.4321699108904619
94962.0,4.268390072543319e-05,0.9846553157749449,0.015139611144116442,7.256510019460836e-10,0.0001623884545624757,0.9846553157749449,0.0805144016486066,0.050026410479443284
94964.0,0.2977315878009543,0.5027678359872355,0.08724687206504018,0.11215325211932307,0.00010045202744530988,0.5027678359872355,1.1655370922730353,0.7241889129542667
94966.0,4.384593677603841e-05,3.0383250080685673e-05,0.0030908766200147255,0.9956549401040254,0.0011799540891038968,0.9956549401040254,0.0309103133268934,0.019205657508182407
94967.0,0.9837283132657036,0.0011857294901245427,0.015065992724925995,1.9352443212089236e-05,6.120760326910382e-07,0.9837283132657036,0.0875526805037568,0.05439953901132033
94969.0,1.0841061174015647e-09,1.4426533129482265e-08,0.9529223752605381,0.001068047925441415,0.04600956130338291,0.9529223752605381,0.19491856316808412,0.12110971269049511
94970.0,0.037398250898151915,2.0587649723243863e-05,0.06209330720867804,0.8863566042764619,0.014131249966984227,0.8863566042764619,0.4627989122366539,0.2875531318488209
94972.0,0.6080045922149121,0.37189479917267626,0.012941018871802133,0.006559158283614085,0.0006004314569966759,0.6080045922149121,0.76406946612046,0.4747430517309536
94975.0,0.00010319210976569469,0.8148115465819306,0.0006163442395661754,0.1844452491297897,2.3667938947158105e-05,0.8148115465819306,0.4844139743756342,0.30098332506844616
94977.0,0.05163990064207097,0.409857136919352,0.5382610885278555,0.00011406584202098875,0.00012780806870210133,0.5382610885278555,0.8541900046835612,0.530738090661535
94979.0,0.02095327938301903,1.7432542824590904e-06,0.01159519556782514,0.9672739898725093,0.00017579192236434515,0.9672739898725093,0.16640338315958705,0.10339223518596004
94982.0,4.454564189260943e-07,1.993270321687658e-10,9.164898416590618e-09,4.05351251488193e-16,0.9999995451793535,0.9999995451793535,7.1433244493514026e-06,4.438397029275829e-06
94986.0,0.006948408472262482,2.746292170388293e-05,0.3214071795268491,0.6689080328498359,0.0027089162293483047,0.6689080328498359,0.6846155537028389,0.4253755602584458
94987.0,9.204740912539028e-08,2.3621220292855647e-21,0.00042900492278219953,2.115126088895653e-08,0.9995708818785469,0.9995708818785469,0.003757413329481385,0.0023346121651867295
94989.0,0.0876592196460432,0.030969594218228265,0.10659729569453694,0.7745431361870542,0.00023075425413865197,0.7745431361870542,0.7594534887769363,0.47187498375028664
94990.0,0.07497410680773336,0.023247615666473487,0.8974644090341293,0.004242349631933524,7.151885973053961e-05,0.8974644090341293,0.40262242329367537,0.2501633770294081
94993.0,2.2230988832225365e-06,4.891577240750496e-07,0.9991992296859799,5.988840226600423e-05,0.0007381696551453621,0.9991992296859799,0.006741981212921986,0.004189028455733015
94995.0,0.02665782865938406,0.007625508571089136,0.18047642475305697,0.7848972322529864,0.0003430057634828239,0.7848972322529864,0.6356539430311711,0.3949540010958319
94997.0,0.0019815176975687392,0.9943962113377599,0.0035914369400160055,3.057646353655965e-05,2.57561119001297e-07,0.9943962113377599,0.0384594964357751,0.023896228701117947
94998.0,0.010641911021961072,0.05978468757385721,0.01793668056616319,0.9115696716639516,6.704917406688324e-05,0.9115696716639516,0.3739253429432321,0.23233287848781353
95000.0,4.103691168453369e-05,6.384603880128332e-11,0.9769926907307198,0.00012072759076413172,0.02284554470298575,0.9769926907307198,0.11057760004328189,0.06870572588665148
95001.0,1.7578995403024528e-06,2.344600893133282e-14,0.1651423800048049,1.201610664399128e-05,0.8348438459889886,0.8348438459889886,0.44827029521390693,0.27852599454175075
95002.0,0.05752113629144665,0.1856861023264957,0.04367573522214537,0.7130733783823031,4.36477776084102e-05,0.7130733783823031,0.8552227628324065,0.5313797793783638
95004.0,0.005934245938228971,3.9044884779989223e-08,0.9688454829695191,0.00011546180819469644,0.025104770239173492,0.9688454829695191,0.15464005543824297,0.09608326872601544
95007.0,0.001119443292568161,0.6775677719615668,0.29380167027395115,0.027411974977689265,9.91394942246029e-05,0.6775677719615668,0.7307186258814068,0.4540210095935134
95011.0,0.03917085706662392,6.892033414772495e-05,0.9344703484274698,0.025328320095908276,0.0009615540758493605,0.9344703484274698,0.29068366324254735,0.1806119148783564
95013.0,0.4856893252470066,0.04596029701938444,0.05423635652101699,0.41410205783568566,1.196337690609833e-05,0.4856893252470066,1.0156070965316657,0.6310321688617799
95014.0,0.0035561409883761216,3.2560014236956164e-05,0.000528867961854795,0.9958416506925092,4.078034302439794e-05,0.9958416506925092,0.028941844019347532,0.01798257875979579
95016.0,0.0015970197317890743,0.0004957288984128548,0.1481427460162081,0.8497042412156021,6.026413798764228e-05,0.8497042412156021,0.4359210100219421,0.27085295223514333
95019.0,0.000209432513806473,0.9882289700178923,0.010649759991546277,0.00013606741621369193,0.0007757700605396293,0.9882289700178923,0.06861625253278804,0.04263367477718566
95020.0,4.950582574355643e-05,7.982396756099424e-11,0.9986772231657928,0.00010950801785176618,0.0011637629107863075,0.9986772231657928,0.01067382994320279,0.00663202342926033
95025.0,0.09521893436899687,1.3802799121302311e-05,0.03169656005046707,0.8686169771497444,0.004453725631671911,0.8686169771497444,0.4799310911794805,0.2981979531311256
95026.0,0.002975262080410004,0.9669195272444995,0.0006495947918655203,0.02945312963297409,2.4862502510471055e-06,0.9669195272444995,0.15845606251158006,0.09845428723120636
95027.0,4.726843282321515e-06,2.846557286644428e-17,0.9962610311015433,0.00010603806161663077,0.0036282039935591564,0.9962610311015433,0.02514730363230981,0.015624898256731906
95028.0,0.013906271097533986,0.00019146279374901548,0.0437288193110358,0.9415036204375439,0.0006698263601357228,0.9415036204375439,0.25960085916022385,0.1612990828379367
95029.0,0.04135406134509817,1.1071254648607861e-08,0.9584241644733364,0.00018271042770700744,3.905268260464297e-05,0.9584241644733364,0.17440550089317342,0.10836423048429623
95030.0,0.0019545063721562125,4.9214560951318755e-09,0.9976189027056935,3.338818306698012e-05,0.00039319781762771165,0.9976189027056935,0.01799710188085861,0.011182228119405951
95031.0,0.9997580176175302,4.927771364188728e-06,8.32331269556802e-05,1.991463925256693e-06,0.00015183002022296942,0.9997580176175302,0.002445198793043631,0.0015192874320610064
95033.0,0.0029534361856313044,9.21526832834641e-05,0.0041118837334029375,0.9928340518153682,8.475582312928685e-06,0.9928340518153682,0.04788878533063129,0.02975497529954709
95034.0,0.0031478744456941506,0.9863092124516498,0.008306437539120737,0.0022363293279758323,1.462355608720362e-07,0.9863092124516498,0.08517592305581674,0.05292277657794043
95035.0,0.13088372956878364,8.988039464299378e-07,0.0011232362668363203,0.8675316733831979,0.0004604619772342277,0.8675316733831979,0.4006029379130986,0.24890860021262337
95036.0,0.004881604485901194,3.358357981442036e-06,0.19028164780032295,0.8047695000206685,6.388933512725751e-05,0.8047695000206685,0.5171609163410885,0.3213301441115791
95037.0,0.9656735122650901,7.270662085751178e-10,1.7797538169952615e-08,5.861945698144588e-15,0.034326469210300914,0.9656735122650901,0.14947411872432032,0.09287349177593121
95040.0,0.999804191879467,2.7882011753824632e-12,2.2769542663298356e-08,2.034552736526542e-18,0.00019578534820153601,0.999804191879467,0.0018679012808877856,0.0011605923201242275
95041.0,2.7754397506393876e-06,2.2587539461792728e-21,0.2070794947648605,5.3444654980832414e-09,0.7929177244509235,0.7929177244509235,0.5100991728109726,0.3169424361574178
95043.0,0.002612881976071688,0.275035200713299,0.6346928672512541,0.0860391513637011,0.0016198986956749515,0.6346928672512541,0.8805692593773993,0.5471284431504623
95044.0,1.126288019721764e-07,2.3726209109626443e-23,0.004542080777164907,2.192731702044471e-09,0.9954578044013032,0.9954578044013032,0.029035374373495612,0.018040692436269726
95045.0,0.24164654409577557,0.11615216480207793,0.4018706433632125,0.23926282101711246,0.0010678267218199582,0.4018706433632125,1.3091177048403415,0.8134005634678029
95047.0,9.582581794340568e-10,7.706134731680043e-11,0.9020361823900455,6.2056005729058e-05,0.09790176056890708,0.9020361823900455,0.3211049061520775,0.19951369585077136
95048.0,0.016563346871289478,0.007471515834373403,0.007433297093495166,0.9685146716097272,1.7168591114856433e-05,0.9685146716097272,0.17211369215767602,0.10694024965360281
95051.0,0.923297957732611,4.7091103917527625e-07,0.0004354011980005812,0.07580227527825345,0.00046389488009541073,0.923297957732611,0.2761611258494279,0.17158855505756304
95052.0,0.39933047376637953,3.0750227240616236e-08,0.0006719923739651655,6.704880986005809e-09,0.5999974964045484,0.5999974964045484,0.6779781160979284,0.42125148839855525
95055.0,0.9998721925360502,4.629884261608612e-13,8.015366215380365e-05,2.859767017288489e-05,1.9056131160486977e-05,0.9998721925360502,0.001390072259598988,0.0008637004564510689
95056.0,0.9537924739584641,0.0028372838542162406,0.019674790455074052,0.02368465025037861,1.0801481868011061e-05,0.9537924739584641,0.22782778432148085,0.14155736146224868
95057.0,0.005477876400986492,0.0025025221124096502,0.0204207284973291,0.9715673429125719,3.153007670202707e-05,0.9715673429125719,0.15132735345184437,0.09402497125408098
95058.0,0.9999998361716919,2.7459660512016568e-18,5.328718750244122e-11,3.9709193200331925e-15,1.6377501543358216e-07,0.9999998361716919,2.72403629565612e-06,1.6925389134995026e-06
95059.0,7.908489120708632e-08,1.3872940428179111e-29,0.0004826514600582374,3.4623737031397762e-18,0.9995172694550521,0.9995172694550521,0.004169537962194928,0.002590679596884203
95060.0,0.01078624678694661,0.963593147366048,0.019113207435597128,0.006504789467654898,2.6089437520319298e-06,0.963593147366048,0.1930167647176185,0.11992805887472949
95061.0,0.013468135341053993,0.04755036726601077,0.07700292694200786,0.8601878304346988,0.0017907400162293567,0.8601878304346988,0.5411533606657337,0.3362374879359577
95062.0,0.28641934067449404,0.5709902468709709,0.052737125808672174,0.08920757107544441,0.000645715570418242,0.5709902468709709,1.0535973165991184,0.6546368197612958
95063.0,0.007501157975656242,0.3177223346491368,0.0023270238578123976,0.6723392286777317,0.00011025483966167998,0.6723392286777317,0.6830214822042939,0.42438510794821405
95064.0,0.00785474138573116,0.9227508620143149,0.06936712119313666,5.436141441080194e-06,2.1839265377457363e-05,0.9227508620143149,0.2976500649109248,0.1849403836030937
95066.0,0.0028858517204053765,0.6425322394255386,0.35450699209466907,3.439450288439796e-05,4.052225650233365e-05,0.6425322394255386,0.6694896013700915,0.4159772776556264
95067.0,0.9999993525802751,3.4187562947036125e-11,1.0582892599278489e-07,9.653111120835485e-12,5.415469571250813e-07,0.9999993525802751,1.0162145658182752e-05,6.314096107512224e-06
95068.0,0.0001872686369392517,1.3634485895187155e-09,0.8285867771229919,0.0006363199950070367,0.17058963288161388,0.8285867771229919,0.46377959850329065,0.28816246648612515
95069.0,0.0712722966138828,0.08150008133476766,0.003050437339959243,0.8440802838297468,9.690088164412546e-05,0.8440802838297468,0.5542239993339303,0.34435873235751396
95070.0,0.10958833702269309,6.319702931000011e-06,0.7497235186706973,0.13761860086661792,0.003063223737059288,0.7497235186706973,0.7490021325844352,0.4653811910343597
95073.0,0.7201403367993131,5.06193118812843e-06,0.2574049890868175,0.0021204237260838152,0.02032918845659918,0.7201403367993131,0.6780658920504631,0.4213060266642793
95077.0,0.006490576826565602,0.03677652466377082,0.008783078082736543,0.9479081819664109,4.163846051767611e-05,0.9479081819664109,0.24688275463037884,0.15339688019216316
95080.0,0.05037962953957901,0.45707430924176157,0.0014917405782020716,0.49095750150535533,9.681913510260629e-05,0.49095750150535533,0.868259417995374,0.5394799086609223
95083.0,0.0015560573075101237,2.1077373406343033e-06,6.840640494775897e-05,0.9931010970641971,0.0052723314860052195,0.9931010970641971,0.04527433174365376,0.028130523951173266
95088.0,0.8758671567888701,0.0053454393555198735,0.03657369440271907,0.08215992355266728,5.378590022216408e-05,0.8758671567888701,0.47090785709018396,0.2925915025687365
95089.0,0.5671371395086494,7.895329187242911e-05,0.39698260506240945,0.03579373776276002,7.564374307180939e-06,0.5671371395086494,0.8084391994401968,0.5023115170795996
95091.0,1.3699359160414898e-14,1.3860527444721702e-16,1.3532437780120037e-13,1.0626671221430603e-22,0.9999999999998508,0.9999999999998508,4.6671813833028705e-12,2.8998828393723277e-12
95093.0,0.05717629736065469,0.1294146349826785,0.812301031288733,0.0009916608156804996,0.00011637555225162061,0.812301031288733,0.6050123564938716,0.3759153129298763
95095.0,1.775174494927496e-05,6.623238583133081e-09,0.9922153859723508,4.715432014174884e-08,0.0077668085051404425,0.9922153859723508,0.045679689560397245,0.028382386923712807
95096.0,0.8362649957351255,0.00043551617008596245,0.0024919153444225906,0.1605188892471699,0.00028868350319487463,0.8362649957351255,0.46383810079249543,0.2881988160021598
95097.0,0.007949843989974496,0.5653388613850473,0.42649008325953136,1.5325171406867053e-05,0.00020588619403875944,0.5653388613850473,0.726221950635938,0.45122706817413416
95098.0,8.162514281722628e-06,1.5847743184718742e-07,0.015317525836028103,0.9473359177702313,0.03733823540202757,0.9473359177702313,0.23811697734388165,0.14795039653549327
95099.0,0.04727727381190035,0.1118285616174927,0.6096938163048786,0.23117178039865527,2.8567867072227588e-05,0.6096938163048786,1.0298172475782736,0.6398614321324062
95103.0,0.00012782788342914495,0.030839775348169184,0.005880406373829157,0.9631258731703285,2.611722424504653e-05,0.9631258731703285,0.1750998949430018,0.10879568176580492
95105.0,0.0011900767864537766,0.07832851035957487,0.4888283405734229,0.43032147072313837,0.0013316015574096904,0.4888283405734229,0.9290539128337802,0.5772536521329282
95110.0,8.798504482167946e-07,1.0654364090470258e-08,0.00535383368956961,0.008177565646061072,0.9864677101595573,0.9864677101595573,0.08075734889286228,0.050177362089554325
95113.0,0.2673331754958788,0.4123290364242034,0.08799515212181508,0.23136123532168898,0.000981400636412523,0.4123290364242034,1.2773063825590265,0.7936350776198873
95114.0,0.002884727278946735,1.993129820150851e-05,9.833695283271837e-05,0.9968176270155297,0.00017937745448940936,0.9968176270155297,0.022718526233483763,0.014115814010572459
95115.0,0.0020146949824236256,0.9868850963390989,0.00986404685751164,0.0012352202307932983,9.415901713876262e-07,0.9868850963390989,0.07937967995228516,0.04932136824851603
95118.0,0.003226615534407722,6.453290399121247e-07,0.006268466213809367,0.9904131120819918,9.116084075299682e-05,0.9904131120819918,0.06070200940637261,0.037716279042145466
95121.0,0.11650883582370236,0.040030285876759955,0.8407618386154877,0.0026528103223352178,4.6229361715267616e-05,0.8407618386154877,0.5413173163251757,0.33633935931488773
95123.0,0.7616695344093363,0.007042803805642308,0.22894716480710509,0.0022897129071695155,5.078407074749806e-05,0.7616695344093363,0.5942118202676716,0.3692045624605616
95124.0,0.008527768115392445,2.651255417918635e-06,0.013066950383725654,0.001905729488076954,0.9764969007573867,0.9764969007573867,0.1325041709143784,0.08232947036396093
95126.0,9.637853093184167e-09,4.945411001874462e-25,0.021588381034362197,5.026733391192666e-16,0.9784116093277859,0.9784116093277859,0.10415823882529018,0.0647171525043561
95128.0,0.972211792527494,0.01690374180519823,0.0024591158843629587,0.00048095621823509904,0.007944393564709471,0.972211792527494,0.15323154708712075,0.09520811328184425
95131.0,0.0010408991239793104,0.02710435243871242,0.03874568415593651,0.9330945336559962,1.4530625374590532e-05,0.9330945336559962,0.29567219526775973,0.18371146409779027
95134.0,0.00012351538376211354,0.002266970025036996,0.002461542687499984,0.9951457150879733,2.2568157258635343e-06,0.9951457150879733,0.03457405024343831,0.021482065245467478
95137.0,0.010854951454413725,0.5770834332864275,0.3877407537178073,0.02428398249372345,3.687904762849487e-05,0.5770834332864275,0.824376149143959,0.5122137006808666
95138.0,1.901881862730966e-05,6.238167852646017e-08,0.9986367062366862,1.9387417840105504e-09,0.0013442106242650938,0.9986367062366862,0.0104580251702725,0.006497936384794037
95143.0,0.033975556344730914,0.9363280246629947,0.004930350988154264,0.02476519574704285,8.722570760167232e-07,0.9363280246629947,0.29430308705305946,0.18286078933480446
95148.0,0.7061725889660577,3.5072828419039044e-07,0.2692452387640672,0.0005306734857764203,0.024051148055814972,0.7061725889660577,0.6926194259532104,0.4303486456993539
95149.0,0.9975559163227885,3.1674004826773216e-11,0.0009174478192982909,8.214572790823557e-09,0.0015266276116666384,0.9975559163227885,0.018757513242669655,0.011654698263135203
95151.0,0.2270905932577432,0.004541085558364158,0.6591894868557706,0.05271922558648882,0.05645960874163155,0.6591894868557706,0.953269946125729,0.5922999195936746
95152.0,0.0004014764307671827,6.535167462833179e-06,0.9899922730610062,0.006478832274867178,0.003120883065898133,0.9899922730610062,0.06382978978030845,0.039659678256101734
95153.0,0.9970766988086386,5.975927791055772e-06,0.0025258294470348235,3.366373423952628e-07,0.0003911591791948004,0.9970766988086386,0.021172563569643546,0.013155253400003694
95155.0,2.2220782092773633e-43,3.4789114465414147e-53,3.1059219590036975e-12,6.463804250772026e-42,0.9999999999968949,0.9999999999968949,8.551228380205676e-11,5.3131769260193896e-11
95160.0,0.06189149447458598,0.00025403770391783974,0.017864967393001707,0.9198424431379801,0.00014705729051595734,0.9198424431379801,0.32436629585966337,0.20154011121130763
95163.0,1.0371888367626089e-05,6.874174028355958e-08,0.9803954688472727,0.01788787117401243,0.0017062193486055862,0.9803954688472727,0.10238002443811878,0.06361228578447
95168.0,0.2663201766057792,0.06678517350854317,0.45115310443589757,0.2156894691197689,5.207633000998679e-05,0.45115310443589757,1.2235531983302617,0.7602363464147369
95170.0,0.2945366375444111,0.018787149776177056,0.6853190516052732,0.0003000882631749496,0.001057072810962151,0.6853190516052732,0.70333800231138,0.4370084716394294
95171.0,0.022572035512227816,0.0009959893552425878,0.194220191762407,0.7821175137187615,9.426965136075902e-05,0.7821175137187615,0.603815852087844,0.37517188294305687
95172.0,1.5695019908961594e-13,5.806692718193656e-25,0.13252232011194798,8.565028090469382e-10,0.8674776790313898,0.8674776790313898,0.3911535786371094,0.24303738318524637
95173.0,0.010171373674237006,1.8711471842395598e-06,0.9788221148962581,9.057675984995594e-05,0.010914063522470121,0.9788221148962581,0.11779449103143866,0.07318983237650173
95174.0,0.005569108748861495,0.16005709036412255,0.002219281348686944,0.8292421462617071,0.002912373276622213,0.8292421462617071,0.508002780373038,0.31563987429918244
95179.0,0.999959116156438,3.9691307238230525e-07,3.852264998712473e-05,1.6442376408807877e-10,1.964116077341247e-06,0.999959116156438,0.0004641008278007864,0.00028836205747066333
95181.0,1.4881156164304575e-07,0.9772394272392853,0.022247636659296122,2.8419652312365395e-12,0.000512787287016547,0.9772394272392853,0.11105041428747545,0.06899950189412635
95182.0,0.4144078766967557,1.470253480539153e-05,0.03145191512874524,0.44512816351414153,0.10899734212555229,0.44512816351414153,1.0758876709590417,0.6684865956288294
95184.0,0.1600631077074958,0.8194338205702286,0.019916249445996254,0.000565856497183355,2.096577909747768e-05,0.8194338205702286,0.5389022214729865,0.3348387765129475
95186.0,0.10022736526220313,0.19495012418320076,0.07059336467653275,0.6332585828919435,0.0009705629861211784,0.6332585828919435,1.0324846905907137,0.6415188076619822
95189.0,0.007665509390912504,3.898809072782341e-13,0.9892828200575909,1.6426423121355773e-06,0.003050027908794453,0.9892828200575909,0.06568791151743451,0.040814194204042746
95190.0,6.386443690123284e-05,0.9996373166798685,0.00011643941688819897,0.00018218460675972125,1.9485958370619004e-07,0.9996373166798685,0.0036059020321269697,0.002240472903159982
95191.0,0.31492980736819404,0.05813326915078872,0.03699960887348297,0.5886909070075279,0.0012464076000078099,0.5886909070075279,0.9714994388680498,0.6036265402737794
95197.0,0.26483129879364475,0.00037830304504992454,0.08663955146207739,0.6479878450850322,0.0001630016141963962,0.6479878450850322,0.8493453447350477,0.5277279341894618
95199.0,5.797032196494331e-10,1.4348498799641382e-15,0.20377673327251752,5.677639386175945e-11,0.7962232660910016,0.7962232660910016,0.5055937359326352,0.3141430508294536
95200.0,0.039254956059213905,0.9388685015166653,0.011154939940209815,0.010719913080684292,1.6894032271332504e-06,0.9388685015166653,0.2851140188928497,0.17715130027081671
95203.0,0.08983575602849508,0.014521260764851723,0.7271160770916231,0.15903762147544043,0.009489284639589927,0.7271160770916231,0.8462552910205328,0.525807975866968
95206.0,0.07747966786962145,0.42800335835338976,0.43895090880422705,0.05548319397341447,8.287099934826416e-05,0.43895090880422705,1.084023058522102,0.6735413961279405
95208.0,0.04060493474976364,0.00034418858121065013,0.797085956761425,0.16180988824307124,0.0001550316645290876,0.797085956761425,0.6096803821991916,0.37881572037601385
95209.0,0.001059095317408049,3.272436064941316e-05,0.9945005685604964,0.0008726685799026872,0.003534943181542579,0.9945005685604964,0.03917939969354125,0.024343529744671327
95210.0,0.028791499443242816,0.8162354782293217,0.029757153199941197,0.12519572707876317,2.0142048731549914e-05,0.8162354782293217,0.6328275968650015,0.3931978934856321
95211.0,0.03777279965725601,0.9497150503272974,0.012428878573584426,8.242586561021598e-05,8.455762507600972e-07,0.9497150503272974,0.22807040371621967,0.1417081093680016
95213.0,0.017692442471141046,0.9507738794597107,0.019689280435366868,0.011843613881538428,7.837522443385198e-07,0.9507738794597107,0.24925847592667472,0.15487299882832903
95214.0,0.0003248235008360655,0.007882727112085777,0.38573004841801634,3.415466870325053e-06,0.6060589855021904,0.6060589855021904,0.7117829184709388,0.44225559306879025
95215.0,0.0002703415049792947,3.884469628147744e-06,0.0005319803470889423,0.9982729139108018,0.0009208797675030076,0.9982729139108018,0.014442732048977447,0.008973773972513411
95216.0,0.001530053213639138,0.04278298004347549,0.013389279066862264,0.9422913072398665,6.380436158281103e-06,0.9422913072398665,0.25859284811194116,0.16067277035921662
95220.0,0.053684109434971476,0.3241061321177094,0.4322258216598311,0.18960204139932757,0.00038189538815998076,0.4322258216598311,1.2030071817593044,0.7474703885531605
95221.0,0.0033564867822076902,0.9940168030676925,0.0026262780383010825,1.8832735813449167e-07,2.437844416019693e-07,0.9940168030676925,0.0406991638505433,0.02528781230770824
95224.0,0.006367991428306467,0.0006629101474336102,0.9927478606974345,7.992367155089419e-05,0.00014131405527433185,0.9927478606974345,0.04628381482158352,0.02875775105333779
95227.0,2.9693799694054653e-06,0.000980578073453859,0.001109811266145272,0.9965247308816404,0.0013819103987922675,0.9965247308816404,0.026949410605020742,0.016744610274690673
95228.0,0.15079154128708153,0.0464185410439322,0.00860076172804806,0.7941588757575344,3.0280183403407554e-05,0.7941588757575344,0.6520342022681394,0.4051316283969031
95231.0,0.05165254227729422,0.5109879678504128,0.02219937324881241,0.41515744708599384,2.6695374872915006e-06,0.5109879678504128,0.9456661408621968,0.5875754097478537
95232.0,0.945557791601511,0.054306031638122435,0.0001345348511420579,8.405296623215626e-07,8.013795617900434e-07,0.945557791601511,0.21235477500913508,0.13194344023372204
95233.0,0.9938244801977847,0.00017026420088649713,0.0008808710229137023,0.004663528774355183,0.0004608558040592519,0.9938244801977847,0.04240479935151848,0.026347583230089205
95236.0,0.0013624157596330703,7.326936852208337e-06,0.9978401026400177,0.0002889462180861614,0.000501208445409762,0.9978401026400177,0.017397218551547612,0.010809499650245101
95237.0,0.00041300375387473987,0.983786407965925,0.015642781735448353,0.00015717133352763824,6.352112228758311e-07,0.983786407965925,0.08572388946950964,0.053263247253733166
95238.0,1.6301135936903375e-05,1.715984599207465e-05,0.25744738026218117,0.7416288551723849,0.0008903035835057314,0.7416288551723849,0.5776396566796871,0.35890769828211005
95239.0,0.2711494502797754,0.0013540853930678973,1.6208626857733007e-05,0.5055291108649935,0.22195114483530584,0.5055291108649935,1.0419442488670205,0.6473963616845542
95242.0,2.1336805480509656e-08,1.2470918326564876e-11,0.9943801631176714,1.3277657354146958e-09,0.0056198142052881475,0.9943801631176714,0.03472324408217591,0.021574764589496198
95244.0,0.07744786086361768,0.03598803270010392,0.06473112989940565,0.8215119449045589,0.0003210316323137011,0.8215119449045589,0.6590691231381866,0.4095026704953259
95247.0,0.10080195975203528,0.0031695680544976297,0.0015010905061511384,0.8875570482109423,0.006970333476375482,0.8875570482109423,0.3997828843730875,0.24839907230000519
95249.0,0.005843728098964702,1.1685416981637865e-06,0.9159024512207803,0.07796417051812952,0.0002884816204283624,0.9159024512207803,0.31180192034221815,0.1937334257713934
95252.0,5.3513599111031015e-15,7.191702206989488e-07,1.9108556643394824e-09,0.9946849399467451,0.005314338972173442,0.9946849399467451,0.03314415656246052,0.020593622348769935
95255.0,0.002514446881875869,0.9965110720987401,0.0006439214960986315,0.00032709605384585613,3.46346943836683e-06,0.9965110720987401,0.025933634617999454,0.016113473168267577
95256.0,0.4458543725564963,0.03329124499240689,0.3078857284697724,0.21290922155780176,5.9432423520984385e-05,0.4458543725564963,1.1660396823140167,0.7245011897044902
95257.0,0.12790472786848048,0.863929839370471,0.007775226739330008,0.00039000539509304743,2.0062662598977126e-07,0.863929839370471,0.43022097813032745,0.2673113232927792
95258.0,0.0006617498229566946,1.2281981272293863e-06,0.016792235767916167,0.9823878564022307,0.00015692980876775954,0.9823878564022307,0.09231908605201043,0.05736107329072908
95259.0,3.4423446304876987e-09,0.8758710930196837,0.00013365073432202644,0.06291686573317967,0.06107838707046934,0.8758710930196837,0.46205193720112414,0.28708901016400235
95260.0,0.05311868570382302,0.018765618461083926,0.39654678461737314,0.5314364529725291,0.00013245824519193675,0.5314364529725291,0.9344546073680409,0.5806092923179494
95261.0,0.9999077414284055,3.558774685987231e-08,2.9389178458895718e-05,1.797472801648719e-07,6.265405810971872e-05,0.9999077414284055,0.0010086877305775115,0.0006267329250694615
95262.0,0.08925639493739818,0.9045240052241199,0.006163110610368973,5.554489837834729e-05,9.443297341953838e-07,0.9045240052241199,0.3383533152086548,0.21023073496319725
95266.0,0.8031850969216685,0.18669924099265592,7.922090550485551e-05,0.0018869347331342732,0.008149506447035574,0.8031850969216685,0.5411452728243407,0.336232462677555
95272.0,3.911744844300922e-09,0.4756710246139824,0.39961993838462195,8.83409716828992e-13,0.12470903308876753,0.4756710246139824,0.9796010397141481,0.608660347905318
95273.0,0.15861781331822317,0.1350540791869733,0.1852951147444387,0.5210277515347052,5.241215658754156e-06,0.5210277515347052,1.2145656574819796,0.7546520733099178
95274.0,0.9993599961232481,3.553167736468236e-05,0.0005914993479478572,3.3465216237867444e-06,9.626329815574839e-06,0.9993599961232481,0.005553735420689202,0.0034507298341753235
95275.0,0.3717790612374421,0.46992166488936365,0.14625435015935623,0.011438674122161931,0.0006062495916749888,0.46992166488936365,1.0595299250285515,0.6583229566315655
95276.0,1.2642552294913897e-07,0.01596238400585201,1.2979798293179123e-05,0.9840079355162978,1.6574254033685273e-05,0.9840079355162978,0.08223869456312977,0.05109777390465014
95278.0,0.8634888427539683,0.07047249738052842,0.04239502793138166,0.020469130337010175,0.0031745015971131694,0.8634888427539683,0.545530341849395,0.3389570592532765
95279.0,0.030585496982352852,0.05372522765614561,0.016566497228384523,0.8991209033529257,1.874780191049744e-06,0.8991209033529257,0.427308410994195,0.26550164358184986
95280.0,0.32461557651591294,0.6078806731646959,0.06735062387909924,0.00011955333690690706,3.357310338393015e-05,0.6078806731646959,0.8509452894360213,0.5287220357255402
95281.0,3.607420292276379e-21,1.5076912973534858e-23,2.406951216669437e-05,1.602633778542686e-18,0.9999759304878331,0.9999759304878331,0.0002800380039931378,0.00017399739488528057
95284.0,0.9970109347772085,0.0002219215848259904,0.002748686067293094,9.671514838759608e-06,8.786055833828717e-06,0.9970109347772085,0.021273612910762286,0.013218038885754999
95287.0,0.35525927609333807,0.0648235353332443,0.5426138465877208,0.03726765055346949,3.569143222610112e-05,0.5426138465877208,0.9997164937944149,0.6211587822499174
95288.0,0.03543757213490991,0.8092204967480521,0.10899185761354599,0.04329813972024069,0.0030519337832515367,0.8092204967480521,0.6848558368828165,0.425524856592353
95289.0,0.013382833230497746,1.9424620731998575e-11,0.981697985870293,2.0757250872639644e-07,0.004918973307274726,0.981697985870293,0.10200997563830835,0.06338236153765592
95296.0,0.008937804445445497,0.02410241647080838,0.007197677894696165,0.9597454801065729,1.6621082476701225e-05,0.9597454801065729,0.20708540839311174,0.12866939867218458
95298.0,0.0044320867351388075,0.27486728314447684,0.7097798684600646,0.010835801995266969,8.495966505307534e-05,0.7097798684600646,0.6721390621596006,0.4176234802018943
95302.0,0.0011293028106520422,0.805922746809082,0.0004749978253948922,0.1924436210014916,2.933155337857428e-05,0.805922746809082,0.5026342367087644,0.31230421057286056
95308.0,6.60068858649951e-05,0.0007444781991922075,0.9982640903420782,0.0006784451658319998,0.00024697940703130795,0.9982640903420782,0.014733314449638166,0.009154322969412114
95312.0,0.04811675050370397,0.020742064803999143,0.061500950928661854,0.86953030556662,0.00010992819701495189,0.86953030556662,0.5204520928291568,0.3233750670394172
95313.0,0.006750775487835025,0.6832866210103016,0.3097556188136978,0.00015046872955035926,5.6515958613736456e-05,0.6832866210103016,0.6588664641415675,0.40937675138092366
95315.0,0.9997904068197824,1.1755360557502703e-05,0.00017509569695710835,1.8591147643560923e-05,4.150975058980554e-06,0.9997904068197824,0.002111567299700234,0.0013119905299774613
95316.0,0.09509243634336373,8.21567828030167e-06,0.002462879944074984,0.9023767527257672,5.971530851394406e-05,0.9023767527257672,0.33190862974268914,0.20622642674094419
95318.0,0.2814437130954555,0.35618904093745324,0.3623122199988117,1.5444478798002178e-06,5.3481520400476175e-05,0.3623122199988117,1.0928962733669203,0.6790546344928791
95319.0,0.022054417039107915,3.443865307517626e-06,0.8555045416946958,0.12220361360382424,0.00023398379706573432,0.8555045416946958,0.47651387475720125,0.29607471718901274
95321.0,0.6648636306451331,0.0010607941497866383,0.044572658749465775,0.2894304394189371,7.247703667822781e-05,0.6648636306451331,0.7768323447138085,0.48267307406654403
95323.0,0.0005425123633631877,0.9920250350884267,0.00011285960659152297,0.00731754666607132,2.0462755463718994e-06,0.9920250350884267,0.04905891104069248,0.03048201528103448
95325.0,0.14303589307059295,0.017636612137920497,0.834505443829048,0.004481089255467096,0.00034096170697114583,0.834505443829048,0.5272996446854578,0.3276296902239455
95326.0,0.0018120723893393857,2.3315865340288846e-06,0.006432039500765648,0.9917369270249711,1.662949839096848e-05,0.9917369270249711,0.05234125524601362,0.032521450403049816
95329.0,0.014459160020648483,0.013873642481166508,0.10658577853670784,0.8650424888584558,3.893010302141364e-05,0.8650424888584558,0.4850343977829319,0.30136881580561875
95330.0,3.6911104582678685e-05,4.91148399556717e-07,0.9447204667994025,0.012307546998928016,0.0429345839486877,0.9447204667994025,0.24339091261386286,0.15122727676133868
95333.0,3.5514200046673206e-06,0.0002193309300055209,0.00033434166301679987,0.9985135701683379,0.0009292058186363606,0.9985135701683379,0.012540541574389222,0.007791876578465219
95334.0,0.09932603410169807,9.74270529876444e-05,0.3494437738248568,0.5506755807949923,0.00045718422546653094,0.5506755807949923,0.9297419826322015,0.5776811739361027
95338.0,0.015100288419290567,0.0002646140928846134,0.025109341947190528,0.9595141740847435,1.1581455891202442e-05,0.9595141740847435,0.1977982005632086,0.1228989320029502
95342.0,0.000818578023102802,0.9858470498566994,0.01313508934823528,0.00019822137027647395,1.0614016850209588e-06,0.9858470498566994,0.07848274220760912,0.0487640694936237
95346.0,0.0013491555464001312,0.0035193829921501166,0.9088344331155601,0.08575848658134748,0.0005385417645436876,0.9088344331155601,0.3303709954790388,0.2052710408563624
95348.0,0.06900977017376692,0.0046602866707235215,8.588535468766015e-05,0.925076801379396,0.0011672564214256034,0.925076801379396,0.2902480052469228,0.18034122534615465
95351.0,0.15209309203781007,0.05277940559957983,0.0009615916608488305,0.79410611058589,5.980011587187493e-05,0.79410611058589,0.632022331236106,0.3926975538187992
95352.0,0.01824947063882657,0.8896729585123303,0.07616828530546589,0.015459936575610699,0.0004493489677651903,0.8896729585123303,0.4411104774248983,0.2740773496243583
95353.0,0.9880404236214059,0.004258843271305133,0.0072448041765777625,0.0004518287469816668,4.100183731027773e-06,0.9880404236214059,0.07436526714816483,0.046205738397013044
95356.0,0.002580603763958775,0.0018509457725060295,0.3571049468071234,0.6382608524671033,0.00020265118930874954,0.6382608524671033,0.6830537808435715,0.42440517622113594
95357.0,0.021481445252734283,0.2138889345805506,0.7284283079930842,0.03470609288500328,0.0014952192886270442,0.7284283079930842,0.7695644260518625,0.4781572623003392
95358.0,0.0009378561780837484,1.8380818047506312e-08,0.2948559033545683,0.0007064542878912365,0.7034997677986392,0.7034997677986392,0.6191749503775794,0.38471502727380424
95360.0,1.4934979599178645e-06,0.0009435160423398961,0.0014032462296201295,0.9975856226115462,6.612161853431319e-05,0.9975856226115462,0.01885816414113458,0.011717236182546272
95362.0,0.0001752346506694097,0.6982694805682679,0.00569469601518507,0.29581797068805255,4.261807782379348e-05,0.6982694805682679,0.6424691318227114,0.399188515977635
95366.0,0.999995353851457,8.234352327717164e-08,3.781530193202553e-06,2.4625755198460656e-08,7.576490720052803e-07,0.999995353851457,6.431221687391142e-05,3.995942706273532e-05
95367.0,0.98958676164403,0.0008022791882020254,0.003250043081229469,0.0063515960684729375,9.320018065961727e-06,0.98958676164403,0.06693829403032588,0.04159110054086458
95372.0,7.690086518990177e-07,5.644836811907171e-11,0.29490770457126686,0.0003486847115225107,0.7047428416521115,0.7047428416521115,0.6095017522371884,0.3787047313402622
95374.0,0.011200045115125993,0.794294168489849,0.0010963234776215824,0.19320520817558567,0.0002042547418194527,0.794294168489849,0.5600733562763084,0.34799314217052224
95375.0,0.00016239327702303354,0.8280899007844912,0.16897836292688428,2.4856595162965394e-07,0.002769094445649238,0.8280899007844912,0.4743750576130719,0.29474579537873014
95377.0,0.004599706180229134,0.0029968637224997343,0.49521252340687577,0.2998098769506531,0.197381029739741,0.49521252340687577,1.071613780878404,0.6658310784152615
95380.0,0.0009905482291577817,0.024286620537264908,0.7887013043765012,0.12531025648285785,0.060711270374216565,0.7887013043765012,0.7147125104862642,0.4440758509319188
95382.0,4.745959033662043e-06,0.0001911087970964033,0.19174447898447156,0.006311620146392817,0.8017480461130053,0.8017480461130053,0.5275037532111794,0.32775650998141775
95385.0,0.23120496378019897,0.7375540230112193,0.03043125979273771,0.0006794760652642767,0.00013027735058114952,0.7375540230112193,0.6755077644468492,0.4197165726170928
95389.0,0.002144772096523791,0.003078345152435423,0.9332420022496435,0.04102142947057136,0.020513451030826076,0.9332420022496435,0.3061982206965063,0.19025165141873335
95391.0,0.043467119499580126,0.9500531423781156,0.004721852930291056,0.0017143885827741426,4.349660923880363e-05,0.9500531423781156,0.2216236450628016,0.1377025130019585
95392.0,0.12927258750149365,0.15101156629699009,0.02496864252751049,0.6947163416568103,3.086201719421654e-05,0.6947163416568103,0.8954518520777851,0.5563755179120339
95393.0,0.9218906376157793,0.0001715177954567037,0.07469345160680102,0.003097552863648794,0.0001468401183137231,0.9218906376157793,0.28943630319538194,0.17983688650507862
95394.0,0.0053048960928955115,0.03172721016547189,0.09005347451204822,0.8729014539285769,1.2965301009176659e-05,0.8729014539285769,0.47286236415242283,0.293805906086349
95397.0,6.349974082484727e-11,8.193679294865596e-14,0.6428294906519537,4.97852556532765e-07,0.35717001143190824,0.6428294906519537,0.6517800252037437,0.40497369930723026
95402.0,0.0280702536321079,0.5986314266862469,0.1907686830316294,0.18236145461097944,0.00016818203903625867,0.5986314266862469,1.0353026659267441,0.6432697141829853
95405.0,0.0001350171451716081,1.7533324137931824e-08,0.9807539764529579,0.001690159278096474,0.01742082959045061,0.9807539764529579,0.10160702711926956,0.06313199554594806
95406.0,0.00014678909659239343,0.036849753126302245,0.8966151686448832,0.058409704447135856,0.007978584685085888,0.8966151686448832,0.42522353188729334,0.26420623535839843
95410.0,0.18671931625618066,0.2742560219622024,0.4526076793729924,0.08233803151418975,0.004078950894435909,0.4526076793729924,1.2549751423410684,0.7797598979404273
95411.0,4.090366523536591e-22,1.308216116829798e-32,6.178136534753258e-07,6.438778532658681e-21,0.9999993821863445,0.9999993821863445,9.450744153509016e-06,5.872077500160158e-06
95412.0,0.038812548771791286,0.0008691259884569115,0.9577326435356448,2.7057196093660175e-05,0.002558624508014652,0.9577326435356448,0.18914445371527933,0.11752205677149662
95413.0,4.6883640270046717e-05,0.9289292489278025,0.03248845335699292,4.528016911855711e-08,0.03853536879476538,0.9289292489278025,0.30576304205506144,0.18998125972602944
95415.0,0.0010045102830160346,0.9976374169215675,0.00018136195942891536,0.001176475257116915,2.3557887160814907e-07,0.9976374169215675,0.01879581110693922,0.011678494064124906
95416.0,1.5801578945917967e-05,0.9996442282241973,0.0003386990907766632,1.1550594670426189e-11,1.271094529036406e-06,0.9996442282241973,0.0032539981719959922,0.0020218227412542263
95417.0,0.094574883597071,0.03269826501518661,0.21558481985260483,0.6564552012097504,0.0006868303253879413,0.6564552012097504,0.9469827152589301,0.5883934434144908
95418.0,0.00012258244744278181,0.0009669188296759619,0.9601932385592746,0.037603995493238986,0.0011132646703684878,0.9601932385592746,0.17775564705090086,0.11044579332797294
95419.0,0.0005731223257682155,0.02335263191766355,0.004400873439702101,0.9716480005400092,2.5371776857773614e-05,0.9716480005400092,0.14410856187370902,0.08953968386128076
95421.0,1.042500185602089e-15,1.8759276801885575e-10,1.269892229846846e-05,1.9815806631098336e-06,0.9999853193094467,0.9999853193094467,0.0001838737065940041,0.0001142471574538188
95422.0,0.8304890245152768,0.1439609200532215,0.022343169475629088,0.0031914633782292676,1.5422577644054662e-05,0.8304890245152768,0.5367272126467405,0.3334873675462254
95423.0,0.005715244542689006,0.9879677194511051,0.0011082185085969248,0.005208564227053909,2.5327055682104015e-07,0.9879677194511051,0.0764057034253064,0.047473532737743865
95424.0,0.07117097515209456,0.17701339408862632,0.10419541651318591,0.6475763469487158,4.386729737581478e-05,0.6475763469487158,1.01204612500245,0.628819612849706
95425.0,0.004362221047513218,0.9285508674656682,0.010376698709669377,0.05659604008272826,0.00011417269442058877,0.9285508674656682,0.3035138899640425,0.18858378295874156
95427.0,3.5669371839478873e-09,5.464777077487245e-07,0.044128634637208966,4.667695021530329e-06,0.9558661476231239,0.9558661476231239,0.1809204111611637,0.11241217182931972
95431.0,0.0035303992266334672,6.089942186809976e-24,1.0730566122676834e-05,5.7517353751354545e-12,0.9964588702014953,0.9964588702014953,0.02359148593339647,0.014658214368590898
95436.0,0.009562516391269574,0.9841668174187916,0.006161739260093664,0.0001086385518128036,2.8837803226558157e-07,0.9841668174187916,0.09252742932627762,0.05749052424541182
95437.0,0.005337824975102876,0.008165383385757152,0.40171408246687845,0.577085099091019,0.007697610081244303,0.577085099091019,0.7882841722359848,0.4897884945706234
95442.0,0.03199832719350525,0.9321744734044737,0.0007013788830598039,0.03512515527258568,6.652463748739075e-07,0.9321744734044737,0.2983437136679776,0.18537137180816443
95444.0,0.006105136788408464,0.9937318820259416,2.832458586047126e-05,0.00013454257239540305,1.1402739540632404e-07,0.9937318820259416,0.03887392824858769,0.024153729664411278
95445.0,0.32082003563063566,0.41250663297605356,0.0067198507367358115,0.2599205589479954,3.292170857806645e-05,0.41250663297605356,1.114176807645639,0.6922769738663404
95446.0,0.22563947779685012,0.14652164781743054,0.06640170492222013,0.5592912251197,0.0021459443437976808,0.5592912251197,1.1356070614694769,0.7055923392235706
95447.0,2.96544375548438e-09,2.224249700355943e-08,0.0048696237857796905,5.725247868238207e-07,0.995129778481491,0.995129778481491,0.030796495601079773,0.019134938578962275
95448.0,2.963659310575183e-08,1.406345258730869e-16,0.9788174483032417,4.607293877847227e-07,0.02118206133077833,0.9788174483032417,0.10261222305112402,0.06375655889448643
95449.0,0.35880874560418347,0.34195756571227137,0.0044153261077682394,0.2929566036346758,0.0018617589411021082,0.35880874560418347,1.1300287858212412,0.7021263616887186
95450.0,0.004128743536704684,0.03552955459297495,0.9493391444939434,2.7942052089048757e-05,0.01097461532428823,0.9493391444939434,0.24040957202843163,0.14937486570378986
95452.0,0.0004396796594654004,2.5531842391264654e-08,0.9274839783926904,0.04841159635321653,0.02366472006278675,0.9274839783926904,0.30840605578211056,0.19162345648716567
95453.0,0.15316843506481068,0.00012893815686130473,0.7716738436938653,0.07360961164977028,0.0014191714346917727,0.7716738436938653,0.6898971728213664,0.4286572147278249
95454.0,0.22117589567909102,0.03798277181450472,0.4986615616928596,0.2421264389928868,5.3331820658514785e-05,0.4986615616928596,1.1488508375401,0.7138211599617333
95455.0,0.31834473821770976,0.02135204225684476,0.0761245817251002,0.584060415645283,0.00011822215506344869,0.584060415645283,0.95771491091424,0.5950617314996638
95459.0,9.069699979246172e-06,0.00044137765794931034,0.03683277314001378,0.9625132503832485,0.00020352911880794255,0.9625132503832485,0.16361883714841066,0.10166209947232753
95465.0,0.011360725814054595,0.6752900328875172,0.3132086999275613,1.036672341546596e-05,0.0001301746474514809,0.6752900328875172,0.6808794060116959,0.42305416117726447
95466.0,0.07080582645398317,0.0013138161498504356,0.05705146172215667,0.8701965397569875,0.0006323559170205345,0.8701965397569875,0.48522843429590423,0.30148937746970855
95467.0,0.0035955395931970098,3.18857964084755e-05,0.7096812590493472,1.5514683054724897e-12,0.2866913155594973,0.7096812590493472,0.6221212298490119,0.38654565363638105
95468.0,0.0001658407774215633,0.0003202447314773944,0.9276398832062099,0.07157563205590296,0.00029839922898797753,0.9276398832062099,0.2648640863279301,0.16456930974575584
95469.0,0.0002429157141073236,0.9876838036163562,0.008780370117404929,0.003291084348925017,1.8262032064752613e-06,0.9876838036163562,0.07467664709952,0.04639920963871149
95471.0,0.0009096252515322838,0.007362203138195787,0.914729973517988,0.0768280202320492,0.00017017786023454127,0.914729973517988,0.32268678244615384,0.2004965708544327
95472.0,0.10499406890012844,0.4135404913377309,0.013866720827229494,0.46748274510427107,0.00011597383063891987,0.46748274510427107,1.0176442104915644,0.6322978989307441
95473.0,0.011809874348306762,0.7995271303416494,0.1196270543965895,0.06902527106068784,1.0669852767927195e-05,0.7995271303416494,0.6699634031117432,0.4162716672297698
95474.0,0.999784573916516,0.00013498612531141573,7.301173303427444e-05,3.914829017530952e-06,3.5133961224723435e-06,0.999784573916516,0.0022064707112767704,0.0013709573349988523
95479.0,0.0014669575231248788,0.9308814053987714,0.06763073385733104,1.9901660821579858e-05,1.0015599527241366e-06,0.9308814053987714,0.258649827974851,0.1607081739386089
95480.0,0.0020936454485159426,0.03103139035262262,0.9510076195598707,0.013840351070794104,0.00202699356819639,0.9510076195598707,0.24026079764566668,0.14928242698241045
95484.0,1.759649756818262e-21,1.41953596420459e-37,6.826894687726758e-07,5.623432568336536e-22,0.9999993173105309,0.9999993173105309,1.0374985839771166e-05,6.446341147811117e-06
95486.0,0.1701346963539127,0.015329783076365781,0.6944569178339739,0.12005726008800396,2.134264774334491e-05,0.6944569178339739,0.8733255276755356,0.5426276595875174
95488.0,0.9987943297813591,2.2725365360272392e-08,0.00029055749990145936,1.085465819781495e-09,0.0009150889079074064,0.9987943297813591,0.009973990999807402,0.00619718904516349
95493.0,0.21784173378540672,0.21783846394664613,0.1092464711381021,0.45506855738277024,4.7737470733410135e-06,0.45506855738277024,1.264199173815023,0.7854911109326727
95495.0,0.006655545476645082,0.00829222378781384,0.04148370597855123,0.9426392816978839,0.0009292430591059723,0.9426392816978839,0.26728997170937335,0.166076597080484
95499.0,0.02761802310155375,0.0036338406285751834,0.8865420614928355,0.08170491705229321,0.0005011577247406571,0.8865420614928355,0.43475490306777104,0.2701284092470839
95501.0,0.7780608246320657,0.0006424828800791171,0.16767735688651308,0.053581331037374086,3.8004563966969984e-05,0.7780608246320657,0.6565964074429184,0.4079662858506219
95503.0,0.26420380825359463,2.229819803681408e-05,0.2711535196902261,0.4646044480435423,1.5925814598589335e-05,0.4646044480435423,1.062104825731464,0.6599228323913071
95504.0,0.7402406591146868,9.732130328645404e-14,2.2039076980022254e-05,7.789848108628686e-10,0.25973730102925163,0.7402406591146868,0.5730337085323098,0.35604586179137443
95505.0,0.0008273878880926128,0.9914761337496716,0.007664957506199385,1.4334771697482205e-05,1.7186084337492134e-05,0.9914761337496716,0.05204477730533934,0.03233723830118259
95506.0,0.1017589654590202,0.3573539882594982,0.02355403527953179,0.5172713905306082,6.162047134087668e-05,0.5172713905306082,1.03012932983414,0.6400553397404323
95508.0,0.0009005497764832696,1.9029615841884432e-06,0.9613585452345124,0.03661486580865512,0.0011241362187642137,0.9613585452345124,0.1729553408234496,0.10746319537227342
95509.0,0.020819928749640493,0.10105444874085595,0.8720833366954062,0.006018533260140149,2.375255395874115e-05,0.8720833366954062,0.46262544937501565,0.2874453533130364
95510.0,0.028915281957507324,0.8321300982913633,0.06195728164028445,0.020788312504678896,0.05620902560616517,0.8321300982913633,0.6700264042440589,0.4163108120341944
95514.0,0.3295797181471312,0.20988477244425247,0.049832421782145885,0.4106791040212112,2.3983605260653846e-05,0.4106791040212112,1.2086722057445092,0.7509902658602863
95515.0,0.0014141208519030666,1.4142661688464155e-05,0.9607669686818541,8.557679341999215e-05,0.037719191011134245,0.9607669686818541,0.1723188899335386,0.10706774620024016
95519.0,6.917716849125797e-08,2.2642668444739487e-14,2.7824951235669964e-10,6.607686178468569e-08,0.9999998644676985,0.9999998644676985,2.3745633765617313e-06,1.4753991801836343e-06
95522.0,0.0101960426742209,0.9759683213627734,0.010720624124302273,0.0031129099946007946,2.1018441009236715e-06,0.9759683213627734,0.13711725547594258,0.08519574095813837
95524.0,0.3564640647484199,0.061449933179828164,0.45243961644496,0.12960181799901271,4.456762778001972e-05,0.45243961644496,1.1632077563294791,0.7227416151582099
95525.0,0.18093401769417447,0.42653580822621995,0.39136829168312887,9.33226010556493e-07,0.0011609491704662014,0.42653580822621995,1.0477668774205398,0.6510141642158199
95531.0,0.14796229447176765,0.5695185901291918,0.2819620018227059,0.0004858499153413247,7.126366099359533e-05,0.5695185901291918,0.9646908493932497,0.5993961257780112
95533.0,0.000327117928771178,0.000746954919610321,0.6859172413169233,0.31265578788347764,0.0003528979512187799,0.6859172413169233,0.6329078312482326,0.39324774591088646
95534.0,0.004391615139722496,0.00012410039972117796,0.2638705041955948,0.7313123799359595,0.00030140032900259997,0.7313123799359595,0.6077897636245401,0.37764101300765557
95535.0,0.00514029580225853,0.0006699495372158983,0.0010921725504018226,0.9930580494257986,3.953268432388636e-05,0.9930580494257986,0.046755632096846855,0.029050907609187628
95537.0,0.1398820691229851,0.03678877992473487,0.03594788844725503,0.7872487960472419,0.00013246645778433851,0.7872487960472419,0.7056917550363583,0.4384709404347733
95539.0,0.000739062907840471,2.2550245696315644e-06,0.9324716929080542,0.059216605352137304,0.007570383807397141,0.9324716929080542,0.274902147270936,0.17080630768488378
95540.0,0.2502013134920003,0.10032761490944152,0.1452528069109538,0.5042102255722384,8.039115366594884e-06,0.5042102255722384,1.2029275689030006,0.7474209223042988
95541.0,0.9392229509072151,8.841147821284575e-06,0.02250677738999174,0.03806693092079521,0.00019449963417716542,0.9392229509072151,0.27046406659829014,0.16804877312057512
95542.0,0.0014430682188304779,0.9620197844345996,0.035722707648515366,1.970365380992932e-07,0.0008142426615181409,0.9620197844345996,0.1715106445788259,0.10656555512566163
95544.0,0.004125123087323914,2.5262730958441393e-06,0.0006778624808482344,0.9950569826064574,0.0001375055522745205,0.9950569826064574,0.033781733628153426,0.02098977125315895
95547.0,0.0014298317363727474,0.00011307444926862973,2.8205366527096873e-06,0.008279743713444171,0.9901745295642623,0.9901745295642623,0.05989894739683707,0.037217308561003394
95548.0,0.03312023094288065,0.9357165203210529,0.0027437286717763854,0.021742152353697832,0.0066773677105912265,0.9357165203210529,0.30790314418738113,0.1913109799443652
95549.0,0.9327092231605031,0.0001367768564083422,0.004504573121138486,0.050023151498850754,0.012626275363100058,0.9327092231605031,0.29556237767196003,0.18364323058909057
95550.0,0.03834291305250021,0.0012440167552437507,0.7110179661087737,0.24935724010532576,3.7863978157608933e-05,0.7110179661087737,0.7225731410672361,0.44895993531954437
95553.0,0.006984845197504932,0.0823080184546163,0.08545965320251836,0.8252346391822775,1.2843963081405548e-05,0.8252346391822775,0.6090875569598841,0.3784473773447435
95556.0,0.0037809693928401123,0.9537604102673025,0.006793451847055742,0.03565382772998705,1.1340762815312625e-05,0.9537604102673025,0.2191499837780742,0.13616554082948973
95557.0,1.5718608659181555e-10,1.9319225401984565e-06,0.04902362330992102,3.913061737227829e-23,0.9509744446103506,0.9509744446103506,0.1956575212130487,0.12156885313900548
95559.0,0.44907598824858824,0.39524684794380593,0.039789043485132645,0.11587901541554306,9.104906929908619e-06,0.44907598824858824,1.1045350359858448,0.6862862043030634
95561.0,0.7290836045757593,0.05308336049307848,0.2155303043983966,0.0019653637024752064,0.00033736683029078726,0.7290836045757593,0.7319229809500558,0.45476931747127897
95563.0,1.9227960318210525e-06,0.6782955753680932,0.2750073983752851,5.287735845766101e-08,0.04669505058323217,0.6782955753680932,0.7614235400843687,0.47309904545046927
95565.0,0.002605172637776164,0.0009176048858885219,0.01249958334369147,0.9839743781454852,3.2609871588169633e-06,0.9839743781454852,0.0926305798267905,0.05755461525489778
95566.0,0.866719623666251,2.609034878059707e-07,0.023370442447451643,3.600620154349442e-06,0.10990607236265466,0.866719623666251,0.4544972415846963,0.2823950138575514
95568.0,0.0012549907240833637,0.9928701591777385,0.00012715923217869517,0.005747231607251566,4.592587492778138e-07,0.9928701591777385,0.046285997964788606,0.028759107516478255
95569.0,0.5558982825969343,0.13418396709692157,0.04790959275361373,0.261880932459781,0.00012722509274929313,0.5558982825969343,1.093517839821827,0.679440835445463
95571.0,0.9904550205760517,0.00013741909342126655,0.008590136555913636,0.00023474559908132436,0.000582678175533109,0.9904550205760517,0.057887249549734045,0.035967370410819925
95572.0,0.00449563240568674,0.000893359086801439,0.9923253328006717,0.002236837027042432,4.883867979687042e-05,0.9923253328006717,0.052349852682901515,0.032526792290935934
95573.0,0.7080018636962075,0.023005986490359176,0.12988578112511692,0.13730404650024486,0.0018023221880703534,0.7080018636962075,0.8803809180447247,0.54701142010085
95574.0,0.37708191279475034,0.46491298748566207,0.01031211632041461,0.1476920241251805,9.592739917673816e-07,0.46491298748566207,1.0535095029994497,0.6545822581040923
95576.0,0.0007717112424698274,0.044534559058533194,0.9540141381771345,1.1805496654756425e-06,0.000678410972195584,0.9540141381771345,0.1939771597475539,0.12052478585780577
95577.0,0.10613323492638238,0.8222968406898926,0.07053628170066675,0.001028127368215945,5.515314841056179e-06,0.8222968406898926,0.5931250404082541,0.36852930816772966
95578.0,0.0019776949042867266,0.8288889144642196,0.16772825607160835,1.3518860373806645e-05,0.0013916156995118754,0.8288889144642196,0.4766379957279066,0.2961518378842234
95581.0,0.26923757379542407,0.00023911351472996,0.6056434850551309,0.12484774281221873,3.208482249763025e-05,0.6056434850551309,0.9190829413687336,0.5710583392301977
95583.0,0.08897728474278518,0.07692751213152617,0.33042578864450883,0.5034142997018515,0.0002551147793281088,0.5034142997018515,1.1261097803683369,0.6996913466920994
95586.0,0.00230184894834224,0.9975142305406279,4.1312522989073815e-05,0.0001425977847363228,1.0203305899630343e-08,0.9975142305406279,0.01814418871659081,0.011273618308860199
95587.0,0.9335250938448748,1.0394482146897316e-08,2.4984449970777127e-05,0.006927888325503512,0.059522022985169135,0.9335250938448748,0.26686256767105754,0.16581103602030653
95588.0,2.353408828629765e-08,3.3646140130330698e-09,0.8383296122151929,2.2230673530180348e-10,0.1616703606637975,0.8383296122151929,0.4424298738754645,0.2748971367316291
95589.0,0.0848600509320801,0.4602824761499806,0.2375392711939676,0.21729207919523413,2.6122528737595236e-05,0.4602824761499806,1.2398877805846158,0.7703855930108047
95590.0,0.016725422334299217,0.10185959308169419,0.20754746264982868,0.6738074272031613,6.009473101749667e-05,0.6738074272031613,0.8940416561849144,0.5554993139392208
95591.0,0.0006646103016844632,0.9940862644541794,0.0052292595482625204,8.838939255690033e-09,1.985685693426541e-05,0.9940862644541794,0.038445702643582984,0.023887658136148928
95593.0,0.03378199964391473,0.06360131787041298,0.8960953304881301,0.006462681167094583,5.8670830446750414e-05,0.8960953304881301,0.4211407955009834,0.2616694886129864
95594.0,0.1152952467504698,0.20333860106557458,0.05444088689983466,0.6269227419897171,2.5232944052203586e-06,0.6269227419897171,1.0241827493894937,0.6363605215690045
95595.0,0.9998437895012325,1.3350595742794765e-11,7.71803255524445e-07,2.179876740827295e-07,0.00015522069448592468,0.9998437895012325,0.0015317934224094191,0.0009517567658716003
95597.0,0.013176999593305263,0.35707518988690434,0.12926894712668305,0.5000785549539065,0.00040030843920262917,0.5000785549539065,1.0389135567665095,0.6455132868066128
95598.0,0.03858231064845176,0.03685244686518298,0.04257802546699058,0.8819687882426814,1.8428776693625133e-05,0.8819687882426814,0.4925966745691643,0.3060675225577141
95599.0,0.03544137512188978,0.04440187414038886,0.029036438090406003,0.8903660133690156,0.000754299278299814,0.8903660133690156,0.4682389730707426,0.2909332316911697
95601.0,0.3745183780622827,4.440746309437559e-05,0.3520896772877353,0.27320221111789406,0.00014532606899489978,0.3745183780622827,1.0915763902850524,0.6782345450245804
95602.0,0.002130236920559153,6.658246949055664e-07,0.0006375832525668282,0.9972308037313428,7.102708361303858e-07,0.9972308037313428,0.020580309644901273,0.01278726534643128
95607.0,0.04432176591877439,0.7660637521943764,0.016201189088761545,0.17341153158727654,1.7612108121731293e-06,0.7660637521943764,0.7129149629450817,0.44295897184805044
95609.0,0.5719189806669338,0.4003068108163609,0.025547880844999295,0.001405988234177936,0.0008203394375283087,0.5719189806669338,0.7948062827245899,0.49384090966425137
95610.0,0.7834477417435276,0.16822267441443023,0.041097673812319754,0.007216237627777101,1.5672401944470243e-05,0.7834477417435276,0.6579878744668948,0.40883085292290616
95611.0,7.47337152737223e-05,0.9278236779281746,0.00022960474300587206,0.006902708104267865,0.0649692755092775,0.9278236779281746,0.28410299965007546,0.17652311869576906
95615.0,1.1360800589571489e-05,1.6407739874789174e-09,0.07147385125324938,0.8369154678746124,0.09159931843077361,0.8369154678746124,0.5566583165643818,0.34587125869459384
95622.0,0.003675247241016966,0.9420872262154236,0.024897880791122234,0.029322838117763653,1.680763467244027e-05,0.9420872262154236,0.27243007718170803,0.16927032417776655
95625.0,1.369102117076983e-08,0.9816021702035584,0.018143560577460683,2.8546927320153262e-08,0.000254226981033582,0.9816021702035584,0.09307810440505059,0.057832677909444824
95626.0,1.8596702004929224e-43,1.185457677622104e-39,8.108091802800448e-15,1.7699695650232927e-28,0.9999999999999929,0.9999999999999929,3.777930075029855e-13,2.3473599359394643e-13
95630.0,2.4593680840833706e-05,1.8794884605854782e-10,0.8853160853457497,0.0015466202157488522,0.11311270056971119,0.8853160853457497,0.36462557817586383,0.226554609754661
95633.0,0.027512078431808924,0.20007046527672712,0.0038498928200310354,0.7668754062298881,0.0016921572415434089,0.7668754062298881,0.6565406619231242,0.40793164921172864
95636.0,0.28897409047847206,0.5561523873912786,0.10957266323350735,0.0452985350660321,2.3238307115392265e-06,0.5561523873912786,1.067528592613723,0.6632928082321621
95637.0,0.005112204129255655,7.340672084133417e-07,0.21792341394020806,0.7460434490940189,0.030920198769309376,0.7460434490940189,0.685072353472085,0.4256593859131772
95639.0,0.001626479193880344,0.5536309660818777,0.0009156678963203369,0.4438054330359598,2.1453791961132097e-05,0.5536309660818777,0.7049526120809539,0.438011685094947
95641.0,6.290333700780312e-13,7.327959766135247e-24,0.006147084867800742,1.9184753399402785e-11,0.9938529151123878,0.9938529151123878,0.03742774050191487,0.02325516269547141
95643.0,0.1550927329026446,0.01318871123240279,0.027906838397527264,0.7947927247004352,0.009018992766991253,0.7947927247004352,0.6710209538275043,0.4169287604345407
95644.0,0.11313406881859606,0.11720868513334451,0.4234289331150681,0.34619436575899415,3.3947173998862836e-05,0.4234289331150681,1.2292702525621693,0.763788551931793
95645.0,0.019253401600745866,4.574212048142116e-05,0.9643798293857142,0.015803323418048524,0.0005177034750105731,0.9643798293857142,0.18094925461230754,0.11243009327314865
95648.0,0.009075101284706627,1.796736541493357e-06,0.9714074568585395,0.019436295648363192,7.934947184770315e-05,0.9714074568585395,0.14821683341284808,0.09209229648920485
95649.0,0.00019509493109942742,0.0003302798188171171,0.0014233226139817633,0.9978524019111112,0.0001989007249894463,0.9978524019111112,0.01748388919965351,0.01086335115171422
95652.0,0.024233376586207334,0.9582023276491276,0.017556531111094547,7.1849534179863755e-06,5.797001513717843e-07,0.9582023276491276,0.202123169895041,0.12558618653971662
95654.0,0.00033503164402658,1.1883620845966337e-06,0.9667276148488765,0.0228237653069063,0.010112399838106953,0.9667276148488765,0.1681385647183532,0.10447036410622505
95655.0,0.015203528390320664,0.004476534829905453,0.021361969675395887,0.9589424765402924,1.549056408674996e-05,0.9589424765402924,0.21039422747994443,0.13072528356297136
95656.0,5.6438483573367756e-24,4.1473991088812886e-43,4.598080555879209e-08,7.5279268553283e-28,0.9999999540191962,0.9999999540191962,8.228285428747574e-07,5.112521188408682e-07
95657.0,0.0005181824158562437,0.9499682536180144,0.0005466300278415757,0.04892791883421165,3.901510407532774e-05,0.9499682536180144,0.2048165481181122,0.12725967652169284
95658.0,0.002100647933380184,0.00015612813021033918,0.0017233810404034637,0.00230111745699386,0.9937187254390153,0.9937187254390153,0.04552600318933058,0.028286896212403396
95662.0,0.08558408908623699,0.5756321934287714,0.05624616172778538,0.2825259121133519,1.1643643854088714e-05,0.5756321934287714,1.0474196428849774,0.6507984152683894
95663.0,0.0001127026483467481,0.00026935550159871687,0.01933366811612438,0.9736326908552919,0.006651582878637123,0.9736326908552919,0.13888769334313145,0.08629577585449001
95664.0,0.8279624001250203,0.0004600339086694376,0.004106907631612304,0.13681988645470342,0.030650771879992936,0.8279624001250203,0.5613797678850094,0.3488048613419224
95665.0,0.0006105541601216473,0.0003487128636063951,0.0023696291401668285,0.9930344777185167,0.0036366261175868,0.9930344777185167,0.04898649369520985,0.03043701985441805
95666.0,0.9136459769958728,0.00016964969806193339,0.003017279267254605,0.0831552180129453,1.1876025865967204e-05,0.9136459769958728,0.30844220486637197,0.19164591717606963
95668.0,0.35045974128726654,0.5859257399959087,0.0621302511126986,0.00144184890512381,4.241869900156144e-05,0.5859257399959087,0.8631637956546115,0.5363138204872843
95669.0,0.21240282505419308,0.07842795406350242,0.7088027188004268,5.584220704523063e-06,0.0003609178611747141,0.7088027188004268,0.7755965221832257,0.4819052143553771
95671.0,0.010384356426085522,0.1836484866508805,0.8045632714106443,0.0011187867498274988,0.000285098762561768,0.8045632714106443,0.5435517389977875,0.3377276841799535
95672.0,2.4574007636616907e-05,9.48625495445462e-08,0.9973154950042735,0.002087672021434383,0.0005721641041041263,0.9973154950042735,0.02009957959867345,0.012488570974617478
95673.0,0.0003655623170173091,1.8260805860964434e-08,0.9453535893453368,8.579484718714033e-05,0.05419503522965266,0.9453535893453368,0.21480960910665647,0.1334687144170602
95674.0,0.012666976167479993,0.0014943852552799068,0.094038147900841,0.8915288089844926,0.0002716816919059883,0.8915288089844926,0.39196668023445935,0.2435425916130261
95675.0,0.00038636646514161096,1.4229883628271907e-07,0.8518333800921563,0.003025722209886686,0.14475438893397924,0.8518333800921563,0.43696255031626896,0.27150009760576005
95676.0,0.08498488487054953,0.054063193229438575,0.025487232224811255,0.8354599067537377,4.782921463535598e-06,0.8354599067537377,0.6110255953024742,0.3796515482715107
95678.0,0.0035440310709014054,0.18055611786488449,0.7560920072971595,0.01471695473349254,0.04509088903356296,0.7560920072971595,0.7422822433880722,0.46120588912028976
95680.0,0.48333739472148324,0.02341647599944542,0.4357776141556225,0.057402023531530934,6.649159191641944e-05,0.48333739472148324,0.9659615366004695,0.6001856481307548
95684.0,0.0015301873471384507,0.3089123123055404,0.00161174136323598,0.6843747712585234,0.003570987725560761,0.6843747712585234,0.6628331233008143,0.4118413752900546
95685.0,0.7009583693270846,6.435519001009901e-05,0.0019409274970678837,0.29646485187428184,0.0005714961115572278,0.7009583693270846,0.626514017180646,0.38927504586561623
95687.0,7.634536398464333e-17,4.5911483777559625e-36,0.0003787677082363483,4.607708270916078e-21,0.9996212322917671,0.9996212322917671,0.0033628504785443974,0.0020894564820201425
95689.0,0.22442685514647695,1.586709514264848e-05,0.7168088581980676,0.057917911117866705,0.0008305084424464871,0.7168088581980676,0.7450574617593365,0.46293022924538785
95690.0,0.03949547518710802,3.8807992744923935e-05,0.047649448725818944,0.9124547143086233,0.0003615537857036555,0.9124547143086233,0.35952748487108327,0.22338698628475637
95694.0,1.3977470370473524e-10,0.9743969068035683,3.685304090463881e-06,2.6304597164522664e-08,0.025599381447970103,0.9743969068035683,0.11914559251506529,0.07402931892841427
95699.0,0.004213727980533757,0.9956650198026185,3.7455701888627216e-05,8.376112863444305e-05,3.538632520946627e-08,0.9956650198026185,0.028540845932502685,0.01773342463974752
95700.0,0.04915127480493494,1.1693225138441204e-10,0.009229188123793476,0.10082630670748802,0.8407932302468506,0.8407932302468506,0.5684608182741685,0.3532045653220839
95703.0,0.855907167758838,0.10738461904284333,0.03273663278638318,0.0001305034833465188,0.0038410769285897395,0.855907167758838,0.5072512797878201,0.3151729407322446
95704.0,0.03498279234534326,0.19747766404297656,0.07128327805347949,0.6962238211711198,3.2444387082543186e-05,0.6962238211711198,0.8783208866002278,0.5457314505980928
95708.0,9.49030547647411e-05,0.0003182117712696096,0.030904154459446536,0.968476963802617,0.0002057669119009492,0.968476963802617,0.14365869818012275,0.0892601678326656
95710.0,0.15948171452908758,0.030651555320493455,0.11396577232401776,0.695864399461132,3.655836526880721e-05,0.695864399461132,0.8998151839049923,0.5590866084073535
95711.0,0.07169559918294867,0.41247720463019366,0.5102797607769335,0.005450512874059291,9.692253586530645e-05,0.5102797607769335,0.9268387976714445,0.5758773236984963
95713.0,0.18590230513455286,0.0014395933556176702,0.5963447190929891,0.215926956858062,0.000386425558777991,0.5963447190929891,0.9644919115463007,0.5992725187438956
95714.0,0.9999884806229724,9.4121881786073e-09,6.93400855740184e-06,2.468279345803958e-06,2.107676937232355e-06,0.9999884806229724,0.0001534804242151622,9.536274933590928e-05
95716.0,0.0006746430030871633,0.9747355419681133,0.024477904672012114,3.65104260670111e-10,0.0001119099916846066,0.9747355419681133,0.12169916788867156,0.07561594451606696
95718.0,0.1108908682368868,0.0004291837943831801,0.5879259270321253,0.30072125261879606,3.2768317809998135e-05,0.5879259270321253,0.9211557461432807,0.5723462452491457
95719.0,4.6778222914745295e-05,0.9771670085031189,0.0003529508129802352,0.022419717731842228,1.3544729142402044e-05,0.9771670085031189,0.11114012303885124,0.06905524107529185
95720.0,0.013521672764566488,0.5228182245812106,0.46005599064232516,0.0035936058245098685,1.0506187387823194e-05,0.5228182245812106,0.7747869573954681,0.48140220347095397
95722.0,0.09178548419037678,0.053481681303588546,0.0013978300071163586,0.8533147341383159,2.02703606011059e-05,0.8533147341383159,0.5205933522416145,0.3234628364472125
95723.0,9.001641704132913e-07,1.3864974330848744e-08,0.7915247121573427,3.4593711979913486e-17,0.20847437381351241,0.7915247121573427,0.5119417844251419,0.31808731512412647
95725.0,0.005470441581058712,1.3801245864030554e-08,0.9792284476815225,0.010915741266459994,0.004385355669711017,0.9792284476815225,0.12216941074794288,0.07590812283225944
95726.0,0.054559893509114644,0.9180352249040415,0.009194153604908002,0.018210139596743637,5.883851935921075e-07,0.9180352249040415,0.35326229527663566,0.2194942051180867
95727.0,0.031703853995185265,0.2928848382636857,0.40343944729857784,0.2710825974352389,0.0008892630073119429,0.40343944729857784,1.1953890655757877,0.7427369868328076
95731.0,0.16746579929006902,0.8212393453111296,0.005177817532154714,0.006116532542871176,5.05323775278261e-07,0.8212393453111296,0.5194274259049777,0.32273840568313694
95734.0,0.14472198187230373,0.06817594495860389,0.7847578081417295,0.0020826585732068178,0.0002616064541553991,0.7847578081417295,0.6680628320788323,0.41509077605141026
95736.0,0.9351784111929546,0.015425655600113405,0.04558098915310228,0.003533561198463094,0.00028138285536707805,0.9351784111929546,0.2900405303060961,0.18021231391737336
95744.0,0.3426632922117557,0.09574599748381174,0.4717326458542552,0.08958841453213048,0.00026964991804607715,0.4717326458542552,1.1644040145106411,0.7234848921569186
95745.0,0.01626899879556843,0.024050898867564768,0.9546193451866817,0.004726895901756651,0.00033386124842721876,0.9546193451866817,0.22897309321422674,0.14226898188817347
95748.0,0.11160029045589083,0.06952857471725601,0.06285727507293175,0.7558219462440559,0.00019191350986501597,0.7558219462440559,0.817238542940102,0.5077788565972808
95752.0,1.4256324557685903e-08,0.01630160621738086,0.009948607929718604,0.9707938824134679,0.0029558891831076234,0.9707938824134679,0.15896234854768646,0.09876886043231897
95754.0,0.00045234078584541535,0.0004136138849312123,9.059804544978596e-05,0.9986270669814759,0.00041638030229798655,0.9986270669814759,0.012162243093817575,0.007556826516795234
95756.0,0.0003310389778284223,0.9831920077376042,0.0028914790539922475,0.013581800165059934,3.6740655135560003e-06,0.9831920077376042,0.0946566664702501,0.05881349366692385
95761.0,0.01716466507504909,0.30666451228765856,0.07144269855674626,0.6047125284751534,1.5595605391258393e-05,0.6047125284751534,0.9251219609360032,0.5748105930578313
95762.0,0.01380888019809255,0.015075958423285307,0.00164455972811557,0.9667236252557039,0.002746976394802567,0.9667236252557039,0.18183235864925645,0.11297879666215563
95763.0,8.634846614896553e-15,1.2312683419486934e-22,0.020076229936227014,1.869102128568176e-12,0.979923770061895,0.979923770061895,0.0983356384897618,0.0610993675059138
95765.0,0.00017727810038837316,2.1967698124593484e-11,0.012159409719404931,0.1851427756350395,0.8025205365231999,0.8025205365231999,0.5439698236908878,0.33798745480538134
95767.0,0.9999851398788785,1.2175767602367867e-13,5.787248689811597e-07,8.900586728480049e-09,1.427249554287981e-05,0.9999851398788785,0.0001825776547190713,0.00011344187514692158
95768.0,0.00013407784920281364,0.19058702847908687,0.7100834048816025,0.09161699086485389,0.0075784979252525655,0.7100834048816025,0.8162136142895967,0.5071420326212909
95770.0,0.25695765579514107,0.0002757932434878221,0.19737051314678888,0.5449807536925929,0.0004152841219897236,0.5449807536925929,1.0057329983188414,0.6248970466948796
95771.0,0.46079168121161346,0.0001672047512848651,0.18955381015394834,0.34870706001529195,0.000780243867862454,0.46079168121161346,1.0466775847307157,0.6503373486136719
95772.0,0.13180983823363748,0.0002769885871295911,0.6281628584594958,0.23781820091997616,0.0019321137997599302,0.6281628584594958,0.9150758826452945,0.568568613660493
95773.0,0.08196446434353878,8.792097694805612e-05,0.9135556368254989,0.003576130730198303,0.0008158471238162631,0.9135556368254989,0.3143959447867242,0.19534518377986662
95775.0,0.18483504757629157,0.6740217112479097,0.07947009833119617,0.061670256813463484,2.886031140247625e-06,0.6740217112479097,0.9510475835884049,0.5909190881119786
95777.0,3.3820870183522866e-05,2.143925036695615e-06,0.9983704168183174,0.00020105399689462024,0.0013925643895684597,0.9983704168183174,0.012874115285833692,0.007999137578636375
95780.0,0.0013542074247545886,3.371797099802514e-08,0.9659480844086755,0.0012275237045059537,0.031470150744092616,0.9659480844086755,0.15948404903963087,0.09909301117334098
95785.0,0.7611061007150388,0.16131429177698295,0.03243117996194489,0.04415527970845341,0.0009931478375788917,0.7611061007150388,0.7578988482661754,0.4709090312902693
95787.0,0.13788425456082362,1.2715676678500859e-05,0.0034386808797405256,0.8586293312288948,3.501765386188275e-05,0.8586293312288948,0.42407531724876524,0.2634928094911082
95788.0,0.004834341417996478,0.9853938721825105,0.009346893279940168,0.0004231301038434504,1.7630157111317698e-06,0.9853938721825105,0.08726118758088831,0.05421842427516525
95789.0,0.014968851836916408,0.9771327790128064,0.006336440968989658,0.001531621219800716,3.0306961485393003e-05,0.9771327790128064,0.12781354329431058,0.07941501955860258
95791.0,0.16770219856933097,8.21381339779063e-05,0.0183447427141158,0.8134767627713169,0.0003941578112579266,0.8134767627713169,0.544587943085017,0.33837151397868265
95792.0,0.9674137291048848,0.011003763631453877,0.0015388091158758024,0.018206254339226697,0.0018374438085598877,0.9674137291048848,0.17614645246446065,0.10944594451491343
95793.0,0.7006777346138919,0.19729915126925027,0.011529258768642553,0.09001577411948215,0.00047808122873282494,0.7006777346138919,0.84130553651876,0.5227325204775229
95794.0,0.0005717498850387257,6.251315004347704e-05,0.9663692402638073,0.0006586808131177469,0.03233781588799194,0.9663692402638073,0.15372589205640438,0.09551526708098397
95798.0,0.3480218283515334,0.010861491689949215,0.6309151684122744,0.010163288232896016,3.8223313347262325e-05,0.6309151684122744,0.7540722404509854,0.4685314261738329
95799.0,7.642632543899574e-06,0.8588695015548349,0.1406501490933744,1.773038278106469e-11,0.00047270670151735905,0.8588695015548349,0.41025892134398223,0.25490820004576015
95802.0,0.0008804140348964548,4.567150628709219e-05,0.24268714258127966,0.7434072252121949,0.012979546665340617,0.7434072252121949,0.6271076537008066,0.38964389297402235
95803.0,0.0028580688565755874,0.0013440853277400771,0.4360514798444802,0.5557347679044374,0.004011598066766449,0.5557347679044374,0.7361616445652711,0.45740294725125896
95807.0,0.9967004961805167,8.109428918184177e-07,0.002970670328703756,2.8795526835873715e-08,0.0003279937523600926,0.9967004961805167,0.023223497639539615,0.014429570386108646
95809.0,2.8573053365236613e-05,1.0451294163912752e-06,3.514214167511368e-05,7.006086673926836e-06,0.9999282335888698,0.9999282335888698,0.0008286928989274893,0.0005148958481251266
95811.0,0.0524035137337919,0.9455891520551953,0.0019573079587743504,4.9746902929898663e-05,2.793493071611388e-07,0.9455891520551953,0.2201327647761006,0.1367761769965849
95812.0,0.06301837306061578,0.2111200073392044,0.7208337883525967,0.004927868652075312,9.996259550922913e-05,0.7208337883525967,0.7656287965919296,0.47571191822740094
95813.0,2.9578876857232864e-05,1.534587465746967e-08,0.0001827176640131824,8.199972758502876e-08,0.9997876061135283,0.9997876061135283,0.0020952020256376136,0.0013018222134887128
95814.0,0.9608458127491835,0.00012041863477168161,0.020468623170110948,0.018232611607079997,0.00033253383885540087,0.9608458127491835,0.19474030526505304,0.12099895482798056
95822.0,0.029383174070388728,4.730141688680098e-06,0.9693202749503864,0.0011022625945128998,0.00018955824302229794,0.9693202749503864,0.1430379619456373,0.0888744827250328
95824.0,0.0006882425841633361,0.018290960944078775,0.04581049266379717,0.9350190640610854,0.00019123974687372544,0.9350190640610854,0.28390448318363365,0.17639977348008343
95825.0,0.13035511424654464,0.8529647230276413,0.01613877210283187,0.0005322581384852555,9.13248449657546e-06,0.8529647230276413,0.47196612068378707,0.2932490387094147
95828.0,9.557813098821946e-08,8.353966010228187e-17,0.9916013951716819,3.563034765097073e-12,0.00839850924662429,0.9916013951716819,0.048507145893829436,0.030139184319616055
95829.0,0.02078384340415857,2.837951682874652e-05,0.8530424537464696,0.1126181191923624,0.013527204140181817,0.8530424537464696,0.5205310368170707,0.32342411769698154
95831.0,0.061935553246142104,0.26341348562488337,0.05024382455703405,0.624327588831124,7.9547740815964e-05,0.624327588831124,0.9688170499194643,0.6019598783119465
95833.0,0.003430246922280869,1.692896470664247e-05,0.006765430008337499,0.9893332770307138,0.00045411707396018783,0.9893332770307138,0.06755771404197199,0.04197596783326563
95836.0,0.8315987323818738,0.00033472283906129985,0.16761412419963434,4.651206550123709e-05,0.0004059085139285091,0.8315987323818738,0.459037630291257,0.2852161159774175
95838.0,2.9578615698599334e-10,7.000801377689883e-12,0.6330410079359243,0.0017308718761942876,0.3652281198850928,0.6330410079359243,0.6683157674544211,0.4152479336364495
95839.0,0.012343119530813977,0.18527965210388034,0.07677823529026472,0.7252032933926297,0.0003956996824129469,0.7252032933926297,0.7997921123449127,0.49693877978512
95841.0,0.01831107441206457,1.1133833236502932e-06,0.029499613843714353,0.9517251753908734,0.0004630229700238348,0.9517251753908734,0.2278477633469891,0.1415697751287554
95843.0,0.5017472082615644,0.0017605673949055564,0.49425447057370203,0.0002089893760129563,0.002028764393816463,0.5017472082615644,0.7198534372084139,0.4472700883004015
95844.0,0.0020980316388717075,7.598580153511959e-11,0.9575712788472793,4.02122840985871e-06,0.04032666820945505,0.9575712788472793,0.18398216447342117,0.11431454612322889
95846.0,0.0005534827514550075,6.952620323959014e-06,0.9989565324129268,0.0004272279104345217,5.5804304858676324e-05,0.9989565324129268,0.009137262061427898,0.005677300124991327
95848.0,0.21643379369360594,0.34744255784841904,0.24363085601543447,0.1924897186535534,3.0737889853838155e-06,0.34744255784841904,1.359784646835029,0.8448817045564077
95849.0,5.4073424102645664e-05,0.9548890492491378,4.612132693059191e-05,0.04500995706420228,7.989356282579812e-07,0.9548890492491378,0.1846508757705956,0.11473003981329803
95850.0,0.9951870747636351,0.0032362718860270714,0.001420355503544251,4.393513878281237e-05,0.00011236270801155484,0.9951870747636351,0.034131598867285756,0.02120715474861992
95851.0,0.20465983698163048,0.19204130794531982,0.024999258644428386,0.5782938457023573,5.750726265149977e-06,0.5782938457023573,1.0505557517339021,0.6527469892548079
95853.0,0.9983997895606177,3.3884553770293057e-06,0.0012433932155514894,1.1329884478500362e-06,0.0003522957800058798,0.9983997895606177,0.0127764266368979,0.007938440208342638
95854.0,0.964501658703939,0.0007585050600704865,1.8212538303341373e-05,0.033857991610318376,0.0008636320873704812,0.964501658703939,0.16122998927560914,0.10017782483560753
95858.0,0.02753266266921883,0.019372240508292785,0.007546776476601005,0.9455438938805503,4.426465335517501e-06,0.9455438938805503,0.2651889112009021,0.16477113478694722
95860.0,3.3013736817462542e-06,0.9622098034308023,0.011170509557315985,9.364345173198053e-25,0.02661638563819842,0.9622098034308023,0.18383134524489492,0.11422083686774219
95862.0,0.0013414914995796585,0.0006638069702769954,0.0451230882448135,0.005009674585011088,0.9478619387003191,0.9478619387003191,0.23082541315014934,0.1434198929743434
95863.0,0.00010678504390344813,3.4076298320129474e-05,0.9969044296748616,0.0008560382388962324,0.002098670744017292,0.9969044296748616,0.023405546260295472,0.014542683553972655
95865.0,0.8271845291928195,0.0020841629284215086,0.1706918987677486,7.378510672689811e-07,3.867125994391794e-05,0.8271845291928195,0.4719746880713366,0.29325436192659715
95866.0,0.0032823251683411466,4.602227651234411e-07,0.9965072439168678,3.049991563893625e-07,0.00020966569286936417,0.9965072439168678,0.024046092836040586,0.01494067751869563
95867.0,0.9999546413073959,5.228124978312326e-11,4.066059870176023e-07,8.153058343012143e-09,4.494388127887399e-05,0.9999546413073959,0.0005013866926801217,0.00031152906788546364
95869.0,0.0006386678897274113,0.007966615863721526,0.7329253609445817,0.013554218490590386,0.24491513681137722,0.7329253609445817,0.6737797711909053,0.41864291004049137
95870.0,0.997999944880835,0.0003649692986654009,0.0009099853733626511,0.0006093285729316934,0.00011577187420437758,0.997999944880835,0.01681912840811889,0.010450312048808258
95873.0,6.478563552474487e-09,0.0004705541312532795,9.980642090474517e-07,0.9991365589895383,0.0003918823364345929,0.9991365589895383,0.007556318474081917,0.004695004644605274
95875.0,0.7542284960384337,0.011894388211275418,0.23331399988558493,0.0003786049021365714,0.00018451096256915877,0.7542284960384337,0.6095774884278687,0.37875178888134237
95877.0,9.021368297274863e-05,0.031692973545660294,0.42657359244305415,0.5389104758174141,0.0027327445108970092,0.5389104758174141,0.8229491067067503,0.5113270293615297
95880.0,0.0011621528542316846,1.920924457693939e-06,0.2655602135305686,0.00023680460863937343,0.7330389080821038,0.7330389080821038,0.589615334258067,0.36634860512657974
95881.0,8.090989394180837e-06,0.000306154453619451,0.9993565180266816,1.459387975971496e-06,0.00032777714233007174,0.9993565180266816,0.005864788746279215,0.003643998131875344
95882.0,3.7871106790556696e-06,0.8441078410287188,0.15581951550524734,1.905093508046465e-06,6.695126184772814e-05,0.8441078410287188,0.433448411664561,0.2693166404965677
95883.0,0.9969486997002451,4.253742709276759e-07,0.0029285422747879855,9.469061407921501e-05,2.7642036617495837e-05,0.9969486997002451,0.021303235643029564,0.013236444524169765
95896.0,0.07637946350308629,0.8750801840771946,0.04838691058814371,0.00015304363302512638,3.9819855039082803e-07,0.8750801840771946,0.46111296960041487,0.2865055967912621
95899.0,0.146448183776154,0.00010604449569553551,0.5594905466918139,0.2937574284311296,0.0001977966052063149,0.5594905466918139,0.9687618607177726,0.601925587332925
95900.0,0.01553721091546422,0.17716610940609662,0.03207191940728132,0.7752215885350304,3.1717361268314124e-06,0.7752215885350304,0.6790572963986767,0.4219220208200988
95902.0,0.7377215794957155,0.0022235351598124072,0.25864769263497295,0.0006648666085829445,0.0007423261009164667,0.7377215794957155,0.597968831879517,0.3715389250245472
95903.0,0.012890825661944013,0.6026273413222771,0.1011493524161565,0.2832205725487003,0.00011190805092382657,0.6026273413222771,0.9513536942916625,0.5911092853857551
95904.0,0.0003882804062189568,0.7793291058593096,0.2202475625873556,1.1274149308337822e-08,3.5039872965706986e-05,0.7793291058593096,0.5309481664385218,0.32989664424862486
95908.0,0.0202682284014111,0.038671782950830076,0.08267796681335055,0.8583573709595046,2.4650874901884172e-05,0.8583573709595046,0.542267714420076,0.33692987485298825
95910.0,0.004481194922973485,0.01265444607588346,0.0005828094709618133,0.9821944245347459,8.712499543482916e-05,0.9821944245347459,0.10233155003304123,0.06358216694316332
95911.0,0.015380083789338007,0.9725099395971055,0.008693524829608744,0.003413365507795158,3.0862761522555163e-06,0.9725099395971055,0.1519952365473703,0.09443995035353304
95912.0,0.002754883984657888,0.0009640063988556191,0.2921292369383126,0.703940711373022,0.0002111613051501374,0.703940711373022,0.6313283130386227,0.3922663360674828
95913.0,1.884789664253612e-11,3.327343769950836e-06,0.9535086273476648,2.7999407592498824e-20,0.04648804528971748,0.9535086273476648,0.18808682995392476,0.11686491818094667
95914.0,0.9994806920881291,2.144775034717315e-09,0.0004810988374678348,2.5535080799835866e-05,1.2671848828231005e-05,0.9994806920881291,0.004607475057700778,0.0028627852134615567
95915.0,0.008197948521973994,9.008504550045357e-06,0.00090119917239546,0.9896303478727536,0.0012614959283276102,0.9896303478727536,0.06454232129497378,0.04010239897813798
95917.0,0.09137170994120822,1.2200236389810626e-09,0.8636880806736867,2.084847794892345e-05,0.04491935968713309,0.8636880806736867,0.4848083570241781,0.30122836878557063
95919.0,0.010704409909166835,4.142388610302197e-12,0.9254887815074302,0.05212483789696666,0.01168197068229561,0.9254887815074302,0.3261946576779383,0.20267613628201678
95922.0,0.003009782176779099,0.4978160461488647,0.49897213141667185,0.00016751575483629639,3.452450284760601e-05,0.49897213141667185,0.7134125141976827,0.44326811782302533
95924.0,0.8144789082698293,6.90531954731884e-08,0.1785815278488783,0.006875573009745358,6.392181834991912e-05,0.8144789082698293,0.5096380873846403,0.3166559476742212
95928.0,0.0027161257356565303,0.33514057967250194,0.6617229671311279,0.00017704948345508508,0.00024327797725974147,0.6617229671311279,0.6592106176027852,0.40959058594922787
95931.0,0.7139271181895359,5.865562942988082e-06,0.28558917079475893,0.0004363512570645652,4.149419569911268e-05,0.7139271181895359,0.6023411960119607,0.37425562760664993
95936.0,0.9720222275056335,0.0026231546773976297,0.0030382281497763767,0.022315747063753468,6.426034405919027e-07,0.9720222275056335,0.14564808055387088,0.09049624059967244
95939.0,0.011690790963620886,0.0021466003972476846,0.03849696122529048,0.947594230496711,7.141691712997443e-05,0.947594230496711,0.242281366146573,0.1505378767796943
95944.0,0.3429663885068618,9.354011535196962e-05,0.2994612667418382,0.35594459786589916,0.0015342067700506326,0.35594459786589916,1.1065903952711433,0.6875632708300908
95945.0,4.39582844207666e-07,0.9651873693213237,0.02330369586499107,7.764826072360231e-16,0.01150849523084167,0.9651873693213237,0.1731895122434339,0.10760869425618509
95950.0,0.01405015023434245,0.9467225619231945,0.015680967312020615,0.023544226540890455,2.093989553680344e-06,0.9467225619231945,0.2652088828310816,0.16478354385847788
95951.0,0.1089400560843274,0.16864963252214055,0.021250582270760748,0.7011494942815009,1.0234841269399706e-05,0.7011494942815009,0.8725938240874123,0.5421730265864737
95952.0,2.615288087615917e-07,0.00596355559706991,0.09412380040098463,0.8970918051929617,0.002820577280173387,0.8970918051929617,0.3669585788344116,0.22800418456616728
95955.0,0.9861917830224585,2.5195330328384043e-05,0.011193190200686423,0.002508688513635567,8.114293289111469e-05,0.9861917830224585,0.08005039950718094,0.049738109739265055
95962.0,0.9999018461516505,2.353396430226211e-16,3.891670262126807e-08,6.17011059932403e-08,9.805323053998886e-05,0.9999018461516505,0.0010048686431881628,0.000624359992656323
95964.0,2.0397361686301206e-06,1.1421054255044429e-13,0.9990665071260031,1.7520023769235324e-07,0.0009312779374767948,0.9990665071260031,0.007461853476035678,0.00463631024122604
95966.0,0.6657559678055261,0.0002497909195255744,0.0028371586747891744,0.33084744618664136,0.0003096364135185093,0.6657559678055261,0.6580142407441342,0.4088472352120493
95968.0,0.00016116995788448773,0.9995275891855896,0.00016575446503684066,0.0001452729300948092,2.1346139395661334e-07,0.9995275891855896,0.0046097383505340015,0.002864191476365977
95969.0,0.0162735609917194,6.153262723024861e-05,0.00015695215669723654,0.9834442092641912,6.374496016039889e-05,0.9834442092641912,0.08602324582478667,0.053449247815149224
95971.0,0.9404951601746815,3.1338430084668104e-11,0.012312093636407121,8.570861405663138e-09,0.04719273758671111,0.9404951601746815,0.25594054076695044,0.15902479914858483
95973.0,7.884377796239962e-05,0.5910933200070555,4.700264778349493e-05,0.4087421642259557,3.8669341242075665e-05,0.5910933200070555,0.6780817196792153,0.42131586092295426
95976.0,0.007203453609660168,1.5575901521302147e-08,0.9838889528697575,9.581115486356213e-05,0.008811766789817843,0.9838889528697575,0.09409778286668621,0.05846623975967705
95977.0,5.0746434166175896e-05,0.7813130892623446,0.0060895951715070245,2.416503005655719e-12,0.21254656912956632,0.7813130892623446,0.5535261925439312,0.3439251606213146
95978.0,0.0040425991393811655,0.0001448352408914448,0.014463357951774464,0.9810599244699715,0.00028928319798192945,0.9810599244699715,0.10594400161047153,0.06582670930762574
95979.0,1.3258791404399927e-12,0.0013431000550984773,6.742209716442343e-05,7.567959977181061e-06,0.9985819098864332,0.9985819098864332,0.011035498802797424,0.006856740926468812
95981.0,0.012571351355260435,0.0006171164067325536,0.693632802595114,0.2783063740109709,0.014872355631921104,0.693632802595114,0.7318663659771257,0.4547341406107783
95983.0,0.00030487959281617574,8.650758888052296e-05,0.9960453092165221,5.159284737712604e-08,0.0035632520089329944,0.9960453092165221,0.027311552826625844,0.01696962188825295
95985.0,0.01114009279963486,0.005635430105625515,0.9383064322403537,0.019437436546093072,0.02548060830829447,0.9383064322403537,0.30913747674007575,0.1920779138802185
95986.0,0.06644248845325314,0.001537289464412405,1.0443683061044307e-05,0.13068320476687287,0.8013265736324029,0.8013265736324029,0.6336521159659625,0.39371019600727086
95988.0,5.0675071969426e-06,2.4271795798226798e-12,0.9864449683130467,4.2208868428935316e-08,0.013549921968461224,0.9864449683130467,0.07180853621203859,0.04461715214812852
95990.0,0.011908847186022736,0.9835904610948198,0.004001611523456371,0.000497388373685129,1.6918220161598418e-06,0.9835904610948198,0.09493481297138907,0.05898631580500702
95991.0,0.010083538746359012,0.008869866346936851,0.002856081477574664,0.9781633668125346,2.7146616596596183e-05,0.9781633668125346,0.12687717268557974,0.07883321978770326
95992.0,0.000999896499838602,7.066561901418112e-08,0.02082100852100473,5.234331411534377e-06,0.9781737899821277,0.9781737899821277,0.1091728548345285,0.06783290861429778
95993.0,0.003473837796816532,4.5483108193708166e-07,0.9942546947111511,0.0010461105366273012,0.0012249021243238014,0.9942546947111511,0.04079795882818478,0.025349197078675927
95997.0,0.0998431963745866,0.005814831952216854,0.8929891242556206,0.001139719989433795,0.0002131274281427606,0.8929891242556206,0.37057991492985215,0.2302542471920462
95998.0,0.004456514773781858,1.921853667590883e-06,4.6609505975510403e-07,0.988575194331151,0.006965902946339835,0.988575194331151,0.07011397384990262,0.043564261353743576
96000.0,1.2697123694753356e-05,0.9941935213877255,0.004225401120125252,0.0015565411962502288,1.1839172203753813e-05,0.9941935213877255,0.039229282283259316,0.024374523540289468
96001.0,0.998905716042037,1.2803779438455132e-11,0.0010262439547034945,2.2170592861118003e-07,6.781828452611981e-05,0.998905716042037,0.008810504957295203,0.005474274521078151
96003.0,8.746395997839502e-06,2.1660378289660185e-19,0.9987869117710797,1.6622981535544137e-09,0.0012043401706238316,0.9987869117710797,0.009409615856632607,0.0058465230525119065
96004.0,0.7140287482629852,0.03430836198339164,0.1899752084653193,0.061274902800490666,0.00041277848781256317,0.7140287482629852,0.8460504089458969,0.5256806754765316
96008.0,0.017812946037394032,0.530040951232544,0.42027989191523785,0.03182100209467793,4.5208720147885814e-05,0.530040951232544,0.8826903849565375,0.5484463725733688
96011.0,0.12396837078650808,0.7581770297281989,0.1159349289476972,0.001918400144125573,1.2703934689659432e-06,0.7581770297281989,0.7305321286793715,0.4539051323666912
96014.0,0.04616526618402275,0.9429594808542549,0.010636664138743398,6.501363489644624e-05,0.00017357518808163927,0.9429594808542549,0.24782130835778055,0.15398003641095898
96016.0,1.8829384649579139e-84,2.5680089854808955e-75,5.2018462824532765e-31,5.638932854735378e-63,1.0,1.0,1.421519084682928e-13,8.832394674567064e-14
96017.0,0.0007046161224093301,0.930673479137107,0.0667715132667106,0.0018483871085233884,2.0043652510079927e-06,0.930673479137107,0.26435459495044905,0.16425274495406997
96020.0,0.012479558247376643,0.017598515047410782,0.7166198882208683,0.252018123288257,0.0012839151960872446,0.7166198882208683,0.7204810122424605,0.4476600225931121
96022.0,0.0002718954166844952,9.820862962123433e-07,0.0001614012779675698,0.9995644560865673,1.2651324852963097e-06,0.9995644560865673,0.004107796545859745,0.0025523174980059643
96023.0,0.001155725515452112,1.2028186129232743e-06,0.9976637668878664,5.957282299615633e-05,0.0011197319550719212,0.9976637668878664,0.01835384780635073,0.011403886825676005
96025.0,7.553576800316503e-27,3.6154744204171354e-24,8.148857799327723e-10,1.1415375649727763e-16,0.9999999991851141,0.9999999991851141,1.7868900169844453e-08,1.110257191768254e-08
96027.0,7.855190092145377e-06,2.122512037518543e-05,0.9965933277946665,3.1040913503700815e-10,0.003377591584458105,0.9965933277946665,0.022942088341655256,0.014254720958423202
96029.0,0.0022509108381393306,0.0005208361652920381,0.00022356517609527964,0.9969589544229943,4.573339747809634e-05,0.9969589544229943,0.023032721114956915,0.014311034266691544
96030.0,0.0026066097271302806,0.0019813760661548537,0.6322899964772303,0.3618744086000315,0.0012476091294522202,0.6322899964772303,0.6938591492686855,0.43111892910444666
96031.0,0.00638621538093389,0.9928964074198493,0.0003268434597172224,0.0003904200444197999,1.1369507899561884e-07,0.9928964074198493,0.04504096792009003,0.027985526855130716
96033.0,4.7070935326463296e-05,1.8577426099995802e-07,0.9947167799899097,0.0017234123214264327,0.0035125509790771654,0.9947167799899097,0.036558848205282685,0.0227152895572041
96034.0,0.0010528676929361365,0.00041137559438157674,0.9965226781844095,0.001521750362716331,0.0004913281655564483,0.9965226781844095,0.027513154608013478,0.017094884117898536
96035.0,9.540522946316875e-05,0.9968657084305729,0.0002230264786204446,0.0028047398021357754,1.1120059206788908e-05,0.9968657084305729,0.022496574089116646,0.01397790738947675
96037.0,0.6510711539003126,1.066928694797468e-08,0.054831134692165155,0.29325288249983567,0.0008448182384005363,0.6510711539003126,0.8043179578067828,0.4997508456789981
96038.0,0.004286992124042983,1.8801868387268787e-08,4.966770612091045e-05,0.9848340994064269,0.010829221961541437,0.9848340994064269,0.08792399167302642,0.05463024761237973
96041.0,2.8772042897840643e-05,8.593506533854073e-16,0.9855658838786603,4.2047570403877473e-07,0.014404923602736238,0.9855658838786603,0.07571600039235596,0.04704499614890004
96044.0,0.8449012605094327,4.784167582484767e-05,0.013447238089868852,0.12947312443538642,0.012130535289487675,0.8449012605094327,0.5190155262815956,0.3224824780575977
96048.0,0.013235668276698528,0.00015598324936944694,0.02154792221247993,0.9650597050008297,7.212606228106147e-07,0.9650597050008297,0.17563193777766956,0.10912625856566613
96049.0,6.54536058509677e-05,1.3829227257833715e-09,0.9979864896123309,6.581756561675789e-06,0.001941473642333951,0.9979864896123309,0.014843788902328282,0.009222964606244836
96050.0,0.0048663288110187206,0.9739256122400144,0.020898749796096072,2.8186245248540807e-06,0.000306490528345851,0.9739256122400144,0.13500004973803814,0.08388024706952828
96061.0,0.0006038241032734987,6.439621751319867e-05,0.6685601213124297,0.32981342663629265,0.0009582317304913012,0.6685601213124297,0.6467772490763999,0.40186529972953067
96063.0,1.7315291309110585e-06,0.9553346426748291,0.04464640823476167,9.038506318470845e-12,1.7217552239987495e-05,0.9553346426748291,0.1826693627077354,0.11349885652405678
96064.0,0.05920071809544185,0.11251154900809952,0.08401463269022781,0.7442521175876168,2.098261861572398e-05,0.7442521175876168,0.8412980388779798,0.5227278619313793
96066.0,8.42892201678606e-09,3.3117996535713196e-09,5.431510085570929e-08,2.614432937964105e-10,0.9999999336827359,0.9999999336827359,1.2020667161591866e-06,7.468860444210557e-07
96067.0,0.9999999840562063,1.5072576971851252e-20,7.601462407486779e-10,5.537331684531126e-18,1.518364682879921e-08,0.9999999840562063,3.052569478014944e-07,1.8966680568610837e-07
96070.0,0.008611241577743064,0.3781431898839988,0.18668950739434306,0.426531071808126,2.4989335787535283e-05,0.426531071808126,1.0857030770874407,0.6745852503532942
96074.0,0.77547670009922,0.004893589921728326,0.10216952402203688,0.11673941835877778,0.000720767598236753,0.77547670009922,0.7122294518747214,0.44253303987200826
96077.0,0.1351461459751613,1.841845928035555e-05,0.2917330675681096,0.5730490676818308,5.3300315616647456e-05,0.5730490676818308,0.9496617110842729,0.5900579971103157
96079.0,0.0016007206918752569,7.070372132865847e-05,0.033070543888546744,0.9645992741615326,0.0006587575367164448,0.9645992741615326,0.1633133292745271,0.10147227675750065
96082.0,0.6078857604792691,0.003045884048824859,0.07097241132780159,0.31808468198707235,1.1262157031232903e-05,0.6078857604792691,0.8724634602986112,0.5420920270102901
96084.0,0.9999177982342952,5.497846810115996e-13,6.10091269443957e-06,5.511442829884446e-06,7.058940963229957e-05,0.9999177982342952,0.0008969269008026979,0.0005572920172149997
96085.0,0.0011112764035382749,0.00043621136835323126,0.2509048233224804,0.7473159143646071,0.00023177454101999488,0.7473159143646071,0.5774643551306722,0.35879877730562465
96086.0,4.620716127630701e-05,0.0007411994588001602,0.0011096061609296188,0.9321639938610454,0.06593899335795016,0.9321639938610454,0.2581238122699626,0.16038134200503476
96087.0,3.316675255088386e-11,0.05937533803655803,3.8808020486735683e-07,0.9405733373693446,5.093648072421116e-05,0.9405733373693446,0.22580268733621991,0.14029909795943468
96089.0,1.6204542977063432e-13,1.8312997621656313e-11,0.00014389465069926128,0.99940306865087,0.0004530366799567817,0.99940306865087,0.005357880325770122,0.0033290382215906103
96090.0,0.11185631683369285,0.0002713400887960337,0.1261352287140711,0.7612321726111507,0.0005049417522875596,0.7612321726111507,0.7199145300651331,0.4473080474265332
96091.0,0.0006855633250745241,4.781928582087989e-08,2.600888852028407e-08,0.6868215531857558,0.31249280966099446,0.6868215531857558,0.6265048777177953,0.38926936719806393
96092.0,0.00017551417032585662,0.621486027148426,0.00011689486052574109,0.3782198065656631,1.7572550584930205e-06,0.621486027148426,0.6659397146251878,0.4137716090072876
96093.0,0.9998472003359945,2.9605764606269267e-07,3.4443858492368067e-07,6.720633511841839e-05,8.495283265466638e-05,0.9998472003359945,0.0016043635505353423,0.0009968471216817035
96096.0,0.4878629142309688,0.0006303479507194413,0.49485928987860417,0.0161773681704336,0.000470079769275585,0.49485928987860417,0.7732388732246033,0.48044032469395687
96097.0,0.33985267500192495,0.00451071101405348,0.0018649853491640221,0.45821740276462425,0.19555422587023397,0.45821740276462425,1.0795943727604136,0.6707896989500167
96098.0,5.581338591984707e-84,4.330982112971396e-78,5.333429011825116e-34,1.453887826460349e-58,1.0,1.0,1.421519084682928e-13,8.832394674567064e-14
96099.0,0.0012907353389169799,0.00012109204988368523,0.0010765354467516457,0.9975090097343686,2.627430077325891e-06,0.9975090097343686,0.019557494354515228,0.012151754474912697
96100.0,2.512656747182135e-11,0.00018320482654344246,1.3770285463492658e-07,0.9990334941838855,0.0007831632615914347,0.9990334941838855,0.008145991228026509,0.005061388926589023
96103.0,0.999995087541959,1.3711479289670665e-09,1.1427750667227784e-06,5.613617309314972e-08,3.712175654285559e-06,0.999995087541959,6.792980026366192e-05,4.220715800146988e-05
96108.0,0.8521883545273347,0.0006942571786205138,0.021113727074915357,0.1257696649527582,0.00023399626637007152,0.8521883545273347,0.48552277459058324,0.3016722613774412
96111.0,0.9986891552181232,0.0008301171012465076,0.0004767994387716757,2.882083382294213e-06,1.0461584768256885e-06,0.9986891552181232,0.01089672183045665,0.006770513945441076
96112.0,0.7569062153041313,0.0003788960761887744,0.07630151689459809,0.16633277403748814,8.059768759424211e-05,0.7569062153041313,0.7092456375248265,0.44067909177817827
96116.0,0.05873273616252504,0.7211882972016245,0.22005922642202555,1.308598196306922e-05,6.654231862714862e-06,0.7211882972016245,0.7355821080889571,0.4570428609926735
96117.0,0.007777693553038056,0.0015620784121187304,0.8675572745999988,0.12304880880675537,5.4144628090115476e-05,0.8675572745999988,0.4294637835313139,0.26684085183615225
96121.0,0.12076080983004384,0.7122413018948962,0.07320392411085265,0.09378809677580546,5.867388402763605e-06,0.7122413018948962,0.9104051433131899,0.5656665201432349
96123.0,0.7081519673675142,0.2822811455691181,0.004260505197702487,0.00528469002928942,2.1691836375716622e-05,0.7081519673675142,0.6526202704871663,0.4054957730554197
96124.0,0.34313225515436163,0.00048231467172830494,0.6349086336633352,0.00521483318369573,0.01626196332687848,0.6349086336633352,0.7535260320198334,0.46819204779400714
96125.0,1.7786267667306826e-05,0.9974686345135823,1.769725640670917e-05,0.0024957982100079303,8.375233468280133e-08,0.9974686345135823,0.017875383468141624,0.011106600217405744
96130.0,0.036275494589120466,0.04198262305047569,0.004587643915265688,0.9171515858631494,2.6525819873379884e-06,0.9171515858631494,0.3574709481137226,0.22210918815320224
96133.0,0.9686590528920731,3.032207743057675e-08,6.03571632920048e-06,0.03045791622735387,0.0008769648421663009,0.9686590528920731,0.1434317150469394,0.089119135282463
96134.0,0.002182318878665641,0.1321607179299234,0.8648588598987257,4.704376033534149e-06,0.0007933989166507518,0.8648588598987257,0.41212022517632535,0.25606469314062463
96135.0,0.06400580906989319,1.7131326192268936e-07,0.9076895209942889,2.197185393884872e-07,0.028304278904017304,0.9076895209942889,0.36475383587366733,0.2266343007429325
96137.0,0.987752865420972,0.008561012033565794,0.0031684294417484203,0.0005059232871446311,1.1769816567785069e-05,0.987752865420972,0.07513273443915343,0.046682592636036094
96138.0,0.0022459371492261067,0.0024898381763260613,0.5212629523623389,0.4728177352710609,0.001183537041049375,0.5212629523623389,0.7303662725463126,0.45380208015711077
96139.0,0.027413193438075505,0.7470333838722436,0.016556568000156865,0.20899541081137302,1.4438781498444828e-06,0.7470333838722436,0.7115545779673186,0.4421137171369161
96140.0,0.19257015363678504,0.0483527415152379,0.11266441312625293,0.6463408846411134,7.18070806112408e-05,0.6463408846411134,0.9924429589689561,0.6166394809651239
96141.0,0.006089938616571915,8.11506233758678e-05,0.025606811328754295,0.9681285455722709,9.355385902867739e-05,0.9681285455722709,0.15790216149652922,0.09811012918026725
96143.0,0.0004623514043459394,1.4215374426961036e-09,0.9984180128694204,0.00046715774881192783,0.0006524765558856098,0.9984180128694204,0.013499548768798168,0.008387741250845498
96145.0,0.0020328045198785305,2.868062743380959e-05,0.9884516285619751,3.819391440406789e-07,0.009486504351568186,0.9884516285619751,0.0685741125368824,0.04260749172558729
96149.0,0.009373326464225838,0.2753388403125551,0.3311049812974153,0.3834095891182773,0.0007732628075274896,0.3834095891182773,1.1379648024154252,0.7070572860399298
96150.0,0.00019279703325310123,0.010975880054918213,0.0002752038237303916,0.06075837080634753,0.9277977482817492,0.9277977482817492,0.2931347334581209,0.18213485043035083
96151.0,3.406410217114299e-13,2.953953016342856e-06,2.86048608731585e-10,0.9998663064241498,0.00013073933644574618,0.9998663064241498,0.0013404127698774652,0.0008328452806546829
96152.0,0.424313234928927,0.4439163686543624,0.04808400343048075,0.08318698831029415,0.0004994046759359862,0.4439163686543624,1.0808498708532652,0.6715697837753785
96156.0,0.0006534647207897129,0.735482828435132,0.2593770583831064,0.004453047990995626,3.360046997519478e-05,0.735482828435132,0.6052308391330831,0.3760510638262131
96159.0,0.9999590951265901,3.052466961479541e-07,3.992529212767836e-05,2.3612233729402515e-07,4.3821224753502175e-07,0.9999590951265901,0.00045988537995132197,0.0002857428524569769
96160.0,8.538802548663951e-05,0.5222995563622611,0.004942041425851073,0.47033418951551237,0.002338824670888221,0.5222995563622611,0.7352304131376497,0.45682434063311794
96162.0,0.002933102341558532,0.007073074051166665,0.00012763857025097251,0.9892737783400516,0.0005924066969708698,0.9892737783400516,0.06834229870730248,0.04246345769495523
96163.0,0.10192855991564909,0.0009649404318358267,1.9241545040936724e-06,0.8932656019826636,0.0038389735153488928,0.8932656019826636,0.36165602516015255,0.22470952272597272
96164.0,0.4301218402897783,0.4028484531964791,0.15776504545409162,0.009262120224021847,2.5408356282105147e-06,0.4301218402897783,1.0638887393250134,0.6610312402272152
96165.0,2.569516530610946e-08,1.2199512050989117e-11,0.739431360178707,0.00015600286712523552,0.26041261124680337,0.739431360178707,0.5749649110886129,0.3572457854053164
96169.0,0.0001280953823683414,8.42833132532973e-09,0.9941441915675783,0.0003458279449847553,0.005381876676738924,0.9941441915675783,0.03786175977163581,0.02352483403002108
96170.0,0.002763316640368228,9.705802247103082e-06,0.9820833316072349,0.0013056457456681108,0.0138380002044816,0.9820833316072349,0.10204899278897236,0.06340660425641044
96171.0,0.040025942139896506,0.005606985810623158,0.7746609671102995,0.17948298186308784,0.0002231230760926451,0.7746609671102995,0.6658411714736454,0.41371038070467275
96172.0,0.025461440794014502,1.684995920003566e-05,0.9706146510544366,0.0029880224420844427,0.0009190357502629681,0.9706146510544366,0.14638889207946532,0.09095653268044866
96175.0,0.17616881201727927,0.030394868260475393,0.13172924594865326,0.6614710102775758,0.00023606349601575574,0.6614710102775758,0.9544343250398221,0.5930233888900651
96178.0,0.14667458249625673,0.059007453643819194,0.7531586737522916,0.0402189886834785,0.0009403014241526773,0.7531586737522916,0.7978425837765045,0.4957274695796461
96179.0,0.1486159141209443,0.003050082073084821,0.6716868102485236,0.17063686556457835,0.006010327992868695,0.6716868102485236,0.9007559141414644,0.5596711169672701
96181.0,1.1438095385875557e-19,4.195142067127687e-34,0.00011902189178871674,1.3703835014613423e-18,0.9998809781082127,0.9998809781082127,0.0011945207981005233,0.000742197501917884
96184.0,1.7037062984353992e-09,1.1973275304028998e-13,0.2829630177182337,0.005536488854905237,0.711500491723033,0.711500491723033,0.6281733318883715,0.39030603606095465
96185.0,0.00016585562374345496,1.6605985033910074e-06,0.9977642135207191,8.645655466851961e-06,0.0020596246015681208,0.9977642135207191,0.0165391075819219,0.010276325327087825
96186.0,0.021823726154323608,0.00016644333344909676,0.36164479113770787,0.6163193918933509,4.5647481167328744e-05,0.6163193918933509,0.751493592131207,0.46692922188881114
96188.0,0.7579944093337982,0.03423374176945935,0.18717284081966745,0.02058904698849788,9.961088576748192e-06,0.7579944093337982,0.7192594944735613,0.44690105093010973
96189.0,0.10910374248998055,4.873166948764129e-09,0.01706316613293493,0.8738016497417124,3.1436762205994794e-05,0.8738016497417124,0.4293793480175057,0.2667883891017057
96190.0,0.007542771435099517,0.9547952330584386,0.030209343086429582,0.007416457429756964,3.619499027560166e-05,0.9547952330584386,0.2234916471844157,0.1388631679779488
96191.0,0.8652686520684232,0.02506212857524288,8.950151333716528e-05,0.1074356644999357,0.0021440533430624464,0.8652686520684232,0.47129038019466996,0.29282917753682985
96196.0,0.9999998346348699,7.257296545672522e-16,1.2462492122288017e-08,2.0799038327946888e-11,1.5288183915361737e-07,0.9999998346348699,2.791967351560676e-06,1.7347468516745255e-06
96198.0,0.0008662476784460824,0.9986564306501505,3.0108427034423865e-05,0.0004462902758785984,9.229684915416773e-07,0.9986564306501505,0.01122007284211183,0.006971423225107631
96205.0,0.07960330153920006,0.35178459482207164,0.3080471343714575,0.2604795753999168,8.539386735497501e-05,0.35178459482207164,1.2829055732617904,0.7971140504087759
96210.0,0.19641410898431858,1.301118675174648e-09,0.6992668888430906,0.10388953192009975,0.00042946895137346955,0.6992668888430906,0.808393527731356,0.5022831396513758
96216.0,0.07742118909183907,0.6141850051218559,0.30828518236339775,6.691314735528267e-09,0.00010861673159302122,0.6141850051218559,0.8612317386157264,0.5351133659534631
96217.0,0.006434973781637209,0.0016508603565033126,0.4178258926287824,0.5734927953421199,0.000595477890956618,0.5734927953421199,0.7309695450042045,0.45417691441025665
96219.0,0.9941130225882774,6.794795679068817e-07,6.732478361207923e-06,2.3990087713141027e-16,0.005879565453791716,0.9941130225882774,0.0361584890493727,0.022466532427266428
96221.0,0.3637223898290714,6.791963254415887e-05,0.4678545732938729,0.16832398271943563,3.113452507641646e-05,0.4678545732938729,1.0241426436209438,0.636335602453927
96222.0,0.003896792702815033,0.9916274195413985,0.004362547178044475,0.00011243481880841585,8.057589347411459e-07,0.9916274195413985,0.05469810776518099,0.03398584520881333
96224.0,0.010102468978377717,0.8756304507684584,0.012322163203847934,0.10194428166855775,6.353807588179394e-07,0.8756304507684584,0.44966807356094635,0.27939448305953735
96226.0,0.0039038021598700057,0.2151996753137102,0.7303130557018555,0.045572422760108,0.005011044064457443,0.7303130557018555,0.7490486399352678,0.4654100876761459
96229.0,0.0027153304479037104,0.9967427981326495,0.0003947305431629851,0.0001470706456840902,7.023059813922458e-08,0.9967427981326495,0.023688969562832354,0.014718784353107077
96230.0,0.09517134693419736,0.00020980263938930716,0.1270626105557969,0.7774447889546767,0.00011145091593969277,0.7774447889546767,0.6844973296783112,0.42530210354190257
96234.0,0.9923079899577824,3.513068130295215e-07,0.007069872346126325,0.00035309518659388194,0.0002686912026836376,0.9923079899577824,0.047692801608672716,0.029633203766489213
96236.0,8.766992230462265e-06,4.022543907742219e-16,0.998876172712945,7.636276401527196e-10,0.0011150595311962706,0.998876172712945,0.008806418663866833,0.0054717355642182434
96237.0,6.239874709889398e-12,0.0006789576347399362,0.015665336521172562,5.287605526286927e-27,0.9836557058378488,0.9836557058378488,0.08627287039894742,0.05360434828359987
96239.0,0.02303361506522667,1.1527217335157209e-10,0.9768392824781316,4.3010783318507975e-05,8.409155805118234e-05,0.9768392824781316,0.11096710031289096,0.06894773601117998
96240.0,0.03420955986973366,0.015259502628983875,0.002303498574699249,0.9481882129971689,3.922592941549297e-05,0.9481882129971689,0.24412314474778427,0.15168223816635118
96243.0,1.204658791634128e-09,7.089170506751195e-18,6.801378924909413e-11,9.372255562749476e-22,0.9999999987273256,0.9999999987273256,2.7605196949687743e-08,1.715207324023943e-08
96244.0,0.10737193684538675,0.7840660776976828,0.09881671705574388,0.009555987534102021,0.00018928086708355467,0.7840660776976828,0.7051029416767982,0.43810509012454324
96245.0,0.17294678117164367,0.0006461586485064568,0.17978704106039303,0.4883507776387729,0.1582692414806835,0.4883507776387729,1.2585131738292565,0.7819582005036105
96249.0,0.10821134679085023,0.1072276446203375,0.053716303101998646,0.7306155474105434,0.00022915807626924112,0.7306155474105434,0.8683501378330566,0.5395362760653322
96250.0,0.11212935909517843,0.329620552646194,0.0775296342518094,0.4807023619519996,1.809205481677883e-05,0.4807023619519996,1.1617337497060867,0.7218257633493238
96253.0,0.16782304505942483,0.3338235629819589,0.4633593477960834,0.03481468171090068,0.00017936245163251158,0.4633593477960834,1.1406755326425173,0.7087415574281889
96257.0,0.407136054648552,0.000478635072871741,0.012760525400966956,0.5099071239104135,0.06971766096719584,0.5099071239104135,0.954283571503446,0.5929297204514064
96265.0,0.014795740162370757,2.301350696064869e-08,0.9322116812442023,1.8654860351726512e-05,0.05297390071956885,0.9322116812442023,0.28361607698574703,0.17622057663399296
96266.0,0.7595342694216667,0.020275951658761667,0.1900462671599181,0.027973444357766813,0.0021700674018865513,0.7595342694216667,0.7168774439222231,0.4454209997066763
96269.0,0.7730617782764659,0.21434273986463723,0.007800168221914794,0.004713505147588328,8.180848939511498e-05,0.7730617782764659,0.592990085599499,0.3684454560304633
96270.0,0.013242001451704727,0.9370808697896602,0.0040030936637372545,0.04567249715702084,1.5379378751052061e-06,0.9370808697896602,0.2812376222733561,0.17474275963091654
96271.0,0.010446864837172424,0.26124584865847067,0.42555395200994744,0.30270788140169996,4.545309270933902e-05,0.42555395200994744,1.12408570693971,0.6984337191607798
96272.0,0.004532597463269925,0.006567178359527571,0.042146238998045794,0.9466146203879783,0.00013936479117974675,0.9466146203879783,0.2440968153098352,0.15166587876674612
96275.0,0.12094167817834887,0.8761293572182872,0.002491885589884367,0.00043622011898651966,8.588944926377187e-07,0.8761293572182872,0.38966889009777805,0.2421148943288195
96276.0,0.8473824559598152,0.013488007009150484,0.020113942987555967,0.11888179632240027,0.0001337977210795298,0.8473824559598152,0.5313469640265616,0.33014443112189207
96279.0,0.30989706075030915,0.0007758320518255297,0.6813730918861078,0.00582130390736849,0.0021327114043880042,0.6813730918861078,0.6730855444781881,0.4182115627313757
96282.0,0.9333200199588648,0.006440254501481773,0.006906722749465044,0.053330964428388125,2.0383618015182402e-06,0.9333200199588648,0.2876132408093036,0.17870415415672655
96283.0,0.00017114076777532177,2.2574505241287953e-07,0.018752701904657446,0.9689993719342945,0.012076559648220138,0.9689993719342945,0.15990739022386732,0.09935604784034492
96284.0,0.0023226609638674844,1.2718637363231972e-07,0.9368656620860362,0.06010800124076625,0.0007035485229567899,0.9368656620860362,0.24929482092689145,0.15489558124666025
96287.0,0.21567833788972954,3.642887864618835e-05,0.521440821198865,0.158155739491791,0.10468867254096835,0.521440821198865,1.1986814658802203,0.7447826701605063
96290.0,1.325194137137435e-05,1.5259699226864913e-17,0.012103010306672995,1.211334940976459e-08,0.9878837256386064,0.9878837256386064,0.06561796363794954,0.040770733142920366
96291.0,0.9999953049582769,3.2049512296414165e-12,1.9196605499319323e-06,1.5579723112039598e-15,2.7753779650777535e-06,0.9999953049582769,6.547449666052369e-05,4.068159209789001e-05
96293.0,0.029772252190337124,0.00045818592595613583,0.2289357184420428,0.7404364527332656,0.000397390708399439,0.7404364527332656,0.6712951972565347,0.41709915745757076
96295.0,0.017139152640051187,0.0028463101267549714,0.03460673741491439,0.9428273188054331,0.0025804810128454256,0.9428273188054331,0.27367105555312926,0.17004138739296346
96296.0,0.0009920370642992444,1.2321622768594058e-06,0.1496788501571666,0.8492523398856652,7.554073059114228e-05,0.8492523398856652,0.43064084710904404,0.2675722025571937
96297.0,0.09009266228241401,0.5308715626994057,0.031144012716553083,0.3477106292589217,0.00018113304270442207,0.5308715626994057,1.0299316638182519,0.6399325229393856
96299.0,0.002357690064599731,0.9538673063633295,0.0002984450899041556,0.04336494764805237,0.00011161083411540988,0.9538673063633295,0.19883790386587205,0.123544935986472
96301.0,0.01908988093484608,0.0005177576096886025,0.907385426429234,0.07163237318752524,0.0013745618387051854,0.907385426429234,0.36556913673885266,0.22714087565264882
96302.0,0.0020361338658670867,6.632794444213208e-06,0.943076240812729,0.04995671405682139,0.0049242784701394,0.943076240812729,0.2438340990163996,0.15150264395575655
96304.0,0.00034036541558176336,2.5175116395826075e-06,0.00018017892824600073,0.9909694410116171,0.008507497132916566,0.9909694410116171,0.053847125948754945,0.03345710047759283
96306.0,0.004783278700916281,0.02031922178665212,0.9724076061470635,0.0011052275018056312,0.0013846658635626298,0.9724076061470635,0.1485693072756056,0.09231130081365527
96308.0,9.142694490781492e-05,3.3258919733192986e-05,0.005333088194728814,0.9943352725556875,0.00020695338494212351,0.9943352725556875,0.03650989771391184,0.022684874906851536
96309.0,0.002032813945794506,0.8287908089837485,0.1675371626549159,0.001632943819957399,6.270595582381926e-06,0.8287908089837485,0.4781044698388573,0.2970630094799843
96310.0,0.008526935804174091,0.0011896604030634205,0.00157117879515982,0.9880135594721302,0.0006986655254709714,0.9880135594721302,0.07577255118414278,0.047080133131414195
96312.0,0.24562716534482362,0.2701126382762586,0.17380657281799494,0.3104231001541871,3.052340673704707e-05,0.3104231001541871,1.3659858218563354,0.8487347112324638
96313.0,0.9612829655916212,1.797051549628507e-05,0.0014748728162400585,4.1889962015615953e-08,0.03722414918667981,0.9612829655916212,0.17026684267212136,0.10579273754935425
96317.0,0.10179340143939004,0.00016048216430157353,0.2985054831850888,0.5991670916499661,0.0003735415612537862,0.5991670916499661,0.9047144411483315,0.5621306880860344
96319.0,0.5587521970568552,0.02684319282217606,0.4137158829147734,0.00025247314514323626,0.00043625406105265806,0.5587521970568552,0.7929356370954406,0.4926786121846797
96320.0,0.000569595706969163,0.00019460355067728896,0.0030201038461326784,0.9961873643146303,2.8332581588840878e-05,0.9961873643146303,0.027544098383311434,0.01711411056649832
96322.0,0.00952744676491107,0.9857469777816389,0.0021426180780573342,0.0025822063492703033,7.51026122076029e-07,0.9857469777816389,0.08705387401580653,0.05408961311477184
96323.0,0.04037574118564546,0.5184330578234145,0.2872318816347198,0.13157248104979288,0.02238683830642729,0.5184330578234145,1.1803893955764266,0.7334171678553388
96325.0,0.9755244107292182,0.021104069062417647,0.00016388953907612702,0.00317331728173576,3.431338755310232e-05,0.9755244107292182,0.12563647205437525,0.07806232914220575
96329.0,0.013022772953740245,0.9791536357886907,0.00757247994723612,0.00020905562112795973,4.2055689204209934e-05,0.9791536357886907,0.11633341645450203,0.0722820156998541
96330.0,7.985052743498384e-10,4.395117849117299e-09,0.01393996791330133,0.0010265453399086793,0.9850334815531672,0.9850334815531672,0.0814837034896721,0.05062867157543023
96332.0,0.32200832554607883,0.47880473082337205,0.03620719200278427,0.16296448491141993,1.5266716344555572e-05,0.47880473082337205,1.1334911002395982,0.7042776185912731
96333.0,0.24348690559760955,0.6841933098879899,0.056223312029948624,0.01608820887771688,8.2636067369232e-06,0.6841933098879899,0.8320037136064911,0.5169529729470431
96335.0,0.02076898953071237,4.732480611635817e-08,0.7154868672520343,0.2634991346249077,0.000244961267539145,0.7154868672520343,0.6734721532469281,0.418451776265401
96337.0,0.16480717791692148,0.00020826773077763599,0.2300423335178739,0.6038813683478365,0.001060852486590971,0.6038813683478365,0.9488042938687472,0.5895252538408168
96339.0,0.00015052650971119047,2.7952925447333097e-14,0.9595422269148488,1.00695043437018e-05,0.04029717707106774,0.9595422269148488,0.1704821216802977,0.10592649791781156
96340.0,0.000484541295500052,3.4956047684635345e-06,0.018773415113808603,0.9754051467127812,0.005333401273142533,0.9754051467127812,0.13057596183567602,0.08113140670222814
96342.0,2.0371753122119233e-09,2.2578877063937784e-13,0.010150753244082994,4.6097679258731285e-09,0.9898492401087456,0.9898492401087456,0.056693257279224425,0.035225501301558146
96344.0,0.93526988342464,0.013873236427863284,0.0002107217119495044,0.04618262241009837,0.004463536025449304,0.93526988342464,0.28989339046887147,0.18012089079624025
96346.0,0.008580534546170535,5.997520075786641e-05,0.006091807379449863,0.9848646374974495,0.0004030453761737929,0.9848646374974495,0.09065524404386317,0.05632727012547937
96348.0,0.012041822420597236,0.047306231053645766,0.46470770767946024,0.47433800687073296,0.0016062319755626052,0.47433800687073296,0.9177933505957881,0.5702570714316809
96349.0,0.0006064220333113353,2.4009134606296975e-08,0.7723319318002693,0.22646843304090786,0.0005931891163783042,0.7723319318002693,0.5447645714045274,0.338481259324027
96351.0,3.9027752904866984e-06,0.799049156011468,0.1980399013137866,7.197202920828702e-05,0.002835067870247098,0.799049156011468,0.5173011225696597,0.32141725913943325
96352.0,0.10415922519628043,0.018770773361941225,0.4421754782085714,0.4346712922952045,0.0002232309380026379,0.4421754782085714,1.035079661475753,0.6431311537270221
96355.0,3.354127027707903e-05,0.9999180474780331,3.1374806576811852e-06,4.0402215998252186e-05,4.871555032808729e-06,0.9999180474780331,0.0009355978268334301,0.0005813196145096644
96357.0,0.0029634184912779014,2.2358992532545685e-09,0.9693740280384829,0.0157192140625743,0.011943337171766778,0.9693740280384829,0.16556343563371473,0.10287034644493864
96358.0,0.4088652375075419,0.08552293752538856,0.052757219637183266,0.4527293184177711,0.00012528691211452766,0.4527293184177711,1.091085642713179,0.6779296264141251
96360.0,0.009220581121630305,0.003949740016385994,0.9860117066653759,0.0005711790559971753,0.0002467931406105851,0.9860117066653759,0.08527440000798628,0.05298396374857232
96362.0,0.10946314368863044,0.4413642344880955,0.43998131833582843,0.009168238578218727,2.3064909227519448e-05,0.4413642344880955,1.0076344242295836,0.6260784690387005
96365.0,0.04532884264812399,0.8912363908506995,0.06285759528283155,0.00044272285826253916,0.00013444836008179203,0.8912363908506995,0.42139795168707433,0.2618292687350428
96366.0,0.9999354776320768,5.173841376408735e-08,5.561089044547944e-05,5.138361515828973e-07,8.345902911369055e-06,0.9999354776320768,0.0007152513759603812,0.0004444106668760158
96367.0,0.005900589323709765,0.365707267073603,0.1464818815409645,0.48188578418078637,2.4477880934550414e-05,0.48188578418078637,1.0315889557976918,0.6409622563429772
96368.0,0.9816012423819395,7.167851564078567e-05,0.017147547646654836,0.001102917713175657,7.661374258972388e-05,0.9816012423819395,0.09686941247539597,0.060188350061228205
96370.0,4.255855757264026e-11,2.2634449522517638e-18,0.0001394124115378548,3.5099034674924847e-16,0.9998605875459017,0.9998605875459017,0.001377117462183948,0.0008556511882469621
96372.0,2.2157719515148482e-07,1.728766690625639e-11,7.709872699993025e-05,0.9999225697909514,1.0988756719133691e-07,0.9999225697909514,0.0008127411906179645,0.000504984494486514
96373.0,0.45710288213869626,0.11579005962266951,0.15382772152755328,0.13823166492455458,0.1350476717865273,0.45710288213869626,1.4393544953587911,0.8943212311818376
96377.0,0.012581122064261582,0.82715258883729,0.15957725606393952,0.0006758661221441745,1.3166912364986167e-05,0.82715258883729,0.5099569105156354,0.31685404362345415
96379.0,0.06170232591669977,0.816651621158677,0.01928917216567371,0.10221717381902475,0.00013970693992568011,0.816651621158677,0.6477944787466718,0.4024973400601412
96380.0,0.14231209538604125,0.052676810642564215,0.020298168508187296,0.7845975364111109,0.00011538905209786109,0.7845975364111109,0.7030128492583021,0.4368064426884734
96382.0,2.434531995255866e-06,0.926605722883169,0.046059318661741254,4.166673881911482e-09,0.0273325197564204,0.926605722883169,0.31081484629539546,0.19312012218310534
96385.0,0.06404704546044605,0.17505009744749828,0.7520280439457822,0.008845858376905784,2.8954769367204562e-05,0.7520280439457822,0.737505196935364,0.45823774327520805
96389.0,0.028169673178493018,0.0023987641297072205,0.7047826932948645,0.2643048529258692,0.00034401647106639644,0.7047826932948645,0.7160437875564541,0.444903019883206
96390.0,4.924070016337966e-06,7.656581748204096e-05,0.0020969329856151916,0.9975995161167566,0.00022206101012944986,0.9975995161167566,0.017983894121151103,0.01117402167689241
96392.0,0.5491570763831323,0.158414276553197,0.2297363328955314,0.06265536445216492,3.694971597275621e-05,0.5491570763831323,1.1328741934809354,0.7038943128707501
96393.0,0.005261855604938995,0.00011507744038693839,0.8801388610395331,0.11428721036390646,0.0001969955512337674,0.8801388610395331,0.3906008040353542,0.24269392501423856
96396.0,0.014917193990882368,0.8517187834759493,0.01923297912968583,0.11412870480482125,2.3385986611784208e-06,0.8517187834759493,0.5231607883986054,0.3250580742238024
96398.0,0.003291565977594928,0.6466257028486619,0.27989597055741955,0.06999363754934013,0.0001931230669838829,0.6466257028486619,0.8449279529595916,0.5249832543597346
96399.0,0.008452729210863392,4.3097692717894145e-05,0.01120397633954754,0.9802479818762135,5.221488065893772e-05,0.9802479818762135,0.11117334880405068,0.06907588540393773
96403.0,5.1712963315737076e-08,0.7008937421692945,3.2064363156274024e-06,0.05334769307703716,0.24575530660439207,0.7008937421692945,0.7503940654726081,0.46624604756434407
96404.0,0.019116919422258936,0.242286776780831,0.731267455114791,0.006205218545580475,0.0011236301365398136,0.731267455114791,0.6871600454846974,0.4269565418932144
96405.0,0.1935857651565199,0.589037986994097,0.04223907895030359,0.17511580960705414,2.1359292025285813e-05,0.589037986994097,1.068628559341347,0.663976255986888
96408.0,0.9239268964874316,1.4650339429184234e-07,0.004652957284652299,7.835602754935971e-13,0.07141999972374018,0.9239268964874316,0.28658315073688245,0.17806412320898823
96411.0,8.959124416019959e-06,5.0571048327330196e-05,0.9995120976465384,0.00010667872638208742,0.0003216934543376508,0.9995120976465384,0.004654849926038077,0.0028922208741796827
96413.0,0.09511704721614449,0.12072839688704508,0.2498719056073351,0.5337955494976623,0.00048710079181358987,0.5337955494976623,1.1643475576920927,0.7234498135632603
96415.0,0.050763611655763825,0.7457842334075402,0.004850703318955317,0.1986005277168368,9.239009029378809e-07,0.7457842334075402,0.7169476576616157,0.445464625955847
96416.0,0.13230106385269852,0.8444435619031064,0.019693823402273977,0.0035475958139526515,1.3955027968487514e-05,0.8444435619031064,0.5078946101403823,0.315572664354754
96417.0,0.10247640712270549,0.8889004270269655,0.004106213841127598,0.004515554176069639,1.397833132144864e-06,0.8889004270269655,0.3851082302051911,0.23928119701291034
96420.0,0.008114819887582995,3.08469777469678e-05,0.9603361779808369,0.02916892068274323,0.0023492344710892075,0.9603361779808369,0.19557569844353884,0.12151801379386658
96422.0,0.012014937087998652,1.919250386325274e-05,0.9737856301920877,0.013211568662022388,0.000968671554026347,0.9737856301920877,0.14308565827608427,0.0889041181213898
96428.0,0.044100505872862975,0.9307199038948721,0.02398673866918032,0.0011913281080797905,1.5234550054154183e-06,0.9307199038948721,0.3019908866090143,0.18763748776881106
96431.0,0.1105241583814174,0.00672633341164241,0.007488572161278787,0.8752256973449354,3.523870072763592e-05,0.8752256973449354,0.43073265889725626,0.26762924842861435
96432.0,0.07335359757502777,0.7599490397729529,0.019579474809332153,0.14711056346418225,7.324378506119672e-06,0.7599490397729529,0.7592884398892936,0.471772433110484
96433.0,0.7397841445405992,0.001768037044866709,0.21571835158224,0.04251939227876968,0.00021007455352513635,0.7397841445405992,0.7010855093232832,0.4356089190560743
96436.0,0.059592355713492536,0.0012714716822435045,0.24821580678933056,0.6909103395342352,1.0026280696649296e-05,0.6909103395342352,0.7779958524564016,0.4833960020736477
96441.0,0.5218187404963884,0.03228757558404957,0.43050471119209005,0.015381162203388293,7.810524082666458e-06,0.5218187404963884,0.8773850817126345,0.5451500023294995
96443.0,1.6471523098637066e-06,0.9974693224215904,0.0022991301246061404,9.672913594862718e-06,0.00022022738789688606,0.9974693224215904,0.018483325464578024,0.011484335817977594
96445.0,0.006076691456054887,0.017851322680336,0.061348899923717316,0.9123128259103799,0.002410260029513525,0.9123128259103799,0.37236469905362485,0.23136319591879356
96446.0,0.0017460471684622358,0.5041870205018183,0.49132255146877496,3.876384282312531e-08,0.0027443420971032372,0.5041870205018183,0.7217073387246752,0.4484219820776877
96448.0,0.018919240352077163,0.9495017074463419,0.031574703700129804,3.907232192629151e-06,4.412692568867451e-07,0.9495017074463419,0.2334230661935544,0.14503390555807608
96449.0,8.421844475569604e-19,1.1966988367971075e-30,2.6974285242736555e-06,1.2287811407062064e-20,0.9999973025714725,0.9999973025714725,3.7287121835829495e-05,2.3167791405781393e-05
96450.0,0.5906173607248576,0.01320440855540402,0.08507805191401546,0.29781516889177057,0.013285009913952346,0.5906173607248576,0.9959420387576499,0.6188135814766508
96452.0,0.008239337353345762,0.9081746055796277,0.00952275794053536,0.07406054005119114,2.75907530036591e-06,0.9081746055796277,0.3641383936682057,0.2262519050004768
96453.0,0.04239094037507235,0.8850353425216826,0.042545298948455997,0.03002818269658151,2.3545820593568746e-07,0.8850353425216826,0.4816718658197469,0.29927955722831856
96455.0,0.9585841007911459,7.446678505753784e-08,0.010200968327855256,0.021083750488931144,0.01013110592528126,0.9585841007911459,0.2152126378954668,0.1337191302831813
96456.0,1.4508232814514203e-07,6.475407095699122e-14,0.9996489663819667,8.242363358589615e-09,0.00035088029327727587,0.9996489663819667,0.003144685578586475,0.0019539030081815825
96457.0,0.5295199211856333,0.04076431635154958,0.14563475974881507,0.28403091223277244,5.009048123022021e-05,0.5295199211856333,1.1056897577455735,0.687003673272079
96462.0,0.04383264968766942,0.007352383708504741,0.20952152730721493,2.1150050664334745e-07,0.7392932277961038,0.7392932277961038,0.7239833396323714,0.4498361409527287
96463.0,0.0055399659836587204,0.8253107723511744,0.04096177070303306,0.1280824038671697,0.00010508709496361651,0.8253107723511744,0.5823001930010696,0.36180345231236893
96465.0,0.006465169000365938,0.9755759012318419,0.017930582007257275,4.027361071365864e-06,2.4320399463843613e-05,0.9755759012318419,0.12912812025018117,0.08023181214545201
96468.0,0.024402491903466227,0.00028171168070644854,0.970455865586705,0.004163872988469322,0.0006960578406535889,0.970455865586705,0.14989826460335592,0.09313702842792554
96469.0,0.034578961338551796,0.91007760884405,0.014012311302862571,0.041330632206583603,4.863079519676776e-07,0.91007760884405,0.3935884077946729,0.24455022760052492
96470.0,0.006130380642805518,1.0479876305685858e-05,0.004324068723553059,0.9893539154304789,0.00018115532685721418,0.9893539154304789,0.06703977375315723,0.04165415343780913
96471.0,0.0070661014419342045,2.2484998627719434e-05,0.9887951067080849,0.0030844488455264753,0.0010318580058265416,0.9887951067080849,0.07130486086003901,0.044304201056254565
96473.0,0.15777695351696558,0.6434788555167037,0.19074677046107869,0.0014179204566450987,0.006579500048608301,0.6434788555167037,0.9334191415384493,0.5799659212244814
96475.0,0.01756336357550718,0.0002667489987046434,0.16892376638916273,0.8132199534809532,2.6167555672177412e-05,0.8132199534809532,0.5419959352579681,0.3367610089650852
96477.0,0.3904640677644924,0.001567594789006178,0.21947411816595241,0.3883046966259846,0.00018952265456478995,0.3904640677644924,1.0791079502299044,0.6704874676388545
96479.0,0.24937797702814743,0.36593285737700265,0.3843100506831694,0.0003256298511130056,5.3485060567590555e-05,0.3843100506831694,1.084865489331937,0.6740648278200403
96480.0,0.03979649787135047,0.2002857482660801,0.7283703084097931,0.03152772681774549,1.971863502936175e-05,0.7283703084097931,0.7904197742940344,0.49111541873560705
96481.0,0.03563796942980863,0.5845634912863088,0.05205737136522584,0.32772625505876823,1.4912859888088463e-05,0.5845634912863088,0.9522957511379638,0.5916946182147031
96483.0,0.02407172243706529,0.6052384945189362,0.3702348236173556,0.0004535780959879332,1.3813306549199754e-06,0.6052384945189362,0.7650008978839931,0.47532178282479515
96484.0,0.04292229878096849,0.3462490886109008,0.4869573058720161,0.1134064432704908,0.01046486346562339,0.4869573058720161,1.1473473907616103,0.7128870159560066
96485.0,0.23673177458053274,0.755105175581863,0.0006035030467229454,0.007543018416810646,1.6528374070593245e-05,0.755105175581863,0.5947167093495832,0.369518267685231
96486.0,0.06458537771920356,2.3103467958231476e-06,0.8337414657404666,0.10135754184486125,0.0003133043486725578,0.8337414657404666,0.5631251904596067,0.3498893533630887
96488.0,0.004845907866967702,0.0002907835729191311,0.02127235074367662,0.9733757146432885,0.0002152431731482241,0.9733757146432885,0.1381847450803532,0.0858590095416379
96489.0,0.9933983459003067,0.00013332155447370926,0.0063999013526046785,2.28716757861511e-07,6.820247585688109e-05,0.9933983459003067,0.04075610213771586,0.025323190054642543
96490.0,0.0010221590048629472,0.9694819114148279,1.996916143090734e-05,0.029462982986060374,1.2977432817328548e-05,0.9694819114148279,0.14129397838669303,0.08779088481456312
96491.0,0.022428112992313187,0.019661851778296546,0.27532300383063835,0.6813442351710172,0.0012427962277331947,0.6813442351710172,0.7872748921972815,0.4891613936238234
96495.0,0.0005187156961595222,0.002169030170847941,2.756813781679312e-10,0.9218685921659417,0.07544366169136853,0.9218685921659417,0.287198010725472,0.17844615719976187
96497.0,0.9995608138617795,3.230805769326157e-07,7.794767338796567e-05,2.656861413734099e-08,0.0003608888156411521,0.9995608138617795,0.004042469804458949,0.002511727711412708
96500.0,0.0011685501132060944,0.9044782149019953,0.002154389553394244,0.09219143486136568,7.410570037921013e-06,0.9044782149019953,0.3317870776382108,0.20615090217206256
96501.0,0.003780780551135047,0.0003408608412939932,1.8914332397715664e-05,0.9821079418349286,0.013751502440243691,0.9821079418349286,0.10069400266399478,0.06256470155577858
96502.0,0.00973282912131985,0.6415940059844873,0.3486517990603418,2.343371444822839e-06,1.902246240470675e-05,0.6415940059844873,0.6974291694730309,0.4333371073744901
96503.0,0.010191336453747715,7.493778823937294e-07,0.979344944072634,0.008981269751769012,0.0014817003439656282,0.979344944072634,0.11916839968833379,0.07404348982192455
96505.0,0.9982857655454762,3.162959905117498e-07,0.0015015300781138757,7.795440858416252e-05,0.00013443367183434336,0.9982857655454762,0.013415153320227016,0.008335303410330413
96508.0,0.053681402615909826,0.868822375406794,0.07638056243049371,0.0011140929175803306,1.5666292219465957e-06,0.868822375406794,0.4832215426345796,0.30024242557065123
96509.0,0.005519447846608223,0.9287787431152794,0.010484005290423409,0.05384167787286966,0.0013761258748196173,0.9287787431152794,0.3114821232550517,0.1935347246691665
96510.0,0.27293442528514017,0.6958211280675268,0.018575052041569527,0.012659400083336483,9.994522428180072e-06,0.6958211280675268,0.7362276130924771,0.4574439358017935
96511.0,0.01561328495179309,0.1481374992251162,0.8345410705078294,0.0007931714353083868,0.0009149738799526504,0.8345410705078294,0.5108417970566929,0.3174038545445348
96512.0,0.11958675710244901,0.0007812165830830071,0.4693896992508244,0.40922037253957194,0.0010219545240710156,0.4693896992508244,0.9872432549670908,0.6134087232193955
96513.0,7.65856860690514e-07,0.9882743594270369,0.0010448508809700037,0.01054285496352603,0.00013716887160635676,0.9882743594270369,0.06805347440354495,0.042284001065080824
96514.0,7.732149653937753e-05,0.05122007366851712,0.9479740202545255,2.0480097869886885e-06,0.0007265365706313917,0.9479740202545255,0.2088650275803038,0.1297751382433996
96515.0,0.0004605369579624373,0.01589283756977324,0.9783827732628781,0.003620558744008279,0.001643293465378676,0.9783827732628781,0.12163342656729656,0.07557509713645257
96517.0,0.0036222027900644277,0.012566502939962794,0.9778363349667041,0.004621179753245641,0.0013537795500234893,0.9778363349667041,0.1310655917373271,0.08143563086512894
96519.0,0.0012191325587815993,0.9987490884198134,1.3022941134223215e-06,2.7354911076661454e-05,3.1218162153952653e-06,0.9987490884198134,0.009774670763059198,0.006073344418907139
96522.0,0.1243574692176884,0.7369846710968629,0.12018513931960256,0.01845187512165134,2.0845244195086557e-05,0.7369846710968629,0.8126883023154051,0.5049516331365043
96523.0,0.8295791438028101,0.006013188061090446,0.16042584503815704,1.0070633950606956e-06,0.003980816034547667,0.8295791438028101,0.5013261065395431,0.311491423599772
96525.0,4.6134827494063583e-07,9.737535619970997e-12,0.9593065731653767,0.014972194084216895,0.0257207713923932,0.9593065731653767,0.19691705651928904,0.12235144642608384
96529.0,0.0006421969471669211,1.0237806354332263e-08,0.9653843624984609,0.0011953007699721792,0.032778129546594495,0.9653843624984609,0.15880926098570503,0.09867374178201335
96532.0,0.9753283028842964,0.00010420473248555953,0.02285900204781974,0.0015737076227068346,0.00013478271269297848,0.9753283028842964,0.12304935079003307,0.07645486032072792
96534.0,0.002133825077864277,1.835261989697794e-05,0.9975583327368642,1.4505927339206962e-07,0.000289344506102723,0.9975583327368642,0.018121345783600737,0.011259425196585663
96537.0,0.008212554599956607,0.5696985793817019,0.4219855672313937,8.593693707591883e-07,0.00010243941757662469,0.5696985793817019,0.725012628280448,0.45047567394752436
96538.0,0.2266138188789886,0.001934476280297997,0.6727379114112766,0.09723956761213574,0.0014742258173023241,0.6727379114112766,0.8514051608890317,0.5290077699247023
96540.0,0.011863180078346783,1.046545573909974e-05,0.07420776140282838,0.9133892894743301,0.0005293035887566453,0.9133892894743301,0.33247087600331854,0.20657576998449875
96543.0,0.013782858849075767,0.16750463877360308,0.48185401853911836,0.33680113119147587,5.735264672860029e-05,0.48185401853911836,1.077234869351505,0.6693236570538494
96547.0,0.009678687595498238,0.241592787479604,0.7475652287120189,3.0831621563493746e-05,0.001132464591314056,0.7475652287120189,0.6135651450935634,0.381229459274768
96548.0,0.1422323873095777,0.1562330625611197,0.04586045428979717,0.6556721311361253,1.964703379394097e-06,0.6556721311361253,0.9855571465084296,0.6123610851305729
96551.0,0.6426437956483697,3.7653463233639646e-05,0.0006989883636476749,0.3555843227933855,0.0010352397313639335,0.6426437956483697,0.6644037121030651,0.41281723698072115
96552.0,0.5206624268264693,0.21339074300330857,0.07450030069669013,0.19127433166942595,0.00017219780410663115,0.5206624268264693,1.1807646895890913,0.7336503511361384
96553.0,0.046912345364311166,0.24194644980641863,0.006285328785055641,0.7047519560065824,0.0001039200376308417,0.7047519560065824,0.7662747003642714,0.4761132408055207
96554.0,0.26492174838992816,8.95034477629951e-05,0.7073146153055295,0.027229933851101132,0.00044419900567688495,0.7073146153055295,0.699214315625864,0.43444628104254
96555.0,0.0041135648196084,0.3051346549247652,0.04628820603276776,0.0928828417877278,0.5515807324351318,0.5515807324351318,1.0759314273591016,0.6685137830087972
96557.0,0.0021363348325667197,0.0015340151401692145,0.004958461844566847,0.9913328107261503,3.837745654767742e-05,0.9913328107261503,0.05840843125003668,0.03629119880847113
96558.0,0.1375045665496178,5.704355666745804e-08,0.0028695611554147658,0.23726067449630248,0.622365140755109,0.622365140755109,0.9260861538881933,0.5754096798226832
96560.0,2.910484493602394e-05,0.0025651822990647955,0.055994081149711335,1.36220342866863e-05,0.9413980096720015,0.9413980096720015,0.23401357365188988,0.1454008084710579
96561.0,5.73047018554917e-17,3.075731912036811e-15,5.835239056851219e-14,7.681326682798387e-06,0.9999923186732571,0.9999923186732571,9.814211952363557e-05,6.097912741175971e-05
96566.0,0.002593902758583117,0.09955969133311311,0.11931779330380199,0.7780371900230576,0.0004914225814429562,0.7780371900230576,0.6978113355981891,0.4335745605388562
96568.0,2.921610257091716e-07,0.004313014755028765,0.9914394917015134,0.0004919445229552825,0.0037552568594773827,0.9914394917015134,0.05673616061924297,0.035252158645520955
96569.0,3.1682929006763606e-05,0.00020776436092331582,0.9979681900173782,4.45649291824873e-10,0.0017923622470430842,0.9979681900173782,0.015454931434934698,0.00960268881174844
96573.0,0.005994402849564888,0.9608017243389352,0.03249977932360264,0.0007028562928361628,1.2371950619375365e-06,0.9608017243389352,0.1855737438279894,0.11530344997734597
96574.0,0.004463060658155287,0.9857340000721716,0.009669905061632485,0.00013278993179048417,2.442762513531173e-07,0.9857340000721716,0.08436272756484733,0.05241750981077478
96576.0,0.37483453821138213,0.11508330003998311,0.008845706232751107,0.4906960933719312,0.010540362143953964,0.4906960933719312,1.0557834066052738,0.6559951138522119
96578.0,0.1456091945671644,0.04681527014486416,0.22457165300145723,0.5827036049303391,0.0003002773561732316,0.5827036049303391,1.0764425374518898,0.6688313535648525
96580.0,0.004666394263228783,0.033261358645762025,0.0247113474187932,0.9373561385707629,4.761101451977659e-06,0.9373561385707629,0.29038853926447716,0.1804285440407552
96582.0,0.0018119708536511393,0.00390481531156065,0.3223303289535628,0.6713255795448173,0.0006273053364095708,0.6713255795448173,0.6701790928529933,0.4164056828010346
96585.0,0.18561669787793528,0.27515177742926006,0.08540779379986128,0.4537044848250216,0.00011924606792106714,0.4537044848250216,1.237431027510981,0.7688591265005686
96586.0,3.7485599692549476e-07,7.180672438258652e-28,0.352592352688572,3.87963554176624e-12,0.6474072724515517,0.6474072724515517,0.6490424124675906,0.40327272487696303
96587.0,0.999999244654757,3.4710350366080306e-19,1.8899561158369893e-11,1.4630648597812732e-09,7.538632782780034e-07,0.999999244654757,1.1413580214961831e-05,7.09165611595419e-06
96588.0,0.00963377154456221,0.14928868314455263,0.003402273058633602,0.8376252737326811,4.99985195696622e-05,0.8376252737326811,0.4968982771804152,0.3087402585346771
96590.0,0.9954170907607204,0.003379914547266519,0.00031191630152727664,0.0008904010612254823,6.77329261875514e-07,0.9954170907607204,0.03258546899102304,0.020246490243131562
96592.0,0.0017533156268424784,7.421782925605476e-05,0.967456383007765,0.0300847102246579,0.0006313733114797232,0.967456383007765,0.15390157071567792,0.09562442236924722
96593.0,0.19944543068017004,0.19551927487282825,0.21258665498571447,0.39242585750628894,2.2781954997399887e-05,0.39242585750628894,1.337147169567749,0.8308162490999476
96595.0,0.26553291910250065,1.245123010503113e-07,0.2484323189197481,0.4854491432863355,0.0005854941791146779,0.4854491432863355,1.053248693485745,0.6544202080419621
96596.0,0.04351880184420519,0.01771779490903101,0.005585802288775071,0.9331244548383182,5.3146119671423754e-05,0.9331244548383182,0.3019589310209687,0.18761763264560394
96598.0,0.013833121823492518,1.0545744185469457e-06,0.9855839329581614,4.3691134992048826e-08,0.0005818469527922891,0.9855839329581614,0.07787655912275498,0.04838742676626471
96599.0,1.8980636867298262e-05,0.00485596816840932,3.65834298361426e-05,0.994688915650211,0.0003995521146751255,0.994688915650211,0.03487400728108633,0.021668439031825203
96600.0,0.9998966435583136,4.502230949586154e-05,5.440544701868728e-05,1.7436835379777616e-07,3.7543168171495074e-06,0.9998966435583136,0.0011377745739607635,0.0007069390904555012
96602.0,1.0548124993405667e-05,9.265963570897592e-06,0.9885406252841763,0.009289475529052713,0.0021500850982075393,0.9885406252841763,0.06829235901417825,0.042432428418995964
96603.0,0.0572576030186992,9.187175974283853e-08,0.1518203906324825,0.7472434628141242,0.043678451662934506,0.7472434628141242,0.8044323891675086,0.49982194588102613
96607.0,0.0023892338212247164,4.309853286098812e-05,0.1325406480411462,0.8649275802116572,9.943939310996069e-05,0.8649275802116572,0.409129025315412,0.2542061561707893
96609.0,0.4568305053039658,0.5260255502448568,0.013526130765350355,0.003611703518350052,6.110167475619839e-06,0.5260255502448568,0.774411060762994,0.4811686457614145
96615.0,0.1408702349593072,0.08656211600920304,0.03926527036752187,0.7331202045806813,0.0001821740832872612,0.7331202045806813,0.844182613881672,0.5245201491525308
96616.0,0.0013554768831636644,0.00013503706121715834,0.010557986139868863,0.9876264539825813,0.00032504593316963563,0.9876264539825813,0.0731095526453789,0.045425519108598995
96618.0,0.04090828723651385,0.1622246293321096,0.000326207735518648,0.05919240114647254,0.7373484745493828,0.7373484745493828,0.820429612465697,0.5097615795721415
96619.0,6.344549013231703e-05,0.997571821670022,0.002363584432123716,4.361597755509554e-08,1.1047917433773964e-06,0.997571821670022,0.017348298288748773,0.010779103781960345
96622.0,0.9999808328250839,1.9051796048756396e-09,1.489558317170252e-05,7.157173929351725e-09,4.262529391573849e-06,0.9999808328250839,0.000237604568013852,0.00014763201871795159
96623.0,0.46369791798765925,0.3442581781318863,0.06197749713130293,0.1300559877073622,1.0419041790094752e-05,0.46369791798765925,1.1612312406263376,0.7215135369031423
96624.0,0.03547545198080328,4.565925683769884e-05,0.531590561066549,0.43090578691027753,0.0019825407855327544,0.531590561066549,0.8299111224690022,0.5156527729695715
96625.0,0.0967211505175221,0.038599414034734186,0.00437032801840761,0.8600150209519137,0.00029408647742317076,0.8600150209519137,0.507385636363945,0.31525642116667874
96626.0,0.10800623756441263,0.5114541759828305,0.0043438496697784145,0.3761360394904749,5.969729250481206e-05,0.5114541759828305,0.9752979537407629,0.6059866902636403
96628.0,0.07667476023777055,0.043551125754561784,0.03235207480689852,0.8471459214005296,0.00027611780023811393,0.8471459214005296,0.5871878609446495,0.36484033115424225
96629.0,0.004356290516473043,0.23561090488528877,0.00841496026732079,0.7510026630766843,0.0006151812542348552,0.7510026630766843,0.6240738682325384,0.38775889607862807
96630.0,0.1040557331444744,0.007276047769839501,0.0013381123605191367,0.8869796221036177,0.0003504846215502178,0.8869796221036177,0.3893019984512487,0.24188693173163273
96631.0,0.021653620738791374,0.0012560883393997434,1.2744391760680642e-05,0.9769283158812168,0.00014923064883014663,0.9769283158812168,0.1156414710266859,0.07185208583274313
96633.0,7.346687607560301e-06,4.002387452342525e-11,0.9954796719201778,1.7659690273266541e-06,0.004511215383161582,0.9954796719201778,0.028986262935847953,0.01801017778437279
96634.0,0.001064210004687272,0.02227733987759149,0.013547007510855906,0.9630909675803575,2.0475026506715384e-05,0.9630909675803575,0.1867462788657363,0.1160319869582933
96636.0,0.20013172677968313,0.10739720823732661,0.132751098405713,0.55971668707801,3.279499267293906e-06,0.55971668707801,1.154515027006617,0.7173405187532448
96638.0,0.0012973024905805338,0.14256167105669199,2.473965570111551e-05,4.9331347244330965e-05,0.8560669554497826,0.8560669554497826,0.42012130757399735,0.2610360451485882
96639.0,0.00034967163076623034,0.00041607937690028683,0.9639976804644873,0.031072634702126886,0.004163933825720042,0.9639976804644873,0.17205836501443258,0.10690587296667628
96641.0,0.007727285593790668,0.5477646902557146,0.05304184777590944,0.3914385075567031,2.7668817882429815e-05,0.5477646902557146,0.8904802268539919,0.5532864734789533
96642.0,0.0008159154076990035,0.00393778408217475,0.07959222945634,0.9146898814766251,0.0009641895771621752,0.9146898814766251,0.31729991671853913,0.19714952299008381
96644.0,3.985670786259803e-06,0.001116922257234592,0.005568017963436968,0.9705852748359195,0.022725799272623786,0.9705852748359195,0.15152148785258537,0.09414559373926115
96646.0,0.11310342968746878,0.6286536785721388,0.04609060681354577,0.21215024433906798,2.040587779146522e-06,0.6286536785721388,1.0090935872288755,0.6269850979853774
96649.0,1.7015491137927859e-13,1.5339712350578066e-22,6.921138911476314e-05,9.872544594757264e-10,0.9999307876234602,0.9999307876234602,0.000732161029758499,0.000454917225512095
96651.0,0.9260708983466275,5.972304562312057e-05,0.07183887852460244,0.0015501627143835637,0.00048033736876262564,0.9260708983466275,0.2745815701271897,0.17060712190625288
96652.0,0.22816217572001135,0.01789790915779052,0.04001669720240465,0.7138463196572334,7.689826256028747e-05,0.7138463196572334,0.7793087601625556,0.4842117574973337
96654.0,0.10891860204380853,1.314131538978017e-06,0.4813177546759129,0.40745881049538385,0.0023035186533563482,0.4813177546759129,0.9732727999007034,0.6047283914349537
96658.0,0.010495796138178793,0.5404212451213747,0.25425575141959833,0.19409290563574433,0.0007343016851034544,0.5404212451213747,1.052085877901294,0.6536977100968923
96659.0,9.952338135159955e-07,0.9465554391308686,0.0533948624099783,3.8270973059162627e-11,4.870318706771286e-05,0.9465554391308686,0.20893674450823024,0.12981969847611957
96660.0,0.029452381721918146,0.8422386235690584,0.11412202211488855,0.014182264343126387,4.708251006938475e-06,0.8422386235690584,0.5565391027156447,0.3457971869656902
96661.0,0.0004396498844901072,0.9991850633220392,0.00034175993211720213,3.3456190168075046e-05,7.067118419619789e-08,0.9991850633220392,0.007286554545862044,0.0045273908919182355
96663.0,0.0015180913206104588,0.9911535580342653,0.004557895603518042,0.002770326633484932,1.2840812023635542e-07,0.9911535580342653,0.05954710929429651,0.036998699256585776
96667.0,0.1037854628921676,4.111136655931344e-09,0.2601687556512577,0.6344650055236429,0.0015807718217934824,0.6344650055236429,0.8842766475587825,0.5494319729435291
96669.0,0.0026693972319936404,0.9941694109376132,0.0031562357148259314,3.7003410119352673e-06,1.2557745547890353e-06,0.9941694109376132,0.03987027909003546,0.024772797249280644
96671.0,0.0029807995566140714,0.9587095303501242,0.03819830730734042,0.00011037879431527032,9.83991606330738e-07,0.9587095303501242,0.18349650475750706,0.11401278877542316
96672.0,1.1524673923188583e-05,0.006467088752541622,0.00015126968505404232,0.9932645543423234,0.00010556254615668868,0.9932645543423234,0.0417417303778744,0.025935595312741554
96674.0,0.0013937640891005956,0.00130734676779364,0.00016961156166079018,0.9962477987146,0.0008814788668452435,0.9962477987146,0.029263466382369582,0.018182413969677007
96677.0,0.4039396013230845,0.42354371252737605,0.020483428650869502,0.151103093145733,0.0009301643529361283,0.42354371252737605,1.1017216288556755,0.6845381361679501
96679.0,0.0011034917621360618,0.973676236430776,0.0005803408911751865,0.024614958251655918,2.4972664258173932e-05,0.973676236430776,0.12926116012545003,0.080314474467646
96681.0,0.7927948553599226,0.16282668848808682,0.031050767709550283,0.013303356470219524,2.433197222153456e-05,0.7927948553599226,0.6451591979972999,0.40085994806818404
96688.0,8.640776564914404e-06,0.0014332099391975543,0.0010152437626855882,0.9959470282684926,0.0015958772530578098,0.9959470282684926,0.030805592656642428,0.01914059089738498
96692.0,0.030065982467595044,0.19172084329227865,0.0015471422623809408,0.7766036319453951,6.240003234906693e-05,0.7766036319453951,0.6289914310374806,0.3908143496422296
96694.0,0.8891845517206322,0.06294160016196698,0.008612015650874244,0.039191272621901384,7.055984462615767e-05,0.8891845517206322,0.44707664194952473,0.27778433606883896
96697.0,9.956276336566502e-13,0.06475765762273888,1.7706972072981623e-09,0.9352346121825325,7.72842303721204e-06,0.9352346121825325,0.23996071100712785,0.1490959726704917
96698.0,0.6550155281603083,0.003618654917500491,0.0316902795404038,0.30962618233349753,4.9355048288482524e-05,0.6550155281603083,0.7703562006115264,0.47864921949455397
96699.0,0.8772572024178659,0.0001010683124052969,0.04371115922549991,0.0789105346401813,2.0035404048394535e-05,0.8772572024178659,0.45323898404622787,0.2816132144922279
96700.0,0.014098582767340693,0.019385913858649864,0.8909046727782092,0.07492214523820993,0.0006886853575917574,0.8909046727782092,0.4386020694606119,0.27251878812601965
96701.0,0.0004660947048283464,2.4116103936036588e-11,0.8203209250309498,2.194663098051207e-05,0.179191033609124,0.8203209250309498,0.4743670074240648,0.2947407935150702
96704.0,5.697828909721809e-19,3.845488609724457e-23,0.0012548176940644906,2.2398076722466563e-17,0.9987451823059356,0.9987451823059356,0.009637172188540795,0.005987911751106707
96705.0,0.026138817445868504,0.5481380886795172,0.2169360357701059,0.20873120001911286,5.5858085394496595e-05,0.5481380886795172,1.0838937975232377,0.67346108175367
96706.0,0.38075781565983424,0.0010524895862245893,0.41347452777689453,0.19568065381148808,0.00903451316555887,0.41347452777689453,1.1017680091589144,0.6845669538706279
96708.0,0.00015661969136535495,0.09067880686529653,0.3755547966028987,3.2242813153690923e-09,0.5336097736161575,0.5336097736161575,0.9219957270375025,0.5728681547230884
96711.0,0.04256232882643908,0.943000879855144,0.0016893160803686362,0.012719329223948517,2.8146014098637488e-05,0.943000879855144,0.2562967946032331,0.15924615210263812
96712.0,0.0016984273788480878,1.2456071078222593e-08,0.9957944232953654,0.00024605824466243653,0.002261078625054341,0.9957944232953654,0.030848631379853247,0.019167332359654708
96718.0,0.0033553659336472306,0.0011176052996905534,0.9740760574429495,0.02115079225649872,0.00030017906721258004,0.9740760574429495,0.13629092144355864,0.08468231075620271
96720.0,5.9554228343343995e-06,0.0007915651424275614,0.00023200512677464953,0.9989081566602411,6.231764772291868e-05,0.9989081566602411,0.009360890687163274,0.005816248402528273
96721.0,0.9999964759471027,2.36420455414767e-11,1.9616158599240596e-06,7.93021229839357e-09,1.5544831839739788e-06,0.9999964759471027,5.024182293423449e-05,3.121699976499819e-05
96722.0,0.996769176231722,3.1223319675888573e-13,6.48422717201438e-05,4.489536967183016e-06,0.0031614919592797227,0.996769176231722,0.022105988240145456,0.013735222756566325
96723.0,0.019188549746616018,0.9785638591175934,0.0021426816937925516,0.00010355236048044823,1.3570815167313532e-06,0.9785638591175934,0.11120228192659275,0.069093862563739
96725.0,0.01795757325769268,0.5305283744583511,0.002502157412806389,0.4487571185563008,0.00025477631484736727,0.5305283744583511,0.7851520468960357,0.4878423956774936
96727.0,1.1037652506792592e-09,1.0660924697436073e-12,0.6531079245528884,1.4790981794774383e-08,0.34689205955129737,0.6531079245528884,0.6455017421982221,0.40107278274684777
96730.0,0.872604865879282,0.10572686676537467,0.02136082937691552,0.0002945077212836718,1.2930257144245989e-05,0.872604865879282,0.4411671915715993,0.2741125881049874
96731.0,0.8525475639522017,0.11574260909017031,0.013614901434430057,0.0180207973375195,7.412818567877241e-05,0.8525475639522017,0.5171677699276508,0.3213344024843373
96732.0,0.00016371301590010844,3.545431404883942e-08,0.9255483265381873,0.06989849990871867,0.004389425082879556,0.9255483265381873,0.28284440282304013,0.17574110851860614
96736.0,0.10732111348766785,0.01706835168363111,0.06285124985218705,0.812641282022926,0.00011800295358774455,0.812641282022926,0.652581195533033,0.4054714944213503
96737.0,0.00033349094154873886,0.9903660798331725,0.008917304228001584,0.00037273858275067184,1.0386414527454404e-05,0.9903660798331725,0.05740662628110717,0.035668742383659816
96740.0,0.6402795566536419,2.4121135368346196e-05,1.2751850642354756e-05,0.3466904484176702,0.012993121942677115,0.6402795566536419,0.7095597087927857,0.4408742352289028
96743.0,0.008477776062873525,1.9183041607259853e-06,3.169312478795322e-05,0.9914018179315616,8.679457661673858e-05,0.9914018179315616,0.05016798157117885,0.031171119546516222
96744.0,0.995649596193067,8.883028309318228e-09,9.608750823309465e-06,0.004324280838457214,1.6505334622610903e-05,0.995649596193067,0.028173117478127663,0.01750494210461271
96745.0,0.01438546945471474,1.8671534898173774e-12,0.005327872827429801,9.95941529167002e-26,0.9802866577159889,0.9802866577159889,0.10842460653526356,0.06736799580623964
96748.0,0.999449909591419,0.0005010084129616876,4.733540832270701e-05,2.336854488368477e-07,1.5129018469713855e-06,0.999449909591419,0.004852266988803836,0.0030148829919541963
96750.0,0.5889542967270756,2.2544099628848733e-05,0.36935667558397556,0.04139469498251224,0.0002717886068096593,0.5889542967270756,0.8139712160814472,0.5057487522773737
96753.0,2.08788477880602e-09,1.9818875941420575e-12,0.9261294135828565,2.7031933066378423e-05,0.0738435523942095,0.9261294135828565,0.2637787655918285,0.16389496205721396
96754.0,0.00015847284497899638,0.0071873921193994356,0.9919348743958472,0.00021871274678446784,0.0005005478929932615,0.9919348743958472,0.0505393130083968,0.03140184074075997
96756.0,0.14807862430836538,0.7973444274343662,0.05439087126699639,4.2608038705971904e-07,0.00018565090988561248,0.7973444274343662,0.6233688861268082,0.3873208660680985
96758.0,0.23551022592152282,0.0003194202425338016,0.26006993161553404,0.5038559564209707,0.00024446579944031833,0.5038559564209707,1.0407910668557991,0.6466798494150765
96760.0,0.06335945137611033,3.6297955982256926e-05,0.0017838601540933992,0.9347891542095284,3.123630428710197e-05,0.9347891542095284,0.24982635077229332,0.1552258393083695
96764.0,0.0004276209290563045,0.9838307200195961,0.004029911783973517,0.010805906523431412,0.00090584074394279,0.9838307200195961,0.09684839937424641,0.06017529388740055
96766.0,0.8752034629153929,0.013428000569196638,0.10752167742897331,0.0038239298365724864,2.2929249863914336e-05,0.8752034629153929,0.4358547456399485,0.2708117798596937
96768.0,0.03196821702418332,0.2781119835716547,0.6898568960501599,2.3238589775353514e-05,3.9664764227748554e-05,0.6898568960501599,0.7227495169781418,0.4490695238346048
96770.0,0.012739719538924905,6.600606123034912e-06,0.8482946081788807,0.1352087020613064,0.0037503696147640066,0.8482946081788807,0.486723251578215,0.30241815966799174
96771.0,0.0032577700445763,0.005434475903317517,0.9806706455317928,0.010083875987447408,0.0005532325328674589,0.9806706455317928,0.11664122254486327,0.07247326637686574
96774.0,0.000424098432726812,0.9829143151240116,0.01665179643597174,4.718219780900687e-06,5.071787508242144e-06,0.9829143151240116,0.08854499627407977,0.05501609946553643
96777.0,0.8778165784794653,3.81171683587644e-07,0.004269034148478927,0.11788901231168575,2.4993888685486944e-05,0.8778165784794653,0.3900069584007545,0.24232494797572607
96780.0,0.009272608346191742,0.006941853006897775,0.40315395120763786,0.5802909081473749,0.0003406792918976356,0.5802909081473749,0.7626738143938466,0.47387588455673024
96783.0,0.09769218749865194,0.21945164137253503,0.2375149272039358,0.4453199013488008,2.1342576077037534e-05,0.4453199013488008,1.2619612209924693,0.7841005926621238
96784.0,0.1927262282457836,0.017333349081932174,0.6113861375372492,0.17840571771807387,0.00014856741696160305,0.6113861375372492,0.9972544253309558,0.6196290131022927
96787.0,1.0912920693832393e-17,1.65134978583715e-36,3.677873567842392e-07,2.1762507337823212e-23,0.9999996322126422,0.9999996322126422,5.816836936156163e-06,3.6142039970705227e-06
96788.0,0.9888735810439547,0.0031198309317732437,0.002039611532250889,0.005935480073063983,3.14964189567983e-05,0.9888735810439547,0.07245756906260008,0.04502041893185917
96789.0,0.00038943984086826,1.6527222027697996e-07,0.9981550245651492,0.00014240254988594596,0.0013129677718773018,0.9981550245651492,0.014876658409242455,0.00924338757917236
96792.0,0.12174843182981096,0.22490872601762266,0.06133559961493548,0.5920064667766038,7.757610270484341e-07,0.5920064667766038,1.0735300188192405,0.6670217039908316
96793.0,0.1272898287026058,0.4582177571193981,0.41253523197680303,0.00026639372291300503,0.0016907884782800123,0.4582177571193981,0.9982358537944381,0.6202388088924254
96795.0,0.004342183783103666,4.9785448358675604e-05,2.9314876773537424e-06,0.9949334819586196,0.0006716173222413654,0.9949334819586196,0.03410976725013865,0.021193590002208492
96798.0,9.048654351341449e-18,3.349114455080502e-36,3.199204349301395e-09,1.2657781956976212e-12,0.9999999967995308,0.9999999967995308,6.581281821787646e-08,4.08918031005879e-08
96799.0,5.360837846767306e-09,5.103541166799034e-07,0.0018045433097027862,0.9974765265722487,0.0007184144030933639,0.9974765265722487,0.019128107802023515,0.011884961609419481
96804.0,0.4637855065441131,8.039362042891753e-07,0.06428555010993782,0.4712529543048022,0.0006751851049418112,0.4712529543048022,0.8922608204954233,0.5543928185126294
96805.0,0.20637059797094767,4.272535306698363e-05,0.776861452782814,0.006732424506391044,0.009992799386781936,0.776861452782814,0.6019451727541193,0.37400956452165496
96809.0,0.4097597845621976,2.458344562261867e-05,0.578928243135503,0.010211770916140133,0.0010756179405380312,0.578928243135503,0.7364354692381768,0.4575730840864796
96810.0,0.1256389272859325,0.8236880886740955,0.04478558371446011,0.005874840694091735,1.2559631421514627e-05,0.8236880886740955,0.5898029476643006,0.3664651758900644
96812.0,1.4444659473972412e-06,3.477403761267353e-09,0.9979808266644583,5.9715099280455446e-05,0.001958010292910314,0.9979808266644583,0.014827223052673442,0.009212671665133622
96815.0,0.0034279647840448524,2.3737356801599103e-05,0.023956199548875446,0.9725889968414048,3.101468872671378e-06,0.9725889968414048,0.13617358127536824,0.08460940321047891
96816.0,0.0035214593112561604,0.00012655174569726238,0.9935413575781085,0.000455689341726019,0.002354942023211706,0.9935413575781085,0.04522207897612103,0.02809805748127776
96818.0,0.0012246876561169116,0.6295999817379065,0.36463587365561523,0.004225810527208005,0.00031364642315356156,0.6295999817379065,0.693004966061312,0.43058819523719133
96820.0,0.9121564225588085,0.014523185532256448,0.05655355408718247,0.00257595378555236,0.014190884036197901,0.9121564225588085,0.38352431093566247,0.23829705263723006
96826.0,0.055971737710311956,0.2940505735929361,0.04775482649593256,0.6022175403033754,5.321897444805251e-06,0.6022175403033754,0.9720061396373254,0.6039413711630985
96829.0,0.7038908550870113,0.09050507462353848,0.12866820150509756,0.07693340334686367,2.4654374883580664e-06,0.7038908550870113,0.9257716813631015,0.5752142870568845
96830.0,0.09064074929956402,0.03960022618972172,0.002016312740127956,0.8676501340779976,9.257769258708991e-05,0.8676501340779976,0.4820324167698231,0.29950358012928957
96833.0,0.9999988639941209,1.4764101208674962e-15,3.9360992881038035e-09,1.6108127907252285e-11,1.1320536687925588e-06,0.9999988639941209,1.6712068184429862e-05,1.03837917917285e-05
96834.0,9.18797796561014e-09,6.999205072639559e-17,0.011710737216151602,0.0003048388071571113,0.987984414788715,0.987984414788715,0.06649173520953278,0.04131363794517009
96835.0,0.02387994620470637,0.2827792718883535,0.3782289830680582,0.31504601778067737,6.578105820316718e-05,0.3782289830680582,1.1786184027861086,0.7323167881658611
96838.0,0.06272897038805181,0.8771835556462081,0.059936998294722994,6.686474763851879e-05,8.361092337819869e-05,0.8771835556462081,0.4587556834928808,0.2850409325818991
96839.0,0.9994882972243989,2.3438227804871167e-05,0.0004247259935156043,4.107234519879388e-05,2.2466209082607803e-05,0.9994882972243989,0.004714355817952499,0.0029291939636382413
96840.0,0.020435313764578435,0.12181740060715068,0.01462312828302382,0.8430055861211063,0.00011857122414116322,0.8430055861211063,0.5427840282406206,0.33725067866688846
96841.0,0.14127305645816338,0.01001322922951112,0.6953206144714278,0.15058091392490314,0.0028121859159958426,0.6953206144714278,0.8768527057628496,0.5448192185535787
96842.0,0.0015858183311425493,0.19769322493658353,0.797159647555514,1.3065079828097508e-05,0.0035482440969321466,0.797159647555514,0.5315715962256061,0.3302840029545854
96844.0,0.005392273390558268,0.00042034745872941416,0.017262615187859605,0.9768385693598609,8.619460299115069e-05,0.9768385693598609,0.12520107600308913,0.07779180236517237
96847.0,0.003957010802579827,0.0008436157657953678,0.9908304835427577,0.0025494179000861037,0.0018194719887824366,0.9908304835427577,0.06369381295254356,0.039575191102720814
96848.0,0.9978947370059238,9.683669042941433e-09,0.0018862946718044647,1.2083312012159204e-08,0.00021894655529083886,0.9978947370059238,0.015781429741068994,0.009805553615424215
96851.0,0.09365954714694356,0.015129608491468367,0.5841987591398402,0.30688237217237485,0.00012971304937122995,0.5841987591398402,0.9628971469137779,0.5982816357653091
96852.0,0.479879487302846,0.2570487516081265,0.0005481516676113876,0.2610740653317967,0.0014495440896184952,0.479879487302846,1.065735998311436,0.6621790067686587
96860.0,0.17168537827512875,0.8040948224350236,0.006247607957283551,0.017970321745876792,1.8695866885330015e-06,0.8040948224350236,0.5818067410033021,0.36149685334762777
96862.0,0.75894347700479,0.15550826146798888,0.07865539319893775,0.006816885689409127,7.59826388741789e-05,0.75894347700479,0.7334686383053206,0.455729688382964
96863.0,0.016643997853787302,0.04102587326942895,0.0708812863883045,0.8713900964465866,5.874604189296641e-05,0.8713900964465866,0.5073248517851561,0.3152186535843947
96865.0,0.00670836175720205,0.9829629406226168,0.002361584989296033,0.007966529720729254,5.829101544002839e-07,0.9829629406226168,0.10325296249832601,0.06415467269698345
96866.0,1.7727141631235025e-18,1.3762682579780058e-29,4.355305813124726e-07,2.6776448794253323e-19,0.999999564469422,0.999999564469422,6.814616716337364e-06,4.234159431494313e-06
96869.0,9.044003212638904e-06,2.0458582074719677e-16,0.3301654489985736,7.182714379858087e-05,0.6697536798544141,0.6697536798544141,0.6351345538403399,0.39463128644693585
96871.0,6.268965476287788e-08,5.120286004891147e-06,0.9828707590597155,0.011026961733624763,0.006097096231000295,0.9828707590597155,0.09784300723237739,0.06079327849584484
96874.0,0.03388094985815686,0.015314110861904703,0.6885210989768705,0.26218700198307054,9.683831999904569e-05,0.6885210989768705,0.7875276203779078,0.4893184224713942
96875.0,0.7714788455387033,2.3791417379971066e-11,0.00040066055773226066,0.010417402693963912,0.217703091185809,0.7714788455387033,0.582754329237082,0.36208562302085284
96876.0,0.000328538054239757,8.645048388557083e-06,0.09838652437676086,0.008058854283987872,0.893217438236626,0.893217438236626,0.37059807496159436,0.23026553065418034
96877.0,0.001450752150002759,4.21515222219327e-11,0.9960627226775898,2.957757684451076e-06,0.002483567372572204,0.9960627226775898,0.02834539872219449,0.01761198646012082
96878.0,8.70929801177616e-07,9.876945448542629e-08,0.015138260761630398,0.9287691846521885,0.056091584886926484,0.9287691846521885,0.2936694300200132,0.18246707608364343
96884.0,0.07358005786582825,0.015748767323645618,0.7640069939560736,0.1465762051191639,8.797573529011486e-05,0.7640069939560736,0.7453042041215953,0.463083538894895
96885.0,0.003438376333907282,0.030915640080390182,0.1469567509644569,0.8116993056189128,0.006989927002332549,0.8116993056189128,0.612823863233584,0.3807688749588074
96887.0,0.10991107900613421,0.05184900554271519,0.6460366584834341,0.19043210241371236,0.0017711545540057443,0.6460366584834341,1.0054347972440487,0.6247117639495876
96890.0,0.0027611710488373757,0.9862303209642007,0.005931762325420842,0.00505828460519715,1.846105634231791e-05,0.9862303209642007,0.08730125210686028,0.05424331776478821
96891.0,0.026658618009279815,0.8001248500918882,0.022866980852468625,0.15034499130720963,4.55973915220343e-06,0.8001248500918882,0.646371840562721,0.4016134052572141
96892.0,0.00914517897473429,0.856017136235739,0.02425719689848771,0.1100715495369899,0.0005089383540495333,0.856017136235739,0.5129724099510871,0.3187276787678451
96895.0,0.26042848673660307,0.5517536276666931,0.011889302482092362,0.1758071952109039,0.00012138790370761045,0.5517536276666931,1.0378965834342868,0.6448814057477873
96896.0,0.0001387799570230707,8.749508281149743e-13,0.9983156401652572,8.27503664818554e-06,0.0015373048401970434,0.9983156401652572,0.01297074419435507,0.008059176495189073
96898.0,8.988057064255923e-08,2.35234459205012e-05,0.004835854924262747,0.011352915150829684,0.9837876165984178,0.9837876165984178,0.09295726238237134,0.05775759453919137
96899.0,0.002490430861731774,0.944449990216696,0.006350739397664461,0.04666711517893526,4.172434497386219e-05,0.944449990216696,0.24448035485489258,0.15190418528487537
96901.0,0.00032634927537879434,0.9988413077316258,8.795873830948397e-05,0.0007442861796065567,9.807508051568792e-08,0.9988413077316258,0.00996195785418258,0.006189712431414144
96902.0,0.0040639771220942755,0.0027891678168713205,0.7106000080555679,0.27894705467859343,0.003599792326872243,0.7106000080555679,0.6579504634449965,0.4088076081480632
96906.0,0.004217126884259704,4.17843075963234e-05,0.8851384092664553,0.11046454832227165,0.00013813121941676757,0.8851384092664553,0.37606765397129877,0.23366397117024368
96907.0,0.7315879406316818,0.006070631601714829,0.2615239933191619,0.000565971957390843,0.00025146249004926764,0.7315879406316818,0.6167147567131575,0.3831864230043166
96908.0,0.06954732313502089,0.0002402767603624197,0.5677329587347154,0.3582498205032317,0.004229620866668844,0.5677329587347154,0.8996638812911515,0.558992598807684
96912.0,0.7959164158040155,0.0022737990495814613,0.10227416536990691,0.09906870460020961,0.00046691517628685375,0.7959164158040155,0.6613329378257281,0.4109092576460646
96913.0,0.014256834956588076,0.9816226741968619,0.0034956938855899918,0.0006241368944810943,6.600664794621158e-07,0.9816226741968619,0.10319377722826292,0.0641178988210819
96915.0,0.00875988852875623,0.0012448612346169898,0.19107785384328282,0.7985718930561961,0.0003455033371492228,0.7985718930561961,0.5484520320280487,0.34077240742923376
96916.0,0.92946976721902,0.04390894764002606,0.023388967513696207,0.00010030602643308764,0.0031320116008266593,0.92946976721902,0.31204581327502773,0.1938849649708402
96921.0,0.3118822318943073,2.8179113705069564e-07,0.11989455399473119,0.566180258177511,0.0020426741423139137,0.566180258177511,0.9524197701454246,0.5917716755565879
96922.0,0.00973714877617638,0.00023534995424274638,0.00891241746556853,0.9809872465380769,0.00012783726593495497,0.9809872465380769,0.10911306473320484,0.06779575893560452
96925.0,0.0024475627764114845,1.7116316692641888e-05,3.0606413714199494e-09,0.9971612281395332,0.000374089706719764,0.9971612281395332,0.020690974964206157,0.0128560255753596
96926.0,3.6723227067371107e-07,0.9829371912397545,0.002610734798471599,0.01415555300839963,0.00029615372110206864,0.9829371912397545,0.09512632459434922,0.05910530866672637
96927.0,0.06340531626609795,0.03836752861766279,0.23595729789909217,0.661759400416102,0.0005104568010441587,0.661759400416102,0.9178098843589017,0.5702673444363031
96928.0,1.4642968145335071e-05,0.00025965431858504474,0.998964994491298,1.6392647799807643e-11,0.000760708205579125,0.998964994491298,0.008804060428994525,0.005470270310508181
96930.0,4.502816819059793e-07,6.518320484169146e-10,0.9994129796605756,6.220273998511074e-05,0.0005243666659258756,0.9994129796605756,0.005156591309052108,0.0032039703235605546
96933.0,0.002060237600507555,7.157946060645698e-06,0.9972415259383383,2.805876882331929e-05,0.0006630197462704966,0.9972415259383383,0.020728438003546328,0.012879302670456429
96934.0,6.5727683322836475e-12,3.6541848764701975e-21,2.994800320007713e-23,1.865431993876354e-29,0.9999999999934275,0.9999999999934275,1.7591567166470092e-10,1.0930255234179712e-10
96935.0,0.48492473515576107,0.007426135088711021,0.2486467563528863,0.2589413652482265,6.100815441645489e-05,0.48492473515576107,1.083887167554134,0.6734569623222508
96938.0,0.0024428840326489276,0.0003813809169648772,0.9947241676626686,0.002312793624974526,0.00013877376274320648,0.9947241676626686,0.03822664010930607,0.02375154693074952
96939.0,0.018711831997809538,0.9810067578264824,6.80266045632732e-05,0.00021264052694617742,7.430441994600203e-07,0.9810067578264824,0.0957199096982183,0.05947412382839442
96940.0,0.0003564036587079012,0.6366284019082864,0.3629364747003481,6.220727586908849e-05,1.6512456788136972e-05,0.6366284019082864,0.6589417829291419,0.4094235495748723
96941.0,0.9479377187600904,0.00044086588162770376,0.051603318272007294,5.018971370034147e-07,1.7595189139044497e-05,0.9479377187600904,0.2072502407784695,0.12877181479155414
96944.0,0.00011598613626488923,0.0008924795565207399,0.7344288919788904,0.005178790706829522,0.2593838516214937,0.7344288919788904,0.6112894819585802,0.3798155102697135
96946.0,1.5489395644711448e-15,0.00021979944032088806,2.6267118842732332e-11,0.9876271509747594,0.012153049558648767,0.9876271509747594,0.06774439109238406,0.0420919568061672
96951.0,0.016975798436738954,0.0004836897412692651,0.08050315160812127,0.9019660846677077,7.127554616150728e-05,0.9019660846677077,0.3694536805187139,0.22955447840790286
96952.0,0.0007489225012832779,0.8982714534898867,0.10097269008745609,9.873210162008451e-07,5.946600357414831e-06,0.8982714534898867,0.3333651428081139,0.20713140919113512
96953.0,0.06963952820420835,0.08994663707644324,0.5317231804775037,0.3086854287122834,5.225529561310351e-06,0.5317231804775037,1.1009450822601794,0.684055640639855
96954.0,0.01983853366417764,0.03260356230005824,0.0024961381707401162,0.9449897294489086,7.203641611513902e-05,0.9449897294489086,0.2584976487935368,0.16061361969694574
96955.0,0.0002727407746737969,0.522466848337887,0.41261779637401047,0.030547405800137446,0.03409520871328982,0.522466848337887,0.9284416011213663,0.5768732014751654
96958.0,0.9435426957996106,0.00048607203616873147,0.05537542729813731,0.0005688329465902377,2.6971919491552837e-05,0.9435426957996106,0.22331048751798557,0.13875060714846257
96959.0,0.00011462697154007579,0.0006273798843424759,0.0042051113333109276,0.9947837295637848,0.00026915224702149304,0.9947837295637848,0.03608959010818409,0.02242372310815178
96960.0,0.9956145723792775,0.0008660057655798662,0.0008682427907684202,0.0025049601578438475,0.00014621890652912804,0.9956145723792775,0.032897404857655306,0.020440306894412317
96962.0,0.0001517834086551358,0.44835275865810253,0.03867191128511302,0.477528936232991,0.03529461041513804,0.477528936232991,0.9577601358047843,0.5950898313040706
96964.0,0.30856447428651207,0.013099869637195899,0.3908850481865278,0.2873499764861882,0.00010063140357567621,0.3908850481865278,1.1460495064168135,0.7120805950715663
96965.0,0.0006429871662798026,0.004090976572654557,0.03316050037934107,0.9609319366932285,0.0011735991884968444,0.9609319366932285,0.18639335693059295,0.11581270423081634
96966.0,0.10094793669941515,0.8988380612408283,0.00016507048685121515,3.588079959511403e-05,1.3050773309588269e-05,0.8988380612408283,0.3293036790697962,0.20460787988507123
96967.0,0.0008901013688318015,0.9989192711013014,0.00011587558832835013,7.455854541064373e-05,1.9339612591659987e-07,0.9989192711013014,0.009094140873147286,0.00565050742429286
96969.0,0.09473133463519565,0.029293553922999455,0.08944988036867016,0.7865162223613738,9.008711761909013e-06,0.7865162223613738,0.7315909941606092,0.4545630424811835
96970.0,0.003061491781428059,0.9861995712209848,0.001149948605625002,0.009588699644276992,2.887476853457124e-07,0.9861995712209848,0.08377484860121531,0.052052240073377505
96976.0,0.01594533425183292,0.0009343172436564145,0.2267810401968507,0.7562868023878514,5.250591980832778e-05,0.7562868023878514,0.6207741710243435,0.3857086789297078
96978.0,0.001827363459614323,0.010821384147486799,0.9842836635669304,0.0010929107187198483,0.001974678107249146,0.9842836635669304,0.09584304947559047,0.059550634873909644
96979.0,0.43185602314170246,0.26190914471502813,0.09989678443938735,0.20631498735866408,2.3060345219289203e-05,0.43185602314170246,1.269516049296599,0.7887946714120793
96983.0,0.01606516919182922,0.005247581745949969,0.09253444084903914,0.8861279209986187,2.488721456292152e-05,0.8861279209986187,0.4215560392392225,0.26192749405391147
96984.0,0.9883711691518055,0.010816380972899314,0.00023592190069266237,0.000531945449577381,4.458252502524766e-05,0.9883711691518055,0.06695077205572456,0.04159885357395911
96985.0,0.0019977350498947334,2.0569446511070738e-05,0.8670620552784334,0.1306375700510185,0.0002820701741430349,0.8670620552784334,0.40451703630589475,0.25134056628137125
96992.0,0.0366258654520042,0.870391944645059,0.0768070368922877,0.016168139979694258,7.013030956311427e-06,0.870391944645059,0.5058365796192195,0.3142939380955656
96993.0,0.055936240007882054,4.638589745182133e-08,6.455718434273166e-05,0.8417745292483196,0.10222462717355876,0.8417745292483196,0.5400397211759943,0.33554554481647747
96994.0,0.9801596512018393,6.708139118277071e-09,0.01972485468840288,1.6652494024028e-07,0.00011532087667732565,0.9801596512018393,0.09812797474141594,0.06097033876442491
97000.0,0.007983316264488343,0.00017716611947613133,0.05553452183095335,0.9352294281262814,0.001075567658799509,0.9352294281262814,0.2706070498496575,0.16813761360970655
97003.0,0.00022836462991526746,0.9849693490865306,0.00013646316304719277,0.014665546625744194,2.764947637507308e-07,0.9849693490865306,0.07997214957147881,0.04968949032058628
97011.0,0.006843747890242872,0.9536658196266833,0.00020501661967783187,0.03928323715149802,2.1787118965018128e-06,0.9536658196266833,0.20828354574224525,0.12941384326360186
97013.0,0.055380331163496846,0.018719802653827663,0.18095823368928055,0.0001377653985841177,0.7448038670948123,0.7448038670948123,0.7647309678938881,0.47515406589205755
97015.0,0.10107243395276254,6.791324697050543e-08,0.889943937295796,0.0001690318961214307,0.008814528942074084,0.889943937295796,0.37858823022087307,0.23523009324932542
97017.0,0.012788722334051348,0.04007052976675856,0.7942678717094002,0.15277621325965515,9.666293013611718e-05,0.7942678717094002,0.6555338942300019,0.4073061092730057
97018.0,0.0019803238701871432,0.4184920885398312,0.04353090753556916,0.5359907909505952,5.889103818879814e-06,0.5359907909505952,0.8476473759474817,0.5266729268639553
97021.0,4.663127068399844e-06,0.0035705887796597916,5.4963889972974255e-08,0.9561737369854875,0.04025095614389553,0.9561737369854875,0.192341153447631,0.11950827799050406
97022.0,0.00828093945944098,0.0009963752177774043,0.027180862244681202,0.963437027451312,0.00010479562678832292,0.963437027451312,0.18142362546154284,0.11272483645371525
97023.0,0.00039470223630899096,4.387031781788382e-12,0.999383306794273,5.116659988648999e-05,0.0001708243651432481,0.999383306794273,0.005697361740741016,0.0035399698843457555
97024.0,0.9358290752441091,0.008680685683301275,0.05351331362613783,0.0017212666146422986,0.0002556588318091256,0.9358290752441091,0.27301834570833927,0.16963583596426446
97025.0,0.06697474544946631,0.9134759234059947,0.018395394134557628,0.00022097218754818843,0.0009329648224335568,0.9134759234059947,0.3456012694268282,0.21473414212303707
97026.0,2.768183354991704e-14,5.190742191049628e-18,0.03334185432251774,1.7686709204266335e-11,0.9666581456597693,0.9666581456597693,0.1461734380292445,0.09082266355225412
97027.0,0.01653747795223863,0.9785466659379116,0.0009754833178986987,0.003939147089232571,1.2257027184212463e-06,0.9785466659379116,0.11764989975022785,0.07309999276225272
97029.0,0.0011482956369318986,5.488836379795513e-05,0.01676481491099252,0.9819190530540931,0.00011294803418367206,0.9819190530540931,0.09579734874543677,0.05952223941373027
97030.0,0.39642678357422584,0.031197774173723783,0.455919073828817,0.11641593600834514,4.043241488874377e-05,0.455919073828817,1.0838433550927344,0.6734297401094143
97031.0,0.483760678432072,0.32072104466233503,0.05868014278632958,0.13680907798984399,2.9056129419968192e-05,0.483760678432072,1.1548452204345245,0.7175456794651658
97032.0,0.0005093864388249318,0.0003629214108496365,0.008004413082785397,0.9909316297427714,0.00019164932477017498,0.9909316297427714,0.05604816007347749,0.034824679871440785
97034.0,0.011139912503393334,0.9804339468030941,0.0012163116915671261,0.007208055510538265,1.7734914071365804e-06,0.9804339468030941,0.11321344957662637,0.07034347128396105
97035.0,0.05120589510450316,0.7830981384435766,0.03698394517704467,0.12851341518508208,0.0001986060897944918,0.7830981384435766,0.7309570340290757,0.45416914090434374
97039.0,1.7338583910640272e-13,1.7125078175993584e-06,2.6621789804268177e-08,0.9842521971266307,0.015746063743587568,0.9842521971266307,0.08101085899118635,0.05033487676990671
97040.0,1.2707258828735028e-06,0.07544104596356752,0.0013705796414243258,5.0445920324873846e-14,0.9231871036690749,0.9231871036690749,0.2778071594221058,0.17261129321972576
97041.0,0.5186950414031297,0.4800351939523109,0.001220718274294649,4.795467667286294e-05,1.0916935908522936e-06,0.5186950414031297,0.7014684476848908,0.4358468520379241
97042.0,6.560530207173323e-06,0.9986926949019672,0.0012387831275036073,5.9977314134729126e-05,1.9841261876768047e-06,0.9986926949019672,0.01028582141041674,0.0063909401729331395
97044.0,0.003123889134122886,0.9947173012084475,0.0012095553967560089,0.0009450115772924388,4.242683381777415e-06,0.9947173012084475,0.03804845806559036,0.02364083620227772
97046.0,0.01155712368035046,0.0011983803154066107,0.9806125379388727,0.006128735926282294,0.0005032221390877413,0.9806125379388727,0.11385574475922061,0.07074255171920621
97048.0,0.804245293415444,0.18059834597471527,0.012395282420065585,0.002760455081369378,6.231084063281382e-07,0.804245293415444,0.554991266803085,0.3448354624402509
97049.0,0.033624952680406474,0.5537375508408201,0.0420307685594043,0.3706043495293913,2.378389976897793e-06,0.5537375508408201,0.9424773138956999,0.5855940801533034
97051.0,0.07156842484552554,0.0007882156220697932,0.8420842484140296,0.08533958660511488,0.00021952451326134442,0.8420842484140296,0.550978956762346,0.3423424740436554
97054.0,2.9158469401363893e-05,5.504352378819278e-10,0.8641948192722974,1.4863333324846336e-10,0.13577602155923177,0.8641948192722974,0.3975504247864097,0.24701196716880974
97055.0,0.007857508262001165,0.0189747597702511,0.11101932355021019,0.8614994619738665,0.0006489464436726966,0.8614994619738665,0.4905305051757566,0.30478373933287206
97056.0,1.9684889919051123e-132,1.732308227815774e-118,4.25319805566506e-56,4.38505397432392e-92,1.0,1.0,1.421519084682928e-13,8.832394674567064e-14
97059.0,0.04886346143138485,0.0019360270757336146,0.15148078830105235,0.7976783781873867,4.1345004443439463e-05,0.7976783781873867,0.6262214705549393,0.3890932764270771
97060.0,0.0005420505740880561,0.5340926526167514,6.11676517388553e-06,0.4651859980633797,0.00017318198060680795,0.5340926526167514,0.6966402937545619,0.4328469513315795
97063.0,0.0009430500883064329,0.009676444283725561,0.014296589020694925,0.9745512504350801,0.0005326661721942901,0.9745512504350801,0.14131488457934402,0.08780387456240582
97064.0,0.199851113668857,0.2880054659134762,0.05108472466599744,0.46105137479958636,7.320952084190531e-06,0.46105137479958636,1.189292440876429,0.738948940924197
97065.0,0.330876455640538,0.008020933734010777,0.00743436133245285,0.6535356085789964,0.00013264071400334793,0.6535356085789964,0.7202709136945384,0.44752948102558787
97067.0,0.002241734212132565,0.28910517189395984,0.43637194036581756,0.2664272446173672,0.00585390891072427,0.43637194036581756,1.116794926065079,0.6939037023031523
97071.0,0.24842087154318193,0.04499545773152937,0.03404252623378869,0.6724187349719511,0.00012240951954801824,0.6724187349719511,0.8685350874102616,0.5396511916987816
97077.0,0.9994719169666875,6.793568050739725e-10,0.00051933535519187,3.5646162852181692e-06,5.1823824803844925e-06,0.9994719169666875,0.004563457842996476,0.002835435780243763
97078.0,1.570182568509355e-06,0.9995527955018374,0.00033039041314161604,2.5076278682648446e-07,0.00011499313966417853,0.9995527955018374,0.004163118321918539,0.0025866908501131765
97088.0,0.0060549983124897795,0.0005474874067823578,0.05433432142842114,0.9375568609609695,0.0015063318913359778,0.9375568609609695,0.2635278530017071,0.1637390612994507
97092.0,0.9999999802344777,2.1425655822907533e-14,5.903816378931148e-09,8.480739409764856e-14,1.386159797026144e-08,0.9999999802344777,3.8244603677041136e-07,2.3762708322932644e-07
97093.0,0.9878660252284556,0.010059489298917517,0.002062377224688359,8.818330861539664e-06,3.289917076955044e-06,0.9878660252284556,0.07122374679825402,0.044253802055983525
97094.0,0.0011360794234707885,0.9773529940319086,0.021493571864897205,1.1377573834014619e-05,5.977105889670001e-06,0.9773529940319086,0.11282817466713249,0.07010408652328322
97095.0,0.03757741266089116,0.7358683742676515,0.02938166742149169,0.19704467897863184,0.00012786667133518934,0.7358683742676515,0.7738497609446618,0.4808198905755227
97096.0,0.0010087586163959412,3.4996366851273155e-12,0.2745014001332041,0.00015225488888886217,0.7243375863580135,0.7243375863580135,0.5967701043987994,0.37079411376376076
97099.0,0.2385659518900798,0.12098045598680515,0.6403250692749837,5.505331859625679e-05,7.346952953370761e-05,0.6403250692749837,0.884100043386214,0.5493222426015233
97100.0,0.2639167449039763,0.0006565473038540817,0.010741235875394129,0.724613393065894,7.207885088304958e-05,0.724613393065894,0.6391756514365673,0.3971421615574368
97102.0,0.036697788068238195,0.04269376097448194,0.9108587695190111,0.00011290244899391348,0.009636778989276012,0.9108587695190111,0.38673728742824165,0.24029338717598833
97104.0,0.048586457845137564,0.008764303575541314,0.055006764514396365,0.8872204843414343,0.00042198972349205793,0.8872204843414343,0.4574440074501605,0.28422594243373206
97105.0,0.003025985809413336,0.010419992050659976,0.05839569685251412,0.9279453618117741,0.00021296347563826192,0.9279453618117741,0.3021776536105576,0.18775353263149286
97106.0,0.06210600860877812,0.9106497507600438,0.0023233950091612393,0.024914199110567647,6.646511449867331e-06,0.9106497507600438,0.3639823002688379,0.22615491871839538
97108.0,0.008529323388285437,0.06836673344431222,0.03256954842262865,0.8895708861876399,0.0009635085571338898,0.8895708861876399,0.44637080193987977,0.27734577301263663
97111.0,0.009952289714407286,0.0005073693168106953,0.00044215828362331386,0.9889512514281396,0.00014693125702017483,0.9889512514281396,0.06542802012620996,0.04065271460348363
97115.0,0.001412778269043844,0.000416317094220844,0.3175713276905827,0.1927956524287722,0.4878039245173804,0.4878039245173804,1.0443143172966338,0.6488689679971696
97116.0,0.5369102755326123,0.11297631534258543,0.18733299644645598,0.1627558895520631,2.452312628494121e-05,0.5369102755326123,1.1897733251936908,0.7392477311499936
97117.0,0.22518462381806778,0.2253162873301351,0.18157275302690143,0.36791874856174794,7.58726314812619e-06,0.36791874856174794,1.3492406250432403,0.8383303354664114
97118.0,0.0028044395292653387,5.3188214401216946e-06,0.7887750282943795,0.20654034660198828,0.001874866752926996,0.7887750282943795,0.5412413592802018,0.33629216454931954
97121.0,0.08554675562025846,0.021605519163923906,0.003932533807976435,0.8887475335669418,0.0001676578408988841,0.8887475335669418,0.42124462593879897,0.26173400209127184
97122.0,0.9847918086418906,8.818901564978528e-05,0.014575693903807689,0.0004588190095085915,8.548942914209265e-05,0.9847918086418906,0.08187481904393419,0.05087168533274291
97123.0,0.002963176793522087,0.9898436073677285,0.006025005152989523,0.0011649754983129638,3.235187448751564e-06,0.9898436073677285,0.06606397009056623,0.04104785253297013
97124.0,6.814989273541935e-08,2.0335257665824488e-09,0.9708408730205952,1.0072658849991838e-05,0.029148984137137263,0.9708408730205952,0.1318982944676589,0.08195301816158726
97125.0,4.774009121852622e-05,0.0003037280897787529,0.0002426700088934517,0.9993559189523207,4.9942857789328884e-05,0.9993559189523207,0.006093487695967008,0.003786096778813461
97129.0,0.011295807602240785,0.9764405757660399,0.00932031125788388,0.002943256408482136,4.896535456026443e-08,0.9764405757660399,0.13465494929501698,0.08366582410834722
97131.0,0.18049385884672534,0.008885852632165467,0.8069621089322783,0.0035903675844465846,6.78120043852851e-05,0.8069621089322783,0.5449255154655273,0.33858125949163614
97133.0,0.0020485533155545506,2.6394199244251467e-05,0.36416466753165083,2.7031267167590837e-08,0.6337603579222829,0.6337603579222829,0.6698693687658508,0.4162132404056184
97137.0,1.7803245936738887e-14,0.00014538880730502655,1.982107113280686e-08,1.9726413635132937e-39,0.9998545913716065,0.9998545913716065,0.0014304195046038123,0.0008887696092858021
97138.0,0.0028211236547322424,0.9866009441221587,0.01043887008198338,0.00013824497926091385,8.171618646051966e-07,0.9866009441221587,0.0787350067945552,0.04892081029424555
97139.0,0.02870794756907916,0.7967348127181522,0.007345005459057273,0.16721096861706478,1.2656366458377917e-06,0.7967348127181522,0.6181398937145046,0.38407191040978717
97142.0,0.3867017961664632,0.42976017396550986,0.07286313600366334,0.11065931496914197,1.557889522107761e-05,0.42976017396550986,1.1649582281939623,0.723829244479577
97143.0,0.18205116021298062,0.16035834006012817,0.5110270551482154,0.1460240616643392,0.0005393829143382049,0.5110270551482154,1.2317052572390235,0.7653015054033385
97145.0,1.0,4.219731507736172e-47,1.2216793948695281e-26,2.940782145402081e-46,3.450443410078786e-16,1.0,1.4259599767814278e-13,8.85998748858114e-14
97147.0,0.0203103197548295,0.9784142081408103,0.0005409895279011178,0.0007341188464590961,3.637300015772542e-07,0.9784142081408103,0.10986564132612907,0.06826336106372019
97149.0,0.08911566791662666,0.7089518910140136,0.18682349335185813,0.015106012665736811,2.935051763045949e-06,0.7089518910140136,0.8361073520332828,0.5195027068604101
97150.0,3.958113885070715e-06,0.6177744614374823,0.16140032051390918,1.8419237983339642e-12,0.22082125993288046,0.6177744614374823,0.925490694651671,0.5750397001969257
97153.0,0.0023021258392292624,4.381190501616167e-05,0.0031390401242569264,0.9944076898772828,0.00010733225421383501,0.9944076898772828,0.03907314768911385,0.024277511662453604
97155.0,0.6674710831322925,0.011623973257853481,0.3109834846295521,0.00958796660802868,0.0003334923722733828,0.6674710831322925,0.732073549050565,0.4548628706921556
97156.0,0.1289494682177924,0.11726283653499343,0.7503712165379003,0.002524195936451938,0.0008922827728608728,0.7503712165379003,0.7523272119598722,0.4674471790105024
97157.0,5.181725029468927e-07,0.9997251039941901,0.00014145464267220918,5.35384093660937e-05,7.938478126979403e-05,0.9997251039941901,0.0028121894956930522,0.0017473115762756705
97163.0,0.00045454498816537004,3.0489512479822625e-07,0.00010151121530550368,0.9994430049150529,6.339863524443173e-07,0.9994430049150529,0.005002167754081429,0.0031080215741383856
97164.0,0.0082723541606636,5.048923832964984e-07,0.9905167744901408,9.551581292842694e-05,0.00111485064388346,0.9905167744901408,0.05757404368098736,0.03577276466285852
97166.0,0.03479745577980513,0.8376172289843792,0.10205401454997656,0.02552894723917647,2.3534466618253095e-06,0.8376172289843792,0.5918602792126658,0.3677434678530353
97168.0,0.006753418843628292,0.15278500515960156,0.80982483852167,0.01640135241583987,0.014235385059261198,0.80982483852167,0.6195598436417675,0.38495417490492095
97169.0,0.051254804897854896,0.003463080913766686,0.9446764433705133,0.00041796458082739963,0.00018770623703929167,0.9446764433705133,0.23052230258532794,0.14323155979138577
97171.0,1.6122331452246007e-11,1.1830578244720508e-22,4.534887998121113e-05,5.6956074319948545e-18,0.9999546511038969,0.9999546511038969,0.0004988880894322093,0.00030997659839993155
97174.0,0.02316491345873619,0.006599960921376653,0.1682590374372688,0.7960364422588904,0.005939645923727068,0.7960364422588904,0.6322661105713722,0.39284902243612385
97177.0,0.018421573389958847,0.00010389256974229712,2.622058061150139e-05,0.9811393578316423,0.0003089556280439139,0.9811393578316423,0.09598829931868588,0.05964088367566413
97180.0,2.6060243862502e-05,3.628679566427653e-07,0.9969532105896531,1.5661847957159778e-09,0.0030203647323418462,0.9969532105896531,0.020847921418019253,0.012953541889968922
97181.0,0.04422334933738102,0.01911233784978532,0.13257432911590952,0.8040765058961852,1.3477800738993014e-05,0.8040765058961852,0.6569162051496036,0.4081649873377775
97186.0,2.6415582483594585e-10,3.15082308043228e-05,5.645649061417836e-09,0.9998283248187818,0.00014016104061069607,0.9998283248187818,0.0017419740128194086,0.0010823493092596917
97189.0,0.9451232825581534,0.003947728108360998,0.012404560641599562,0.038426381956643774,9.804673524340917e-05,0.9451232825581534,0.2557809905342929,0.15892566501521757
97191.0,0.9792191224010983,0.011798629428041068,0.006484946647028239,0.0024782140804649445,1.908744336802723e-05,0.9792191224010983,0.12069682611588783,0.07499315455626802
97192.0,0.00010776346302925737,0.2999476429433045,0.6936970310951938,2.291385843967711e-05,0.006224648640033068,0.6936970310951938,0.6477257745001135,0.4024546517116019
97193.0,3.788523277792518e-05,5.62765067618054e-06,9.735342405050948e-09,0.020810919197397675,0.979145558183805,0.979145558183805,0.1016750271064886,0.06317424631355685
97194.0,0.0017796786204898605,0.05589356369286868,0.5268701131833756,0.41329147175219283,0.002165172751073082,0.5268701131833756,0.8885700147196722,0.5520995919474809
97198.0,0.007275683640051337,0.0019027813691086092,0.9749909754074294,0.01579977970031959,3.0779883090742165e-05,0.9749909754074294,0.1382867332101907,0.08592237832961634
97200.0,0.11288982005616377,0.008439323142882529,0.12790225229163527,0.7339282136043979,0.016840390904920143,0.7339282136043979,0.8453895826096044,0.5252700809881161
97201.0,4.59025433247565e-05,0.9849009672118694,0.005854728700499035,0.008275796383936966,0.0009226051603684505,0.9849009672118694,0.09166434497728171,0.056954259787909016
97204.0,4.928367542908729e-13,3.363005282018999e-33,0.00023506133835547382,5.005891311655631e-15,0.999764938661146,0.999764938661146,0.0021991273015771677,0.0013663946180137053
97206.0,0.0003065802647711616,0.2588265961121105,0.7214957712344975,0.018438400490610286,0.0009326518980095444,0.7214957712344975,0.6679644426563449,0.41502964326602765
97208.0,0.0010673550721777769,0.9603755376698465,0.02715617468629456,0.011396515028920409,4.41754276211644e-06,0.9603755376698465,0.19510912728494453,0.12122811683357398
97209.0,0.14686642746310125,0.08096358552086068,0.5642365904246429,0.2077947377700831,0.00013865882131144995,0.5642365904246429,1.1358685695112276,0.7057548233055785
97210.0,1.967687335655848e-05,3.6914559667067073e-10,4.190598035943151e-06,0.9996900671667478,0.0002860649927131824,0.9996900671667478,0.0029090911774336662,0.0018075199763586912
97215.0,6.073335823215571e-17,3.412049374547238e-16,0.0004001551295246789,8.197464735741407e-23,0.9995998448704745,0.9995998448704745,0.003530752042165277,0.0021937795890649785
97216.0,0.9999951697266085,1.2249642349963915e-18,1.3074704455568183e-08,1.8798519676229769e-16,4.817198685738586e-06,0.9999951697266085,6.404609680160001e-05,3.9794077365020706e-05
97217.0,0.0008707656215859575,0.9947645640722823,0.004355039250965415,9.468491643881947e-06,1.6256352227662766e-07,0.9947645640722823,0.03514513962056926,0.021836903026234825
97223.0,2.3833005142882065e-05,0.6556482903030868,0.34417468915140337,9.632620912368575e-09,0.00015317790774787933,0.6556482903030868,0.6454674553069609,0.40105147910350974
97224.0,0.03548373075269892,0.004611701725946932,0.30825031767627126,0.651623400293187,3.084955189707706e-05,0.651623400293187,0.7854414102135271,0.4880221872154311
97228.0,0.8801389726840391,1.3848853618398127e-07,0.1187084425570339,0.0009488643872537117,0.00020358188313845,0.8801389726840391,0.3736867605127468,0.2321846388889809
97229.0,3.6847166686143306e-10,4.7235924981298925e-09,0.9986259022136221,5.79985262011172e-12,0.0013740926885122688,0.9986259022136221,0.010428470081125765,0.006479572775413147
97231.0,0.048790434835520785,0.0016483660724068159,0.006827215153189608,0.9424290446603852,0.00030493927849634394,0.9424290446603852,0.2503163979784745,0.1555303227571532
97233.0,0.01529074036244531,0.12464165793111998,0.501334654204797,0.35808032301370335,0.0006526244879334234,0.501334654204797,1.0421626356325322,0.647532053011212
97234.0,0.32353755184495164,0.009835085003600186,0.23918450347736875,0.4272338751922708,0.00020898448180729198,0.4272338751922708,1.1178073491621037,0.6945327561418889
97235.0,0.6294810899697068,0.22847954399757237,0.1004527094199448,0.04148994683401055,9.670977876689893e-05,0.6294810899697068,0.9924423688348959,0.6166391142942163
97236.0,0.019122128309847095,0.7418217389334747,0.00787083742411178,0.2311752166695286,1.0078663038210262e-05,0.7418217389334747,0.6740282362801402,0.4187972900804515
97245.0,0.24868078307610533,0.029318053565108405,0.6440128535913352,0.07794771057135588,4.0599196094162964e-05,0.6440128535913352,0.9322403403345978,0.5792334908556276
97247.0,0.0009354503933950606,0.11132378674853485,0.20484851176555596,0.6827999143066174,9.233678589672813e-05,0.6827999143066174,0.837081365131112,0.52010789522481
97248.0,0.00603827006131003,2.2007407467862228e-05,0.011691826846031827,0.9811660887710038,0.0010818069141870913,0.9811660887710038,0.1091479659541964,0.06781744428346537
97249.0,0.8575807573683417,0.03496339364536588,0.10554621491389939,0.001742965206523022,0.00016666886587009483,0.8575807573683417,0.4988601988067215,0.3099592689799693
97250.0,0.0018869148890456474,0.2182359337650996,0.014586691016815605,0.7652574052741326,3.30550549069748e-05,0.7652574052741326,0.610777999640085,0.3794977084368228
97251.0,0.008586116392653146,0.0012171879912375005,0.022826529196590152,0.9673218439633943,4.8322456125852037e-05,0.9673218439633943,0.16791715356352832,0.10433279362083116
97252.0,0.06320382844424616,0.00027533145217389866,0.8962511941942384,0.0009354610670663421,0.03933418484227481,0.8962511941942384,0.4087544054588853,0.25397339176674955
97253.0,0.004315879191005397,8.213811562961359e-06,0.9781154921584568,0.0002901045917841635,0.017270310247190213,0.9781154921584568,0.11770051483489362,0.07313144168257125
97255.0,0.0004764598093360323,0.00011388509113189493,8.954778933137964e-05,0.0006853933439407553,0.9986347139662589,0.9986347139662589,0.011871065228359975,0.007375907536815929
97256.0,0.21538249227991213,0.0001246013503517926,0.006156830707323332,2.869676539390743e-05,0.7783073788970201,0.7783073788970201,0.5585152085217434,0.3470250105374054
97257.0,0.9998686195660832,4.697045740693898e-05,7.729671553554785e-05,2.3151792212907557e-06,4.798081753811547e-06,0.9998686195660832,0.0014201187432256591,0.0008823693863889931
97259.0,4.865950220038417e-12,0.0005837534612691811,0.20833855122544098,3.828482722260473e-24,0.791077695308423,0.791077695308423,0.516540847063788,0.3209448734077452
97260.0,0.11576831622805835,0.8470502015869151,0.01409976285804325,0.023006185414624254,7.553391235729172e-05,0.8470502015869151,0.537805432927299,0.33415730347368705
97264.0,0.6912919887532596,9.207101155197098e-07,0.00034045448369217135,7.605300485489356e-05,0.30829058304807605,0.6912919887532596,0.6214422280676003,0.3861237661089618
97266.0,0.001001808404104429,0.9932189129980863,0.005045001813415286,0.0007085338137115468,2.5742970683133646e-05,0.9932189129980863,0.04577184131873011,0.02843964403044611
97268.0,0.010286721571060458,0.00011769342523328953,0.1137584027934809,0.8753545212134869,0.000482660996739308,0.8753545212134869,0.41563871976875744,0.2582508567479617
97270.0,0.22625867649837256,0.7580776883830098,0.007510786279562896,0.008150010375401785,2.838463651500245e-06,0.7580776883830098,0.6221760218061065,0.38657969779345686
97272.0,5.0777455525976464e-24,1.5298987727259733e-35,1.3448828009175024e-06,1.5815739613907854e-25,0.9999986551171978,0.9999986551171978,1.952662652209732e-05,1.213257521227732e-05
97275.0,0.0008394127169958864,0.9930029624044783,0.006155952985660074,6.420989237131831e-09,1.6654718778378866e-06,0.9930029624044783,0.04427604833655607,0.027510255595752278
97277.0,0.05592807823269575,0.0010271831055144928,0.019568668768328325,0.9233615957958342,0.00011447409762692868,0.9233615957958342,0.3199893945294587,0.19882058950973103
97278.0,0.7331403984741582,0.25684530194237226,0.00954107533323359,0.00046881415841032345,4.410091824120573e-06,0.7331403984741582,0.6247395280416622,0.38817249377256896
97280.0,0.0011334046349719613,0.00014123004193479882,0.020301651742465822,0.30330263967093724,0.6751210739096907,0.6751210739096907,0.7151336115081208,0.44433749570777714
97284.0,0.002427567319773089,0.09251246375126829,0.9048192471131182,0.00017515833261312662,6.556348322604636e-05,0.9048192471131182,0.32748054951650657,0.20347510580338435
97289.0,1.5251031742143612e-05,0.9566902537273811,0.04325030826588643,5.272799227067593e-10,4.418644771079565e-05,0.9566902537273811,0.17880870393595316,0.11110009435873447
97293.0,0.7350351670451725,0.20158747126947585,0.06194624279507882,0.0013149944613141996,0.00011612442895919382,0.7350351670451725,0.7311982452599111,0.45431901386866985
97297.0,0.387605920770462,0.009591019262116099,0.08050496670523495,0.5207103122584803,0.0015877810037064149,0.5207103122584803,0.9647850512653657,0.5994546566920578
97299.0,0.08447640865685875,0.009310291980577704,0.07573368247574477,0.8304717138726416,7.903014176166494e-06,0.8304717138726416,0.6021016004645295,0.374106758522866
97301.0,0.003300501815934465,0.6520062035580633,0.17496093285854583,0.16134835880434417,0.008384002963113639,0.6520062035580633,0.937129958071482,0.5822715811721961
97304.0,0.8546966799384016,0.0035763090504129496,0.1284478849675958,0.013248621185255516,3.0504858334093794e-05,0.8546966799384016,0.47554887047193994,0.2954751263145801
97305.0,0.03647091517923397,0.4627355143450151,0.006701596885497114,0.4940902955272954,1.678062958263496e-06,0.4940902955272954,0.8592662642784424,0.5338921480847282
97306.0,0.9910112233746416,0.008085987541466189,0.000192201249300608,0.0006630622865803426,4.752554801252252e-05,0.9910112233746416,0.054873948661844155,0.034095101300834436
97307.0,0.9012323428929436,1.3897669258206125e-05,0.01908432935567979,0.0004612906377052223,0.07920813944441303,0.9012323428929436,0.37381885520157615,0.23226671393382034
97308.0,0.06586356164625887,0.007358661912206973,0.8472818991501485,0.07941955550822459,7.632178315989055e-05,0.8472818991501485,0.557612173028581,0.3464639230383563
97316.0,0.570513900062986,0.0028535006008093763,0.006070898024448027,0.42043851245124747,0.00012318886051052022,0.570513900062986,0.7332899813777793,0.45561868259258154
97319.0,0.09099718297974359,0.028770228409953094,0.19563360150174006,0.6839204369988522,0.0006785501097105507,0.6839204369988522,0.9041619190102765,0.5617873867795432
97320.0,7.326193169959005e-05,0.8519183363849103,0.14542133461563625,7.538043834681041e-09,0.0025870595297107987,0.8519183363849103,0.43303155900020385,0.26905763537363836
97321.0,0.18130543319341658,0.1348946382664549,0.13451418857074288,0.5490061752835803,0.0002795646858056281,0.5490061752835803,1.1811649027326874,0.7338990175435246
97322.0,0.001142172513837792,8.273952733698228e-08,1.6397645218892406e-09,8.475812680777956e-05,0.9987729849800608,0.9987729849800608,0.0097603286552073,0.006064433166263533
97323.0,0.0019993058353489678,0.00026678731267558626,0.9976878034267369,2.9693682578780768e-05,1.6409742661218853e-05,0.9976878034267369,0.017420866765181845,0.010824193111515978
97325.0,0.010257883505640724,0.9787884408569854,0.004815157554879882,0.0054680616955570995,0.0006704563869361652,0.9787884408569854,0.1270383254327532,0.07893334961932238
97326.0,0.0030200951277458824,1.4131083776825045e-05,0.9855717105838186,0.004460877579227986,0.006933185625430814,0.9855717105838186,0.09061748845530469,0.05630381125933313
97327.0,1.0626695056754426e-07,1.4267765160749937e-06,0.9989921859408255,3.092877920133696e-06,0.001003188137786107,0.9989921859408255,0.007994039402736056,0.004966975949165966
97330.0,0.12800444217219595,1.1602859621357073e-05,0.5879046511339945,0.28282231116702905,0.0012569926671578567,0.5879046511339945,0.9411408189160402,0.5847636691325774
97332.0,2.710868929739529e-06,3.713884059663593e-10,0.9980029189776921,1.144719000727671e-06,0.0019932250629888554,0.9980029189776921,0.014439378389249758,0.008971690226565972
97333.0,0.06086634205253295,0.8436755590403459,0.07293939076202675,0.022517288138674603,1.4200064207048847e-06,0.8436755590403459,0.5901859227950574,0.36670313171787117
97334.0,8.425338339420142e-05,0.0013274388998036045,0.9507660872379131,0.0008040401706380944,0.04701818030825025,0.9507660872379131,0.2070600352921983,0.12865363347818895
97336.0,0.00014218066841555847,0.024244919121830414,0.961821355114373,0.012029780593619595,0.0017617645017602218,0.961821355114373,0.1932282285502563,0.12005944874134321
97337.0,2.6244529606538506e-06,3.323264956159537e-05,0.8873296705679494,0.034069548352713,0.07856492397681425,0.8873296705679494,0.42143543087119695,0.261852555861457
97338.0,0.09868056081587528,0.26976448449156104,0.04130718609885773,0.5901914095062355,5.635908746914139e-05,0.5901914095062355,1.0253767869626715,0.6371024188263966
97339.0,0.0009494437721614191,0.11030193952521122,0.8832288003034725,0.0050498396879884175,0.00046997671116692487,0.8832288003034725,0.38975044722059254,0.2421655686183863
97343.0,0.18539751480780464,0.03236102315727963,0.5818999307642273,0.2001317597407238,0.00020977152996349288,0.5818999307642273,1.0622841034778998,0.6600342239181568
97348.0,0.02297694172353753,0.005113852106509231,0.6255329657248858,0.3462975908749922,7.86495700756167e-05,0.6255329657248858,0.7751242214159204,0.481611757389031
97349.0,0.624051386981278,0.18677569324729562,0.16935929554972515,0.018566235387557348,0.0012473888341430778,0.624051386981278,0.9907257393031528,0.6155725123964475
97352.0,0.0005958081686705597,0.1402680570761869,0.8582862239634395,0.0005871866937631774,0.0002627240979397651,0.8582862239634395,0.41763479258161285,0.2594910865185135
97353.0,2.213425294205568e-12,5.406900480499292e-16,0.9793804747709053,1.4470282692441315e-10,0.02061952508217712,0.9793804747709053,0.10044050347365847,0.062407193652940056
97354.0,0.8987256343413804,0.05611335930934113,0.0033915278796007946,0.04175375471461366,1.5723755065585206e-05,0.8987256343413804,0.4096597823555187,0.25453593406157105
97356.0,0.7608387158764995,0.20871333172434303,0.011518528173800219,0.018912091458270133,1.7332767087400533e-05,0.7608387158764995,0.6616224188285244,0.41108912230599326
97357.0,0.49400824007158234,4.514653614526904e-06,0.5036671079616234,3.149478299560245e-05,0.002288642530185843,0.5036671079616234,0.7081075591374354,0.4399719639178249
97360.0,0.3309174131227127,8.96479700696162e-05,0.352693287755363,0.31619136787810703,0.00010828327374911519,0.352693287755363,1.099408028101477,0.6831006151947432
97361.0,0.006643539500383942,0.005508842030636803,0.03327634880205075,0.9545600354634716,1.1234203457034804e-05,0.9545600354634716,0.21972110013552998,0.13652039537407545
97362.0,0.0005312431049482512,0.9120877441903048,0.00023072524504256513,0.08712666078028806,2.3626679417982473e-05,0.9120877441903048,0.3027422981109417,0.18810436598518848
97364.0,0.09910314450568164,0.8804423642377821,0.0038912167258302096,0.01656197915186238,1.2953788428221086e-06,0.8804423642377821,0.43071854523260483,0.26762047911571174
97365.0,0.12558253322279658,0.7904722662411411,0.00464478546083311,0.07930037361156418,4.146366517646425e-08,0.7904722662411411,0.6723575303380781,0.417759222113272
97367.0,0.1685231781650985,0.2446449470871477,0.5825139026488555,0.004209107564663105,0.00010886453423383388,0.5825139026488555,0.9833445690077461,0.6109863334339777
97370.0,0.3724337421544743,0.0769839993125949,0.5502291492964274,1.3452969506977366e-06,0.0003517639395532031,0.5502291492964274,0.8967842336649225,0.5572033731382863
97371.0,0.18674654093706863,0.015580951674466915,0.7593723005481918,0.03828084986583475,1.9356974436544193e-05,0.7593723005481918,0.7123448119730591,0.4426047171311597
97373.0,0.2595261933503868,0.02483822138144788,0.06438011058710479,0.651243902570595,1.1572110464880741e-05,0.651243902570595,0.8978833826304972,0.5578863127888829
97374.0,0.47820958183860524,4.0349872651664864e-08,0.5173556993518499,0.0031949128147441986,0.0012397656449294598,0.5173556993518499,0.7203851427084242,0.4476004555024554
97375.0,0.00040048144632138735,2.309767663111108e-05,0.30808234825535863,0.6909930747959897,0.0005009978257001735,0.6909930747959897,0.6253276824349459,0.3885379346440308
97379.0,0.026133772948095622,0.1350921143629448,0.017257152162500986,0.8214669367627906,5.0023763667984466e-05,0.8214669367627906,0.5977763407643668,0.3714193235701121
97381.0,0.01996017354995908,0.00036633774362656175,0.975723476811126,0.0019234836543748032,0.0020265282409145063,0.975723476811126,0.12959843318015546,0.08052403399902013
97383.0,0.0014375506977935847,0.7633282910904107,0.23357022088199156,0.0016547620773287978,9.175252476196795e-06,0.7633282910904107,0.5659367777476698,0.35163629076672603
97384.0,0.1325352412601902,0.6059719488037337,0.07696912787364106,0.18451823200429923,5.450058134385314e-06,0.6059719488037337,1.0806647930684283,0.6714547884820484
97386.0,0.006178309053372117,2.508766798322816e-07,0.9581964507847982,0.035190405828017225,0.00043458345713182864,0.9581964507847982,0.1934942391590072,0.12022473042552363
97389.0,0.06205625615712061,4.202465266748842e-07,0.7532698355498322,6.523112137591957e-05,0.18460825692514402,0.7532698355498322,0.6984579550370305,0.43397632778557366
97390.0,0.23280847458842105,0.07392803917759712,0.575834367113166,0.11658900050105245,0.0008401186197643984,0.575834367113166,1.1062195247148379,0.6873328359972587
97391.0,0.02539665187781334,0.013962397368864643,0.04467717630393436,0.9159404506934562,2.3323755929755437e-05,0.9159404506934562,0.3724658868038879,0.2314260674029815
97396.0,0.5740364674665815,0.06702873735104176,0.15026330781797306,0.20849623281383362,0.00017525455057071067,0.5740364674665815,1.1129875216476905,0.6915380289286324
97397.0,7.6584177270476e-05,0.0004181602745993765,0.9642522069759266,1.2810503933525803e-09,0.035253047291153305,0.9642522069759266,0.1570086606921977,0.09755496591647897
97398.0,0.00319139484393212,0.000356750180384201,0.930012299620767,0.06565501024560808,0.0007845451093090511,0.930012299620767,0.27306410577009677,0.169664268289242
97402.0,0.0008590096906541555,0.0006800871450329409,0.9948361981682345,7.331945234335264e-05,0.0035513855437339674,0.9948361981682345,0.03690424409905328,0.022929896092257214
97403.0,4.838479175240798e-07,1.6134970265329122e-15,0.995683497767319,2.1339944235827216e-05,0.0042946784405259565,0.995683497767319,0.02795134162395443,0.01736714501877308
97407.0,0.920003209884824,9.936506651440995e-06,4.204914675222673e-05,0.07054395698298715,0.00940084747878482,0.920003209884824,0.30816831184421956,0.1914757378730742
97408.0,0.0003733471559010394,1.566440077486864e-05,0.29257155953460096,0.6856059488060294,0.02143348010269466,0.6856059488060294,0.7038521442249888,0.43732792597167586
97409.0,0.04567789306910945,0.5116265415781881,0.017169890149451597,0.4255241462719414,1.5289313107857526e-06,0.5116265415781881,0.9172315203526441,0.5699079866743234
97410.0,0.0018100458772822754,0.9970150627817058,0.001132159096318949,4.249111426001642e-05,2.4113043211441167e-07,0.9970150627817058,0.022521383186393663,0.01399332214830985
97412.0,1.9239725873778566e-06,4.916570556257616e-13,0.9963239701725531,6.202695735683345e-05,0.0036120788970094714,0.9963239701725531,0.024607923931992792,0.015289762805932647
97415.0,0.0038980721074299736,0.6036031338337983,0.16044710908574586,0.231326978003668,0.0007247069693582589,0.6036031338337983,0.9638146993717467,0.5988517431617362
97417.0,0.12025047551751257,0.0007963036129376837,0.8461097296296796,0.030785392549826165,0.0020580986900451455,0.8461097296296796,0.5216707307973484,0.3241322493816353
97418.0,0.2258276798572177,0.4030205630735306,0.09434698958210594,0.2767740288641223,3.0738623023885076e-05,0.4030205630735306,1.2808624560533528,0.7958445903117737
97419.0,0.0015699711284391732,0.9841702514176809,0.009614582820935797,0.004642329344360049,2.865288582738193e-06,0.9841702514176809,0.09547296875270843,0.05932069079217596
97422.0,4.5464668912933793e-10,4.62551702135158e-15,0.9634171877985125,4.3337996564476505e-12,0.036582811742503274,0.9634171877985125,0.15692776671138625,0.09750470366020521
97424.0,0.952310662475052,0.0001231363885489591,0.037501692310474344,0.006077990372794497,0.00398651845312882,0.952310662475052,0.223815426519761,0.1390643433900873
97428.0,0.0016359143187609155,3.984871302396833e-06,0.45525356965895647,0.48588555145774043,0.057220979693240866,0.48588555145774043,0.8831874930827552,0.5487552432184414
97429.0,0.002210696611624023,0.0050594771454231455,0.9408900054614332,0.03289030403408397,0.018949516747435575,0.9408900054614332,0.28505142973197806,0.17711241143864237
97430.0,0.00031410960809172294,0.019986697775121045,0.00025811623193921736,0.9792302435552168,0.00021083282963173483,0.9792302435552168,0.10520497592413973,0.0653675268311709
97436.0,0.011397569116336418,0.1823542833223684,0.1052069630387981,0.7006540054918301,0.0003871790306670474,0.7006540054918301,0.8505290878802313,0.5284634351591099
97437.0,0.06133716026111873,0.010181662559576476,0.07230587684210592,0.8561722577116686,3.042625531256845e-06,0.8561722577116686,0.5408445775897653,0.33604563022365774
97441.0,3.348468901124309e-19,8.044182631384991e-07,4.602773465947581e-08,8.209484146891227e-48,0.9999991495539994,0.9999991495539994,1.2916558569183807e-05,8.025509073319215e-06
97443.0,6.090651627231967e-05,0.3093535077718661,0.690345983062472,1.7443642824510527e-07,0.0002394282129626491,0.690345983062472,0.621361691410757,0.38607372587055244
97445.0,0.006216708889568794,0.000737913935480619,0.051186007662316596,0.9406174872822962,0.0012418822303384852,0.9406174872822962,0.2549382819237891,0.15840206071585736
97446.0,0.000617334252034345,0.00045994125911501363,0.006096398750281429,0.9926736012281604,0.00015272451040757005,0.9926736012281604,0.04782998736749358,0.029718442070968687
97449.0,0.0900093804162007,0.7002449623307977,0.209705042285814,2.2936257231586895e-08,4.059203092988216e-05,0.7002449623307977,0.7942244590115539,0.49347940226558695
97450.0,0.9999999551077049,3.138166429768765e-12,3.630233551039134e-10,1.0685965156940568e-17,4.452613350799241e-08,0.9999999551077049,8.065686299105901e-07,5.011492668833323e-07
97451.0,0.05424419958270421,0.9370835899329328,0.0027521473539669616,0.00591895931668438,1.103813710861537e-06,0.9370835899329328,0.2655779051439317,0.1650128303130836
97452.0,0.052908793704588744,0.9141432992336653,0.03281439585284592,0.00011913855976168905,1.4372649139364529e-05,0.9141432992336653,0.3509293446882675,0.21804466141693213
97455.0,0.0013055424074635536,3.3071441347193944e-12,0.9879865714085211,0.0036606031189476322,0.007047283061761569,0.9879865714085211,0.07606779675773573,0.04726357952056158
97456.0,0.0050758006515551546,0.8092732512173753,0.18554627390289294,5.031365010550736e-05,5.436057806923097e-05,0.8092732512173753,0.5116495286462507,0.31790572639887443
97458.0,0.865636144554408,0.08046500977435331,0.050686593630786834,0.0032010117491648752,1.1240291287789066e-05,0.865636144554408,0.49733740017163547,0.3090131009896906
97460.0,0.0034909958733667433,0.017659110811119542,0.9781171059625742,0.0007131135250792452,1.9673827859981034e-05,0.9781171059625742,0.11805362428257081,0.07335084091813614
97463.0,1.623297094223784e-05,0.9999172261180658,1.3014295563075262e-05,5.092374904458378e-05,2.6028663849616887e-06,0.9999172261180658,0.0009450595279060946,0.000587198499926471
97464.0,0.4138144322001524,0.00022436793324825613,0.17495185357684073,0.41098513488713073,2.421140262648293e-05,0.4138144322001524,1.0376976794742112,0.6447578197687701
97465.0,4.112109853803104e-05,0.019598080095711772,0.0014191798829958286,0.9789363660880546,5.252834701333513e-06,0.9789363660880546,0.10769187659146552,0.06691272509456002
97468.0,0.00019967412073727372,0.4945503180230688,0.0005202163460492924,0.5043588022291389,0.0003709892810042224,0.5043588022291389,0.7019982206035461,0.4361760184596683
97471.0,0.00011237100264799399,2.3796975574332814e-16,0.999399602495129,3.1477402937609106e-08,0.0004879950248202585,0.999399602495129,0.00534369195132379,0.0033202224888824916
97472.0,0.018069887626821827,0.9301983141572321,0.00776735816109876,0.04394553786349357,1.890219135459633e-05,0.9301983141572321,0.3150896998955681,0.19577623806502056
97473.0,4.5788346124545735e-05,0.978611981728698,0.02132344755526144,3.5451483367793946e-06,1.5237221579886024e-05,0.978611981728698,0.10388015590292758,0.06454436986998778
97474.0,0.1010099833528072,0.016596165630145595,6.077716025479369e-05,0.8823121749318443,2.0898924946806906e-05,0.8823121749318443,0.4108787633066374,0.2552933295110638
97478.0,0.029367283661003555,0.9434355384098676,0.026937788089351294,0.0002160058353169323,4.338400446214927e-05,0.9434355384098676,0.25815590018765217,0.16040127934927254
97481.0,0.00012731220396180475,1.0023014751358494e-07,0.9950727131122481,5.457051992995189e-05,0.004745303933712882,0.9950727131122481,0.03198447688274411,0.01987307285086323
97482.0,0.9604441488042785,4.436670957657527e-11,0.0003402186765920375,1.297405582667551e-12,0.03921563247346389,0.9604441488042785,0.16848683282881374,0.10468675524984725
97484.0,0.005614199262914936,0.0001431100548915303,0.929300901927149,0.06468492010788734,0.0002568686471574738,0.929300901927149,0.2777465087932423,0.17257360886520987
97485.0,6.590468321242163e-08,0.995781200506844,1.844351915971345e-05,0.004193620643067258,6.669426247477024e-06,0.995781200506844,0.027448192244868903,0.017054520732245265
97486.0,0.008982395475606718,1.7041349702823825e-14,0.9594299294059901,3.763321322678046e-07,0.031587298786255345,0.9594299294059901,0.19120487145870152,0.1188022662952713
97487.0,0.07413763653073713,0.8960255058142876,0.02952851766625651,3.333903000489554e-06,0.00030500608571860065,0.8960255058142876,0.3977874254089047,0.2471592239350783
97488.0,0.984128824755393,1.128051427786502e-06,0.01511482048780157,0.00017646422487239757,0.0005787624805044459,0.984128824755393,0.08496206120974177,0.05278989674180464
97492.0,1.580550617240961e-05,0.07637455252556057,0.0005065682177111367,0.9228482149691153,0.0002548587814415317,0.9228482149691153,0.2766667755226348,0.17190273286417512
97495.0,0.9999999954139014,8.629944500219691e-25,1.701542014813425e-11,8.976870943513124e-20,4.56908163766781e-09,0.9999999954139014,9.275252960937953e-08,5.7630386915082295e-08
97497.0,0.013669151901989402,0.9278059864589548,0.028714268043045072,0.029357286188794914,0.0004533074072147884,0.9278059864589548,0.33721414607964506,0.20952292938697165
97501.0,0.009697192273265235,0.0017337836495227054,0.0015912551871018026,0.9869102402352701,6.752865483985283e-05,0.9869102402352701,0.07988285233359632,0.049634006827130206
97505.0,0.0001692297092011169,0.19736235854883033,0.771482490287236,1.7330283184575654e-05,0.030968591171549535,0.771482490287236,0.6296857793310981,0.39124577249380604
97506.0,2.9517629577988372e-06,5.091566870705978e-13,0.9977568134881115,1.4741618952303844e-05,0.002225493129468077,0.9977568134881115,0.016035067115741326,0.00996314737701812
97507.0,3.96699678684815e-11,0.9998355935302895,5.49354956157958e-11,4.8426384790620896e-05,0.00011597999031459103,0.9998355935302895,0.0016965553341251572,0.001054129097505415
97509.0,0.9986211736412034,0.00016247364535188876,0.0003286574601841221,0.0008791550798230454,8.540173438095094e-06,0.9986211736412034,0.011717340464577133,0.007280392970770725
97510.0,0.24004920139759633,0.007037432385366009,0.7523193581723377,0.000529063761025731,6.494428367548169e-05,0.7523193581723377,0.5961335647152358,0.3703986094211292
97512.0,0.36122413216059623,0.001311874959234472,0.21096306649033866,0.0006610256300389946,0.42583990075979317,0.42583990075979317,1.0731745149495568,0.666800817017226
97513.0,0.3580659340598053,0.0024725658998982795,0.5368097968875029,0.10130470640484719,0.0013469967479481885,0.5368097968875029,0.9573974706242775,0.5948644947578734
97516.0,0.5417041581099121,0.005578374498531554,0.40921412091432324,0.04314345524393567,0.00035989123329681095,0.5417041581099121,0.8651322081525356,0.5375368639378681
97518.0,0.0006868050043510242,2.119708748745697e-05,0.9566634359472921,0.03550986998184553,0.00711869197902294,0.9566634359472921,0.20134623408529695,0.12510344917921226
97520.0,0.9978867784484741,3.9073879259885664e-08,0.0020663052320047397,1.2890008575177717e-07,4.6748345556136216e-05,0.9978867784484741,0.01535369859943196,0.009539789314526061
97521.0,0.9526248364629646,3.25759347686523e-06,0.022490503965218903,0.022091387931102484,0.0027900140472383993,0.9526248364629646,0.2322547840301236,0.1443080110365136
97522.0,2.4996024846947563e-07,0.8674937745947715,2.8938557775404233e-05,0.13149372440122434,0.0009833124859792855,0.8674937745947715,0.3972007975954707,0.24679473158100743
97523.0,0.000476249960219488,0.05294086847303306,0.940980996430885,0.004692363564006284,0.0009095215718580363,0.940980996430885,0.24798474924322203,0.15408158794281912
97524.0,0.5708383756497136,0.3308523349083619,0.030515888897249942,0.06779302413220209,3.764124720246037e-07,0.5708383756497136,0.974932334664893,0.6057595183590609
97527.0,0.0017146333072759043,9.895233830244424e-07,0.46292349546504086,0.5292074937754425,0.006153387928858937,0.5292074937754425,0.735573702776596,0.4570376384784676
97532.0,0.00415788715939696,0.5930711087751848,0.01155636601295229,0.39120650592702627,8.132125440383237e-06,0.5930711087751848,0.751439006620971,0.46689530600438073
97533.0,0.0017366695617570067,0.6436443309836224,0.0025219334701588585,0.35209261887449667,4.447109965654289e-06,0.6436443309836224,0.6773119838990719,0.4208375971923707
97535.0,0.0067804040428127346,0.10155133515339426,0.8907711884092923,7.427276721046665e-05,0.000822799627290475,0.8907711884092923,0.37571050466947875,0.2334420618321693
97538.0,0.0933481709728473,0.0059815512375677735,0.000615215153889401,0.8996022035988428,0.00045285903685137824,0.8996022035988428,0.35520349811593055,0.22070034225720692
97539.0,0.0042075366999063816,6.335334657230352e-06,0.005487991998611445,0.9897646717315143,0.0005334642353096623,0.9897646717315143,0.06586382360019866,0.04092349452647525
97548.0,0.02204105120650626,0.9688562684855353,0.005687753950754723,0.0034145492221220163,3.7713508218151006e-07,0.9688562684855353,0.16353865305027337,0.10161227829095867
97550.0,8.007256392986323e-06,0.9436583985644076,0.00011316815276498672,0.05621557063750054,4.855388934881107e-06,0.9436583985644076,0.2177254054171835,0.13528040052685067
97554.0,0.0016570822110007475,5.432244892640927e-07,0.020980091000599103,0.004355395585069868,0.9730068879788402,0.9730068879788402,0.14199139326449126,0.08822421304202079
97555.0,0.32071462763596714,0.3403513420733839,0.034625899018360946,0.3042894967246325,1.8634547653905882e-05,0.3403513420733839,1.2102320178991341,0.7519594316433055
97557.0,0.0001209809732581334,1.677785024913245e-11,0.7437536398690617,0.005772101756967577,0.25035327738393603,0.7437536398690617,0.5977394712284498,0.37139641523942585
97558.0,0.07407933866471579,0.23867492570325222,0.6290809535962313,0.047971055095622175,0.010193726940179034,0.6290809535962313,1.0187585530614027,0.6329902788984515
97560.0,0.003384947423253407,0.0011887690938607253,0.07330714206183739,0.9220497816543617,6.935976668614477e-05,0.9220497816543617,0.294313982710046,0.18286755918712516
97563.0,0.0284992732801253,0.0003226378095259484,0.9271708159499344,0.04385888453619971,0.00014838842421291737,0.9271708159499344,0.31254602221839806,0.19419576226193536
97568.0,0.053727654285686516,4.868241735009654e-07,0.026575849153921256,0.9175183512671051,0.0021776584691137776,0.9175183512671051,0.3458384899301648,0.21488153550895392
97569.0,0.02579793422128131,0.0751188941888686,0.10454893321452101,0.7945157383770324,1.8499998297846597e-05,0.7945157383770324,0.7078539953537687,0.43981441588089365
97570.0,0.23883839005093332,0.0916749863815138,0.2049564399162448,0.4644505429002952,7.96407510146624e-05,0.4644505429002952,1.2428530436520426,0.7722280145447563
97571.0,0.0030171400830286514,3.7703054346070907e-06,0.0002244921029963711,0.05507940333629019,0.9416751941722524,0.9416751941722524,0.23570690724033777,0.14645293578542376
97572.0,0.04248751375782011,0.4837954909663364,0.0966545872347394,0.3769541261987138,0.00010828184238964331,0.4837954909663364,1.0800805986900879,0.6710918081062122
97573.0,0.031550924921067584,5.392673380443524e-05,0.038651158422091964,0.9297403092636246,3.6806594121966187e-06,0.9297403092636246,0.3030915154290848,0.18832134690470398
97574.0,0.289437015770685,0.33312490020943725,0.07585480342498255,0.30152874924695594,5.4531347938992746e-05,0.33312490020943725,1.282692220080779,0.7969814866240141
97575.0,0.022128935660558232,0.9739999901469448,0.003864359507720807,8.303808261876301e-07,5.884303949692679e-06,0.9739999901469448,0.13154223808185875,0.08173178789041659
97576.0,0.0026112134186234543,5.620387878337286e-07,2.2651281466069595e-05,0.9972088827427551,0.00015669051836855215,0.9972088827427551,0.019941713585275262,0.012390483305513527
97577.0,6.881447465066729e-11,2.1125494366299458e-13,0.038789027757422226,7.224157712181181e-08,0.9612108999319721,0.9612108999319721,0.16407758974878572,0.10194713848926061
97578.0,0.06308368812128844,0.8570220562017343,0.051120963030348826,0.028771486138097782,1.8065085312031989e-06,0.8570220562017343,0.5606771057114355,0.34836827278628735
97580.0,0.003609692049156272,0.9846528744377642,0.009546973804306575,0.002167984625879125,2.2475082893330225e-05,0.9846528744377642,0.0934770621570093,0.05808056429815014
97582.0,0.0877432001415027,0.029357522782076668,0.2527029210581118,0.6300971461074063,9.920991090191732e-05,0.6300971461074063,0.9566362890300597,0.5943915460418421
97585.0,2.9560496331086846e-08,0.6924834893600357,3.2570728712612736e-07,0.30741581489352543,0.00010034047865385363,0.6924834893600357,0.6180102807724008,0.383991377360887
97588.0,0.45479072679641713,0.32501615242995163,0.0963848807864224,0.040895852385793234,0.08291238760141699,0.45479072679641713,1.2862826862503833,0.7992123686865437
97591.0,0.00447369360957532,0.9243288746900864,0.06598806224886508,0.005145666190339947,6.370326113328589e-05,0.9243288746900864,0.30403879784997023,0.1889099265656943
97592.0,0.007367345862756802,0.18504205334773768,0.051530770369395754,0.7560488616297873,1.0968790322457107e-05,0.7560488616297873,0.7127488181486138,0.44285574028180963
97593.0,0.9497474929920834,6.341151389381452e-06,0.04976160008757722,3.905897816998644e-05,0.00044550679078053006,0.9497474929920834,0.20218843589870106,0.1256267385878297
97594.0,0.00223327202454531,0.9826348944543597,0.0015061462774185533,0.013583576590415987,4.2110653261984215e-05,0.9826348944543597,0.09945185460184951,0.061792911570872196
97595.0,0.0906471777095083,0.0011601799310716658,0.010567348594825965,0.8975214298569688,0.00010386390762652357,0.8975214298569688,0.3715382905963182,0.23084971947405342
97597.0,0.005457894387826494,3.2450366586677234e-07,0.9875190948960342,3.447948226408935e-05,0.006988206730210997,0.9875190948960342,0.07588741327061958,0.04715150095839864
97598.0,0.5983969172572418,0.3854828345652954,0.009047757662503328,0.007070973776896491,1.5167380613319917e-06,0.5983969172572418,0.7523481738737793,0.4674602033799081
97600.0,2.5032322628630646e-05,8.659037381155996e-06,3.082832115449516e-06,0.9258206675599492,0.07414255824792498,0.9258206675599492,0.26466421437233806,0.16444512231730773
97602.0,0.7554797954373206,0.234816989705242,0.008604467693476961,0.001083167977473846,1.5579186485575718e-05,0.7554797954373206,0.6005625312373086,0.373150481045288
97605.0,0.11214906901628648,2.6351075837965487e-05,0.7226633257079139,0.16374557792056094,0.0014156762794000552,0.7226633257079139,0.785956416747296,0.4883421787663882
97606.0,2.3003065620753135e-11,3.042731330892008e-16,0.567664591561203,5.084060274138104e-17,0.432335408415792,0.567664591561203,0.683962030262091,0.42496950331415556
97608.0,0.057130068317707054,4.5481542574253735e-05,0.6014921458001039,0.34062671611906914,0.0007055882205470925,0.6014921458001039,0.8417130387145588,0.5229857158276825
97609.0,6.894920031551773e-05,9.770093761122396e-10,0.9936087984013302,0.004486025220207152,0.0018362262011365946,0.9936087984013302,0.04285472737807104,0.026627139231023778
97610.0,0.03677254382636135,0.7776129302225272,0.14238043517418975,0.043230059115923224,4.031660999210654e-06,0.7776129302225272,0.7304306473268247,0.4538420784571476
97611.0,5.143254319485187e-05,9.26790632677231e-07,0.9733792848567531,0.02042395998452592,0.006144395824893276,0.9733792848567531,0.13754314335161932,0.08546035997350171
97617.0,0.00019073954490281164,0.9991526801881055,0.00022038603161887734,1.4294297181916653e-05,0.000421899938189893,0.9991526801881055,0.007774185878075206,0.004830373273808117
97618.0,0.025928742415418822,0.011289375426518596,0.9417643742014024,0.01975495628617167,0.0012625516704875606,0.9417643742014024,0.2877810301242437,0.17880840751974467
97619.0,0.04066548219597148,5.682174936267337e-06,0.8248491644078351,0.13428989847898393,0.00018977274227410156,0.8248491644078351,0.5603708230769539,0.34817796868563494
97620.0,0.9992365800770137,6.569815964009762e-12,0.0006599374391670475,8.702716054715869e-09,0.00010347377453517626,0.9992365800770137,0.006545748476981105,0.004067102201588734
97623.0,0.01768591686290309,9.67319371586015e-06,0.9763167983780408,0.00030226404606342223,0.005685347519276599,0.9763167983780408,0.12671671910621615,0.07873352437346953
97624.0,0.000175415301510759,0.6956141679150348,0.005018557628036172,0.29918336788382494,8.491271593592744e-06,0.6956141679150348,0.6416918868214571,0.39870558650564386
97626.0,0.015785449364850716,0.0004967586327137775,0.9833267202001059,6.854658930248521e-06,0.00038421714339880635,0.9833267202001059,0.08890422014918235,0.055239297808465544
97627.0,0.9977818414763363,7.8552677289442e-10,4.3401699680790286e-07,0.002114390453263469,0.00010333326787728318,0.9977818414763363,0.016192924769958074,0.010061229852270618
97630.0,0.0001297532389508687,8.927943405961912e-14,0.9981230802737292,0.00013420342588543873,0.0016129630613461894,0.9981230802737292,0.014603851183458989,0.0090738829193928
97635.0,0.8307481868857294,0.021924692365305806,0.12664413147235848,0.02066738913581746,1.56001407886022e-05,0.8307481868857294,0.5798396045392332,0.3602746027414557
97638.0,6.363050285106526e-06,0.07534887657034753,0.007396512135029762,0.9165015385568099,0.0007467096875279094,0.9165015385568099,0.31648033975939976,0.19664029119381038
97640.0,0.0017474906188484005,0.017773125406951605,0.009239369000286296,0.9711810866976263,5.8928276286265725e-05,0.9711810866976263,0.15497604309470614,0.09629202959455682
97641.0,0.018760038788900976,0.9572543271788532,0.01473003669560152,0.009249678314704662,5.9190219403175365e-06,0.9572543271788532,0.22192754266964015,0.13789133520161634
97642.0,0.00017498168316116219,7.939364117628073e-11,0.9985228057687576,2.8055792815000052e-06,0.0012994068894071021,0.9985228057687576,0.011661367241582054,0.007245614851923986
97643.0,0.9849796745235069,0.0023606649439968496,0.012066256947282694,9.202017208208502e-05,0.0005013834131314824,0.9849796745235069,0.08715172891190423,0.054150413780235045
97644.0,1.3220885966261788e-06,4.006538633645032e-15,3.692386582342369e-11,2.4685410772449114e-07,0.9999984310203675,0.9999984310203675,2.3221804493979826e-05,1.4428518375623056e-05
97648.0,0.9992583417125381,3.5664198105698174e-07,0.0005343324941207544,0.00019624680336100274,1.0722348000516916e-05,0.9992583417125381,0.0065704895896184215,0.004082474719190173
97650.0,0.00012942231616202055,1.915139672074441e-06,0.9911563732927555,0.0002447955255941117,0.008467493725817442,0.9911563732927555,0.052426582308569274,0.03257446708787899
97656.0,0.10074339666317238,0.0005979314491798612,0.09233982895069422,0.8062935528293041,2.5290107650866554e-05,0.8062935528293041,0.6295099208387176,0.391136505468951
97657.0,0.00020553635391634944,0.9867084608753078,0.013063565910602403,2.0181091174346409e-07,2.2235049260740272e-05,0.9867084608753078,0.07185793739420875,0.04464784682841937
97659.0,0.043551574710711846,0.04123315951853483,0.5660002687429067,0.34828246111014816,0.0009325359176979327,0.5660002687429067,0.9639547198700383,0.5989387427888793
97662.0,0.2474466335297486,0.0005461790210984948,0.730362227318522,0.01193004550398386,0.009714914626647204,0.730362227318522,0.6770222366508281,0.4206575671048443
97666.0,0.0035113530449487045,0.0006902566224368535,0.2246369509547128,0.7638206003935717,0.007340838984329785,0.7638206003935717,0.6021782880959239,0.3741544072273
97667.0,0.8573759969023149,1.644027257708324e-10,0.14237359075618924,5.9385501472853824e-05,0.00019102667562064866,0.8573759969023149,0.4116745607399385,0.25578778625720666
97670.0,0.9181207271419034,2.8427045014461235e-05,0.0015555523637906957,0.059966949108971844,0.020328344340318202,0.9181207271419034,0.33672602380699057,0.20921964196663478
97671.0,0.9998895196773904,3.218698578687073e-05,7.676889683589871e-05,1.4454809311186177e-08,1.5099851788478255e-06,0.9998895196773904,0.00119127774179056,0.0007401824777377599
97672.0,0.5380520784489015,0.4549793472825787,0.004616528307667493,0.002347149423171736,4.8965376793494846e-06,0.5380520784489015,0.7308813722313654,0.45412212958621473
97675.0,0.4803996365371708,0.5046287112226888,0.014391309984866577,0.0005533465980096379,2.6995657262675304e-05,0.5046287112226888,0.7627998741489931,0.47395420988644477
97676.0,0.011804341485412748,0.8429096000904694,0.11954938327335816,0.02569890552348362,3.7769627274317704e-05,0.8429096000904694,0.5448545739155942,0.33853718102835095
97684.0,0.9972761579214902,5.043090479820409e-11,0.002549371933580609,1.9987335001736553e-06,0.00017247136099851526,0.9972761579214902,0.019465487425682396,0.012094587355807318
97685.0,0.001838297526786722,1.744860018919001e-06,5.291871312241371e-10,0.9618461995746327,0.036313757509373754,0.9618461995746327,0.1694193248640104,0.10526614512751352
97688.0,0.20479181452288034,1.2744007697922597e-16,0.7938248787942299,3.6852452240983305e-08,0.001383269830438228,0.7938248787942299,0.5171461930540256,0.3213209960189754
97689.0,0.15513118765873724,0.22303030529608678,0.601797924369445,0.01985718227522425,0.00018340040050671204,0.601797924369445,1.0087449921084615,0.6267685036590471
97691.0,0.8169150989133365,0.14106952928332417,0.039010202761763514,0.0029944560134223673,1.0713028151670642e-05,0.8169150989133365,0.5855514799045989,0.3638235904478078
97692.0,0.002577703096782111,0.06725180552432183,0.004989522741048029,0.9251423333048123,3.863533303687923e-05,0.9251423333048123,0.2957211908531213,0.18374190676661462
97695.0,7.61941734913414e-06,1.212962729139452e-08,0.9956429754557592,0.0002204984537927617,0.004128894543471346,0.9956429754557592,0.028960627087100767,0.017994249335969076
97699.0,0.10884593057452471,0.04336910175992664,0.6931435916227856,0.15462869852850206,1.267751426127615e-05,0.6931435916227856,0.9203358974578021,0.5718368446198051
97701.0,0.7576042149447254,4.559802054971718e-05,0.15701943443139663,0.08457437363056525,0.0007563789727626411,0.7576042149447254,0.7158110914664864,0.44475843767337364
97702.0,0.4525842381725334,0.4441242904718457,0.09337094775665855,0.009910759789883776,9.76380907768448e-06,0.4525842381725334,0.9865152785137958,0.6129564060174266
97703.0,0.8876458371086804,0.07605354390573672,0.014674523232703554,0.021502584452553253,0.00012351130032547516,0.8876458371086804,0.4473529208821036,0.27795599782133307
97704.0,0.9871332453408144,0.00581512740713826,0.00597121574659434,0.0010117281276174129,6.868337783433656e-05,0.9871332453408144,0.08092858542619967,0.05028375732978973
97705.0,0.18222889463347716,0.7502426327412666,0.040552701623616426,0.026974953205669467,8.177959702081233e-07,0.7502426327412666,0.75327730392391,0.4680375043388035
97706.0,0.00411615854269994,0.006726859856622435,0.004652489271096596,0.9844424743949909,6.201793458913502e-05,0.9844424743949909,0.09727697584525859,0.06044158342097069
97708.0,0.007090044171215306,0.5660090505823757,0.41719253820228075,0.009619039870864628,8.932717326477854e-05,0.5660090505823757,0.7674469827506737,0.4768416208053614
97709.0,0.6142410926482851,0.05568487092241529,0.1120023375004071,0.2176309369074194,0.0004407620214743233,0.6142410926482851,1.0406643899641759,0.6466011406369097
97711.0,6.479991353351254e-28,2.8388262344000557e-39,6.885173959848314e-09,1.8756310758709105e-28,0.9999999931148267,0.9999999931148267,1.362845199435712e-07,8.467833328062693e-08
97712.0,2.5460129484368425e-07,6.266485374502962e-09,0.6511175267580415,0.00015646788249479833,0.34872574449168525,0.6511175267580415,0.6481188139895444,0.4026988608770468
97713.0,1.8070128542680563e-05,0.001848135223058655,0.9499341340762948,3.434917262699386e-11,0.04819966053775329,0.9499341340762948,0.20678065719423533,0.12848004610597374
97714.0,0.022576292809456694,0.002675726857013386,0.005397872286828031,0.9693265426843773,2.3565362325389207e-05,0.9693265426843773,0.1600687999820658,0.09945633736189245
97716.0,0.0010506968249556902,0.9876564110738624,0.004360732562932868,0.006919956191091704,1.2203347158418828e-05,0.9876564110738624,0.07772757272064709,0.04829485630986073
97719.0,0.0009235364517718936,1.821409372280743e-08,0.9757666791406487,0.011468254453360516,0.01184151174012643,0.9757666791406487,0.13416343468311645,0.08336042890912691
97722.0,0.042773590756973234,0.9549830458252956,0.0009618128761305986,0.0012808452973939767,7.052442064312372e-07,0.9549830458252956,0.1940255464509362,0.12055485020698536
97726.0,0.38128371798758354,0.49006906391585736,0.07485556667496195,0.053789643869779684,2.0075518162428284e-06,0.49006906391585736,1.0684359520674647,0.6638565823589747
97727.0,0.9659844349004175,1.727016446535558e-18,0.026592874897271426,1.6782139793735673e-09,0.007422688524095301,0.9659844349004175,0.16628076064190844,0.10331604553196266
97735.0,0.03803392363625933,0.0028351158222535955,0.7578807841367127,0.2005513420081415,0.0006988343966317686,0.7578807841367127,0.6783805852450701,0.4215015565397568
97737.0,7.295919735114635e-10,0.9784286408492635,0.00017752218832156963,0.021226432049827448,0.00016740418299394894,0.9784286408492635,0.10610077376541803,0.06592411732426019
97739.0,0.11601977141537287,0.7478030787671269,0.04793190330790425,0.08823840831218567,6.838197411495941e-06,0.7478030787671269,0.827143934310343,0.5139334222960968
97741.0,0.12103380859098443,0.838955724902628,0.009981091638786944,0.02981439812681505,0.00021497674078409674,0.838955724902628,0.5554336502934355,0.3451103307572781
97744.0,0.008563127500992642,0.7348379636202111,0.24185634630328523,0.014600454819819794,0.0001421077556900354,0.7348379636202111,0.6734347542738891,0.41842853897693516
97745.0,0.00275857109809092,1.098706519298359e-05,0.9151750260600239,0.08085442111007272,0.001200994666621195,0.9151750260600239,0.30893647581187994,0.19195302498165154
97746.0,0.0025795371887608774,0.00041530888473487887,0.0656519274060726,0.9290352678720052,0.0023179586484272643,0.9290352678720052,0.2798520845663343,0.17388187665039428
97747.0,0.0038234342963727108,0.3532415416301807,0.6414061460099864,0.0013941717579651664,0.00013470630549369328,0.6414061460099864,0.684079305070082,0.42504237024930414
97748.0,0.007629750208897157,0.8343651635109027,0.15745996717148517,0.0005157065943285534,2.9412514385569216e-05,0.8343651635109027,0.48357941947256283,0.3004647869523599
97751.0,0.008857655790858935,0.9366156110290249,0.0200657665398394,0.03437442948677873,8.6537153496487e-05,0.9366156110290249,0.2982956774531093,0.18534152522974276
97752.0,3.824279344523134e-06,3.7263150167909976e-12,0.9772482969167932,0.0018514732005443268,0.02089640559959018,0.9772482969167932,0.11501867137918614,0.07146511865452013
97753.0,1.553120235905636e-06,7.984354330809321e-07,1.7653783324789387e-05,0.9999601936699906,1.980099101424611e-05,0.9999601936699906,0.0004794426695116042,0.00029789447968607823
97756.0,0.9999998998643648,2.160303934662596e-19,1.1772586424791306e-13,1.362353869578538e-15,1.0013551792001231e-07,0.9999998998643648,1.713997464987724e-06,1.064966502743488e-06
97760.0,0.9979060759342956,6.11328773962452e-05,0.0019479904458031046,5.463217974445915e-06,7.933752452884618e-05,0.9979060759342956,0.015657483565706908,0.0097285415266667
97761.0,0.0005426600963669048,1.5306364023357026e-06,0.9971943178247192,0.000718443015742276,0.0015430484267697402,0.9971943178247192,0.02209259723921876,0.01372690245988185
97762.0,0.6300133570469637,0.004874644929658209,0.06997538600271527,0.29512733593178636,9.276088874854232e-06,0.6300133570469637,0.8633993521810367,0.5364601799862156
97765.0,0.18993455740222012,0.0007660806998198514,0.7329705796130006,0.07626078103598992,6.800124896869392e-05,0.7329705796130006,0.7456058302037657,0.46327094971692184
97766.0,0.004277407169521548,1.1610885989253108e-05,0.00042605026143137153,0.8949511295011119,0.10033380218194464,0.8949511295011119,0.3567891754755379,0.2216855789956712
97768.0,0.03987433275440689,0.878690915766514,0.005218313908925177,0.07611483129176631,0.00010160627838647311,0.878690915766514,0.46650428019554757,0.28985540640707935
97769.0,6.868021159264243e-07,6.6849325963287235e-09,0.9954000933807069,3.390325781580639e-05,0.004565309874428214,0.9954000933807069,0.029551797957980047,0.018361564450340404
97770.0,0.9194293766887386,3.0384310891106377e-08,0.07897086655336795,0.0014993773725137539,0.00010034900106997219,0.9194293766887386,0.28838984619995106,0.17918668621630313
97771.0,0.9994572443560621,3.094971654748918e-12,1.615225898587458e-05,1.8168515826416443e-09,0.0005266015650057493,0.9994572443560621,0.00469621027444618,0.0029179195035511944
97774.0,0.005287651960760043,0.45102199951098637,0.16874212882385506,0.37465162151275305,0.0002965981916457397,0.45102199951098637,1.0573250334630135,0.656952980474981
97775.0,0.0003885509716053973,0.006325768007791263,0.002328644708670632,0.9908829249950001,7.411131693239062e-05,0.9908829249950001,0.05897698895318297,0.03664446357174889
97776.0,0.17291310855553751,1.5151974640203851e-05,0.8259856773842477,0.0005190482630837541,0.0005670138224899689,0.8259856773842477,0.46969927735694844,0.2918405697592765
97777.0,0.025935090005477727,0.1370140276622962,0.6750713096778105,0.16190064847694066,7.892417747656505e-05,0.6750713096778105,0.9278482928282566,0.5765045583056924
97782.0,0.45345274192578783,0.42075083123447926,0.1257128815062538,2.502882617429146e-05,5.851650730438094e-05,0.45345274192578783,0.9844028169293244,0.6116438598370794
97783.0,0.9999646309061451,3.4445004047862586e-08,2.6683068951762386e-05,1.046842404620844e-12,8.651578851862768e-06,0.9999646309061451,0.00041783074429183487,0.00025961283816156115
97784.0,0.0029874235297401943,2.929922353976967e-05,0.0004514852351166257,0.9964983844282356,3.3407583368507005e-05,0.9964983844282356,0.02499032122414603,0.015527359602428454
97787.0,0.1900535361679119,0.610947598723262,0.1964235685890582,0.0025293449359812597,4.5951583787821376e-05,0.610947598723262,0.9518748362562643,0.5914330890942272
97788.0,0.01874187482698478,0.009338102088229452,0.02667804478348619,0.9451151629328228,0.0001268153684754723,0.9451151629328228,0.26934654599981855,0.16735441853265473
97794.0,0.003242347085287038,0.9876664914746147,0.0056178949131859435,0.003472900928687544,3.6559822330957895e-07,0.9876664914746147,0.07962295047931808,0.04947252072551032
97795.0,0.5625047973770346,0.36781216456154964,0.06956937948567866,0.00010524010320201832,8.418472535077154e-06,0.5625047973770346,0.8780143859455403,0.5455410110338701
97801.0,3.8779653144035515e-05,4.743085190569772e-05,0.38395772390384253,0.6155294762953064,0.00042658929580179805,0.6155294762953064,0.6704089331549249,0.41654849060999444
97802.0,1.615911614931653e-07,3.069384030324817e-08,0.9809103181510974,0.013699097238100874,0.005390392325799456,0.9809103181510974,0.10583907338018578,0.06576151373252768
97809.0,4.580120809394234e-06,9.418804689743938e-11,0.9834090344685178,9.983188988461285e-08,0.016586285484594163,0.9834090344685178,0.0845006412273492,0.052503200387240254
97810.0,0.06469293326407353,0.07044036882334244,0.18771150648247956,0.6771327797447894,2.241168531666253e-05,0.6771327797447894,0.9422722660970403,0.5854666767927417
97811.0,0.010230469654780404,0.96895025116243,0.006410807888391159,0.014271502192044991,0.00013696910235255216,0.96895025116243,0.17168074890300777,0.10667124688479548
97813.0,0.11609281037852512,0.003973524362519621,0.4313011570397934,0.44662006600997195,0.002012442209189121,0.44662006600997195,1.0071492506455995,0.6257770137416456
97817.0,0.000133300084377077,0.9894825713408982,0.010383708766435233,8.542897778640303e-11,4.1972286133719614e-07,0.9894825713408982,0.05908528301758234,0.03671175045716567
97823.0,0.0007850582577803673,0.07785966582680542,0.0004510331718476793,0.9207635405339344,0.00014070220963189958,0.9207635405339344,0.28511030741652194,0.17714899420091548
97827.0,0.12969644814097625,0.024276970686486578,0.6310839832207574,0.028821887236283737,0.18612071071549588,0.6310839832207574,1.0608343198798371,0.659133422721129
97830.0,1.6897554273256036e-06,3.388010774371242e-05,0.0007368851133995164,0.9988777833391428,0.00034976168428644183,0.9988777833391428,0.009591466472224353,0.005959513192850229
97832.0,9.731621956471733e-05,9.872423920317376e-11,0.9872127597328968,2.159981834026399e-05,0.012668324130473387,0.9872127597328968,0.06917962244584437,0.042983716185247364
97840.0,0.15429247620787748,0.16042397051239243,0.2638310812847171,0.4213133362502257,0.00013913574478903,0.4213133362502257,1.2988739194598475,0.8070357417487709
97841.0,0.7002437768930478,0.03132347917838315,0.2683702320564573,4.953667564849713e-05,1.2975196462878272e-05,0.7002437768930478,0.7116489076210548,0.4421723274461474
97845.0,8.135535893714324e-07,2.9207679356226487e-19,1.5489016413366702e-13,3.714359682417044e-15,0.99999918644625,0.99999918644625,1.2221087826349385e-05,7.593388804832065e-06
97847.0,0.000438381937157007,0.7741596549927594,0.22536784750632036,3.619072216314941e-08,3.407937304005844e-05,0.7741596549927594,0.5377110277365168,0.3340986462306503
97848.0,0.005754438600333964,0.9928908151378335,0.00044403649486034376,0.0009106734907026153,3.6276270331748805e-08,0.9928908151378335,0.04656833406376826,0.028934532798061595
97850.0,0.01065663197756309,1.7331688466284345e-09,0.9794504233685765,3.383040814142613e-07,0.009892604616608515,0.9794504233685765,0.11440386323054462,0.07108311687371723
97851.0,0.1392076284752428,0.04971586664317383,0.20010887662187235,0.6095076305894884,0.0014599976702224847,0.6095076305894884,1.0569630333095235,0.6567280571333016
97859.0,0.00021949505904699703,0.07410027665861646,0.0023698684647657214,0.9233084200528647,1.939764706458225e-06,0.9233084200528647,0.28270664540906987,0.1756555150248118
97866.0,0.5619820393706018,0.0003887252868245037,0.01447240746706028,0.4231067821593001,5.004571621210972e-05,0.5619820393706018,0.7526353134988205,0.4676386132600426
97869.0,2.982046085112966e-09,3.735387074120255e-19,0.983592544347912,1.9140589378718423e-09,0.016407450755984477,0.983592544347912,0.08370715442846725,0.052010179318983024
97871.0,2.2914087289174468e-07,1.419617314683442e-11,2.5728805762481036e-16,0.00010801953151645486,0.999891751313412,0.999891751313412,0.0010983103238141375,0.0006824185731732032
97876.0,0.001941705365399351,0.26691489318081324,0.7140897223444307,5.415104420728706e-12,0.0170536791039431,0.7140897223444307,0.6745718495176019,0.4191350559757755
97877.0,0.13426039723460612,0.839276120303426,0.007410124052159573,0.019049239728753845,4.11868105598423e-06,0.839276120303426,0.5284915104338581,0.3283702380507317
97878.0,0.0009085252929908381,0.049066977627580666,0.9494890671824953,1.769904558824879e-08,0.0005354121978881892,0.9494890671824953,0.2075253302190211,0.1289427374710973
97883.0,0.08240398033565971,0.00906306882016365,0.11168026907362935,0.7968401406464036,1.2541124144137215e-05,0.7968401406464036,0.6742398384428263,0.41892876589635675
97891.0,1.4974729693864248e-06,0.001392442943693765,0.05511928093769064,0.9226954038723295,0.020791374773318404,0.9226954038723295,0.32369351322032275,0.20112208785412009
97894.0,0.005348396455934399,2.985475517368057e-08,0.9937314117714767,8.218039225401907e-08,0.000920079737440574,0.9937314117714767,0.040660320961580974,0.02526367786383673
97895.0,0.0007939409217662387,7.868417542170419e-05,0.09315688816723358,0.7663677533652811,0.13960273337029905,0.7663677533652811,0.7063128453289019,0.43885684553104654
97896.0,0.0003330597241030672,1.7056219981217214e-07,0.8382629008118088,0.13892722687914244,0.022476642022745547,0.8382629008118088,0.5100791867203384,0.3169300181011015
97897.0,0.3904121898252957,0.0026782032294366607,0.03617141449368812,0.5707094986247386,2.8693826841329763e-05,0.5707094986247386,0.8235322737327455,0.5116893714074637
97901.0,0.003202092441833835,0.0041944549759105765,0.024923102613154897,0.9675486147155599,0.00013173525354178323,0.9675486147155599,0.16646424025091153,0.10343004782281562
97902.0,0.00342545774957288,0.01924201487105724,0.012854272984138916,0.9644757230906486,2.53130458342731e-06,0.9644757230906486,0.18635014419515175,0.11578585464866885
97903.0,2.113372077668304e-06,9.35155360248431e-15,0.6009662849126478,5.421643212713887e-09,0.39903159629362245,0.6009662849126478,0.6726458177793462,0.4179383451717267
97904.0,4.470132193293707e-05,0.9419209501813123,0.009302732600523455,0.04857706586710674,0.0001545500291251429,0.9419209501813123,0.24860212463299386,0.1544651848402217
97905.0,0.011700358929109147,0.00042914767707582347,0.9781921902941667,0.001131802335389775,0.00854650076425709,0.9781921902941667,0.1253190576489594,0.07786510848338841
97908.0,0.00025123020878148295,0.015798153735647812,0.15768901217431394,0.826003828613139,0.00025777526811771723,0.826003828613139,0.5189088120220242,0.32241617276011036
97909.0,0.4862270550078523,0.07498295646165223,0.1199642330094418,0.3188231942029721,2.561318082359507e-06,0.4862270550078523,1.1637285733313703,0.7230652169559973
97915.0,0.3056409280013561,0.6515352415898455,0.011267793066924638,0.03146742668154651,8.861066032570627e-05,0.6515352415898455,0.8016345319083645,0.49808353942400874
97919.0,0.15489282965789403,0.0027391910224048373,0.8363763702313908,0.005938672039409041,5.293704889963963e-05,0.8363763702313908,0.4854453184778302,0.3016241351886925
97923.0,4.494888303645085e-06,3.571390073409354e-06,2.173205527500395e-08,8.810328663988214e-16,0.9999919119895698,0.9999919119895698,0.00010860941301387413,6.748282252753334e-05
97926.0,0.0001532800903404072,0.0002796321630862306,0.034002106927282234,0.9643423214229992,0.0012226593962919013,0.9643423214229992,0.16182098802212017,0.10054503300309577
97928.0,0.0018871652471788118,0.002837963854514031,0.523690060740658,0.4711080223366499,0.0004767878209976627,0.523690060740658,0.7254675200854799,0.45075831411743555
97929.0,0.006533095486767376,6.387465453391575e-09,0.9912729465779876,0.001960179829406886,0.00023377171837343886,0.9912729465779876,0.05573193940249283,0.034628200921528136
97930.0,0.00036488595515563266,0.003989257259904966,0.00349482897958253,0.9921083674857394,4.266031961765754e-05,0.9921083674857394,0.05298373444706986,0.032920645175394
97934.0,0.24146170135353764,0.6229715120966358,0.09084172846498544,0.0446870611954967,3.7996889343325336e-05,0.6229715120966358,0.9951254565727297,0.6183062104382209
97937.0,0.0003631615135616929,0.9764036023743639,0.021638657038406176,0.0011685735971992267,0.00042600547646928343,0.9764036023743639,0.12033559449526608,0.07476870873090814
97940.0,0.0036976991425029387,0.038717219384363115,0.0027452664801980117,0.9547896692968139,5.014569612126655e-05,0.9547896692968139,0.20745548942889747,0.12889934294833624
97941.0,0.10029610600723933,0.8769409300409888,0.0031056837506438168,0.008223048053287938,0.011434232147839368,0.8769409300409888,0.4543350951645271,0.28229426662218643
97944.0,0.6895558625682453,0.20250057667945207,0.07733425607686858,0.0306015678907019,7.736784730397201e-06,0.6895558625682453,0.8844449353522369,0.5495365360286623
97945.0,0.06647508303655963,0.9195051845692094,0.0010625020675437559,0.012905905418235244,5.1324908451597875e-05,0.9195051845692094,0.3212973115218082,0.1996332440285819
97947.0,0.16526121839559132,0.00030091852078807684,0.7215223364593263,0.11288397529770167,3.15513265939616e-05,0.7215223364593263,0.7820184914420854,0.4858954082045745
97948.0,0.03623889250896765,0.9614757607168409,0.0014837739273537809,0.0008015189542735136,5.389256362094688e-08,0.9614757607168409,0.17337842257072492,0.10772607084203009
97949.0,0.004510017754326177,0.9933022057827259,0.0021700996279425035,1.7647284022951712e-05,2.9550982928070897e-08,0.9933022057827259,0.04453881102539354,0.027673519233825813
97950.0,0.051329442772345794,0.001130159353442393,0.8937438808108098,0.052113199933758285,0.0016833171296425412,0.8937438808108098,0.4252018091910015,0.26419273828831946
97951.0,3.484029808366455e-06,0.998784275177067,3.155075691690658e-05,0.0011800936382904826,5.963979183012363e-07,0.998784275177067,0.009550689419739508,0.0059341769856130246
97952.0,0.19480239881109918,0.018128365044563187,0.5019536345663006,0.2845205243701178,0.0005950772079199424,0.5019536345663006,1.0993694821034643,0.6830766652195903
97954.0,0.03353790793856757,2.002386994561249e-13,0.013156902691403764,0.0001946876642960565,0.9531105017055327,0.9531105017055327,0.21827989550361587,0.13562492458841807
97955.0,2.2331474811216464e-05,0.00011033738225038252,7.882088701785028e-05,2.6110507684011345e-06,0.9997858992051535,0.9997858992051535,0.0022369207622650426,0.0013898770154369873
97956.0,1.01528452114324e-08,4.245582823961978e-13,0.5737910072772623,3.083348752073052e-05,0.426178149081946,0.5737910072772623,0.682542064024197,0.42408722868465687
97958.0,0.9452453961314162,0.03221443089642621,0.014405985690556507,0.008129633353627519,4.5539279737067925e-06,0.9452453961314162,0.26415572280050076,0.1641291787397961
97963.0,1.6171787276309595e-12,0.0011899547577190134,1.9700285658437567e-09,0.99877897047991,3.107279072669832e-05,0.99877897047991,0.009555798255351591,0.005937351283653734
97964.0,0.0002678755408676536,7.398650530815747e-06,0.9954672230443109,5.8712795410008404e-08,0.004257444051496701,0.9954672230443109,0.03005590277145345,0.018674782381631085
97965.0,0.0932273457726793,1.6548980048968654e-08,0.0005171854370735797,0.9044962127814519,0.0017592394598147127,0.9044962127814519,0.32706513727216174,0.20321699566372908
97966.0,0.026047051838552108,0.41017423643067313,0.106236934668058,0.4575209152043002,2.0861858415789473e-05,0.4575209152043002,1.0567195284451707,0.656576759054344
97967.0,0.016673989794830386,0.9812458233422339,0.0008611990963607624,0.0012188112704398222,1.764961343361229e-07,0.9812458233422339,0.10109740419099818,0.06281534901716049
97969.0,0.27220062240494036,0.32618163339558526,0.16363030692787467,0.23732392891824236,0.0006635083533575547,0.32618163339558526,1.362013528009867,0.8462665862953168
97971.0,0.00033033604636758363,0.00021977288396838433,0.07303785700134632,0.9214366357863422,0.00497539828197535,0.9214366357863422,0.29740160895800133,0.18478600923984304
97972.0,0.9999987359447995,1.2326231356409693e-08,1.1894832671440381e-06,3.042114381139726e-08,3.182455733202984e-08,0.9999987359447995,1.8791375978880804e-05,1.1675738364122967e-05
97973.0,0.015446478353316055,0.00023924694707780285,0.19115509408902798,0.7924963627997572,0.000662817810822508,0.7924963627997572,0.5718710313734575,0.35532344985496495
97974.0,1.4884587942107471e-06,0.047513274392547655,5.508437317907026e-06,0.9523841339123016,9.559479903972846e-05,0.9523841339123016,0.19219612443360357,0.11941816639756409
97978.0,0.489981604089277,3.8248074591713935e-07,0.440781959290709,0.05455987947798794,0.014676174661281401,0.489981604089277,0.9312840766674209,0.5786393308325605
97980.0,1.9279330011116238e-24,3.353617899417413e-58,1.8295246692014365e-07,1.692665994510753e-34,0.9999998170475334,0.9999998170475334,3.0212843482007266e-06,1.877229512775278e-06
97983.0,0.14543335697045265,0.10237321697837932,0.3801376536854181,0.37093777631774316,0.0011179960480060612,0.3801376536854181,1.2568651770244326,0.7809342425167307
97986.0,0.9989486553399017,7.677117719809677e-06,0.0009771973267085155,5.60600589090355e-05,1.0410156759173025e-05,0.9989486553399017,0.0085821976445851,0.005332419211875938
97987.0,0.006403558934307135,0.5483647752952581,0.319347947829347,0.12568412919158403,0.0001995887495047801,0.5483647752952581,0.9887038241605216,0.6143162258836157
97996.0,0.0028928348477941495,0.8314692449392476,0.023361202307368895,6.529620662608378e-06,0.1422701882849252,0.8314692449392476,0.535636126901884,0.33280943785634604
97997.0,0.2784885003859209,0.00035482700597303554,0.7054493784036888,0.015554889502871747,0.00015240470154604717,0.7054493784036888,0.6710784008614872,0.4169644542836411
98005.0,0.017262183951663273,8.381338010610719e-06,0.9024374125338895,0.07996785329014522,0.00032416888628955927,0.9024374125338895,0.36742352217363294,0.22829307010541633
98006.0,0.0012129930535214847,0.7080015133198201,0.28844683607938704,0.0007471956861473831,0.0015914618611250714,0.7080015133198201,0.6268672587847223,0.3894945272145687
98008.0,0.14761604624966188,0.0013946548064286074,0.8472740435546894,0.0022247883203089904,0.0014904670689127428,0.8472740435546894,0.45529008462210807,0.2828876349343177
98009.0,0.0008635387289863865,0.007236976977383115,0.06490710874180691,0.9269513953230841,4.0980228739339824e-05,0.9269513953230841,0.28999457122359357,0.18018375793385422
98010.0,0.006382974974637497,0.9775301020656696,0.01238243527283653,0.0035955673010377794,0.00010892038581926356,0.9775301020656696,0.1300829685576293,0.08082509275607465
98014.0,0.2551490743015682,1.9357266368745337e-07,0.6963315961843306,0.012847902232317684,0.03567123370911953,0.6963315961843306,0.7753898052723286,0.48177677391707247
98015.0,0.7258468491512279,0.034868550658779245,0.008395042206705753,0.17928171539621246,0.05160784258707359,0.7258468491512279,0.8508458697666484,0.5286602628117766
98018.0,3.336468010299928e-05,6.323887231253538e-11,0.2616544053974639,4.25844262799118e-05,0.7382696454329127,0.7382696454329127,0.575605672194573,0.35764391266515644
98019.0,0.0015688427694071196,3.3152991065964524e-06,0.4687269859069284,0.5288984326401978,0.0008024233843588245,0.5288984326401978,0.7079493676887151,0.4398736740443864
98023.0,0.5356886732362967,0.2282294078386288,0.2229259176146568,3.32273345118062e-05,0.013122773975905597,0.5356886732362967,1.0633670202652428,0.660707077949354
98028.0,0.8548342349202412,0.00029124323448355595,0.025990915572161443,0.11857417775374957,0.0003094285193644244,0.8548342349202412,0.48664320561300844,0.30236842431343836
98029.0,0.009404154510779793,0.0022735459405961935,0.9827780248921388,0.005439845474953064,0.0001044291815307348,0.9827780248921388,0.10411670563316261,0.06469134648114346
98030.0,0.0021788891411324896,0.9977698842311888,2.5905679101716305e-05,2.5182189416832473e-05,1.387591592901164e-07,0.9977698842311888,0.016124354062148318,0.010018624476020936
98031.0,1.4303965484536686e-05,0.0004846017391085635,2.744054806083247e-06,0.9907100399661207,0.008788310274478827,0.9907100399661207,0.05474673001763911,0.03401605591286254
98032.0,0.0007949677949462833,0.0416871890181037,0.5191788749940731,0.43767124700080273,0.000667721192072251,0.5191788749940731,0.8449870369814088,0.5250199653265639
98033.0,0.05598880315076339,0.9320033188013472,0.00272654316275363,0.009281105366499207,2.2951863572283058e-07,0.9320033188013472,0.2865606404723236,0.17805013679523166
98035.0,0.21238736482447515,0.780284774591436,0.006427792369030659,0.0008997939284890768,2.742865683632041e-07,0.780284774591436,0.5614033431496963,0.3488195094774639
98036.0,0.853405710488818,0.0033151047558439123,0.03730181686692526,0.10597103327129985,6.334617112313761e-06,0.853405710488818,0.514821142395077,0.3198763608199498
98040.0,0.004701330328635598,0.004540006910365053,0.06273796356876911,0.9158364579115467,0.012184241280683558,0.9158364579115467,0.3576208416309919,0.22220232223194566
98041.0,0.21031940182843806,8.159535329587829e-08,0.7892462948310951,0.0003882285395332182,4.5993205580586413e-05,0.7892462948310951,0.5182209612929478,0.3219887870723729
98043.0,0.28719309957850625,0.21706610323326933,0.0442478479023453,0.45147870768996334,1.4241595914729756e-05,0.45147870768996334,1.187031826488471,0.7375443422313906
98045.0,3.4638170750295714e-05,0.9941245454228744,0.0058365963170827154,1.8644027706165142e-07,4.033649015470138e-06,0.9941245454228744,0.03628806407126674,0.02254704191501552
98046.0,0.7768219207493804,0.11963524308339447,0.023289585773118467,0.08016063964896349,9.261074514344514e-05,0.7768219207493804,0.740930576874872,0.46036605149576404
98049.0,0.0008896912808018492,0.9065270447426154,0.09251289545854234,5.468665587359091e-07,6.982165148020285e-05,0.9065270447426154,0.3161056724373847,0.19640749729780452
98052.0,0.03682318540899399,0.9598511826611972,0.002376086398171866,0.0009494318161920471,1.1371544475245897e-07,0.9598511826611972,0.1818748470329168,0.11300519617923677
98056.0,0.2540488349395604,0.05051256137294874,0.4336284780762801,0.2616086895623648,0.00020143604884585706,0.4336284780762801,1.2137444096341126,0.754141803332106
98057.0,0.89145423900336,8.302388168359488e-10,0.056422336032824164,0.049085474435757157,0.0030379496978197337,0.89145423900336,0.43019992055173967,0.2672982394835654
98060.0,0.033635040868976576,3.149281814263685e-05,0.9360029677656809,0.03016135739942833,0.0001691411477716272,0.9360029677656809,0.28339658303501125,0.1760841973744763
98062.0,0.35321035731243833,0.00010461928406847608,0.6347929514273299,0.009806566238427206,0.002085505737737588,0.6347929514273299,0.7152533323048162,0.4444118824211573
98065.0,0.00031898769865323836,0.9962301752300312,0.0034113611764894527,3.7936882183933994e-05,1.5390126418218884e-06,0.9962301752300312,0.026116183752072246,0.016226897322540606
98071.0,0.17127223224702062,0.7234681540264097,0.053124473049731454,0.05212678269040279,8.357986436258143e-06,0.7234681540264097,0.8464065570926691,0.525901962762
98075.0,0.029349371359280983,2.77266426984545e-05,0.9276712313917668,0.04268562247281581,0.0002660481334367872,0.9276712313917668,0.31031328025093624,0.19280848167769396
98081.0,0.034927730397314054,0.9283016286552181,0.006133616423532465,0.03062966675939716,7.357764536937176e-06,0.9283016286552181,0.32432838284435594,0.20151655453042264
98082.0,0.003501431249832095,0.0017230496392294562,0.00019697344715258219,0.9378685653512501,0.05670998031253688,0.9378685653512501,0.2553513020429925,0.15865868454459442
98083.0,1.6968793920562346e-29,1.9393567971882624e-11,3.249588381574567e-21,1.2924660364966137e-59,0.9999999999806093,0.9999999999806093,4.978633930916293e-10,3.093399187662138e-10
98087.0,0.008553494632944211,0.0016239898655376244,0.9892736513394136,0.00048185400958522507,6.701015251921629e-05,0.9892736513394136,0.06615038005273949,0.041101542061162344
98088.0,1.1692405955875644e-07,0.004060535915683852,8.404656075611418e-06,0.9958923359097354,3.860659444533251e-05,0.9958923359097354,0.026950727532713468,0.01674542852787245
98092.0,0.006188556904030712,0.010003122931030999,0.00025271499723420257,0.983404005368752,0.00015159979895231371,0.983404005368752,0.09741612506580323,0.06052804169281181
98094.0,0.983051547325222,6.8142826845969604e-06,0.01585322253836251,0.001064997312849251,2.3418540881407474e-05,0.983051547325222,0.09012625673162189,0.05599859182844506
98096.0,0.32950065054803923,0.5420239452883585,0.04220416860373371,0.08621453871562178,5.669684424785656e-05,0.5420239452883585,1.0432091033538877,0.6481822599643792
98097.0,0.03744343076696879,0.014422366386948273,0.006922326797956713,0.94042010314304,0.0007917729050852197,0.94042010314304,0.28198254349395996,0.1752056052087725
98099.0,0.0002091082329206904,0.028515734674426006,0.05871631559913158,0.9124297215067083,0.00012911998681259504,0.9124297215067083,0.35444881341639145,0.22023143028880565
98100.0,0.03819802240348557,0.00424107066836975,0.1404715565103158,0.814261057589846,0.0028282928279810024,0.814261057589846,0.6075010900730222,0.3774616500454141
98102.0,0.9136270796496383,0.06189740384473127,0.023041800266782073,0.001308265054057498,0.0001254511847901364,0.9136270796496383,0.3514367096174204,0.2183599049719852
98103.0,0.1208332951174767,0.8105979062812335,0.0077775765212688515,0.06049267943957682,0.00029854264044419356,0.8105979062812335,0.6354652362128935,0.39483675095724646
98106.0,0.9862335936771452,0.00014232863628420566,0.011420850313696987,0.0021020608945798575,0.00010116647829488903,0.9862335936771452,0.07989897228985834,0.04964402271909937
98107.0,0.09933418971317008,0.0010173615057201613,0.4726458128134281,0.1394951426634077,0.2875074933042714,0.4726458128134281,1.2237512602353153,0.7603594091955522
98109.0,2.7507451943106795e-07,6.851394423051896e-11,0.9504823391501819,0.00024767128552442716,0.049269714421260796,0.9504823391501819,0.19865538141977002,0.12343152841436754
98113.0,0.7564586904612232,1.2706972846316598e-07,0.13445304486126589,1.7934258944416914e-06,0.10908634418188902,0.7564586904612232,0.7226377781894138,0.4490000966216227
98119.0,0.8733185745683494,0.045723460420303765,0.039094386120291216,0.041831560811568184,3.201807948817725e-05,0.8733185745683494,0.5192030549110962,0.3225989961463365
98121.0,0.0006212006719659745,0.003081589215142809,0.49400164014948666,0.5021431262751035,0.00015244368830029322,0.5021431262751035,0.71803480268944,0.446140107140567
98124.0,0.014483360848471863,0.023394687820278842,0.027548373929425607,0.9345546926589977,1.8884742825434648e-05,0.9345546926589977,0.31159573660479656,0.19360531661239533
98125.0,0.008213229375910494,0.0004930067224826199,0.990966672038217,5.124756406355391e-06,0.0003219671069842713,0.990966672038217,0.05483803033471858,0.034072783989400376
98130.0,0.21282663839371965,1.081370076625947e-05,0.775604670151957,0.011121520515873163,0.0004363572376830586,0.775604670151957,0.5799266301882142,0.3603286748173703
98133.0,0.00012071902926241547,2.222578705334936e-07,0.9996971615103386,3.319549974285992e-08,0.00018186400702729626,0.9996971615103386,0.002962160178594397,0.0018404936007220378
98134.0,0.03488675198641816,0.0569235125285601,0.20288049777260975,0.7051207677840565,0.00018846992835599362,0.7051207677840565,0.8518114210763652,0.5292601935716134
98135.0,0.9996856997301885,6.758480738053188e-10,0.00023510285742608174,2.029967258249074e-07,7.899373980973879e-05,0.9996856997301885,0.003027978391676591,0.0018813887558402935
98137.0,0.0017073104824741163,0.0020810447650179515,0.11745248653754818,0.8787083059935239,5.085222143537337e-05,0.8787083059935239,0.3894028715372138,0.24194960770389967
98138.0,0.0005524958100756889,3.6995353377969283e-07,0.001382438029742802,0.9929885756422393,0.005076120564410251,0.9929885756422393,0.04705661606432798,0.029237919462926008
98139.0,0.0031902029845597805,0.8121012430208192,0.16374243284636902,0.020961428392217697,4.692756033816949e-06,0.8121012430208192,0.5647195577213385,0.3508799894413208
98141.0,0.1429556365250536,0.0007103733858067805,0.8518088746001771,0.004365165292762263,0.0001599501961999788,0.8518088746001771,0.4449733825629113,0.2764775075354956
98143.0,5.5053854994968996e-08,0.2304118404339133,0.7625915645645288,2.163674330537425e-09,0.006996537784030212,0.7625915645645288,0.579625943276572,0.36014184753480216
98144.0,0.30844487850879365,0.13133487172144132,0.2610707174976865,0.2990807729865462,6.875928553236155e-05,0.30844487850879365,1.3416775954379943,0.8336311609615635
98145.0,0.0005519983652758604,0.9923546690142357,0.0007270703478674505,0.006365958203747634,3.040688722134204e-07,0.9923546690142357,0.04920714793366533,0.03057412004122909
98147.0,0.03478522355307629,0.11754248598458242,0.0002038816986493716,0.8474020947090355,6.631405465796103e-05,0.8474020947090355,0.5111649818678398,0.3176046605580194
98148.0,0.3331175519295115,0.43940132762984185,0.08326643312731967,0.144190046921443,2.4640391884686304e-05,0.43940132762984185,1.2140003787427993,0.7543008458815013
98152.0,0.010462610778629255,0.0010794038620672618,0.8785693252381744,0.1094104867652468,0.000478173355882542,0.8785693252381744,0.4145655706752302,0.2575840717261623
98153.0,0.031811053649802704,0.20574601827265637,0.7540779667614812,0.008265095795630456,9.986552042982278e-05,0.7540779667614812,0.6883929559249073,0.4277225922209001
98156.0,0.27364767550408947,0.001344611863086062,0.004374577646674146,0.7204752400387382,0.0001578949474137189,0.7204752400387382,0.6248621794823453,0.3882487013974395
98158.0,0.22957958917360832,0.23854791521235114,0.13663477110209057,0.395207508721081,3.0215790868899332e-05,0.395207508721081,1.3188778851704608,0.8194649044745075
98161.0,0.6501547938034674,0.027390524399603156,0.3184599883023843,0.00382623354487521,0.00016845994967083428,0.6501547938034674,0.7656203507333362,0.47570667052040455
98162.0,0.03992862725515356,0.0015701031599241748,0.9529628871986368,0.005478747304716293,5.963508156804822e-05,0.9529628871986368,0.2137545146528783,0.13281314737366773
98165.0,0.0263380711001686,0.0006194975653291219,0.022955645535018117,0.9498245654798586,0.00026222031962413415,0.9498245654798586,0.23805709665359281,0.14791319057071128
98168.0,0.24850643576597312,0.40571491464077214,0.00732129731121194,0.33824177239218134,0.00021557988986175883,0.40571491464077214,1.1164601458899115,0.6936956916849228
98169.0,0.8420181079358096,0.05611956445865624,0.09001305220845267,0.008876553739675736,0.0029727216574040546,0.8420181079358096,0.582393195281692,0.3618612378783133
98172.0,0.0019055568139902594,0.9572812212398671,0.035001467162598554,0.0002369515819727631,0.005574803201569328,0.9572812212398671,0.20197364564550502,0.1254932818999161
98173.0,0.9265366031578337,0.00011127710748544218,0.053109051450801595,0.020161113174176022,8.195510970397587e-05,0.9265366031578337,0.30708620378778234,0.19080338633464136
98174.0,0.00026794786268970314,1.7546016312310942e-10,0.0010533319528239515,4.2160816760857533e-07,0.9986782984008588,0.9986782984008588,0.010752246105488524,0.0066807461303225535
98175.0,0.0006077093960829126,3.2368914075845957e-07,0.9921937350431697,9.087943499579501e-06,0.007189143928105745,0.9921937350431697,0.04786637626287807,0.029741051762901104
98187.0,0.20876675985727702,0.6395655255241759,0.15106473546384183,5.554797600639352e-06,0.0005974243571040285,0.6395655255241759,0.9029264098972265,0.5610197218056385
98189.0,0.05045101506232094,0.9443928110667213,0.0029425469648677103,0.002197341086849108,1.6285819242530172e-05,0.9443928110667213,0.23549529016381784,0.14632145070303257
98195.0,0.0004671171394611266,0.93130746071376,0.001871277145538158,0.06633787383536006,1.6271165880839515e-05,0.93130746071376,0.26176696096982527,0.16264495756405487
98197.0,7.892026305807121e-05,2.422618283749837e-10,0.013535187453143869,0.9827073292585177,0.0036785627830194607,0.9827073292585177,0.09674169253402064,0.060108993199811805
98198.0,0.02405949909288056,2.0886015713016208e-05,0.7604134008089442,0.2153365945216176,0.0001696195608447687,0.7604134008089442,0.6303055597488897,0.3916308637191359
98202.0,0.10774179322328006,0.001644973587663052,0.8694740474666438,0.020247753539601964,0.0008914321828103316,0.8694740474666438,0.4574261426260469,0.2842148423944105
98203.0,0.016421425327301228,0.0220747803834267,0.0863130029261782,0.875171743733825,1.9047629267599063e-05,0.875171743733825,0.48000219184574844,0.2982421304589484
98204.0,8.250290522054084e-11,0.040397929897532235,2.146629557193263e-06,0.9594517447213294,0.00014817866907833262,0.9594517447213294,0.17068537358047858,0.10605278542390956
98205.0,3.595782807590431e-09,9.886049990192445e-20,0.0993457334251375,3.3224185360716994e-15,0.9006542629790758,0.9006542629790758,0.3236430931643031,0.20109076011191263
98207.0,0.05681937493585908,0.00027314100304991575,0.006158965807412007,0.9366605004926489,8.801776103156116e-05,0.9366605004926489,0.2586521988646811,0.16070964705528634
98208.0,0.02659697669600154,0.02424435487336615,0.948853933950784,0.00019776970257392816,0.00010696477727334412,0.948853933950784,0.23912458038466988,0.1485764555049035
98209.0,1.2934346818467012e-06,0.0034369676990415243,2.476132003569349e-05,0.9963098355698182,0.00022714197642123088,0.9963098355698182,0.025367701916221196,0.015761839410043037
98211.0,0.024348630853424504,0.015160755812123113,0.34643151397450606,0.6135406354913417,0.0005184638686061639,0.6135406354913417,0.8248547431287407,0.5125110678430815
98215.0,0.15649039476106694,0.6433309698122652,0.19893377946744215,0.001233099890406999,1.1756068818832642e-05,0.6433309698122652,0.9036508814696965,0.5614698613027095
98216.0,1.062403537593438e-05,0.004534099840948022,0.005688554750057214,0.9895615734471969,0.0002051479264211471,0.9895615734471969,0.06611992417793998,0.041082618762186836
98220.0,0.9693725731298816,3.9561606797131827e-07,0.006311611757387119,0.02429217151393141,2.324798273204476e-05,0.9693725731298816,0.15268663306166388,0.0948695391614964
98222.0,0.007263593242862101,0.9893206214443704,0.003379702708713896,1.5675429114178583e-05,2.040717493871304e-05,0.9893206214443704,0.06601869189481255,0.041019719608174535
98223.0,0.2082104940487215,0.03056469542072376,0.005318968440716051,0.7558962501089326,9.591980907879585e-06,0.7558962501089326,0.6728339097229408,0.4180552132671912
98225.0,0.857979227537846,2.3253292489476416e-06,0.13369128690545137,0.006951099209861461,0.0013760610175926565,0.857979227537846,0.44407323733035065,0.2759182158563284
98227.0,0.08770389055837331,1.2044684265286841e-05,0.9019546350366262,0.010283596826526818,4.583289420801883e-05,0.9019546350366262,0.35419087061803706,0.22007116141707
98228.0,0.9999999999144968,3.0192011710144685e-26,4.8039162742377485e-17,2.8409667563720913e-24,8.550304083143431e-11,0.9999999999144968,2.0677812714855e-09,1.284784741002034e-09
98236.0,3.842469981681906e-05,7.307645367675842e-10,0.9963511033138096,1.310183442183502e-05,0.0035973694211882076,0.9963511033138096,0.024424589087856177,0.015175850462548527
98238.0,0.0021287605305884585,3.436137727237097e-10,5.826104481238965e-05,3.4599861338436514e-11,0.9978129780463837,0.9978129780463837,0.01584930906799614,0.009847729412578443
98241.0,0.05817316031044623,0.8829443244381234,0.0005915746358215083,0.058284613307315936,6.3273082911729456e-06,0.8829443244381234,0.4455261759791093,0.276820977396574
98242.0,0.039437444972739835,0.016695805976210253,0.00019362127026227035,0.885273021613598,0.0584001061671897,0.885273021613598,0.47124792450361985,0.29280279833280953
98243.0,0.0003939441087271779,9.183763411378114e-07,7.609654078373377e-06,0.9987547765772307,0.0008427512836228873,0.9987547765772307,0.010400848968516379,0.006462410813217531
98244.0,0.00012032856855557845,0.004277704794060502,0.06713859978278267,0.02134713981516005,0.9071162270394398,0.9071162270394398,0.37630807413631756,0.23381335261774244
98250.0,1.5363626269795455e-07,5.171630858905171e-07,0.9968788371180605,4.7629960603746496e-09,0.0031204873195961815,0.9968788371180605,0.02113075642897937,0.013129277162994994
98256.0,0.47756766417077673,0.2952729465946166,0.21553141726470762,0.011614542787501667,1.3429182396785995e-05,0.47756766417077673,1.0958005187343038,0.6808591435981673
98257.0,0.0008433535794649303,0.4608638231578877,0.19646415256804942,0.34175616987704166,7.250081755759762e-05,0.4608638231578877,1.0503002478362309,0.6525882357572687
98258.0,3.328655421210026e-05,8.919488462405928e-05,0.13095722206629737,0.8687101176563796,0.0002101788384858712,0.8687101176563796,0.3914428179150845,0.2432170976530991
98259.0,0.999999673096415,5.375089109574443e-40,1.5473301508997849e-19,2.2011522435172795e-31,3.2690358568794357e-07,0.999999673096415,5.2087512074402154e-06,3.2363790906121653e-06
98262.0,0.025766511093971194,0.7751762911012018,0.1955261058086222,0.0034695986488172607,6.14933473863057e-05,0.7751762911012018,0.6310392302839044,0.39208671885299756
98264.0,0.0031410873960074533,0.0008620305119032929,0.01726890265970251,0.9781170707842509,0.0006109086481349838,0.9781170707842509,0.12043999836815848,0.0748335785044395
98266.0,0.8712673275876126,0.05123184715243162,0.0771434655099916,0.0003522014163516234,5.15833361130726e-06,0.8712673275876126,0.47280788065131035,0.2937720535837507
98267.0,0.004258544274385123,0.21639771080594633,0.14769277802391792,0.6315923240970743,5.864279867520742e-05,0.6315923240970743,0.9277485103865827,0.5764425599888248
98269.0,0.07556004386826713,0.35148232573837246,0.20921885301220267,0.36372690585757317,1.187152358382076e-05,0.36372690585757317,1.2579542121924876,0.7816108981116073
98270.0,0.9994650697977296,6.02589220908392e-09,0.0003552890358871915,1.2202570220607724e-13,0.00017963514036830282,0.9994650697977296,0.004906090498457901,0.003048325418802873
98271.0,0.07766678314691036,0.0438304167386946,0.23324571113229361,0.644903168169475,0.00035392081262494685,0.644903168169475,0.960770100386432,0.5969600274504354
98272.0,0.548302338644817,6.923917145666317e-06,0.012625092932844443,0.43879844927880635,0.00026719522638564815,0.548302338644817,0.7484137595282674,0.4650156143000091
98274.0,0.9870761982170159,8.374924263162871e-06,0.01267366464746315,0.0002383691963920745,3.393014867246997e-06,0.9870761982170159,0.07033043585661423,0.04369875676051838
98280.0,0.28240403065137404,0.21525612048687143,0.08773577730029279,0.4142864910684109,0.0003175804930494208,0.4142864910684109,1.268818694489817,0.7883613805088425
98284.0,0.9999998221492612,6.7466648749218016e-15,1.128193730496562e-09,4.892923429067065e-12,1.767176451708443e-07,0.9999998221492612,2.9489540254668406e-06,1.8322881564327432e-06
98285.0,0.07226349815820197,0.9033103968294924,0.012687312972083135,0.011738101516825476,6.905233965832333e-07,0.9033103968294924,0.3893165938394067,0.24189600035617875
98287.0,0.0391358069313124,1.044726504845802e-06,0.9580314973952095,0.0006405125758938015,0.002191138371079039,0.9580314973952095,0.1860446358776565,0.11559603165821052
98288.0,0.00023403817292619956,0.00037311948134531044,0.029359909896361457,0.9700125134985746,2.041895079325468e-05,0.9700125134985746,0.1382410660310043,0.08589400371582503
98289.0,0.004798780753467197,0.026553020584102863,0.9316686040301166,0.036600363112617114,0.0003792315196972254,0.9316686040301166,0.31196517747974684,0.19383486313425619
98293.0,0.013862881857755792,7.386461483707251e-05,0.9847421243576506,0.0005516265588127446,0.0007695026109422507,0.9847421243576506,0.08481228092297174,0.05269683301712606
98295.0,0.19523798550890073,0.7488388667333828,0.00856488907442754,0.04735138275855575,6.875924733509849e-06,0.7488388667333828,0.7207966222576934,0.4478561221212732
98298.0,0.999693508620153,8.105376259149535e-06,0.00028983637201231296,6.391508026220417e-06,2.158123550589544e-06,0.999693508620153,0.0028671282725746252,0.0017814469576141678
98300.0,0.1813479452652024,0.6549298883482813,0.09287371748945698,0.07082497736770836,2.3471529350910547e-05,0.6549298883482813,0.9952844186853836,0.6184049791520841
98301.0,0.20891701746499844,0.07790357208238377,0.03927147341739998,0.6739048002327261,3.1368024916713698e-06,0.6739048002327261,0.9190972536487195,0.5710672319497461
98302.0,0.0682400941910286,0.6326392951859365,0.2767120398143916,0.017809860909437536,0.004598709899204877,0.6326392951859365,0.9248645650893111,0.574650664026271
98303.0,0.012404868088849042,0.9765328004769566,0.004775130088698195,0.006285491110862443,1.7102346322274739e-06,0.9765328004769566,0.13504986517177142,0.083911199138787
98304.0,5.22822135433295e-06,0.9156452800254393,0.08325566656553085,4.4057677016976865e-05,0.0010497675106573333,0.9156452800254393,0.29535859696660827,0.18351661451786633
98308.0,0.21258739729928133,0.5925506410361661,0.04320244000703996,0.15165916150021655,3.601572958152184e-07,0.5925506410361661,1.0610523548590893,0.6592688954706943
98309.0,5.372643895220478e-06,8.49478668158319e-06,0.8955393095539879,0.10025543496925572,0.004191388046180225,0.8955393095539879,0.352506078599966,0.2190243412787753
98310.0,0.9927741637308208,0.0035339099799589764,0.0011893330406196846,0.0024999560358309365,2.63721276966472e-06,0.9927741637308208,0.05017154579153462,0.031173334121137732
98314.0,0.04652607477026432,0.2481706988468633,0.0006734573286023499,0.7044208583181312,0.00020891073613788435,0.7044208583181312,0.7420932682584677,0.4610884722705035
98316.0,0.00045465856714341067,0.9539905506325689,0.013913732274693974,1.0221098469896189e-10,0.03164105842338277,0.9539905506325689,0.21717901504745651,0.13494090910223236
98318.0,2.7204445753503986e-05,4.610048073524316e-10,2.389976477566823e-07,0.9999287047438037,4.385135178966306e-05,0.9999287047438037,0.0008009586314058,0.000497663578829479
98322.0,0.9841681956321868,1.547556080023556e-08,0.002151771152824779,6.320496341714488e-06,0.013673697243085257,0.9841681956321868,0.0876881388426841,0.054483704009473284
98323.0,0.0007698486063732607,0.9932063638124405,0.0010556446638017355,0.00496787089411745,2.720232678963515e-07,0.9932063638124405,0.04588226013880987,0.028508251100794517
98326.0,0.00024719118997057753,0.4913946355700133,0.5082019641841127,5.61612409643225e-07,0.00015564744349205398,0.5082019641841127,0.6965553727110341,0.4327941869205564
98328.0,3.839544512483026e-11,1.1452105638802079e-26,9.271212923476588e-13,9.387367895696303e-25,0.9999999999606786,0.9999999999606786,9.859222048641753e-10,6.125879086401506e-10
98331.0,0.19331526213382744,0.010904200351448548,0.728881031942201,0.06678216547698554,0.00011734009553866557,0.728881031942201,0.7792731070967105,0.48418960500200003
98332.0,0.997086522593706,6.065666208033492e-05,0.0026111825220605203,0.00021412207190857254,2.7516150244906843e-05,0.997086522593706,0.021127460477856165,0.013127229273419546
98334.0,0.05071568875888382,0.47441140734119674,0.4277775348566339,0.046531910821903825,0.0005634582213824388,0.47441140734119674,1.0151748125436078,0.6307635757183487
98336.0,0.8362532656630643,3.742297514808345e-05,0.004540739885691467,0.1491548748066212,0.010013696669473866,0.8362532656630643,0.5043276931452557,0.31335641421700744
98338.0,6.1305167945372466e-09,0.002865899922049822,2.4054759400630964e-06,4.101590939925621e-11,0.9971316884304795,0.9971316884304795,0.019674912110767603,0.012224710228809903
98339.0,0.0013741602668174843,3.6403319926517445e-06,0.9311952837617492,0.06635735774463476,0.0010695578948051402,0.9311952837617492,0.2628065882884834,0.1632909143360597
98341.0,0.016727527920819597,0.027184583586756645,0.7913692640839168,0.095582873519394,0.06913575088911333,0.7913692640839168,0.7607181687033496,0.4726607735696035
98343.0,0.12105739684720895,0.007143223990983165,0.004112334633323334,2.5517599414579963e-05,0.8676615269290713,0.8676615269290713,0.4369401749587814,0.2714861950144798
98345.0,0.7145182468873608,0.00025726606901788583,0.13446384671964917,0.012962224304283962,0.1377984160196868,0.7145182468873608,0.8415472718210042,0.5228827190657235
98347.0,3.5878786351604047e-12,1.0544350153448536e-10,0.00012171040132772154,1.875218590554942e-07,0.9998781019677829,0.9998781019677829,0.0012218789746746826,0.0007591960927692595
98350.0,0.008555817017409857,1.4041850508222808e-05,0.00010420041671564533,0.9676182176428673,0.0237077230725003,0.9676182176428673,0.16241276472742236,0.10091272454355861
98351.0,0.07508066535475406,0.17678532065955477,0.7471286645412164,0.0008710845313819633,0.00013426491309399862,0.7471286645412164,0.7258711467517359,0.4510091014657002
98353.0,0.08195585176696608,0.26707999235570096,0.13798293538958825,0.5129596406925344,2.1579795210362092e-05,0.5129596406925344,1.1735742716828976,0.7291826932969373
98354.0,0.5104635585739413,1.549902561955126e-06,0.4720031235737824,7.503530499314004e-08,0.017531692914408155,0.5104635585739413,0.7685353799235963,0.47751787999157413
98355.0,7.998066866620328e-05,0.7625599207327287,0.23722480567703041,1.337256587649316e-12,0.0001352929202389117,0.7625599207327287,0.5499765134379084,0.34171962098626635
98357.0,8.626143697246218e-08,0.9070454755186244,7.99850622170636e-05,0.09075245642184378,0.0021219967358793515,0.9070454755186244,0.32008287368146293,0.19887867137252427
98360.0,6.434318892882445e-05,1.532898520475941e-08,0.974368512963191,0.000569729501394749,0.024997399017499214,0.974368512963191,0.1223924979556819,0.07604673470788104
98364.0,0.06291301673459368,0.37064503093768414,0.026766810266933342,0.539648051747983,2.70903128057991e-05,0.539648051747983,0.9719587026994119,0.6039118969363843
98368.0,0.003505498150470551,0.00012509614141007763,0.2267515842806921,0.7696050673566077,1.2754070818550253e-05,0.7696050673566077,0.5591051643478631,0.34739157070202054
98369.0,0.03240850725604768,0.47978977131591827,0.22594067769665444,0.261503025750781,0.00035801798060039014,0.47978977131591827,1.153180883646634,0.7165115688759767
98372.0,0.0018918127316359318,9.743225660179707e-05,0.9968306212291907,0.0004094600413753608,0.0007706737411953828,0.9968306212291907,0.024644793043115197,0.015312670872679159
98373.0,0.0038406558233593283,0.5763226230412897,0.41949591178736734,1.214889831719276e-10,0.00034080922649321635,0.5763226230412897,0.7061042621836129,0.43872724553611814
98374.0,0.9241922368323742,0.0003420948468924751,0.07073446453464102,0.004174083843051533,0.0005571199430423867,0.9241922368323742,0.2899955256239188,0.18018435093611782
98379.0,0.8845479279343459,0.0020972910992131067,0.08591614319044344,0.027239593976499492,0.00019904379949963792,0.8845479279343459,0.4321632593070722,0.2685181304406283
98381.0,0.023751718844673912,0.01642177397139737,0.04695320045948084,0.9128007238307612,7.258289368487634e-05,0.9128007238307612,0.3838981395185346,0.2385293253953054
98383.0,4.5302612636859435e-09,2.802966885010324e-10,2.721031109345328e-08,9.373987547628156e-17,0.9999999679791293,0.9999999679791293,5.992182960192017e-07,3.7231526074401283e-07
98384.0,0.14674473266733634,0.6653767436584366,0.18052627895293105,5.370571075175393e-06,0.007346874150222472,0.6653767436584366,0.8978908021777106,0.5578909228127652
98385.0,0.14663724741208856,0.12027762966896734,0.03684459348801589,0.6926240947498475,0.0036164346810799016,0.6926240947498475,0.9325923889507651,0.5794522309595157
98390.0,0.6961092097271661,0.034757424106222075,0.25028447199684495,0.018707394892885205,0.00014149927688060369,0.6961092097271661,0.7912985637951313,0.49166144135276274
98391.0,0.008531788089830407,0.09633581171968121,0.6696101466362311,0.2246799809610216,0.000842272593235914,0.6696101466362311,0.8760438443871813,0.54431664472366
98392.0,0.011725466383012549,0.3003899438951011,0.18130039464750955,0.5063239671764127,0.0002602278979623884,0.5063239671764127,1.0697321558520951,0.664661959052674
98393.0,0.005233588281865927,1.0977829789094948e-06,0.9733413746643956,0.02029689336007367,0.0011270459106863646,0.9733413746643956,0.14055878814765643,0.08733408543550246
98394.0,3.5023836459044654e-05,0.9922037008013972,0.007758675403787382,5.060917395995853e-10,2.599452264942514e-06,0.9922037008013972,0.04585756213445634,0.028492905367875764
98399.0,0.018937079300232213,0.1785771431595491,0.011534043817252008,0.7908512502224871,0.00010048350047863631,0.7908512502224871,0.620722190384604,0.3856763815423168
98401.0,0.0006207537890001276,0.8339793788541882,0.1620060104804304,0.002612006696078637,0.0007818501803037252,0.8339793788541882,0.4719893079518108,0.29326344576907487
98403.0,0.01932619516303707,0.06733457728310285,0.06901133956507627,0.8443013208370316,2.6567151752311158e-05,0.8443013208370316,0.5856161455446817,0.3638637694690569
98412.0,0.0007145180678325762,1.1788568969902485e-08,0.008843185652649918,2.2336627507733922e-10,0.990442284267584,0.990442284267584,0.05649955149327196,0.03510514512971955
98413.0,9.598979598113274e-09,7.864521379956169e-08,0.0001749037977375592,0.0005335377416845602,0.9992914702163843,0.9992914702163843,0.0062436133406311555,0.0038793750864165783
98416.0,0.00315171152002112,0.9960433283376046,0.0001770930965059973,0.0006278517456278123,1.5300241150264785e-08,0.9960433283376046,0.028261526010429444,0.017559873414244948
98417.0,3.320483334807722e-07,5.215874961749091e-14,0.9787766631806194,1.4239864081065302e-12,0.02122300476957159,0.9787766631806194,0.10276668928327826,0.06385253416073366
98420.0,9.336501099396955e-05,0.9168623102548417,0.08303658636727808,2.211019343662444e-12,7.738364674934069e-06,0.9168623102548417,0.2871735800034803,0.1784309775387119
98421.0,8.105055282255088e-05,4.206967206575161e-06,0.0013475376225116215,0.9985413739576418,2.583089981690142e-05,0.9985413739576418,0.011452564549377016,0.007115878444826899
98422.0,0.0002085331968944369,0.945882711692694,0.053893967358774025,1.084758064295985e-06,1.3702993571686638e-05,0.945882711692694,0.21197163139630207,0.13170537972211552
98423.0,0.004893251962064022,4.3778705545678846e-09,0.9949930477619731,7.109305871001457e-06,0.00010658659222275536,0.9949930477619731,0.032085257277151294,0.01993569123062711
98424.0,6.174465665404523e-07,9.833868319542847e-06,0.9758005259280269,5.293758201561006e-08,0.024188969819506384,0.9758005259280269,0.11405529613441381,0.07086653995985316
98426.0,0.0002837237888783967,0.9383273653930809,0.05493192029308672,0.0033617301868743687,0.0030952603380790303,0.9383273653930809,0.2584717528138264,0.160597529620087
98428.0,0.09397155991035229,0.9039572625901058,0.000283607666216116,0.0017804138256572138,7.156007669966726e-06,0.9039572625901058,0.32716883481288905,0.2032814265684109
98431.0,0.00022633762253894415,1.248373278756855e-12,0.9978313740384024,0.0004566271533974159,0.0014856611844144554,0.9978313740384024,0.017252717149482157,0.010719715881048988
98433.0,0.0009597724855959541,0.0008539415420622787,0.00037490880109234694,0.997764871020025,4.6506151225894774e-05,0.997764871020025,0.018357093057190625,0.011405903213394242
98435.0,0.257073777296157,0.7228326679849986,0.01996247200892691,8.682426746774761e-05,4.425844244975254e-05,0.7228326679849986,0.6632090448086968,0.4120749484555543
98436.0,0.00825723506274336,0.000800007126209836,0.9776525997111291,0.0029992282163403268,0.010290929883577056,0.9776525997111291,0.13192785248685174,0.08197138359150814
98437.0,0.012381926635252583,0.9372908648724437,0.016590275374950218,0.03371099538139806,2.5937735956810904e-05,0.9372908648724437,0.29763029745580954,0.18492810139266322
98441.0,0.9993442847594822,9.839680680738172e-13,3.3074917779568984e-06,2.4926280653068515e-05,0.0006274814671034042,0.9993442847594822,0.005588367436849329,0.0034722479156698433
98442.0,0.0014198159076722469,1.1732783614148823e-05,0.903784951967369,0.008291398381080145,0.08649210096026384,0.903784951967369,0.35231734466528153,0.2189070742918189
98443.0,0.04047769116420589,0.9499107123600167,0.004642451157962124,0.004968854691210676,2.906266032160539e-07,0.9499107123600167,0.22992908224698663,0.14286297127128306
98444.0,0.0682836863120356,4.334129040242597e-07,0.9175836107223824,0.004031012744238193,0.010101256808441279,0.9175836107223824,0.3308505235881917,0.20556898842268242
98445.0,0.054178455827065194,0.9454383497234102,7.365615980436711e-06,0.00037542386816569705,4.049653798078362e-07,0.9454383497234102,0.21405524788853955,0.1330000034389672
98447.0,0.9996531831195034,2.4144433766924347e-11,0.0003352908800555867,2.1227447731560847e-07,1.1313701820650338e-05,0.9996531831195034,0.003161375108180036,0.0019642727959594286
98452.0,1.1616917972601943e-39,4.2152355231847976e-19,2.334929255484847e-18,1.1071095099239202e-55,1.0,1.0,1.421519084682928e-13,8.832394674567064e-14
98454.0,0.08686320237414429,0.00014388054000695632,0.9020061142119298,0.007631058160406619,0.0033557447135128607,0.9020061142119298,0.3628670729776867,0.22546198904242887
98456.0,0.13417995718379608,0.7609366921770156,0.0010216290336519584,0.10358283495319735,0.00027888665234062856,0.7609366921770156,0.7215820247045289,0.4483441200991807
98458.0,0.02639867383567975,0.021008764836541977,0.001543029344628521,0.950895083412726,0.00015444857042399754,0.950895083412726,0.23632142627090125,0.14683475792706457
98460.0,0.2640269115460279,0.02716640259652964,0.01307621126374609,0.6925721211108897,0.003158353482807309,0.6925721211108897,0.7788690049075907,0.48393852219476785
98461.0,3.5195323368818995e-68,9.938760923732885e-71,1.1899739701189504e-40,1.392162548487626e-61,1.0,1.0,1.421519084682928e-13,8.832394674567064e-14
98462.0,0.016449670401053745,0.3428693862157231,0.20840606846276857,0.43109344264044425,0.0011814322800100733,0.43109344264044425,1.1321110700114494,0.703420157599776
98463.0,0.1054287714526046,0.09020982598013864,0.7589942686116878,0.04532740081963966,3.973313593017819e-05,0.7589942686116878,0.8041350429601507,0.4996371942947359
98469.0,0.010172331888006432,3.397525499567293e-05,0.0069857308718856625,0.9828034920052213,4.469979892534893e-06,0.9828034920052213,0.09880033660811109,0.06138810068086833
98470.0,0.10168940251105509,0.8568257248864712,0.0123910330141034,0.029091760682013038,2.078906356228974e-06,0.8568257248864712,0.5221820710389503,0.32444996293718875
98473.0,0.36188021107238444,0.000487635500641805,0.6209422796955257,0.014630057542661673,0.002059816188786001,0.6209422796955257,0.7419860994134082,0.46102188452317167
98474.0,0.0025599561455665913,0.9907315771925284,0.0061278628883537165,0.0005766479304012309,3.9558431482822e-06,0.9907315771925284,0.06007347276155119,0.037325747267067035
98475.0,0.0008809774194861061,0.0019758066331562645,0.0028609049963039318,0.993562817517884,0.0007194934331696388,0.993562817517884,0.0468787194247145,0.02912738606599339
98479.0,0.11968207039560408,0.5657577262052214,0.003473630749674786,0.30783837411575654,0.0032481985337425297,0.5657577262052214,0.9772944241761717,0.6072271670909752
98483.0,0.0006665034117873261,0.9904098036614248,9.40049519227951e-05,0.008828345337590832,1.3426372746480232e-06,0.9904098036614248,0.05706449409256606,0.03545616370268189
98485.0,0.004477044773639343,0.9270671984970837,0.01977608930442952,0.048669802577488826,9.864847360158615e-06,0.9270671984970837,0.319236404425525,0.19835273045277935
98489.0,0.015395523737501124,0.0029738827879234164,0.9699768643941689,1.8766596644688817e-13,0.011653729080219723,0.9699768643941689,0.1630094474006602,0.10128346433328769
98490.0,0.0016746343054472174,0.00013095101255242335,0.005632255163079974,0.9925439898941345,1.81696247855922e-05,0.9925439898941345,0.04867263461081112,0.030242008240752228
98494.0,0.0062037575693774175,0.9706647539418668,0.020029924862654064,0.00309625912849143,5.30449761061124e-06,0.9706647539418668,0.1567127543313788,0.09737110895714376
98495.0,0.036404588143858885,0.8190592260149334,0.027302858901182548,0.1172320993953323,1.227544693640427e-06,0.8190592260149334,0.6337204391428608,0.3937526475839179
98498.0,0.006278961356933552,0.00032021056873621033,0.9866807435267224,0.006689929376386205,3.0155171221023676e-05,0.9866807435267224,0.08145591796523802,0.050611407458424275
98500.0,0.056014062508768336,0.8718595830640965,0.008272897763001483,0.06384946049081773,3.996173316100952e-06,0.8718595830640965,0.49637715713936537,0.30841646844807374
98501.0,0.3515932319850524,0.0006903255439966642,0.6436210823217534,1.1148159348183038e-05,0.004084211989848812,0.6436210823217534,0.6787392718969583,0.42172442108713515
98502.0,0.026678482389737353,7.081484846262886e-07,0.9659392901216625,0.007221727975792693,0.0001597913643235814,0.9659392901216625,0.16716880028649683,0.10386781558641933
98508.0,0.000566118643330143,0.04899552280130364,0.008134536184968016,0.9421974754065405,0.00010634696385856658,0.9421974754065405,0.24821667762265637,0.15422569314727747
98509.0,0.8118376359064154,0.0005152278527782928,0.08959149933979364,0.09713846565388885,0.0009171712471247881,0.8118376359064154,0.6221759872341859,0.3865796763127148
98512.0,0.9963503832214632,1.0791812029438613e-05,0.002773166153031987,7.819889657970822e-06,0.000857838923816895,0.9963503832214632,0.026243358332301153,0.01630591533202478
98514.0,0.2927339554464905,0.0051104743841460295,0.0002016199559508192,0.7018766642381783,7.728597523447452e-05,0.7018766642381783,0.6374962789127939,0.39609870874027686
98517.0,7.892961426840783e-10,1.1394589945174236e-08,0.7741311288570751,3.573364696564377e-05,0.2258331253120721,0.7741311288570751,0.5345849423986554,0.3321563002018224
98521.0,0.14935446584366713,0.0005206240911795938,0.08705131691139577,0.7576910935238919,0.005382499629865211,0.7576910935238919,0.7388035031203711,0.4590444262637078
98524.0,0.8848005251120283,0.018453888543665503,0.0606477890834817,0.03607822148676554,1.9575774057689217e-05,0.8848005251120283,0.4720125432175574,0.293277882651397
98526.0,7.783592798966564e-05,0.006168508605901054,0.9628575109656718,0.030287307704557512,0.0006088367958780197,0.9628575109656718,0.1789909365536975,0.11121332185035526
98527.0,0.0031385918669905675,0.9845778584904089,0.001163854213677514,0.01111812284702064,1.5725819024270484e-06,0.9845778584904089,0.09129984523836197,0.05672778336648033
98528.0,0.6792852693056014,0.04968310648725902,0.04882199187533308,0.2217508897344866,0.00045874259732153966,0.6792852693056014,0.8967917047038715,0.5572080151557828
98529.0,0.005284553230943325,8.449978404832438e-10,0.9930226989127151,0.00029465878348247757,0.001398088227860216,0.9930226989127151,0.04624428905634747,0.028733192314581428
98530.0,0.2354719830325232,0.0006959382950727449,0.2731886003549822,0.49028236287213256,0.0003611154452896166,0.49028236287213256,1.0524009153700717,0.6538934538819391
98531.0,3.206323609661472e-05,0.944922695910748,0.05490857686160715,1.4233977231342798e-10,0.00013666384920868807,0.944922695910748,0.21442912679815337,0.13323230746680534
98535.0,0.0007181657408887731,1.7867049304025604e-09,0.9990487875080704,0.00014621877917394587,8.682618516174516e-05,0.9990487875080704,0.00825259663233978,0.005127626588501711
98536.0,0.00035259302668569034,2.6863400160678936e-08,0.9927094470608859,0.0029408242612297595,0.003997108787799893,0.9927094470608859,0.049282591027631426,0.030620995471081484
98537.0,0.7223737159643888,0.0007260926525366688,0.05621685236752778,0.21739891851076415,0.003284420504782294,0.7223737159643888,0.7525330886820402,0.467575097410198
98541.0,0.008829155582583046,7.738500976520792e-05,0.9870339106243815,0.0037730136330468016,0.00028653515022417173,0.9870339106243815,0.07876388814546362,0.04893875528652222
98542.0,0.07117024835560455,0.19259813685450144,0.7341318267376608,0.0020405088700359785,5.927918219855634e-05,0.7341318267376608,0.745430838734825,0.463162221404019
98545.0,0.003761131725891939,0.9881931922718041,0.00787327359694577,0.00017098993168084963,1.412473678791782e-06,0.9881931922718041,0.07237789214378477,0.04497091287872116
98548.0,0.03573779073383425,0.2754104801987212,0.04285228187498163,0.6459525180526635,4.692913980062279e-05,0.6459525180526635,0.8919543347064286,0.5542023881849809
98549.0,0.2301394761636048,1.5885875248393226e-05,0.6721067903844388,0.09767574834264721,6.209923406239662e-05,0.6721067903844388,0.8331253649589961,0.5176498941167506
98550.0,0.9099353020903898,0.0016956060064406717,0.0560910580225251,0.031458265790631317,0.000819768090015014,0.9099353020903898,0.372927486243238,0.23171287526042283
98551.0,0.4711773495444764,0.5182716488699944,0.0046534344950041745,0.005875712361254422,2.18547292703813e-05,0.5182716488699944,0.7506150176315606,0.46638333285956757
98554.0,0.12803269091170896,0.015179723963585079,0.10502372213290652,0.7517071537080795,5.6709283718970466e-05,0.7517071537080795,0.7785131411798915,0.4837174116288057
98556.0,0.0701719658370641,0.000495978389455152,0.8636762080475049,0.04444078121981198,0.02121506650616347,0.8636762080475049,0.5368985970380505,0.33359385465578456
98557.0,4.436708580517387e-07,3.116960045572717e-18,0.995906350987703,1.1258584224711958e-08,0.0040931940828545866,0.995906350987703,0.026598094495923857,0.01652632530303522
98558.0,0.05661234308958916,0.11012799390299272,0.5346615860036461,0.2985707280426058,2.7348961164485337e-05,0.5346615860036461,1.101465878902545,0.6843792297875582
98561.0,0.00013677580206085643,7.492596924273908e-09,0.997171354851671,3.835982667588687e-05,0.0026535020269935787,0.997171354851671,0.020172002355902233,0.01253356976374085
98562.0,0.03533160394364634,0.0018787680202046824,0.9578954776072948,0.004773524265503302,0.0001206261633515652,0.9578954776072948,0.1977127614681011,0.12284584570838275
98564.0,0.00012109065577989479,0.9937180539533278,0.006157601526510937,1.2428809729368244e-06,2.0109834080901297e-06,0.9937180539533278,0.03874017504855737,0.0240706241286233
98565.0,0.4351905876768435,0.33972421377001955,0.19551453059428178,0.029568674063132627,1.9938957213299203e-06,0.4351905876768435,1.1520814157504058,0.7158284310626234
98568.0,0.000128792421654011,6.351353301510921e-05,0.15492240024632603,0.84477687688177,0.00010841691723617659,0.84477687688177,0.43416059978549654,0.2697591478560833
98569.0,1.0214554318015626e-08,5.468608075964634e-18,0.06492078490191233,6.812457363135494e-09,0.9350791980710749,0.9350791980710749,0.24029818177338755,0.14930565504696147
98571.0,0.027779428095642808,0.9666083043469629,0.005374461461458703,0.00023381930180111745,3.986794133352648e-06,0.9666083043469629,0.1624663148483401,0.10094599710443469
98574.0,0.029627704150381424,0.0035874116714744862,0.9660466727198351,1.6115979337049622e-07,0.0007380502985153892,0.9660466727198351,0.16315477294587583,0.10137376017141408
98581.0,4.8414086809123376e-06,3.312301990746167e-05,0.0006212874374423944,1.7152556057295506e-05,0.9993235955779112,0.9993235955779112,0.005852731207411426,0.0036365063617519763
98585.0,0.02776498426610597,0.02258642250681103,0.9006875419307666,0.012068424057480563,0.03689262723883444,0.9006875419307666,0.45437435854238795,0.28231866233050024
98586.0,0.0005040839906753163,0.03537524354956025,0.07444648502069423,0.11668042060350708,0.772993766835561,0.772993766835561,0.7651303501831156,0.475402216060599
98589.0,0.9999997722836558,2.8126344932575887e-12,1.5313609575014532e-08,3.953015988109768e-10,2.1200462105576756e-07,0.9999997722836558,3.769713518036398e-06,2.3422547020376297e-06
98592.0,0.0019113455213762083,0.021510477750856582,0.9749311572587808,0.0005152120199265934,0.0011318074490604582,0.9749311572587808,0.1308789832740922,0.08131968450783661
98594.0,0.9991144678742515,1.3684291617153509e-05,0.0008310603779925442,3.772259087237448e-05,3.064865267222136e-06,0.9991144678742515,0.007356069771462632,0.004570583130067673
98595.0,0.09790210272037574,0.893062508152432,0.007110427046084443,0.0019244410288365033,5.210522721286944e-07,0.893062508152432,0.3757187119658929,0.2334471613121497
98597.0,0.45965670310675777,0.00028736851777602434,0.5322334460398087,0.007585817176530954,0.00023666515912797626,0.5322334460398087,0.7342944161185198,0.45624277298648885
98598.0,0.2552712282997595,0.00019377903612804827,0.06826286605797152,0.0022792683086912606,0.673992858297448,0.673992858297448,0.8132364677813742,0.50529222749043
98599.0,1.4880537720331103e-05,1.539327190388297e-08,0.9780786363843663,0.0004645305924749859,0.02144193709216689,0.9780786363843663,0.10779866894649506,0.06697907891548377
98600.0,6.557775900635723e-06,7.530045417702393e-08,0.44217751950137446,1.4104867310423522e-06,0.5578144369355409,0.5578144369355409,0.68654716799932,0.42657573970094437
98601.0,3.103746887344168e-05,4.419484705449516e-10,3.06489963346622e-06,0.9996393384113964,0.00032655877814878945,0.9996393384113964,0.0033429500509650906,0.0020770916511524454
98602.0,1.3145260889866856e-10,4.5544442967978245e-12,0.1784392012783926,5.449171808470046e-06,0.8215553494137912,0.8215553494137912,0.4690889280979439,0.29146133844237443
98603.0,0.10584755874946443,3.739172718409501e-05,0.8898618835309151,0.002874411859785395,0.0013787541326521077,0.8898618835309151,0.36782806027892373,0.22854442376259404
98609.0,0.0014633795811093012,0.991274667897847,0.0067440275267457725,0.0004990392156733917,1.8885778623859215e-05,0.991274667897847,0.05595222873297955,0.03476507437827028
98610.0,0.014195044865012703,1.1341990264816867e-05,0.2749034273558554,0.7108502205680097,3.996522085688758e-05,0.7108502205680097,0.6585329747049723,0.40916954274366046
98611.0,0.002533438227317579,0.029499254965639533,0.9541425742182239,0.013085480221277488,0.0007392523675401672,0.9541425742182239,0.22594410988644303,0.14038696873042283
98615.0,0.0015243790521342802,7.404565132904774e-06,0.00013900002005238463,0.9982672047433698,6.201161931160356e-05,0.9982672047433698,0.01354138964187799,0.008413738446982465
98616.0,0.000482836531627386,0.9962493350155253,0.0020635009752444466,0.0012040667522654584,2.6072533597842533e-07,0.9962493350155253,0.028287582618546383,0.01757606329514413
98617.0,0.00011837042419658619,0.7815963345485889,0.21802346454192364,4.4611325204997865e-06,0.0002573693527701668,0.7815963345485889,0.5279339124660499,0.328023782953893
98622.0,0.0003926248186018329,2.465558825345327e-07,0.9978233311035879,1.3658493200762265e-07,0.0017836609369964492,0.9978233311035879,0.016548375886125545,0.010282084048273674
98624.0,0.0008941427013539561,0.05478542882958104,0.4960835124478855,0.44668146260172814,0.0015554534194507782,0.4960835124478855,0.8831939811768617,0.5487592744979684
98627.0,0.32789103367140165,0.1659665203236409,0.0028575931109747917,0.5000930704283594,0.0031917824656241415,0.5000930704283594,1.0453214015281878,0.6494947046122783
98628.0,0.03200858946976448,0.04742211213482868,0.14816907713246358,0.7693158142967665,0.003084406966177958,0.7693158142967665,0.7572421325952372,0.4705009909018426
98629.0,0.28506984277657826,0.011920643402605815,0.1646778463606158,0.5383086080128764,2.3059447322244605e-05,0.5383086080128764,1.04124420927913,0.646961402633023
98630.0,0.10347643013749395,3.419612385018877e-05,0.8085011365136572,0.08533833357888862,0.0026499036461098894,0.8085011365136572,0.6326957938217441,0.3931159996503751
98631.0,0.027634390871986297,0.9693707776810901,0.002989575449499049,5.137081222750871e-06,1.1891620097215205e-07,0.9693707776810901,0.1467684015001393,0.0911923351415079
98634.0,0.0020906881890211306,3.6932237280135695e-08,0.9971161840219193,0.0003358113781980545,0.000457279478624224,0.9971161840219193,0.021983099675994145,0.013658867798601246
98638.0,0.00016599599707017854,0.0019088635036289773,0.013860489428020553,0.9839495259941655,0.00011512507711609057,0.9839495259941655,0.08966677253108993,0.055713098242776364
98641.0,7.12963714609849e-07,5.149426806947626e-09,0.9726622952534083,0.0021043789701410062,0.025232607663309793,0.9726622952534083,0.13278796227514814,0.08250579985053337
98645.0,0.03991753205542309,9.442512025766313e-05,0.18691345570419268,0.7728309730323935,0.00024361408773302044,0.7728309730323935,0.6441028768252338,0.4002036188218644
98646.0,0.019767718679979496,0.013889125127408614,0.6278942385956654,0.3384228392573994,2.6078339546963232e-05,0.6278942385956654,0.796115820480236,0.49465457121995915
98649.0,1.0260027176898236e-05,9.897619131498669e-07,0.8541454179615304,0.14468074724679766,0.0011625850025802304,0.8541454179615304,0.4223470865054748,0.2624189993553219
98650.0,3.4038574907690676e-05,0.06749219460549485,0.01725091960884669,0.9142091143754328,0.0010137328353181565,0.9142091143754328,0.34131829597829216,0.21207298109567038
98653.0,0.16543364359060383,7.396010067134413e-05,0.6559500306756612,0.13623332787463666,0.04230903775842866,0.6559500306756612,0.9803228817092777,0.6091088535541241
98656.0,6.211666763702341e-05,7.500240170708466e-06,0.0018037211719159824,0.998046294858292,8.03670619850258e-05,0.998046294858292,0.014795505095364753,0.009192964190204862
98657.0,1.090065139634222e-11,0.4063728121885054,4.7019009616774575e-07,0.5925275261766829,0.0010991914338152951,0.5925275261766829,0.6835321624762156,0.4247024114415494
98661.0,0.0009781645050485623,0.9979716595079854,3.989459010438264e-05,0.001010241874203436,3.9522657180038913e-08,0.9979716595079854,0.016177784668978953,0.01005182277861953
98662.0,0.004139562833857987,1.6714645080496425e-05,0.0013778563882355448,0.9944262549434273,3.961118939802328e-05,0.9944262549434273,0.037934262321720306,0.023569882397233236
98666.0,0.06440951817303794,0.005560911028132014,0.014053514353795864,0.910014734044522,0.005961322400513182,0.910014734044522,0.3817975392469443,0.23722414906302097
98667.0,0.0013693663134835916,0.049428209473011665,0.936391552343843,0.012562500041955292,0.00024837182770485084,0.936391552343843,0.27626028357405624,0.17165016521590604
98669.0,0.025990110225555137,6.277561808534897e-05,0.1428119354809262,0.8169408182031913,0.014194360472241374,0.8169408182031913,0.5989886035986378,0.37217254481891293
98673.0,0.1838832982643934,0.5849279347158024,0.1374235518280101,0.09374197536660575,2.3239825188974676e-05,0.5849279347158024,1.1199728671810314,0.695878268138467
98675.0,3.580328919828327e-05,0.9660249893376568,0.03390747952171089,1.3479457521985914e-09,3.17265034865631e-05,0.9660249893376568,0.14883337541825428,0.09247537557578717
98677.0,0.12560259796391215,0.0012064442014122331,0.010725056508296658,0.8624422910196994,2.3610306680371158e-05,0.8624422910196994,0.445208415731209,0.2766235418537392
98679.0,0.07365428902044784,0.0019984092997013684,0.7234791835760722,0.18897546171332769,0.01189265639045222,0.7234791835760722,0.8062825490392795,0.5009715148438778
98680.0,0.9882347461275128,0.0002228964150202044,0.011532423909404671,6.575619333434707e-06,3.3579287286995002e-06,0.9882347461275128,0.06515535877055276,0.04048330057790943
98681.0,5.1105841258180196e-05,1.1131065122754353e-06,0.9991165648331883,6.739833580412229e-10,0.0008312155450580998,0.9991165648331883,0.0072988231745166115,0.004535013819500457
98682.0,0.0243793598848328,0.2249481690571739,0.0028933565490528684,0.7476954633917872,8.365111715147433e-05,0.7476954633917872,0.6612398579869162,0.4108514238905076
98684.0,0.3636226923714076,0.0398622350917612,0.15630440230403445,0.4401801657746152,3.0504458180014726e-05,0.4401801657746152,1.1479132936413923,0.7132386311847829
98685.0,0.0015643897608866107,3.905189941343533e-10,0.9979053601623364,1.540816519348634e-05,0.0005148415210652063,0.9979053601623364,0.016267749213368713,0.010107720892920627
98687.0,0.014563225158528025,0.9403357779339894,0.02789466408319423,0.01720073647796739,5.5963463210452094e-06,0.9403357779339894,0.2892342308444691,0.17971133189414787
98689.0,0.06848255457203321,0.10788238772831764,0.10650852702366119,0.7169213800649451,0.0002051506110441933,0.7169213800649451,0.9026917584143497,0.5608739246418809
98690.0,0.0002591574338760768,0.00020651095448396935,0.9904255965519396,1.336212812673059e-07,0.009108601438417826,0.9904255965519396,0.05622004889658484,0.034931480402097724
98691.0,0.12990955632919532,0.021826867164712625,0.25465510455770984,0.5929603323278337,0.0006481396205501074,0.5929603323278337,1.0115984804200773,0.6285414756324115
98692.0,0.00021821992430498793,0.9595671332638828,0.001175143938204094,0.03902946083552084,1.0042038086089681e-05,0.9595671332638828,0.1760769859102834,0.10940278251801963
98693.0,9.49176558777653e-06,2.486452709280042e-16,0.9998206072505433,2.323923678144118e-08,0.00016987774463290002,0.9998206072505433,0.001764170358636283,0.0010961406743352818
98694.0,0.6592836180269744,0.019936153134537032,0.3205156457923116,4.6989230787936735e-05,0.0002175938153899127,0.6592836180269744,0.7197066250651316,0.44717886878696267
98698.0,0.19395530275881326,0.6144875471212572,0.09995525793454026,0.0915894492683756,1.2442917013531796e-05,0.6144875471212572,1.0666261186466577,0.6627320696288939
98699.0,0.034844897758392786,0.013489326074078179,0.8934997041720362,0.0005339370200027369,0.05763213497548854,0.8934997041720362,0.4441552229960175,0.27596915641454034
98701.0,0.007835764875505047,0.009966547441036385,0.9722620110662206,0.009280545328974769,0.0006551312882617776,0.9722620110662206,0.15951077140979666,0.09910961471545922
98707.0,0.13793910156197808,0.8386545499246252,0.022238925829889927,0.001111522035212986,5.590064829527539e-05,0.8386545499246252,0.5135634799435558,0.31909493120293575
98708.0,1.518336396794975e-18,0.027800893837514253,2.2811641354062072e-06,6.969234129465228e-36,0.9721968249983524,0.9721968249983524,0.12704457213729034,0.07893723091507718
98710.0,0.9880593149733863,0.00019702365066788776,0.0002052562067451226,0.01140024535908835,0.00013815981011336788,0.9880593149733863,0.06752694458393972,0.04195684969407272
98711.0,0.18109834564447808,0.043613372323164694,0.13596190866215185,0.639289526590807,3.684677939897495e-05,0.639289526590807,1.0037482762602623,0.6236638695444933
98713.0,0.00019751316828537968,7.040918689577249e-08,0.9971192871699243,1.9757705571722915e-05,0.0026633715470331886,0.9971192871699243,0.020565362306603566,0.012777978042968235
98714.0,0.9967542314153203,0.002625948499029415,0.0004333076045800046,2.346022734355e-06,0.00018416645833435662,0.9967542314153203,0.02381444668938542,0.014796747675322654
98716.0,0.8308505063770381,1.6311951694304883e-07,0.16422211798518974,1.9461646051844463e-11,0.004927212498793816,0.8308505063770381,0.4768148907911572,0.2962617489667721
98717.0,2.0201849403541432e-05,0.001014843528438074,0.003597197809517481,0.995165451478765,0.00020230533387696485,0.995165451478765,0.03400090334585152,0.02112594905536234
98718.0,1.260109830506901e-07,0.9903348293413181,3.672939079003897e-08,0.009624053185899978,4.095473240680448e-05,0.9903348293413181,0.05472390238791905,0.03400187230904427
98721.0,0.07286596750716384,4.060635300128099e-09,0.9143846211772699,0.00579239539537798,0.0069570118595545195,0.9143846211772699,0.3370871615072752,0.20944402943600815
98722.0,0.992407945486159,1.9501634942308625e-11,0.006528723620795211,4.751072842554725e-05,0.001015820145119571,0.992407945486159,0.047886761616252466,0.029753717895105957
98724.0,0.7582497332607081,0.00010679428199838601,0.022270425571836474,0.21914756015947448,0.00022548672598261815,0.7582497332607081,0.6301058973750637,0.3915068065111607
98726.0,7.986442303298884e-05,0.5876448736839854,0.4120687813395148,0.0001028484986468719,0.00010363205481884009,0.5876448736839854,0.6803855596064515,0.42274731715337943
98728.0,0.26956511285438145,0.024987407093917755,0.06680460285863488,0.6386401418366557,2.735356410538765e-06,0.6386401418366557,0.9127556915002863,0.5671269978472436
98729.0,1.9857129229406616e-10,0.9829860988033194,0.0005781608511238961,9.855789958417073e-25,0.0164357401469859,0.9829860988033194,0.08870181371030081,0.05511353561700864
98732.0,4.0558108477078554e-85,3.4170011634575667e-73,2.355718208452885e-38,1.1930995501371278e-58,1.0,1.0,1.421519084682928e-13,8.832394674567064e-14
98733.0,0.07925983531588376,0.629165356006134,0.020548171594099884,0.2710183422615794,8.294822302597332e-06,0.629165356006134,0.9262157995590581,0.5754902332071059
98734.0,0.005083581270431488,0.000197909779611352,0.10056244315776217,0.8908593126301948,0.0032967531620014217,0.8908593126301948,0.38132327637628993,0.2369294729733189
98740.0,1.1781730750904755e-06,3.082624034831228e-05,9.503715612960961e-05,0.9979236203438152,0.0019493380866324342,0.9979236203438152,0.0154550521651564,0.009602763825652838
98741.0,0.995711214759223,4.449531077651995e-06,0.004075129639931839,8.041574902713739e-05,0.0001287903207420782,0.995711214759223,0.02867104432990226,0.01781432145247555
98742.0,1.274818523476156e-09,1.8826563036971556e-16,0.00020618655359379087,4.274565759678771e-12,0.9997938121673146,0.9997938121673146,0.001956042240151802,0.0012153573772805564
98743.0,0.021947476150862347,0.08715069438699644,0.8642682673456703,0.026594553399848515,3.900871662250552e-05,0.8642682673456703,0.5194058713361183,0.3227250130765052
98745.0,0.4411055920875029,3.983900511988519e-05,0.5552180293506639,0.001185033810521647,0.002451505746193138,0.5552180293506639,0.7108437750007846,0.4416720704222199
98746.0,0.0009649962077801098,4.781584125775885e-07,0.99557194738179,0.002278867336110279,0.0011837109159056611,0.99557194738179,0.03296748570973923,0.020483850576055763
98747.0,0.07940773768036805,0.9159646631173148,0.0030674535124047358,0.001306049613720729,0.0002540960761927877,0.9159646631173148,0.31008111604137695,0.19266422994374036
98748.0,0.35224840030788657,0.439072794236799,0.19113984061801753,0.017261317094615505,0.00027764774268326234,0.439072794236799,1.117570001784229,0.6943852839243891
98749.0,0.07455562147831289,0.7326036574102778,0.006337593412880637,0.18646142000756125,4.170769096715528e-05,0.7326036574102778,0.76717650503609,0.47667356355227075
98751.0,0.0038923930888745775,0.040942872431931385,0.02771725678930439,0.927414209557083,3.326813280497867e-05,0.927414209557083,0.32204804462754705,0.2000997007337079
98752.0,0.041636387907171744,0.0007777140103686335,0.6315472542623782,0.3257993124223473,0.00023933139773525816,0.6315472542623782,0.7955396178846943,0.49429655641796516
98755.0,0.09651032044766046,0.4449128217661988,0.24024095345073002,0.21830187141619092,3.403291921934215e-05,0.4449128217661988,1.2611652532308977,0.7836060300850761
98757.0,0.04715125670571856,0.23657159695892427,0.07603026258959213,0.6402451174621612,1.766283602331118e-06,0.6402451174621612,0.9664502956149921,0.6004893311810586
98759.0,0.0003109282457704982,0.004331432632746969,0.9877696474536676,0.0070486137111966055,0.0005393779566169313,0.9877696474536676,0.07722154947525639,0.04798044638980026
98762.0,0.04803205060531527,2.7952568666557768e-05,0.042259498531576664,0.9095537930328624,0.00012670526157835865,0.9095537930328624,0.367182623540095,0.22814339136871153
98767.0,2.9752460881817477e-05,0.9966416344207026,0.0015247152553970534,6.664700948501045e-11,0.001803897796372342,0.9966416344207026,0.02494871816835941,0.015501510170483793
98768.0,0.0008657199821862137,3.001804963388889e-06,0.9887311320428923,0.005123342932862646,0.005276803237094386,0.9887311320428923,0.07204241496431309,0.04476246918736787
98769.0,6.278850227346262e-05,0.07599363280944137,0.014645704428930333,0.9092312547258715,6.661953348261551e-05,0.9092312547258715,0.3454681538190773,0.21465143274560633
98770.0,0.9999984088945492,1.1847137178468255e-14,3.812329751199303e-07,2.1439929942434312e-14,1.2098724439524322e-06,0.9999984088945492,2.371018015002793e-05,1.4731963231914212e-05
98772.0,0.9613351906805282,0.0001035519168449555,0.031752769034661,0.0030168121708349744,0.003791676197129687,0.9613351906805282,0.18704418323962835,0.11621708535295053
98775.0,0.1714778623953754,0.6366001264200146,0.10508659369415153,0.08675854212395838,7.687536649984605e-05,0.6366001264200146,1.0394418469312279,0.6458415319415366
98776.0,0.9981841567736659,0.000237281568010395,0.0011513625518726229,0.00042450698949184784,2.6921169604904322e-06,0.9981841567736659,0.014916304951490603,0.009268021360905628
98778.0,0.0002487953031784039,0.9843819827806227,0.004668965302753608,0.010699610152520488,6.464609238161842e-07,0.9843819827806227,0.091176832060989,0.05665135098196732
98780.0,0.014819882099977292,0.0009705403340254866,0.0006804378478217709,0.9834368563275394,9.228339063532187e-05,0.9834368563275394,0.09139630576168012,0.056787717659423795
98781.0,0.5809948629650283,0.0681448503418219,0.3135564270926228,0.037249555658944625,5.4303941581352396e-05,0.5809948629650283,0.9852770463080759,0.612187049090916
98782.0,0.00104635122619377,5.883272036230285e-08,0.99839436208718,1.8483668574731874e-08,0.0005592093702378942,0.99839436208718,0.012974097264771273,0.008061259874976698
98783.0,0.9809947014826831,2.043628336533848e-05,0.018377223367461618,0.00039217847056740375,0.0002154603959238982,0.9809947014826831,0.09738666497295027,0.0605097371079469
98784.0,0.7135676341786111,0.12755688851533079,0.10227721714665285,0.05647186995905328,0.00012639020035089038,0.7135676341786111,0.9001120553586079,0.5592710650125584
98788.0,0.9539703541355108,0.004127764063210071,0.015840910450665692,0.025949327964394437,0.00011164338621825093,0.9539703541355108,0.22905103834181784,0.14231741191892452
98790.0,0.3247377080906359,0.35161236156490233,0.00932677330607062,0.3142212638785452,0.00010189315984530733,0.35161236156490233,1.141057734962341,0.7089790330815651
98791.0,0.010889385815419352,0.8574053916566817,0.027766733855419622,0.1036809048187445,0.00025758385373337515,0.8574053916566817,0.5177553569056819,0.32169949080088034
98793.0,0.02770272203595112,0.7263178763348027,0.140733262753836,0.10524044343548208,5.695439928543593e-06,0.7263178763348027,0.8445817788401159,0.5247681642858639
98796.0,0.017058492802208752,0.9731408506037126,0.009712064842198154,8.814538491713284e-05,4.4636696188247496e-07,0.9731408506037126,0.14178107904586043,0.08809353747075084
98797.0,0.018313450191028535,0.015671050836663467,0.03914078511482759,0.9267434857470485,0.00013122811043365213,0.9267434857470485,0.3369014008383642,0.20932860984294657
98799.0,0.9999882057919515,1.3721553807879007e-07,6.451357770108929e-06,1.768600129551534e-06,3.437034612256833e-06,0.9999882057919515,0.00015773064712290582,9.800356130815592e-05
98803.0,0.9848071355499171,5.243651719004409e-06,0.00020064536159928494,0.01447094666224901,0.0005160287745168929,0.9848071355499171,0.08204822905664809,0.050979431031644484
98804.0,0.22221977603276247,0.15693346802972644,0.004271045611028226,0.6152883056600305,0.0012874046664519685,0.6152883056600305,0.9555623174100384,0.5937242499555972
98806.0,0.4651261409496388,0.00022758714313941906,0.5241699427317102,0.008998380919264571,0.0014779482562453604,0.5241699427317102,0.7485409241589847,0.4650946261275141
98807.0,0.17567299657958518,0.35877244805107106,0.033291990655286555,0.4322609800673917,1.5846466642851612e-06,0.4322609800673917,1.1491276550792362,0.7139931563692974
98810.0,0.9416756114848005,2.649847635393422e-05,0.056836770115033304,5.711021885293347e-06,0.0014554089019268176,0.9416756114848005,0.2294285884732272,0.14255199700511673
98812.0,0.07454567133608633,0.9056772039956578,0.004154524202850651,0.015462359019086566,0.00016024144631720456,0.9056772039956578,0.37192352871821033,0.23108908137730913
98813.0,0.012180274075494879,0.00968329155517708,0.5025419344849684,0.4753446801624658,0.0002498197218926669,0.5025419344849684,0.799975083713032,0.4970524662881568
98814.0,1.4170486469798443e-05,3.0211618108881247e-05,1.6604354068037922e-05,0.9854192945018019,0.01451971903955265,0.9854192945018019,0.07658030302573066,0.047582017569047605
98815.0,0.03911577395225948,5.546501972903417e-05,0.6078665508071511,7.098635753541243e-08,0.3529621392345038,0.6078665508071511,0.7974966498553205,0.49551252874936524
98817.0,0.0010217382391452224,0.9971829274738678,2.2465496676692693e-05,1.6543274866494485e-06,0.0017712144628228644,0.9971829274738678,0.021334102400736604,0.013255623119049736
98819.0,0.9972368085205807,1.837003097550416e-12,0.0026061475909713353,1.9104350393469953e-07,0.0001568528431078926,0.9972368085205807,0.019642659726955926,0.012204670696024883
98820.0,0.3446515519747205,0.08691362228696893,0.1138638672827096,0.4545628535161235,8.104939479004698e-06,0.4545628535161235,1.1853252667568028,0.7364839970521926
98822.0,0.014795562183599715,0.4349918412567873,0.1134411903048673,0.4367510132549551,2.0392999791501877e-05,0.4367510132549551,1.0333621561655897,0.642064007677526
98823.0,0.039754685122924585,7.541490582179527e-09,2.5430547792290318e-05,0.07972690545756693,0.8804929713302242,0.8804929713302242,0.44218357344875475,0.2747441016721173
98824.0,0.029613999301026324,0.00633041511843604,0.0004538959465120946,0.9634515734236804,0.00015011621034431689,0.9634515734236804,0.1769615476231238,0.10995239161198127
98827.0,0.3637375421119387,0.1332272203903218,0.18816750747375166,0.3148098470045924,5.788301939421392e-05,0.3637375421119387,1.3151390504104226,0.8171418358235499
98828.0,0.9985354023473966,2.889701164702784e-06,0.0012412197683433293,0.00019742941127137635,2.3058771823100886e-05,0.9985354023473966,0.011736510077579022,0.007292303721010787
98830.0,0.177314158736857,0.014362115543845278,0.10517641705461535,0.7030448682008912,0.00010244046378988194,0.7030448682008912,0.853182077489908,0.5301118302846257
98832.0,0.040672446459450486,0.9508956117177793,0.0003015096798591974,0.00811670594858582,1.3726194323816223e-05,0.9508956117177793,0.21979040415599435,0.1365634563830954
98833.0,6.636985203953016e-13,1.526894191079933e-27,0.00042854608232686605,6.729981563862619e-17,0.9995714539170104,0.9995714539170104,0.003751877249288077,0.002331172405162104
98834.0,0.004373086466886278,1.410575790623326e-05,0.9916373872202454,0.0002773100830659801,0.003698110471896863,0.9916373872202454,0.05522139709471319,0.03431098315013396
98838.0,0.0004409739946826893,0.0007584162785680276,0.9978199171446774,0.0009336492471853576,4.704333488482692e-05,0.9978199171446774,0.018015854923708028,0.011193880040057589
98840.0,0.9941666565256155,0.002501406184994934,0.0003042260758445832,0.001453838172952115,0.0015738730405920943,0.9941666565256155,0.04292235775934068,0.02666916034954419
98842.0,5.036639148047789e-05,0.38360230298305137,0.11086308735941586,0.33202702044535487,0.17345722282069703,0.38360230298305137,1.2818247057056866,0.7964424696365365
98843.0,0.189730880365202,0.06852197314049666,0.2678992663287083,0.4738396697091268,8.210456466424544e-06,0.4738396697091268,1.2059034413131722,0.7492699357935305
98844.0,0.000679156268383349,1.3936115981550737e-09,0.9723138239305656,8.083737886717347e-06,0.026998934669553117,0.9723138239305656,0.12986737080286104,0.08069113433922451
98845.0,0.4639988427592528,0.42190825673498145,0.10641041583697924,0.007600379931162969,8.210473762336065e-05,0.4639988427592528,0.996651650949864,0.6192544883216629
98846.0,0.9597514339093446,0.001832229633919352,0.030444639508268815,0.002731415656862324,0.005240281291604624,0.9597514339093446,0.20092467032919145,0.12484151689039975
98847.0,0.6946964571412704,3.85357876998545e-05,0.038839568432648096,0.2662841753324579,0.0001412633059248404,0.6946964571412704,0.7332162409383008,0.45557286508144373
98848.0,0.2819368701764997,3.1065905735766707e-06,0.574436700308191,1.1144838497189127e-05,0.14361217808623702,0.574436700308191,0.9542660858499474,0.592918856004034
98851.0,0.02234387779649137,0.9771107121684441,0.0002279260083624328,0.0003172625267052831,2.2149999795325854e-07,0.9771107121684441,0.11202961022396105,0.06960791053724366
98853.0,0.09938886589730962,0.09392093400239397,0.6503220792328899,0.1562961783717326,7.194249567407151e-05,0.6503220792328899,1.02220983993599,0.6351346840028197
98854.0,0.28330192559212986,0.5948761107535535,0.0167591440359507,0.10501894517844591,4.3874439920557014e-05,0.5948761107535535,0.9719296569829652,0.6038938498180567
98857.0,0.11740360892145055,0.016720580420488743,0.3751632311260931,0.4907034318095355,9.14772243152317e-06,0.4907034318095355,1.0371537440288936,0.644419853674449
98864.0,0.0029853515032009807,1.7835241534375819e-06,0.015080741711061213,0.9490949194615385,0.032837203800046524,0.9490949194615385,0.24239934857211037,0.15061118338234475
98865.0,0.00011602048684611532,0.906191317567078,0.09351641745826324,6.925674479813812e-07,0.00017555192036372078,0.906191317567078,0.3134417002350926,0.19475227830382474
98867.0,4.048592393339042e-05,0.0006651201057746435,0.9973491300042925,2.635147275710556e-09,0.0019452613308523466,0.9973491300042925,0.0200656367025479,0.012467481067474544
98868.0,4.897667221115561e-10,3.2855772414429954e-08,8.000322499990595e-06,2.6569828538932573e-06,0.9999893093491075,0.9999893093491075,0.00013927044416008337,8.653359230829348e-05
98869.0,0.00012665061396593247,4.972502614319723e-07,0.9977464644595502,0.0016634835196925476,0.0004629041565301057,0.9977464644595502,0.01759332502027797,0.010931347450160394
98872.0,0.856735649124661,0.0010232706235842398,0.1417919596867084,0.00037663479548476745,7.248576956189181e-05,0.856735649124661,0.4201544934263744,0.2610566646780032
98876.0,0.21925564197985276,0.6747460200021932,0.10429913802870007,0.0004796686529288627,0.0012195313363236688,0.6747460200021932,0.8457974003255473,0.5255234723819637
98877.0,0.0003147985822082153,0.020142476049969542,0.0005625930015481719,0.9788229316465823,0.0001572007196900281,0.9788229316465823,0.10773110401261589,0.06693709846171343
98878.0,0.25965807891419573,0.6397397838778481,0.018834506614130324,0.08176517040501316,2.4601888133140596e-06,0.6397397838778481,0.9154638115084545,0.5688096474152984
98884.0,0.005642744612478907,0.02024054089375518,0.17174072861797252,0.8023498160633886,2.6169812403640782e-05,0.8023498160633886,0.5876837270187688,0.36514843006895553
98892.0,3.3674015637134365e-05,0.015250467387868597,1.339223191247108e-06,0.004385286891599512,0.9803292324817052,0.9803292324817052,0.10744576361294511,0.06675980650315677
98893.0,0.0734089423535239,0.07047218289265077,0.662337095296421,0.19329844994380949,0.0004833295135937012,0.662337095296421,0.9729029666428219,0.60449860111187
98894.0,3.9581395230365e-08,6.83389894241225e-11,2.9729072671029663e-06,0.042982498370886565,0.9570144890721133,0.9570144890721133,0.17735091364265024,0.11019431832224345
98895.0,0.07629913253879435,0.01761960617124506,0.021643563067333626,0.8843856850190733,5.201320355512581e-05,0.8843856850190733,0.45961714508270074,0.2855761887624355
98898.0,0.06143162090450077,0.0007798374729626385,0.7470026701339533,0.1906959682873223,8.990320126107722e-05,0.7470026701339533,0.7116903839117513,0.44219809811451305
98899.0,0.001014733687965559,1.9862940508330005e-09,0.9987130125030146,3.0902207184071735e-05,0.00024134961554138416,0.9987130125030146,0.010612063348068012,0.006593645685914294
98900.0,4.595600112630667e-06,0.533571887422162,0.012361229625630337,0.4535573818987714,0.0005049054533232161,0.533571887422162,0.7519614796375187,0.4672199367419266
98901.0,4.456694683407967e-25,2.299409082916904e-31,6.526065563749468e-13,3.8470980704297523e-19,0.9999999999993463,0.9999999999993463,1.907001956687235e-11,1.184886935963315e-11
98902.0,1.771810618328992e-05,0.9653202485696392,0.03465901955623512,5.381619037926446e-12,3.0137625612982364e-06,0.9653202485696392,0.15083396014514755,0.09371840875615235
98903.0,0.13568931299713102,0.00012604318179843568,0.8497886460774977,0.013775259271829193,0.0006207384717435836,0.8497886460774977,0.47408318352729273,0.2945644438127429
98904.0,1.2004683612453798e-06,0.9923100747890011,0.0076651437347443245,2.011722538115161e-06,2.156928535593266e-05,0.9923100747890011,0.0452722469125174,0.028129228572755585
98905.0,0.9149180595267602,0.014044418245004164,0.0386661100762827,0.02890863570122884,0.003462776450722537,0.9149180595267602,0.38909498563963646,0.24175830743987664
98906.0,1.3074840482757014e-05,0.9857302245615913,2.8564303915438493e-05,0.014227172144253326,9.64149758705213e-07,0.9857302245615913,0.0751292276582133,0.04668041375053014
98907.0,0.0006107425744168216,0.03502126634298239,0.062603258055675,0.90170465561715,6.007740977755156e-05,0.90170465561715,0.38925576576977694,0.24185820575151595
98909.0,0.0019711194871156633,0.09826798081563294,0.019003403696837853,0.8807194460281034,3.8049972310729625e-05,0.8807194460281034,0.4278316376876854,0.26582674260520955
98910.0,0.0044118725789641855,0.9950374039141446,2.3348306142948165e-05,0.000527082694848165,2.925059009174661e-07,0.9950374039141446,0.03310976998205742,0.020572256765085447
98914.0,0.0016747022100623208,0.003770226851059494,0.9734388999293584,0.003936172810601921,0.01717999819891943,0.9734388999293584,0.1495667048025513,0.09293101874078999
98916.0,0.0011083617168372115,0.9712836731447428,0.027581830421628848,2.2640724097864195e-05,3.4939926922705153e-06,0.9712836731447428,0.1351635948855788,0.083981863383073
98917.0,0.0034410901806019006,3.787008472027884e-05,0.5086508645324403,0.4724902735192316,0.015379901683004623,0.5086508645324403,0.782198303809104,0.48600713190986905
98918.0,0.12709486115872565,0.553007177071392,0.23362609696341677,0.08626741143213632,4.453374328830747e-06,0.553007177071392,1.1409031171428947,0.7088829636288376
98920.0,0.04722138988219329,0.6552076840162627,0.047865072414355544,0.2496244834380526,8.13702491358565e-05,0.6552076840162627,0.9138604593749553,0.5678134287223546
98921.0,0.9948139987329112,5.003678171610491e-08,9.237930666568758e-06,0.0020580799214603195,0.003118633378182013,0.9948139987329112,0.03600734315050265,0.02237262020008305
98922.0,0.0006623979293603414,1.2013270776650767e-05,0.9986141381794906,8.444788133799616e-06,0.0007030058322394985,0.9986141381794906,0.011572098712049677,0.007190149195968755
98923.0,0.9530795463250352,4.588464136753629e-05,0.046564315439655744,0.000134672419385794,0.0001755811745540164,0.9530795463250352,0.19178809628762483,0.11916464425618391
98924.0,1.9773234719999505e-05,0.041507008187003314,0.9312062840469679,0.004811594838931063,0.02245533969237907,0.9312062840469679,0.309579975129876,0.19235285358828777
98925.0,0.93959360019441,0.0031996993440747096,0.0051015867106634655,0.051544543290906505,0.0005605704599462422,0.93959360019441,0.26089480304252655,0.16210305537537106
98926.0,0.0023992513946433547,0.0485002495660379,0.9481775149427095,0.0009146862202837647,8.297876325856431e-06,0.9481775149427095,0.21819747317088264,0.13557371271370303
98928.0,0.9159315818012085,3.408362919502464e-08,0.07919450578260472,2.6931384005050726e-05,0.004846946948551268,0.9159315818012085,0.30737182874094665,0.1909808550962243
98929.0,0.0022970245746392337,1.7869753315254236e-05,0.10537036615582467,0.8922775850585519,3.7154457668083875e-05,0.8922775850585519,0.3533435886531504,0.21954471553286362
98931.0,0.13074239863968792,0.06653595001918595,0.8026185394045703,6.896117322154619e-05,3.4150763334165804e-05,0.8026185394045703,0.623800477612905,0.38758902893586894
98932.0,0.14443158050690255,0.00013064176207237642,0.0002772229478887456,0.8550284351533076,0.00013211962983028882,0.8550284351533076,0.41800187216040147,0.2597191658845783
98933.0,0.010296426510214894,0.9326669799111178,0.05689506722505055,0.0001387875595859402,2.738794030780222e-06,0.9326669799111178,0.2764897393562089,0.1717927341092942
98934.0,5.004940496633821e-54,2.246786531246264e-112,2.836556215128464e-17,1.4141604864304745e-67,1.0,1.0,1.421519084682928e-13,8.832394674567064e-14
98935.0,0.9110625584079387,0.02003190806980487,0.01722698661259585,0.05163728872391501,4.1258185745173586e-05,0.9110625584079387,0.38660089923356356,0.2402086444259733
98936.0,1.5287364123527785e-05,8.46811441032295e-05,3.5096793851748082e-06,0.012396965464760854,0.9874995563476276,0.9874995563476276,0.06785604499708187,0.042161331277735935
98940.0,0.1195631960999862,4.352075436485122e-05,0.8577907008729936,0.02255726077846476,4.5321494192228076e-05,0.8577907008729936,0.4719430915655932,0.29323472991376875
98941.0,0.002983785492152423,0.0033396978273134014,0.941657379676252,0.05043614052498284,0.0015829964792990164,0.941657379676252,0.2538615249165505,0.15773303397122818
98944.0,0.1756784865771865,0.3033105586177204,0.021546053288877643,0.49944814930561976,1.675221059526716e-05,0.49944814930561976,1.0969824902662189,0.6815935438026012
98945.0,0.016426756872232613,7.16594789277819e-06,0.0018880664903069865,0.9815346273332758,0.00014338335629045666,0.9815346273332758,0.09898497047017167,0.06150282014946923
98948.0,0.04088491048641594,0.0034398994656837526,6.132052273344029e-05,0.9555778836903116,3.598583485510677e-05,0.9555778836903116,0.19460451288041639,0.12091458227555865
98951.0,7.821761511379041e-12,9.578910782673917e-20,6.10306505553542e-10,2.6438405293762213e-11,0.9999999993554312,0.9999999993554312,1.4437485572040283e-08,8.97051415310899e-09
98952.0,8.043379463566573e-05,4.4385190539662057e-10,8.277720412043763e-08,0.9983098210552014,0.001609661929108789,0.9983098210552014,0.012801357839040425,0.007953930835194356
98959.0,0.00030082815526517295,2.1653772434653585e-07,0.15142849263054906,0.8451899552346821,0.0030805074417781285,0.8451899552346821,0.4482547824253442,0.2785163559042843
98960.0,0.20522758186800263,0.02252683942579534,0.042105866943188,0.730115737946798,2.3973816216562626e-05,0.730115737946798,0.7737388886910933,0.48075100177110724
98961.0,0.0006012577933268983,0.3583440456847232,0.6400976983509412,1.3307170699655644e-06,0.0009556674539379251,0.6400976983509412,0.6644464992849751,0.4128438221515932
98964.0,0.00012204940268493413,4.059854246574588e-09,0.9420805083274453,0.021901643274620502,0.035895794935393965,0.9420805083274453,0.2604292581209418,0.16181379605198365
98965.0,0.992833451925861,1.1647953649302619e-05,0.005525880644424425,0.0004768004347150537,0.0011522190413503352,0.992833451925861,0.04744114328093953,0.02947683965589573
98966.0,9.254181368718814e-16,1.2514195122204726e-36,7.669205419628054e-11,2.0717216703645057e-21,0.999999999923304,0.999999999923304,1.863050448334175e-09,1.1575783283969701e-09
98968.0,0.002959078991357602,0.00016626804850420368,4.026893195821411e-06,0.9961341360290673,0.0007364900378735722,0.9961341360290673,0.0278983645911235,0.01733422853754591
98971.0,0.6025477599349612,0.27074254408606613,0.04050938902480607,0.07655200578766551,0.009648301166500672,0.6025477599349612,1.0303741199332332,0.6402074363806332
98972.0,0.06019255406229647,0.8372468534403003,0.09655501076183379,0.006002233854533427,3.3478810362334143e-06,0.8372468534403003,0.5743374294045246,0.35685590911419596
98980.0,0.08871430147487604,0.8010002226546552,0.026148731665970516,0.08410984069196195,2.6903512535041612e-05,0.8010002226546552,0.6964257621135135,0.4327136553284277
98981.0,0.000696135641338049,0.9880537749885573,0.0009688576264580841,0.010269909594050587,1.1322149595262297e-05,0.9880537749885573,0.07080885598017896,0.04399601589668547
98982.0,0.0002594790043544484,0.9994527134772762,0.00021547544125441947,1.3274762150139574e-06,7.100460090125093e-05,0.9994527134772762,0.005205052710380034,0.003234081085183309
98985.0,0.0024453721987476216,0.9932224958208236,0.003383977220079835,0.0009480641253281016,9.063502210512587e-08,0.9932224958208236,0.04731134349887775,0.029396190516802524
98988.0,0.978945853890251,0.000611098546076901,0.016096678067575636,0.004213024051669545,0.0001333454444282012,0.978945853890251,0.11605192722616829,0.07210711660858811
98992.0,0.8426785183093315,0.0013717169274818897,0.0017016001387525192,0.15255196678082594,0.001696197843607896,0.8426785183093315,0.4617892233910478,0.2869257768960106
98994.0,0.16507040640185688,0.004153402543393254,0.011691856722352484,0.8190476476876569,3.6686644741168604e-05,0.8190476476876569,0.536014320995828,0.3330444230589576
98995.0,0.0025121531113895743,0.0020994527501275433,0.9887261727129377,0.0065434273520049826,0.00011879407354101737,0.9887261727129377,0.07317721797046267,0.04546756193893187
98996.0,5.9620030176358986e-05,5.937809136461231e-12,0.9978376692708002,2.043060004718349e-06,0.002100667633079515,0.9978376692708002,0.015718379015143495,0.00976637799675736
98997.0,0.04329136253177938,2.8296077719330356e-05,0.899042570002259,0.0062872708162319685,0.051350500572010405,0.899042570002259,0.4162385462589291,0.2586235499009797
98998.0,0.9984868379405027,0.0005573117980352013,0.0009380072611645075,1.4971778648425405e-05,2.8712216474038107e-06,0.9984868379405027,0.012430132047658127,0.0077232752823989965
99001.0,0.1403017325425399,0.15675155236359803,0.638240714082024,0.06455310316546434,0.00015289784637386806,0.638240714082024,1.0308537474565196,0.6405054457164272
99002.0,3.506387027899745e-05,4.954744289824035e-06,0.7046778935479627,0.00798346698190088,0.28729862085556923,0.7046778935479627,0.6439592315157764,0.40011436697291286
99005.0,0.9556054526001322,0.02165374115656022,0.0038436185173427923,0.018890338077663583,6.849648300364236e-06,0.9556054526001322,0.22281867969690822,0.13844502976813758
99007.0,0.013162349678639211,0.868494195998618,0.003948401240192169,0.11439338150310102,1.671579448781869e-06,0.868494195998618,0.44934308031377584,0.27919255340157434
99009.0,1.396984330817183e-06,0.9964064630334197,4.691861555151219e-06,0.003583198461743454,4.249658951667684e-06,0.9964064630334197,0.02389481593942614,0.01484668389803731
99011.0,0.01197981222427932,0.07372886635952937,0.7313294114415491,0.17293641366361592,0.010025496311025806,0.7313294114415491,0.8236872515874314,0.5117856645626632
99012.0,0.028739261755113904,2.325205449410336e-06,0.0034018511154136773,0.9662339006455808,0.0016226612784417034,0.9662339006455808,0.16498708381056612,0.10251223892261929
99014.0,3.012418750883996e-06,0.1524920511281176,0.23061294161674514,0.0001430118660620655,0.616748982970324,0.616748982970324,0.9244705135470963,0.5744058260370758
99016.0,0.029229644922520892,0.016071684882640425,0.038160924457938866,0.9165369962306181,7.495062825340956e-07,0.9165369962306181,0.3741638596725366,0.23248107726420733
99018.0,0.2352296213505027,0.004741097627726016,0.10376664528124517,0.6559722769588335,0.0002903587816933926,0.6559722769588335,0.8798362499758005,0.5466729988018882
99019.0,0.9987516914554863,2.675659048915185e-07,0.0011868394067927322,5.550902967369796e-05,5.692542140690296e-06,0.9987516914554863,0.009859352511458261,0.006125960147507064
99023.0,0.00011358343422106873,0.8110424533355827,0.010233794821348374,0.17859863259380468,1.1535815044381235e-05,0.8110424533355827,0.5255718290174083,0.32655613798890687
99024.0,7.598018653200026e-05,0.9971215499838412,9.564759212129542e-05,0.0027055252654562493,1.2969720504474063e-06,0.9971215499838412,0.020494070245682006,0.012733681794960917
99026.0,4.1453549302798896e-05,4.029563456752134e-13,0.9681891329749678,2.7381309705418017e-05,0.031742032165619875,0.9681891329749678,0.1415190279293241,0.08793071595740648
99028.0,0.8854977836664257,0.0972848725151307,0.017155026196291317,5.243458657318866e-05,9.88303557988358e-06,0.8854977836664257,0.40473970641648443,0.2514789189999629
99029.0,0.0027145434372560727,2.0373072322464853e-05,0.0008485420748969643,0.9959924009831854,0.0004241404323378162,0.9959924009831854,0.029554729001851,0.018363385610292153
99033.0,0.031099231342543013,0.9032170202526627,0.016937652943539685,0.04874301008680638,3.085374449295115e-06,0.9032170202526627,0.41624939861992793,0.2586302928519907
99036.0,0.009058963556493839,0.03862645633758228,0.03202839275671273,0.9202255438614746,6.0643487737588675e-05,0.9202255438614746,0.35560395891709795,0.22094916254289396
99038.0,0.8131733165275938,0.18134675373517176,0.004817654582792885,0.0006614670121712079,8.081422713538994e-07,0.8131733165275938,0.5083529569157879,0.3158574512184562
99042.0,1.276914388507393e-07,0.004668231287733737,0.8112828163097962,3.4665081454853873e-07,0.18404847806021551,0.8112828163097962,0.5062443562903401,0.31454730398683134
99044.0,8.146299096684577e-05,1.4508045967574813e-08,0.9956230321845059,3.0898921187422905e-16,0.004295490316479686,0.9956230321845059,0.028545876785286677,0.01773655048433284
99047.0,8.043988864787961e-08,3.3498531310871186e-18,0.09576671223321691,1.1978283162920138e-06,0.9042320094985772,0.9042320094985772,0.31569944962274266,0.19615509687185229
99057.0,8.953918584937717e-07,0.35318403521858527,0.0011867421839419207,0.643112354792689,0.002515972412926913,0.643112354792689,0.6745401245034349,0.4191153441161742
99058.0,0.0027685325552227096,5.173204677056697e-06,0.9869319226632093,0.005758481286158024,0.004535890290734262,0.9869319226632093,0.08352179875171001,0.05189501136169481
99062.0,0.0005349480703215056,0.13622774926403525,4.0296359861355555e-07,0.6481379433709286,0.2150989563311153,0.6481379433709286,0.8871954533965059,0.5512455289777031
99063.0,0.07908395687021505,0.0007011132158227872,0.7169475615148353,0.20319612086736585,7.124753176027987e-05,0.7169475615148353,0.7688040005412102,0.4776847833654406
99064.0,6.027073333680707e-06,1.824814966540151e-05,0.03941572574918834,0.9589904842838622,0.0015695147439505443,0.9589904842838622,0.17801709559590348,0.11060824044257285
99067.0,0.0009746720752144013,0.9545578368731469,0.000263659774916503,0.044197683982079704,6.14729464204069e-06,0.9545578368731469,0.19125424894790077,0.11883294625429164
99068.0,1.1504026387329823e-10,6.90393817826144e-21,0.041897271055215575,8.108848053384295e-12,0.9581027288216358,0.9581027288216358,0.1739276037193589,0.10806729627507795
99069.0,0.00037091859647491365,2.975984670449209e-10,0.9882699872315888,5.585616266469472e-06,0.011353508258072739,0.9882699872315888,0.06550219780824516,0.04069880378869676
99070.0,0.0006784129861495808,0.0006094783513922242,0.9935772686604951,0.002055227565517237,0.0030796124364461876,0.9935772686604951,0.0463892075514371,0.028823235238244423
99074.0,0.00035006871902016213,0.966831191964639,0.03074981729901604,5.5655836452497695e-11,0.002068921961668711,0.966831191964639,0.1552525169683668,0.09646381247075522
99081.0,0.026193553424350008,3.0493302209308377e-05,0.9723915491028081,0.00017311598064770456,0.001211288189983234,0.9723915491028081,0.13257865949282652,0.08237575271997642
99083.0,0.0025499241820741946,3.8873817466021826e-07,0.9921510336458057,0.0033460897667607443,0.00195256366718607,0.9921510336458057,0.05430505579574429,0.03374162828910485
99084.0,0.0010488794934391847,7.005040955978088e-13,0.9743814334680266,5.216029557908166e-07,0.02456916543487718,0.9743814334680266,0.12355025605054716,0.07676609025799001
99089.0,0.004293599879575604,0.9951945022973019,0.0001716986570867947,0.00034016816996111627,3.099607316674909e-08,0.9951945022973019,0.032402486733579657,0.020132796974177407
99095.0,0.0003380765628608724,0.9749322238832496,0.0247266963265696,1.8209196472668793e-09,3.001406401168489e-06,0.9749322238832496,0.11897671917938867,0.07392439202544278
99098.0,0.1541882322537435,0.005850618710042851,0.12539639787622367,0.7145432844075907,2.1466752399808483e-05,0.7145432844075907,0.8191012171829686,0.5089362011760782
99099.0,0.9819958813360935,0.00506926999213866,0.012772622769717221,0.00010063883246211082,6.158706958697261e-05,0.9819958813360935,0.10184768274869652,0.06328152329570946
99100.0,0.005720723019488059,2.496768446464572e-13,0.9661459958023769,6.756858227454384e-05,0.028065712595609655,0.9661459958023769,0.16374765706592714,0.1017421397873476
99101.0,1.7472798476115572e-06,4.579462774807818e-21,0.9928414811167727,4.6586421027265525e-09,0.007156766944739279,0.9928414811167727,0.04250834898391142,0.026411922234155744
99102.0,0.6114477166814465,0.25287691227389786,0.014075939987058918,0.12151028563964673,8.91454179512557e-05,0.6114477166814465,0.9654105302602098,0.5998432886423877
99103.0,9.208841229380403e-07,2.2122713638628554e-08,1.1046494053695875e-07,0.9999516821123354,4.7264415887180515e-05,0.9999516821123354,0.0005340164455578918,0.0003318030732544692
99104.0,6.329512806324571e-05,0.04638680170213771,0.9425320801601039,4.859861504774168e-07,0.011017337023544313,0.9425320801601039,0.24851416741587465,0.1544105339484789
99105.0,0.07909048199044719,0.22857364415000547,0.03325806584043873,0.6590709365085301,6.871510580070524e-06,0.6590709365085301,0.9260732204401916,0.5754016438196154
99108.0,0.0009493749953152567,0.8804810343253923,0.035901004706347356,2.9045942751150303e-07,0.0826682955135169,0.8804810343253923,0.4442130947282253,0.2760051141434845
99110.0,0.004438421768166708,0.9928856898188771,0.001621094505915176,0.0010529672870058602,1.8266200338262753e-06,0.9928856898188771,0.04879230026398019,0.030316360691533064
99111.0,4.5764835578374324e-12,2.6906905525492954e-05,5.439640632525976e-08,2.8829817782818826e-32,0.9999730386934886,0.9999730386934886,0.00031101574949704124,0.00019324495036075276
99114.0,0.05121943364494748,0.7113095979409896,0.0020173126863919427,0.23541910374250574,3.455198516635731e-05,0.7113095979409896,0.7478930903240507,0.4646921043340799
99116.0,0.12116662335801294,0.752131795132796,0.12492476884661956,0.00177127226614669,5.540396423626046e-06,0.752131795132796,0.7411118116828675,0.4604786590133299
99121.0,0.4612794623636795,0.5265598042208925,0.009882036816846945,0.0017256596730024995,0.0005530369255781358,0.5265598042208925,0.7553983767355258,0.46935540097540496
99125.0,0.004500110487475998,0.9900334406443472,0.0010251536558588768,0.004440778664609266,5.165477088328314e-07,0.9900334406443472,0.06535265255844394,0.04060588610069782
99127.0,0.2917411609889115,0.019325841252381844,0.6656814489627786,0.02313603367127813,0.00011551512465045097,0.6656814489627786,0.7947394130145415,0.4937993611773345
99128.0,0.008041739784031854,0.8662884095441244,0.0016140173613162622,0.12405033300829901,5.500302227734285e-06,0.8662884095441244,0.4324756139604454,0.2687122072987413
99131.0,4.8257343200633615e-11,6.177312511643594e-20,9.685138703630073e-12,7.564300100071252e-25,0.9999999999420552,0.9999999999420552,1.4499605335419904e-09,9.009111332223324e-10
99133.0,0.026018719572233232,0.0011258119476127504,0.046336900012084056,0.9264010124322337,0.00011755603583744333,0.9264010124322337,0.31680789708381657,0.19684381400254142
99134.0,0.05047731046411326,0.05744534062281627,0.2776544613082177,0.6138967398901467,0.0005261477147070169,0.6138967398901467,0.974144152645464,0.6052697933355978
99136.0,0.0016463787050706184,3.2889736882439493e-06,0.9217771208160171,0.010082812752349894,0.06649039875287512,0.9217771208160171,0.31225916549786586,0.1940175281602555
99138.0,0.31896406701936153,0.0023437654473621554,0.6765727223139888,0.0018269294427644856,0.00029251577652444303,0.6765727223139888,0.6569132288314008,0.40816313804730175
99140.0,0.0710368559402568,0.1906605855125131,0.03182701557035927,0.7064708625896468,4.6803872256494446e-06,0.7064708625896468,0.8590941609763797,0.5337852142908035
99151.0,0.00388552388361939,0.9878568992435336,0.0001487097886545645,0.008108373773853525,4.933103402757501e-07,0.9878568992435336,0.07399415113486515,0.04597515105317547
99152.0,0.0016711789646607809,4.7416473492217575e-18,0.01216042097180069,1.1500907262913228e-10,0.9861683999485286,0.9861683999485286,0.07804361059094261,0.04849122167931916
99153.0,0.0004157344946742404,0.02146205115069859,0.9755794063914183,7.67692256154478e-12,0.002542807955532675,0.9755794063914183,0.12499441437133779,0.07766339627373217
99154.0,0.04933900885350717,0.004692496144484053,0.0051674268893557454,0.9407974416149559,3.6264976978914572e-06,0.9407974416149559,0.258291585712237,0.16048558550581113
99155.0,0.00015921974506741046,0.9815418714398023,0.00021793156674243606,0.0180805493092766,4.2793911261996386e-07,0.9815418714398023,0.09407863177748775,0.05845434051892317
99156.0,5.559899925828069e-06,3.3406000626941006e-13,0.9268343346310328,2.950712158650754e-07,0.07315981039749159,0.9268343346310328,0.2618138743532465,0.16267410648807284
99157.0,0.00999435309272928,0.9080802801625254,0.08191712328610004,4.205055523069839e-06,4.038403120679123e-06,0.9080802801625254,0.33865342663915377,0.21041720467922692
99159.0,3.358432757931226e-10,7.91258384749165e-09,0.012994649819367139,5.920970857000064e-19,0.9870053419322043,0.9870053419322043,0.06934860558550698,0.04308871131327131
99160.0,0.20686737871518038,0.7849416888037893,0.0034626839837360755,0.004727965466527652,2.8303076469400827e-07,0.7849416888037893,0.5609642100102747,0.3485466607170184
99167.0,0.4072707752164251,0.21783633986041476,0.3745880787621124,7.905769987382932e-09,0.0003047982552765781,0.4072707752164251,1.0681133989089964,0.6636561688133659
99168.0,1.0907740831933758e-12,0.8862557183719502,2.5466455904276096e-08,1.100288342003649e-06,0.11374315587216138,0.8862557183719502,0.35428697825704314,0.2201308764506625
99169.0,0.012782073405953295,0.25243091907280196,0.7310130547963787,0.0034328170936427454,0.0003411356312216391,0.7310130547963787,0.654473371881911,0.4066471696892557
99171.0,0.011273469531559038,0.16979012295180923,0.021138498475111338,0.7977587573425992,3.9151698920351375e-05,0.7977587573425992,0.6138095696574666,0.3813813287951855
99172.0,1.243200857994921e-10,5.103077601548775e-09,2.562811927059802e-10,1.966833424854441e-06,0.9999980276828974,0.9999980276828974,2.7920638731215638e-05,1.734806823892243e-05
99174.0,0.30780333666262205,0.006432295198876035,0.6340724476048984,0.05158389312584154,0.0001080274077625889,0.6340724476048984,0.8379307942165974,0.5206356751900532
99175.0,1.1653431036889471e-07,0.02281524712362163,0.000785249968645229,0.9762052463884701,0.00019413998495125846,0.9762052463884701,0.11703377602727805,0.07271717356917308
99176.0,6.374661283444647e-05,6.808770800812191e-11,0.9942035626399828,3.270201855772108e-07,0.005732363658908793,0.9942035626399828,0.035988645620153255,0.022361002771286984
99178.0,4.153784808467875e-61,7.964902080169114e-68,2.7803046409393396e-19,1.9451326886638134e-48,1.0,1.0,1.421519084682928e-13,8.832394674567064e-14
99179.0,5.442955811541288e-06,6.771848192591473e-07,0.9966656118797074,1.162078030105205e-05,0.00331664719936159,0.9966656118797074,0.022470539672289593,0.013961731296801217
99182.0,0.43546778066111175,0.36526067842532195,0.09748296563688973,0.10175628968410765,3.228559256980317e-05,0.43546778066111175,1.1897021397132075,0.7392035011241359
99183.0,0.0005311765456284718,0.00013422151045709544,0.9904521973555338,1.24554532445771e-08,0.008882392132927125,0.9904521973555338,0.056661933970508074,0.03520603903558668
99186.0,0.010697848296951753,0.18289991398086616,0.026263454006588593,0.7801224734067936,1.6310308800712318e-05,0.7801224734067936,0.6487325647924245,0.4030802056919902
99187.0,0.13422785668637688,0.004694609256967088,0.017455943265685815,0.8435745315697374,4.70592212338482e-05,0.8435745315697374,0.5093578176221023,0.31648180627965566
99190.0,0.004939815054893368,0.9891156500284365,0.00427927035587021,0.001664167585866428,1.096974931969293e-06,0.9891156500284365,0.07105956638478768,0.044151791029526447
99191.0,2.1780042658150634e-05,3.481162502595944e-05,0.9918191525823035,8.540694423043825e-09,0.008124247209318477,0.9918191525823035,0.047839817671892826,0.029724549982509292
99193.0,0.9820677593782134,0.007009474065241271,0.004495257381103376,0.006424307510125738,3.2016653150971422e-06,0.9820677593782134,0.10930486384371006,0.06791493042337887
99194.0,0.09309065733525664,0.8516308184107212,0.05286925618940388,0.0023642665001010524,4.500156451744309e-05,0.8516308184107212,0.5279677559682838,0.32804481110413874
99195.0,0.9920924935259299,5.26217798657441e-09,0.00022266235456840086,0.007677679050891311,7.159806433700986e-06,0.9920924935259299,0.047219622050124456,0.029339200776443683
99197.0,0.020951532608247572,0.8799693400597122,0.009204794505069351,0.08987319366317657,1.1391637926049911e-06,0.8799693400597122,0.45321359596251354,0.2815974399888947
99198.0,0.15804234109721046,0.6723753430303345,0.06141093086267654,0.10811873809182812,5.2646917949980165e-05,0.6723753430303345,0.9708411029497909,0.6032174931690897
99204.0,0.1567121082438263,0.013451800904741547,0.24041962381477142,0.5892762467054128,0.0001402203312485564,0.5892762467054128,1.0039761931195454,0.623805482251341
99207.0,0.01868976243670102,0.6374437047735129,0.34263437332696656,0.00122136428708534,1.079517573323194e-05,0.6374437047735129,0.7367240469684772,0.45775238751165115
99208.0,0.0618351742473434,0.1302776991202383,0.0320530489730243,0.7758264763551824,7.601304211850435e-06,0.7758264763551824,0.7449110234109811,0.46283924198379545
99209.0,7.648785211835726e-09,2.6888347302168305e-19,0.5282400157581995,1.5632478099848168e-13,0.47175997659286034,0.5282400157581995,0.69155147934392,0.4296850931627573
99210.0,6.295060503879341e-05,7.659968365854023e-09,0.030846336145648627,0.0005576501768941458,0.9685330554124509,0.9685330554124509,0.14305975032753962,0.08888802060787623
99212.0,0.007301021707487659,0.9758635274339855,0.009903145285679914,0.006931766957572042,5.386152753181668e-07,0.9758635274339855,0.13993403298734347,0.08694590322885362
99220.0,4.1380883351561624e-11,3.647290046337462e-26,0.03143511931662479,1.5216568580210427e-24,0.9685648806419979,0.9685648806419979,0.13969593193328178,0.08679796272600962
99224.0,0.9986443986241681,0.0011429915432357282,0.00020591704168538503,6.758352216386879e-07,6.016955689477356e-06,0.9986443986241681,0.010927191047386944,0.006789445534348544
99226.0,0.2855848864395422,0.7048967189429122,0.007511526569005594,0.0020058700272089355,9.98021330585305e-07,0.7048967189429122,0.6536195935359055,0.4061166873765119
99227.0,0.8033990551269922,0.0009651747330937703,0.027099361204464493,0.16839804235440087,0.0001383665810499915,0.8033990551269922,0.5815675127863407,0.3613482124990972
99230.0,0.018547292956303415,0.0005124736358822548,0.980732698472019,2.3879135214611034e-07,0.00020729614444409028,0.980732698472019,0.09868097114066737,0.061313934745965505
99231.0,0.31760118954406835,0.6076981683940781,0.07104119160222666,0.003655284295754606,4.16616387282353e-06,0.6076981683940781,0.8753875759953229,0.5439088822453512
99232.0,3.394277105027927e-05,1.0987297460889577e-10,5.9049406856182496e-05,0.9895671081413693,0.010339899570852185,0.9895671081413693,0.0585739384917105,0.03639403423964567
99233.0,0.008667754556540097,0.9815233195649974,0.003500522861081807,0.006308213893947945,1.891234340244679e-07,0.9815233195649974,0.11121531793044678,0.06910196228834058
99234.0,0.013312059864188293,0.05298009510796399,0.1406213936398525,0.7930064338819849,8.001750601130004e-05,0.7930064338819849,0.6736696717666472,0.4185745014219249
99237.0,0.05735122350022561,0.387273673154572,0.046621808851165396,0.5087314489184305,2.184557560684706e-05,0.5087314489184305,1.0182997743044686,0.6327052236295345
99239.0,9.492378635353622e-06,4.806547049241841e-16,0.783977515071046,2.6471616321359113e-08,0.2160129660787029,0.783977515071046,0.5219326291155051,0.32429497595600854
99240.0,7.807321382339855e-07,2.547728617979461e-10,0.9996397858293895,2.314077391307264e-15,0.0003594331836957186,0.9996397858293895,0.003221792578743849,0.0020018122810784526
99241.0,0.08779903717487222,0.15978454262701702,0.7521861425795406,2.0752991296797226e-05,0.00020952462727495688,0.7521861425795406,0.722822369878099,0.4491147898864322
99242.0,0.033241899902101704,9.952885498423968e-06,0.006252255238598318,0.9604879796149246,7.912358876297425e-06,0.9604879796149246,0.18381110965661046,0.1142082637898197
99246.0,0.772441261241896,0.06302269179724472,0.13584688443407034,0.02867262387845924,1.6538648331472733e-05,0.772441261241896,0.746858006762757,0.4640489707572598
99247.0,0.3178596324589634,0.008746365045791,0.12993318672531493,0.5432711821849282,0.0001896335850018978,0.5432711821849282,1.0040229349858933,0.6238345246058095
99251.0,0.0018606443905802485,0.031807398099961484,0.02686217897833614,0.9394538253340771,1.5953197044981678e-05,0.9394538253340771,0.2773840459855022,0.17234839806028238
99255.0,0.8489679686567836,2.8362842827271205e-22,0.00024195902680692713,6.442630441763626e-22,0.1507900723164099,0.8489679686567836,0.426294210766328,0.2648714855496378
99256.0,0.0036566512492672482,2.819030500868528e-05,0.5523693583240331,0.4434068868122899,0.0005389133094022235,0.5523693583240331,0.7133301775226076,0.4432169591704057
99258.0,0.06846258653427771,0.03196200557007363,0.06216501314463617,0.8370369550638919,0.00037343968711915366,0.8370369550638919,0.6181696506489117,0.3840903994326797
99260.0,0.9982503526950749,6.6791851411053e-05,0.00166016823157604,2.358519057904194e-06,2.0328702880932554e-05,0.9982503526950749,0.013266894194407545,0.008243184836091506
99262.0,0.16163721679212076,0.009578726968030226,0.0924612087833682,0.7361957094297187,0.0001271380267639201,0.7361957094297187,0.7858459756138835,0.4882735578319866
99263.0,0.09983674303887959,0.6686054155159687,0.13524705526633107,0.09630444209731752,6.344081502553479e-06,0.6686054155159687,0.99523414526016,0.6183737425167127
99265.0,0.9375983575923621,0.06104038818244753,0.0010587924710951109,0.00013233489755358426,0.00017012685654131947,0.9375983575923621,0.24100686481467856,0.14974598457804553
99270.0,0.10736057731645707,0.029728351455256936,0.8473960318280691,0.015473723737115986,4.13156630999975e-05,0.8473960318280691,0.54933528197128,0.3413212014749112
99271.0,1.118306567491867e-07,0.0015541635854142725,0.9983746689251679,1.0158667490126174e-13,7.10556586592078e-05,0.9983746689251679,0.012355019183843702,0.007676605036076276
99274.0,0.19648465016521782,0.011153318167852413,0.7865959772083146,0.004828040440936996,0.0009380140176785264,0.7865959772083146,0.5909636114982525,0.3671863368773786
99277.0,0.04849194271442978,0.0003949953806865371,0.9320988198870296,0.00043644199273282447,0.01857780002511903,0.9320988198870296,0.29281512658794157,0.18193626751658312
99278.0,0.06175145753791648,0.3907949683525886,0.018018105599536562,0.5284839233557528,0.0009515451542054439,0.5284839233557528,0.9551602330026214,0.5934744208666274
99279.0,0.834045879617936,0.16390923317615194,0.0012894143251323414,0.000753236490417608,2.236390361153465e-06,0.834045879617936,0.46179703357034363,0.28693062963325233
99280.0,1.6345265349085898e-05,5.831059817783686e-06,3.263022095603405e-09,0.9997900922340733,0.00018772817773803256,0.9997900922340733,0.00207118230942565,0.0012868979246880119
99282.0,0.5770247772691643,0.00017210497066441068,0.011897545068477176,0.4101291617804566,0.0007764109112386151,0.5770247772691643,0.7426043692760905,0.4614060371878415
99283.0,0.1591367436882293,0.04981172188962058,0.741152597861163,0.049840309827924964,5.862673306381824e-05,0.741152597861163,0.8139527399826939,0.5057372724317639
99284.0,0.018993817630408076,0.8433953607583538,0.001587921329177676,0.13602273334096282,1.6694109626527747e-07,0.8433953607583538,0.5005248673844118,0.3109935857217519
99285.0,0.0021146325546748455,0.030641710634049527,0.000347956476068219,0.9668250703958687,7.062993933721709e-05,0.9668250703958687,0.15588662936367406,0.09685780865439689
99287.0,0.6020920665888576,2.100059509567374e-06,0.19005617620598989,0.20751588883326075,0.0003337683123830591,0.6020920665888576,0.9500722410777905,0.5903130737369727
99289.0,0.0007433853816228617,1.3610736971527776e-06,0.9496788952277053,8.762792082608259e-08,0.04957627068905372,0.9496788952277053,0.20334774912073475,0.1263470603927761
99290.0,0.035282189161945615,0.0003333568210330075,0.20690605934218137,0.7574544100685067,2.3984606333442916e-05,0.7574544100685067,0.6573142792171103,0.40841232466246163
99291.0,0.021096000863962006,0.010802811493079888,0.0035680602058205807,0.9644247766542068,0.0001083507829307583,0.9644247766542068,0.18634979881696662,0.11578564005313678
99292.0,0.04117312912014859,0.2111293677626845,0.07403541266561396,0.6736499646091877,1.2125842364990168e-05,0.6736499646091877,0.9186961297398722,0.5708179996520922
99293.0,5.278491676319547e-10,1.669756530552865e-05,0.0697219414678189,0.002020368178058565,0.928240992260966,0.928240992260966,0.2675257268245396,0.16622307996953792
99297.0,0.3861385312012639,0.004506446869905648,0.30074620474134217,0.30840980942494967,0.00019900776253862232,0.3861385312012639,1.1176080851291934,0.6944089464370405
99299.0,0.039011319234833745,0.022802961934950593,0.9275336188734326,0.0002678347982630858,0.01038426515852057,0.9275336188734326,0.33217146652169,0.20638973641382455
99303.0,1.70285208749037e-08,3.320769229627348e-14,0.9073235693792312,4.14342590797504e-08,0.09267637215795654,0.9073235693792312,0.30868768781444567,0.1917984443075465
99304.0,0.04268486166568478,0.008253134921694017,0.01840840862231084,0.930631936591629,2.1658198681964437e-05,0.930631936591629,0.3148935743001417,0.19565437838102082
99305.0,0.020464319197606416,0.002777373971163073,0.04381062338181809,0.9329334108719461,1.4272577466333716e-05,0.9329334108719461,0.29789469547155656,0.1850923811164751
99308.0,0.041807959119445424,0.8443660229871784,0.10560198844817156,0.0018030061882249584,0.006421023256980361,0.8443660229871784,0.5567750550876861,0.3459437924173317
99309.0,0.0016116270093440893,0.001327602112038652,0.9962597052093894,8.617902520683738e-05,0.0007148866440211075,0.9962597052093894,0.028876175520293722,0.017941776627233567
99311.0,1.5985866883748936e-08,7.308199810579443e-07,2.0472055246538143e-06,0.9994446070438279,0.0005525989447977827,0.9994446070438279,0.004737645210595998,0.002943664476892323
99312.0,0.0002884495536473006,0.3617888172764791,0.030943165889934895,0.606831856989663,0.00014771029027441175,0.606831856989663,0.7821435548881335,0.4859731144926406
99313.0,0.00851272396709635,0.933006548357222,0.05478231427870273,0.0036436870358340567,5.4726361144383635e-05,0.933006548357222,0.2853753696817492,0.17731368664613467
99315.0,0.0018580539552070013,0.9849070194055775,9.944654273471562e-05,0.0003550622412174183,0.012780417855263081,0.9849070194055775,0.08611978312500956,0.05350922981226578
99316.0,4.120345857995731e-05,0.4469923487579992,0.00022203537008145166,0.552645417335443,9.899507789787253e-05,0.552645417335443,0.6908612381408519,0.42925622219001863
99318.0,0.00012347716322422207,0.9965607619715672,0.0028065967965546956,6.446699232822111e-10,0.0005091634239824175,0.9965607619715672,0.02489636514734493,0.015468981409597763
99320.0,5.462348214491749e-05,0.9965650967569614,0.0033778619099309047,7.615021260177567e-08,2.3417007505360524e-06,0.9965650967569614,0.023218501543526206,0.014426466137119101
99321.0,0.0023484404935877018,0.830698294669138,0.008612582418625014,0.15823236656431305,0.00010831585433715932,0.830698294669138,0.5019718414272331,0.3118926412439577
99322.0,0.27321983159120755,0.3341812723375195,0.14084400482585738,0.25169738585796486,5.750538745013881e-05,0.3341812723375195,1.3446371684428389,0.835470047060853
99327.0,0.9244089981264295,4.796334218184819e-08,0.05622116002125352,0.01732723681082214,0.0020425570781526094,0.9244089981264295,0.31741132077610457,0.1972187422229009
99329.0,0.0031798059429459864,0.0016222235957426732,0.7116900313775829,0.2831883125934671,0.00031962649026112775,0.7116900313775829,0.6306179240622031,0.3918249465793072
99330.0,5.184080668766929e-05,0.9716788720484643,0.02798035436386727,0.00020702296364955234,8.190981733108091e-05,0.9716788720484643,0.13101946330513906,0.08140696965873404
99332.0,0.012059915776293475,1.1546122535624381e-10,0.9872395620108962,0.00027270638625696505,0.00042781571109368747,0.9872395620108962,0.0715144158300386,0.0444344048798259
99335.0,1.1580486711243906e-07,2.030766596528977e-05,0.1327063080819128,5.118791647703876e-09,0.8672732633284642,0.8672732633284642,0.3917379780377571,0.24340049094860447
99338.0,0.5928481018587972,0.269384688183892,0.10428370952326778,0.03333347452238185,0.00015002591165953421,0.5928481018587972,1.0137225187647074,0.6298612148582744
99339.0,0.9973073685799881,3.620699466036354e-08,2.2090694265531184e-05,2.379136535821269e-09,0.002670502139614582,0.9973073685799881,0.01875052111134256,0.01165035380767465
99340.0,0.1967820870842216,0.040620682046037464,0.735484950669753,0.027108960456235173,3.319743751394787e-06,0.735484950669753,0.7738354609874214,0.48081100551252653
99341.0,0.10333017619559477,0.06736361121171931,0.8238788375261328,0.005111741677680715,0.00031563338887290946,0.8238788375261328,0.6053914468630139,0.3761508550195795
99344.0,0.010481411533523735,0.0043614764517563055,0.1268119851679026,0.8583336320126689,1.1494834150081997e-05,0.8583336320126689,0.4646051528727569,0.2886754122562529
99345.0,5.1494586396926925e-05,0.005099607576389144,6.79499598131756e-06,0.9948216092749284,2.0493566304748997e-05,0.9948216092749284,0.03289425720741864,0.0204383511493585
99346.0,0.014218744350816827,0.9468554347678665,0.003806032859385798,0.03511859395084774,1.1940710828076e-06,0.9468554347678665,0.2510151362096014,0.15596447323026474
99348.0,0.00962411330755973,3.1838222174384098e-06,0.9695931151109175,0.014573189040995114,0.00620639871830881,0.9695931151109175,0.16783532541249035,0.10428195093196085
99349.0,0.0034971846134238494,1.1780100634987759e-05,0.00021552645079149735,0.988182837869333,0.008092670965816449,0.988182837869333,0.07246043773115304,0.045022201335846807
99351.0,4.840990594516369e-08,2.934334835687419e-13,0.9918103206599809,4.970513680798507e-06,0.008184660416138148,0.9918103206599809,0.047548900146016905,0.02954379276060693
99353.0,0.9999640526016034,8.070330049949897e-11,3.0012244143946433e-05,2.8464816975996173e-06,3.088591850623139e-06,0.9999640526016034,0.0004240286516804126,0.0002634638145432496
99358.0,0.01621434587409468,0.6894586545010039,0.2866746740743403,0.007630738393001597,2.1587157559233345e-05,0.6894586545010039,0.7188169841308049,0.4466261037952512
99359.0,0.359625422703087,0.009421127644895767,0.5742417416251867,0.05244049211491245,0.0042712159119186206,0.5742417416251867,0.90817019681687,0.5642778698081997
99361.0,0.14627089931122012,0.6498160907724773,0.056676839780712175,0.1472340492262567,2.1209093338122184e-06,0.6498160907724773,1.0060626254564904,0.6251018555508797
99364.0,0.05362913050520448,0.319024267240677,0.008822895536142855,0.6172469987319218,0.0012767079860527485,0.6172469987319218,0.8694384073230192,0.5402124559176613
99366.0,0.9778723174610238,0.0010160885175105978,0.018483695331394902,0.0025480831637922454,7.981552627671537e-05,0.9778723174610238,0.11862099923159378,0.07370337079495809
99370.0,0.75843688877338,0.0024431352511310256,0.2299157985142323,0.008706097691374818,0.0004980797698832938,0.75843688877338,0.6074717748371968,0.377443435465281
99372.0,0.09886727788980619,0.009950919972965816,0.1497258658778101,0.7347542490968039,0.0067016871626124465,0.7347542490968039,0.8189830158499142,0.50886275855854
99374.0,0.021548938927057268,7.538845714855459e-06,0.9195242198283685,0.05735700600284934,0.0015622963960114878,0.9195242198283685,0.333976162280941,0.20751105693529878
99376.0,0.005924058719932566,0.0004046143783368432,0.29882121955840274,0.6943733417223416,0.0004767656209862742,0.6943733417223416,0.6514091734543425,0.4047432761597847
99377.0,1.9760418379060977e-05,1.2441329512819834e-15,0.9516186236477989,1.5411260159101182e-07,0.04836146182122061,0.9516186236477989,0.1938974951573618,0.12047528746487204
99378.0,0.2646143006055444,0.6719783214797349,0.02013229309234295,0.04327463137751768,4.5344485947574247e-07,0.6719783214797349,0.8334533442065447,0.5178536790810631
99385.0,0.005288603401259889,0.8331651800336499,0.15740729362907396,0.004134838341253177,4.084594762003101e-06,0.8331651800336499,0.49357325058749935,0.3066743033541588
99388.0,0.9986799981333495,7.577295846659413e-10,0.001278125214116451,3.5569100804135417e-06,3.8318984724767285e-05,0.9986799981333495,0.010268792313722894,0.006380359400253259
99389.0,0.924317489969889,0.04534068382244081,0.029027497963282613,0.0013035727006501792,1.0755543736278141e-05,0.924317489969889,0.32453255749737103,0.2016434153750925
99390.0,0.01592315131501661,0.9804370092819165,0.003637146679231853,6.636925475552677e-10,2.6920601431472456e-06,0.9804370092819165,0.10575469933254213,0.0657090891891565
99393.0,0.29093092012374855,0.003650610192189816,0.33984898939521735,0.3654663819652886,0.00010309832355724543,0.3654663819652886,1.115295164871949,0.6929718482803638
99394.0,0.012800301987052677,0.9661505133158864,0.020998898708994233,4.799326476968577e-05,2.292723298449672e-06,0.9661505133158864,0.17068917640390033,0.10605514825095146
99396.0,0.7896980638629969,0.15980751455549685,0.0010311361032159258,0.04934210976133109,0.00012117571695863907,0.7896980638629969,0.6361573161463421,0.39526676439740577
99401.0,6.294880098289086e-05,0.9984262453598186,0.0008160753892014565,0.0006938073005080624,9.231494897957886e-07,0.9984262453598186,0.013043654035372717,0.008104477926486523
99402.0,0.6866461761007137,0.005524218908796959,0.2331115031057627,0.0744229468117363,0.0002951550729886448,0.6866461761007137,0.8220684815821062,0.5107798662073374
99404.0,0.0161027909299083,0.9165038398987663,0.0673860716808201,3.496785777532864e-06,3.8007047278118787e-06,0.9165038398987663,0.32824663428281586,0.20395110103152625
99405.0,0.7801661233978037,2.429236862457582e-06,0.00038210032739298053,0.21481550734178423,0.004633839696157891,0.7801661233978037,0.5519984650770202,0.34297593017563655
99407.0,0.9999294745910089,2.920018133552907e-11,5.150960129879062e-05,2.253715260094964e-08,1.89932413408657e-05,0.9999294745910089,0.0007859966413467128,0.0004883671717152344
99410.0,0.9689333474995379,0.01328689567433816,0.014129868079837564,0.003641081121671078,8.80762461683521e-06,0.9689333474995379,0.16872596732036535,0.1048353378635064
99412.0,1.598745049346194e-05,1.7302092766389757e-07,0.9950680846139505,0.0011886125719079595,0.003727142342719418,0.9950680846139505,0.033946859256565154,0.021092369574682263
99415.0,9.873574035833366e-11,6.567011656773605e-17,8.408136709482579e-05,0.016866207409142422,0.983049711125028,0.983049711125028,0.08645014694885383,0.05371449639713492
99416.0,4.168106211217127e-06,4.187363116893241e-06,0.0020093848077947594,0.17087734931334475,0.8271049104095299,0.8271049104095299,0.47149344350287903,0.2929553478641474
99418.0,0.0064585273431971525,0.03217154387797605,0.9610264908244152,0.00011535337787812497,0.00022808457653279447,0.9610264908244152,0.18429187235180594,0.11450697844757768
99419.0,0.035348906004121855,0.01784017153643878,0.00016377352426825815,0.9463629640758875,0.0002841848592831233,0.9463629640758875,0.24590359434335854,0.15278849369930403
99420.0,0.8367840473220777,0.03922978899372535,0.02468159475681402,0.09857163664907088,0.0007329322783126627,0.8367840473220777,0.6011866201618863,0.37353824929639984
99421.0,0.597053779360122,0.0017720619705349273,0.01922400379171309,0.3819018684813025,4.828639632903755e-05,0.597053779360122,0.763217344374915,0.4742135987219485
99422.0,0.021214553424934553,0.522129061408291,0.44675554482137847,0.008115292678099077,0.0017855476672968352,0.522129061408291,0.8313782431285973,0.516564346288592
99424.0,0.5339393964900465,4.0018391405961805e-08,0.44662381844098076,0.000603235477592012,0.018833509572989116,0.5339393964900465,0.7743100648404441,0.48110589346648613
99425.0,0.21091805200420052,0.07757072962734761,0.3808649092900073,0.3148718800694329,0.01577442900901251,0.3808649092900073,1.323532746543393,0.8223571324610425
99427.0,0.93139638083764,0.00035877009726259604,0.03694061357313666,0.03128695760488419,1.7277887077858385e-05,0.93139638083764,0.29947207123736036,0.18607245978469672
99430.0,0.2596675537190967,0.010521024452254085,0.0020291176704060614,0.727682432741804,9.987141643863961e-05,0.727682432741804,0.6428644782977131,0.3994341585538086
99435.0,4.506870405149197e-06,0.9395618185683645,1.83898970985556e-06,0.05968426152159572,0.0007475740499264427,0.9395618185683645,0.23226640303749568,0.14431523033169882
99436.0,0.0001908550054998899,0.0003382238870805656,5.008683516799239e-09,0.988970687816037,0.010500228282700481,0.988970687816037,0.06314866239386349,0.039236470016018196
99437.0,1.2934225307263797e-21,3.0725253199274046e-45,3.4123705564713726e-06,1.314844183046775e-24,0.9999965876294424,0.9999965876294424,4.636763800731562e-05,2.880983332695922e-05
99438.0,0.0013640497661046847,3.753533726632307e-05,0.958420695395024,0.03706380300458481,0.0031139164970201165,0.958420695395024,0.19018679102217573,0.11816969735386613
99440.0,0.1622963849531853,3.426048551951107e-05,0.8335826773898224,0.0037217743713115195,0.0003649028001598061,0.8335826773898224,0.47089799589281056,0.29258537546231184
99441.0,0.029729529956942717,0.11456939254464757,0.8554047427518311,0.00026186011673356134,3.447462984507157e-05,0.8554047427518311,0.48885225396161175,0.3037409832245568
99442.0,0.004925347901186781,0.9949538098289037,1.212952729473347e-05,0.00010870655152768084,6.191086717782421e-09,0.9949538098289037,0.032333155986343204,0.020089719358880275
99443.0,0.01420400550932044,8.15860904413198e-08,0.1276531769167091,0.8578581724958783,0.0002845634920029821,0.8578581724958783,0.4570417787087805,0.2839760236650287
99444.0,0.4104319958105633,0.010447801868490822,0.005965423951442702,0.572966965750644,0.00018781261886001188,0.572966965750644,0.7644302976252364,0.47496724895036085
99446.0,3.8903883861498046e-05,0.9913254372798216,0.008632573252455093,2.4857383028112668e-08,3.060726478138078e-06,0.9913254372798216,0.050094996293457844,0.031125771243759627
99448.0,0.0022865166818810275,0.012958499906461323,0.03401457626221562,0.95071407769938,2.6329450063634735e-05,0.95071407769938,0.2335520455016769,0.1451140449080479
99449.0,0.18013324793834978,0.021719798725400006,0.06520417744867289,0.7316839253896518,0.0012588504979249738,0.7316839253896518,0.8069470438029778,0.5013843886543954
99452.0,0.15626819782255758,1.412239548884552e-05,0.12305932920747922,0.0007213239739396509,0.7199370266005362,0.7199370266005362,0.7898236407145882,0.490745020117033
99453.0,0.5991285325258886,0.05277890887891005,0.3013746141523116,0.04666479155511701,5.315288777188139e-05,0.5991285325258886,0.9671866458263487,0.6009468512914449
99454.0,6.208716476298823e-61,1.603388037008327e-61,1.2103009162038424e-27,5.788867669466438e-51,1.0,1.0,1.421519084682928e-13,8.832394674567064e-14
99456.0,0.011294978533789642,0.005097421965120202,4.5171690844304626e-05,0.9831820123389021,0.0003804154713434341,0.9831820123389021,0.09767246311246261,0.06068731347625806
99457.0,0.04345433472168236,0.012619111450641807,0.8510931629334865,0.09273291178505431,0.0001004791091354324,0.8510931629334865,0.5501240070541936,0.34181126392268885
99459.0,0.34608562789163677,0.002280744933361652,2.3405402926203907e-05,0.00796987695654823,0.6436403448155255,0.6436403448155255,0.703453498953114,0.4370802337377631
99460.0,0.03598136594191134,0.013971139433073184,0.015766546613097086,0.934163699950006,0.00011724806191402191,0.934163699950006,0.30940677475967554,0.19224523814760355
99461.0,1.9949852314914473e-17,0.009295187713195497,1.7736553490179571e-10,0.9893177986983989,0.0013870134110387405,0.9893177986983989,0.06323762078347844,0.039291742971208125
99463.0,0.12367947460460373,0.8435419454132905,0.023906052119746776,0.008762817064020326,0.00010971079833891313,0.8435419454132905,0.5337908115054755,0.3316628789352767
99464.0,0.05293895856948446,0.9315137104585137,0.014601480606169021,0.0009430887272846857,2.7616385479754873e-06,0.9315137104585137,0.2899732359796181,0.18017050160143488
99465.0,0.023404438980781546,1.7467648960287778e-05,0.03678461467772902,0.9397910231164335,2.4555760945567363e-06,0.9397910231164335,0.2679493115869167,0.16648626798014993
99466.0,0.9999765724821855,3.28973960518283e-06,1.789323547015861e-05,7.911790855059846e-09,2.236630949415256e-06,0.9999765724821855,0.0002897991242907082,0.00018006231992659998
99469.0,0.010623007867683418,0.0088838977222744,0.015105019754295417,0.9651372301140352,0.0002508445417128762,0.9651372301140352,0.18990074677848473,0.11799196807243123
99470.0,0.9998228531509619,2.9263777422229676e-12,5.3695977344708405e-08,3.65085171750427e-11,0.0001770931136248202,0.9998228531509619,0.0017079091497157121,0.0010611836197723743
99474.0,0.004723114317037065,7.922382079195563e-09,0.991904926056823,0.00023404333412109908,0.003137908369636306,0.991904926056823,0.053400131006251364,0.03317936690424389
99475.0,0.0004257531233369303,0.0006438691575120938,0.06516378395563521,0.05013524489493627,0.8836313488685799,0.8836313488685799,0.44536340664807605,0.27671984312492814
99477.0,0.02202838039939457,0.03588277735574263,0.02602616547972624,0.9160475302519238,1.5146513212842824e-05,0.9160475302519238,0.37890148741126395,0.2354247308852173
99479.0,0.003735312903550162,1.283881568629287e-19,0.0012224710599730072,7.918439699403884e-10,0.9950422152446338,0.9950422152446338,0.03402457319255382,0.021140655958014152
99481.0,0.007695147204821228,0.9909594900919569,6.623887994362128e-06,0.001327834645160048,1.0904170066030642e-05,0.9909594900919569,0.055452508521664744,0.034454580753474885
99483.0,6.601320893873963e-05,1.963913303790396e-05,0.99179028584057,0.00013586775087650566,0.007988194066575522,0.99179028584057,0.04881523845887255,0.030330612993355422
99484.0,0.11691386479126248,2.8904655009965964e-05,0.00841909314616696,0.8741612923357047,0.00047684507185684756,0.8741612923357047,0.41266989072799637,0.2564062195502018
99486.0,0.3463671611543447,0.2821100459174196,0.17484461944630814,0.19604133468376353,0.0006368387981658904,0.3463671611543447,1.3532624497713612,0.8408292356706687
99488.0,0.02449651747254871,0.8082976530430969,0.06128980309098317,0.10587885867738443,3.716771598716469e-05,0.8082976530430969,0.6721445924514808,0.4176269163654378
99489.0,0.000881974081870723,0.011887674102214134,0.0020722772078576907,0.9850736355900908,8.443901796768108e-05,0.9850736355900908,0.08730363711975803,0.054244799656620955
99492.0,0.00039182688333275195,2.106013424613615e-07,0.9965396826644349,3.989909014598411e-06,0.0030642899418751976,0.9965396826644349,0.024316847780068474,0.015108907024124887
99494.0,0.628598099383044,0.30193004513469296,0.04355623040752659,0.025909343303968074,6.281770766920976e-06,0.628598099383044,0.8846325452457403,0.549653104609565
99495.0,0.0788051474303404,0.8832742452312692,0.034933922751616324,0.0029859739603545353,7.106264183622738e-07,0.8832742452312692,0.4444066517163409,0.2761253778620289
99496.0,0.005679416505707301,0.013636133706792036,0.09933800499741187,0.8813059344210747,4.0510369013381365e-05,0.8813059344210747,0.4290924999299801,0.2666101603640144
99497.0,0.014236526311610017,0.00018761480595613395,0.06320241022392176,0.9222027090613786,0.00017073959713469856,0.9222027090613786,0.3128414409472463,0.19437931623849194
99498.0,0.0023807076921016947,0.0029043742504198987,0.012024777799012057,0.9826373505066648,5.278975180209219e-05,0.9826373505066648,0.10223627989507093,0.06352297227822205
99499.0,0.028970722793921683,0.007605618726482467,0.2932733499232717,0.6694081694561203,0.0007421391002030243,0.6694081694561203,0.7734719048347762,0.480585115374214
99500.0,0.07831328599745557,0.05361235298006339,0.1032403508674649,0.7648323896376718,1.6205173436985503e-06,0.7648323896376718,0.7958348368264021,0.49447998625979195
99501.0,0.07217415130920934,0.05351032537551457,0.8675178648335427,0.0017752419717575747,0.005022416509975505,0.8675178648335427,0.507516984162951,0.3153380321427787
99503.0,0.8256705574460288,3.5710696573655475e-09,0.1717425697444638,5.0853105445953535e-09,0.0025868641531283944,0.8256705574460288,0.47614484443662,0.2958454257589238
99506.0,0.0019662503527183104,1.794970719151918e-05,0.9708636228072999,0.012976027401115657,0.014176149731675898,0.9708636228072999,0.15786958840509038,0.0980898903806297
99509.0,0.654187229806487,0.00874818069014253,0.3133320485985547,0.023343764295857366,0.0003887766089587489,0.654187229806487,0.7734534253214291,0.4805736334069978
99510.0,1.125346166205962e-05,0.9899378370892756,0.009945002742929235,1.9933091475012217e-05,8.597361465853251e-05,0.9899378370892756,0.057013453758681325,0.035424450560167714
99511.0,0.23025372725242152,0.017797632062502317,0.023753004572318003,0.7281726187703711,2.3017342387872428e-05,0.7281726187703711,0.7299176258573461,0.45352332029598136
99512.0,0.0008311855543348531,2.7388199025175605e-10,0.9874640549427525,1.7553652712791672e-05,0.011687205576319177,0.9874640549427525,0.07054400004531416,0.04383145165172853
99517.0,2.5821400069658464e-12,4.450707741751032e-16,0.0011319999025827473,9.644514411962374e-17,0.9988680000948328,0.9988680000948328,0.008810585303598925,0.005474324443043516
99518.0,1.210659309237828e-08,4.553890553373214e-11,0.9871366940645953,5.8668413959485825e-05,0.01280462536931377,0.9871366940645953,0.06915398242331701,0.04296778514352822
99521.0,0.014873589934211838,6.056398770247935e-07,0.9835963947177724,0.00015514890774849716,0.0013742608003886022,0.9835963947177724,0.08928455074905083,0.05547561049684584
99524.0,0.015744008540718002,1.8585477162804145e-07,0.9812162977738444,0.001827939587076321,0.0012115682435892704,0.9812162977738444,0.10362814764004603,0.0643877883324618
99525.0,2.560275431040431e-06,0.8170244026535295,7.394542907614354e-05,0.18286903170834748,3.0059933617549015e-05,0.8170244026535295,0.4768505442692002,0.2962839017182188
99526.0,0.9979278913835667,2.4908977626916733e-05,0.001668555202122572,0.00035614513009242315,2.2499306590448612e-05,0.9979278913835667,0.01607438499927647,0.009987576951611453
99531.0,0.7919100227997943,0.008695880136978452,0.1932554215086802,0.005833354072176242,0.00030532148237189286,0.7919100227997943,0.5761608800063477,0.3579888826745524
99532.0,0.017982412693580075,0.9401881704801953,0.04151223620124652,0.00031616197922516425,1.0186457525433069e-06,0.9401881704801953,0.2648905102179312,0.16458572783172049
99533.0,0.0001481002771213864,0.0005615333922965349,0.9977030081557903,2.850693485406315e-07,0.0015870731054416732,0.9977030081557903,0.018037584239642537,0.011207381223151782
99534.0,0.6801651713685218,6.0716789134307636e-05,0.3090119509153656,0.007442714694702784,0.0033194462322771834,0.6801651713685218,0.681054950430724,0.4231632330573736
99535.0,0.0003022427311865796,9.276628091269267e-05,0.008197584800088862,0.99139670006236,1.0706125451905067e-05,0.99139670006236,0.051380053976872044,0.03192422247538911
99536.0,0.9933468153156738,4.4115560343937476e-05,0.004831359221260915,0.0014969299629968651,0.00028077993972387607,0.9933468153156738,0.04487000457388322,0.027879301355603212
99538.0,0.00886865186163669,0.0218967604943894,0.055664305914385516,0.9134312752425474,0.000139006487041573,0.9134312752425474,0.3703078696398725,0.23008521594959946
99539.0,2.1958558659307446e-05,1.4209620625097872e-05,0.0017813070744719275,0.00552869018843167,0.9926538345578108,0.9926538345578108,0.047726703516580066,0.02965426820622027
99540.0,0.017789724277665772,0.0002519665137288322,0.5641759358071546,0.41013989621052976,0.0076424771909211755,0.5641759358071546,0.7994829410632891,0.49674668086708473
99541.0,0.20167462402811615,0.03960598263878995,0.10789498570995082,0.6507369015681056,8.750605503688993e-05,0.6507369015681056,0.9714252795394955,0.6035804624922251
99543.0,0.5363851668866401,0.007100680592123099,0.279676511260255,0.1767571838893087,8.045737167217719e-05,0.5363851668866401,1.03266369347466,0.641630028407165
99545.0,7.579776965502888e-06,1.9435394418013405e-12,7.729838620534517e-14,0.0683968323678869,0.9315955878531302,0.9315955878531302,0.24956857788153325,0.15506567600615787
99548.0,0.03558312909388852,1.798188419243342e-05,0.8030244105116295,0.1611938222960727,0.00018065621421585405,0.8030244105116295,0.5908168562218359,0.36709515269731
99554.0,0.0013113088196703604,1.0068023275769112e-05,0.9620155648198989,0.03558368891590812,0.0010793694212482168,0.9620155648198989,0.17214842825917667,0.10696183240695557
99563.0,0.004404079591092913,1.1697983366408163e-05,0.06444466280263862,0.9268744272724749,0.0042651323504286414,0.9268744272724749,0.2943901636314065,0.1829148930549134
99564.0,3.703015929615318e-09,4.7883268176653554e-12,0.9865921210061495,5.116681866588304e-06,0.013402758604179284,0.9865921210061495,0.0711766427765944,0.04422453468176815
99568.0,0.002551103820564358,0.9843349570080284,0.012957514909076857,2.3487454313658024e-08,0.0001564007748753054,0.9843349570080284,0.08846028047826662,0.0549634625820887
99573.0,0.0071509288901390015,0.9903776916593114,0.0015693266191503098,0.0009018566362469931,1.9619515260435524e-07,0.9903776916593114,0.061364431021490785,0.03812786473302579
99574.0,0.04573681221050644,0.00015001235168515505,0.9497689230188499,0.004305194926161781,3.905749279577727e-05,0.9497689230188499,0.21521080544986615,0.13371799172071394
99575.0,0.18681337940434237,0.07955038184045525,0.7158300792214592,0.017551840473613453,0.00025431906013129743,0.7158300792214592,0.8271484883627547,0.513936251887954
99577.0,0.03369360175416268,0.9642973881205231,0.0011451128557974375,0.0002063211665783668,0.0006575761029380807,0.9642973881205231,0.16361780949915866,0.10166146095794679
99580.0,0.0030279036358921256,7.869995474032381e-05,0.986632120360324,0.010064243666988434,0.0001970323820563989,0.986632120360324,0.07954753871827834,0.04942566476389966
99583.0,1.391634533487242e-05,0.9954951616801155,2.426495231893371e-08,3.855993693235188e-06,0.00448704171590406,0.9954951616801155,0.028958256566223917,0.017992776448535187
99584.0,0.00045602744628394726,0.002345236141075651,3.3931433999609705e-06,0.9890160568934261,0.008179286375813813,0.9890160568934261,0.06798648063688642,0.04224237549745814
99585.0,0.004280822241277173,1.2694235294487828e-05,0.028210942046807207,0.967108217710133,0.0003873237664889364,0.967108217710133,0.159534705563925,0.09912448584154827
99590.0,0.41448196583453206,0.016065942750282163,0.029619939114983947,0.5396172080703464,0.00021494422985441651,0.5396172080703464,0.8703584447420879,0.5407841073072307
99593.0,0.00235023558836221,0.42871019602928195,0.009665980884876984,0.5592669512623436,6.63623513586416e-06,0.5592669512623436,0.7472598602504997,0.46429865636776896
99596.0,0.025125302387351514,0.1380696250590729,0.04266243950310706,0.7941401292257888,2.5038246803987016e-06,0.7941401292257888,0.6835899162042375,0.42473829585037043
99599.0,0.12291531651875888,0.8656546713598527,0.01136879055270172,3.0674504723616605e-05,3.054706396148034e-05,0.8656546713598527,0.43408283134523457,0.26971082760734233
99600.0,0.15595821407559474,0.5692117700539727,0.07281402863416188,0.2019998879402553,1.6099296015233558e-05,0.5692117700539727,1.1245845180747616,0.6987436479447346
99603.0,0.04328756647448918,0.001998313922284575,0.1152010388804752,0.8391191979866508,0.0003938827361014795,0.8391191979866508,0.547568313853178,0.3402233224548813
99604.0,2.9448413566102625e-07,2.2582722342903064e-05,0.8629168666420278,0.00019404236562118105,0.13686621378587405,0.8629168666420278,0.4013232683374013,0.24935616666966878
99606.0,9.28148132206945e-16,2.565482740307133e-39,4.9280763003327455e-11,5.866505911453452e-33,0.9999999999507168,0.9999999999507168,1.21899166812341e-09,7.57402108342171e-10
99609.0,0.9907286269786895,1.9819611440752582e-10,0.004474666494592796,0.004683398468331397,0.00011330786019056658,0.9907286269786895,0.05958312150323581,0.03702107490007042
99610.0,0.00014008913060308852,1.8709655340588375e-09,0.8265966421512579,2.4434428379496443e-06,0.1732608234043352,0.8265966421512579,0.46240923235982634,0.28731101012805305
99613.0,0.0001132256475156279,0.07176464104226891,0.9224074320778008,0.0003942148784766203,0.0053204863539399565,0.9224074320778008,0.29553334113180385,0.1836251891723128
99615.0,0.039264026696085856,1.5199428536202148e-10,0.9469268980361932,0.00042055796339074934,0.01338851715233756,0.9469268980361932,0.2397731699096452,0.1489794468349601
99616.0,0.999907265603989,2.0725856363693492e-21,6.169790488752822e-15,1.5325586315622402e-09,9.273286344340837e-05,0.999907265603989,0.0009538588782428132,0.0005926658436921031
99618.0,0.01316078689384272,0.9752698540154427,0.0065214207279131525,0.005042082285507575,5.856077293756864e-06,0.9752698540154427,0.14097773006346503,0.08759438868334567
99619.0,0.12321096612250614,0.40192682251725215,0.020632248581612462,0.4538719884899172,0.0003579742887134487,0.4538719884899172,1.0657804508961204,0.6622066267124546
99621.0,0.05491397455612867,0.004061476300879252,0.014198299127757885,0.9267783929226923,4.785709254132028e-05,0.9267783929226923,0.3130805721539721,0.1945278968111741
99622.0,0.679440330209658,0.0004773169393256185,0.2568661394617734,0.06296017879314078,0.00025603459610174287,0.679440330209658,0.791595057526995,0.4918456632662476
99624.0,0.042893569240998124,0.0021250508671191836,0.02688306549690113,0.9280185280300343,7.978636494637423e-05,0.9280185280300343,0.3154460618191645,0.19599765817749787
99625.0,0.00025669670305301137,0.005552270688536197,0.4912779885658631,0.49130522144457167,0.011607822597977146,0.49130522144457167,0.7810226065392244,0.4852766301236265
99628.0,0.029464773816079683,0.9094289362884833,0.050665346316678836,0.010434089368253812,6.85421050551465e-06,0.9094289362884833,0.38898904392193884,0.24169248214964384
99630.0,2.441906481714771e-13,8.69182406552243e-05,2.533165696211781e-10,0.9998396359818935,7.344552388990128e-05,0.9998396359818935,0.0016722149680354081,0.0010390055777338837
99631.0,2.9626048555697712e-05,0.24806099462795492,0.0007779673146360919,0.7509988469199582,0.00013256508889360498,0.7509988469199582,0.567928255626519,0.3528736655442577
99633.0,0.21230285916069547,0.0003807606264505077,0.23340065777949523,0.5537968326158541,0.00011888981750595272,0.5537968326158541,0.9999548342190356,0.621306871482052
99635.0,0.6684359410440067,5.537964782875151e-07,0.33013323935280514,4.804236243662468e-07,0.001429785383084669,0.6684359410440067,0.6445093405600294,0.4004561689399245
99636.0,0.9999837138388176,4.5280282483830794e-09,1.4763816491399408e-05,1.2149009953074812e-07,1.3963265619202236e-06,0.9999837138388176,0.00020135519343746422,0.0001251090159377048
99637.0,3.858481899289132e-05,4.89150499235776e-07,0.00018466252786850383,0.9997743111686356,1.952334003508481e-06,0.9997743111686356,0.002238101578381583,0.0013906106977414848
99641.0,5.995772551907038e-06,0.053320454206082155,0.002366012066502,0.9437675932656177,0.0005399446892449622,0.9437675932656177,0.22936719935900984,0.14251385380385181
99643.0,0.005995497846761754,4.4137199700331924e-08,0.7251832272055435,9.919218104015164e-07,0.2688202388886845,0.7251832272055435,0.6168681775245526,0.3832817487141249
99645.0,0.01779409561609166,1.8153866036708546e-06,0.9655682239444476,5.619173009275704e-06,0.016630245879847367,0.9655682239444476,0.17374077586474454,0.10795121360225723
99647.0,2.4353625142129376e-05,3.2343536185618556e-07,0.9491805225950319,0.0414307284381684,0.009364071906294185,0.9491805225950319,0.22541202175797495,0.14005636378794117
99653.0,0.018224107713731293,0.06441584555679584,0.6742455749348684,0.2430684829000976,4.59888945061474e-05,0.6742455749348684,0.8596609832383205,0.5341374007638334
99655.0,0.9855452407487404,0.000521012321063625,0.013453990837678358,0.0002314851674423025,0.0002482709250761007,0.9855452407487404,0.08025339754212481,0.04986423951002263
99659.0,0.0011331920314010735,0.932403790507134,0.002465515378415962,0.06399596516422976,1.5369188182066774e-06,0.932403790507134,0.26369204575992433,0.16384107999613276
99661.0,0.001424054664400588,0.0031124867083321883,0.9950911489103889,6.193886844944788e-06,0.00036611583003290095,0.9950911489103889,0.03516789020697382,0.021851038760349693
99662.0,0.00458018671709738,4.347497568374424e-08,0.7237984924745918,0.23201375789417777,0.039607519439155664,0.7237984924745918,0.7254766796350169,0.4507640052655477
99665.0,0.4085747212153817,0.24698679365763862,0.3257170904452533,0.01844145692759435,0.0002799377541301628,0.4085747212153817,1.1523937184030462,0.7160224756108644
99668.0,0.016959747403603537,0.5746080168973091,0.31327571188658865,0.09513360873800407,2.291507449502668e-05,0.5746080168973091,0.9751691357905318,0.6059066511709633
99670.0,5.97327099381836e-14,5.152278568029277e-14,0.05226779160319988,1.6245088934459045e-08,0.9477321921515985,0.9477321921515985,0.20513954672141133,0.12746036683773654
99672.0,0.008151597707886805,0.9685530808326965,0.01408814755972696,0.009201636289025155,5.5376106662198e-06,0.9685530808326965,0.17341000579714935,0.10774569460395371
99674.0,0.015561524429904721,0.04882453872139514,0.12083555263966707,0.8147232511741158,5.513303491819636e-05,0.8147232511741158,0.6350563990284738,0.3945827261320195
99675.0,0.9997709380024391,3.6382739280754336e-10,9.329756622390596e-05,3.891752271993189e-12,0.00013576406361903116,0.9997709380024391,0.0023037423341874244,0.0014313955924545507
99676.0,0.01323882790391936,0.9831880225105113,0.0033679448601790308,0.00020504001529630944,1.6471009402492542e-07,0.9831880225105113,0.0948415786487434,0.05892838606324726
99679.0,0.0007286267554603166,0.11017719166663686,0.8881298970133774,0.0003784493861427049,0.0005858351783809038,0.8881298970133774,0.3609852006041328,0.2242927159943572
99680.0,0.027851774778729063,0.015573848433935947,0.8692575325324761,0.08714058603727518,0.0001762582175827627,0.8692575325324761,0.5005176926111663,0.31098912778448695
99682.0,0.019776991519271633,1.7128027140876656e-06,0.9065163958314502,0.07316010910803895,0.0005447907385267661,0.9065163958314502,0.36199917905499435,0.22492273622876813
99684.0,0.008255121181591694,4.621393743555975e-09,0.9913459150219922,0.0003046342321439685,9.43249428781608e-05,0.9913459150219922,0.051556502984126396,0.032033856407764606
99686.0,0.33501726170090956,0.12021015245491125,0.46775593208726124,0.07675774487687016,0.0002589088800483827,0.46775593208726124,1.1756209872716354,0.7304543891933278
99689.0,0.003380103581787651,0.8731253712065978,0.0038628466281443842,0.119623973449789,7.705133681130232e-06,0.8731253712065978,0.4132583791312439,0.2567718679537227
99691.0,0.02258719519393862,0.9760650438288152,0.0013393958910242931,8.418078919623535e-10,8.364244412529361e-06,0.9760650438288152,0.1182187079766334,0.07345341318438338
99694.0,0.5108668405287281,0.11126407679094669,0.02222764556135691,0.3555135100659852,0.00012792705298330306,0.5108668405287281,1.0408646238009427,0.6467255529147737
99695.0,0.9999933121943938,4.3317712883686615e-13,8.378633442835957e-09,3.12795255224117e-13,6.679426226227465e-06,0.9999933121943938,8.643886570032024e-05,5.370748696331556e-05
99698.0,9.524682319893688e-06,2.7658218512088863e-13,0.982768830032064,6.431768972800378e-08,0.017221580967650925,0.982768830032064,0.08714007415142186,0.054143172270393426
99700.0,3.9284922016106995e-06,2.8132530327654093e-05,0.04458391406092904,0.9551881822728617,0.00019584264367993065,0.9551881822728617,0.18448126736402778,0.11462465618510247
99702.0,0.010376221973593147,0.0008860159262511258,0.9484222320977833,0.039065420882657825,0.0012501091197156665,0.9484222320977833,0.23887951989944112,0.14842419086435074
99703.0,0.06576238537996068,0.75279080531717,0.11904008990856127,0.06240334148045604,3.3779138523603026e-06,0.75279080531717,0.8192647519764032,0.5090378110562551
99709.0,0.0003515344495790801,0.9716972752584412,5.260194029615787e-05,0.027898458520971683,1.2983071217968044e-07,0.9716972752584412,0.13106823923593922,0.08143727584850584
99710.0,0.004068331411601879,0.9943075995229402,0.0009631609116374987,0.000659831219905946,1.076933913559046e-06,0.9943075995229402,0.03960691095807501,0.02460915742824391
99711.0,0.11285834223856564,1.4888203822384122e-05,0.8409140139312662,0.0327039915291977,0.013508764097147255,0.8409140139312662,0.5620848450170347,0.3492429503956088
99714.0,0.936545424040233,0.0005376939009486511,0.03982504145804803,0.023084983251089593,6.857349681726658e-06,0.936545424040233,0.2808906421493566,0.17452716875827784
99715.0,0.9999997750577916,9.232444416677718e-12,1.091761286270683e-09,6.147514767047916e-16,2.2384121367241062e-07,0.9999997750577916,3.6752360954412975e-06,2.283552578852142e-06
99716.0,0.0006527823132390152,8.850781274392132e-06,8.027073703355783e-08,0.9960337933018004,0.003304493332950023,0.9960337933018004,0.027727126932535803,0.017227832598153185
99717.0,0.30019983735905303,0.10938396448795779,0.5884142315321768,0.001987583969448889,1.4382651364165662e-05,0.5884142315321768,0.927862366135159,0.5765133025429157
99719.0,0.0068640574859815005,0.6220298431281213,0.37099713480302443,2.0228915823018933e-05,8.873566704976838e-05,0.6220298431281213,0.6984251760080676,0.4339559610297581
99720.0,0.008057403466911304,0.00017331933491069668,0.00218784297624522,0.8271191065597522,0.16246232766217994,0.8271191065597522,0.5059841737926377,0.3143856435116478
99721.0,0.033684552186628414,0.022828490519403482,0.9367982013955972,0.005335328173426601,0.0013534277249448886,0.9367982013955972,0.298523226783635,0.18548290957813404
99724.0,3.033433790782571e-08,3.305048512814623e-15,0.004571530988068235,4.7602551166180405e-08,0.9954283910750388,0.9954283910750388,0.029193455243076455,0.018138913603025865
99726.0,0.004090175214914444,1.855304571348545e-12,0.9914892056156709,5.7686279119401335e-05,0.004362932888440766,0.9914892056156709,0.05524092139955021,0.03432311428280219
99727.0,2.536701280842877e-07,1.3947383284966914e-09,0.9979416838836543,6.903170543622197e-05,0.0019890293460444377,0.9979416838836543,0.01509344465665268,0.009378084448020416
99736.0,0.37236193066753376,0.062311193465900874,0.5563306906924574,0.008920934535158532,7.525063895090625e-05,0.5563306906924574,0.9098476959160825,0.5653201586012327
99740.0,0.011392720308286232,0.7386658910744509,0.009452840077149598,0.24048701837053746,1.5301695759205737e-06,0.7386658910744509,0.6615286737036604,0.41103087518497067
99741.0,0.006562752308208585,0.07203149771891379,0.029838682258656293,0.8915566230577723,1.04446564484618e-05,0.8915566230577723,0.4297267032719204,0.26700421305597644
99742.0,0.0006057324796221435,1.07667425580696e-05,0.05142796953632122,0.9476402937450755,0.00031523749642302997,0.9476402937450755,0.21073320443363375,0.13093590178630912
99743.0,0.0013638118679293522,0.00013014348805234522,0.9906502590340571,0.0001549370892299656,0.007700848520730503,0.9906502590340571,0.058302766859307235,0.03622554583117197
99744.0,0.057271559650309584,0.6423620149348432,0.29038089615033896,0.009891684596923836,9.384466758355025e-05,0.6423620149348432,0.8537102148682453,0.5304399804880333
99745.0,0.0053708746085330845,3.3541021970963246e-05,0.00241894160365794,0.992143766107584,3.2876658254885145e-05,0.992143766107584,0.05115526401345919,0.03178455261818233
99747.0,3.108256899715735e-05,6.699676501705566e-15,0.5577794361272014,7.172809838707156e-08,0.4421894095756981,0.5577794361272014,0.686784828333943,0.42672340636940476
99749.0,0.7260321604825936,0.003978900208300859,0.2694743589846651,5.1881139473419224e-05,0.0004626991849672144,0.7260321604825936,0.61185912371297,0.38016944859189966
99751.0,0.0015167006508799532,0.9416399789234596,0.0008390045890467628,0.05560676229057847,0.00039755354603605836,0.9416399789234596,0.23619699724622517,0.14675744582716013
99758.0,1.7577960864635e-05,1.2693784142401194e-06,0.9989942668034387,4.154986271547645e-06,0.0009827308710122777,0.9989942668034387,0.008071989106947789,0.005015408823531304
99759.0,0.20209856107860227,0.008856391367594136,0.00046618253358022307,0.788540741990204,3.812303001869519e-05,0.788540741990204,0.55631483218868,0.345657839852495
99760.0,0.00417469948614902,4.7759134135289725e-15,0.9928635335213394,1.875329546157358e-05,0.0029430136970461187,0.9928635335213394,0.04733986355353853,0.029413911023098815
99761.0,0.9039890292294509,0.06856293031904953,0.02271332390631658,0.0038987642851930787,0.0008359522599912791,0.9039890292294509,0.3885124014117612,0.24139632750677428
99762.0,0.30226764544111573,0.0040225530028723125,0.36453209914737983,0.3291494234356491,2.827897298301802e-05,0.36453209914737983,1.117759069044441,0.6945027580181404
99763.0,0.19948586883333463,0.07870754965870297,0.42056141095752353,0.30122710163455985,1.8068915877717604e-05,0.42056141095752353,1.247561899812602,0.775153791379128
99765.0,0.3120429525961678,0.005863948219669414,0.680322925032243,0.0017282482470042631,4.1925904915471246e-05,0.680322925032243,0.6670115569289307,0.41443758207494197
99766.0,0.00018701153155583372,0.00034657430162237654,0.5319473424730459,0.4537372386822376,0.013781833011538569,0.5319473424730459,0.7577444684859628,0.47081310973963353
99768.0,0.9170497145613722,0.002364426313994439,0.002816995421332036,0.07773480718118861,3.4056522111101803e-05,0.9170497145613722,0.30917067285849853,0.19209853978828634
99772.0,0.9999996783832066,1.0050414200914114e-11,1.288713355720396e-07,1.0475177454006553e-13,1.9273530371657375e-07,0.9999996783832066,5.346410673007735e-06,3.3219117256420717e-06
99776.0,0.0007694920606943334,7.472408999501432e-09,0.9985808418786924,0.000300758083863497,0.0003489005043391324,0.9985808418786924,0.012151788481407362,0.007550330700877488
99777.0,0.05551460748083044,0.04432511912624066,0.13665185415400896,0.7632947245425953,0.00021369469632415462,0.7632947245425953,0.7785859091979977,0.4837626249405738
99782.0,0.0067681670247071455,0.1770125837714446,0.00751807994764705,0.8023483174435766,0.006352851812623893,0.8023483174435766,0.5859059137133967,0.36404381255520296
99783.0,5.537239930712559e-07,2.010183586396309e-09,1.1611529552023963e-06,0.9997778007524257,0.0002204823604431143,0.9997778007524257,0.002102454279267704,0.001306328292023375
99785.0,0.047304160303695816,9.252145897266458e-07,0.9499049831630635,0.0013824500880470292,0.0014074812306047054,0.9499049831630635,0.21150741022236133,0.13141694288938385
99786.0,0.01763595201849926,1.6388078108563183e-05,0.5404165159742927,0.43902508288685493,0.0029060610422444694,0.5404165159742927,0.7823508620250389,0.48610192165898347
99790.0,4.86351981892771e-05,0.4293584901134012,0.0008456961908715761,0.5697376896142067,9.488883332186137e-06,0.5697376896142067,0.6901056735162894,0.4287867634934605
99792.0,0.0007476454522056387,0.12742423984900828,0.027028794760314494,0.8447881164930087,1.1203445462199003e-05,0.8447881164930087,0.5081202826368681,0.31571288256058994
99793.0,0.002833785933242408,0.9882248906338985,0.0044572673236526845,0.004481708077224994,2.3480319815873336e-06,0.9882248906338985,0.07672346133093018,0.04767096682524041
99795.0,0.9999999419148987,6.880430839170936e-14,4.0499618092500495e-10,5.63756615772193e-17,5.768003598825131e-08,0.9999999419148987,1.0282774307196469e-06,6.389046901253176e-07
99797.0,0.0002930308993254337,2.338741143722499e-10,0.035837087069949244,4.603697256296947e-09,0.9638698771931528,0.9638698771931528,0.1571468831229147,0.09764084834142317
99804.0,0.004042864498600583,0.0016227818805903723,0.03972069302119471,0.9545419246492309,7.173595038425382e-05,0.9545419246492309,0.2059312332367869,0.12795226932695913
99806.0,0.1380445873563928,3.1694652787369324e-05,0.8347360052740811,4.6945692272920756e-08,0.027187665771047306,0.8347360052740811,0.522479889661114,0.3246350080513015
99807.0,3.316602735443947e-05,0.022063455131431074,0.0001362166371657735,0.9776823465153116,8.481568873591568e-05,0.9776823465153116,0.1085627904400937,0.06745385429370447
99811.0,0.6716036611985632,0.304472670212689,0.02363876873271661,0.0002670366036604546,1.7863252371707393e-05,0.6716036611985632,0.7203441428945005,0.4475749808857542
99815.0,0.037024672635032514,5.973663411239217e-11,0.14947225010289522,4.7277992989844365e-07,0.8135026044224064,0.8135026044224064,0.5740520851619244,0.35667861476789303
99816.0,0.7938614984211215,0.0005875319805714129,0.2042538362872337,5.87243733020672e-07,0.0012965460673391707,0.7938614984211215,0.5206939972080301,0.3235253706808341
99817.0,0.0033772981156917703,0.06415198204736809,0.9312803022118928,2.445605533928639e-07,0.0011901730644929517,0.9312803022118928,0.2697329711987762,0.16759451800836128
99819.0,3.6610072480562543e-07,0.04539632782117871,1.0674451123646893e-05,0.9545562310701312,3.640055684200336e-05,0.9545562310701312,0.18527502168397114,0.11511784347354087
99820.0,0.1533858348898372,0.24505537848954198,0.5525216429866956,0.04256668988750216,0.006470453746423489,0.5525216429866956,1.126956261049964,0.7002172947110242
99824.0,0.00542006300916349,0.9902241220972644,0.004306267237190683,2.2802987659742625e-08,4.952485339345599e-05,0.9902241220972644,0.06195844283116223,0.038496945021915634
99825.0,0.03582765900305294,0.002461937765467817,0.136473078401893,0.8252120889437414,2.5235885843482018e-05,0.8252120889437414,0.5646661835000204,0.35084682617301094
99833.0,0.00039946844827295596,0.0024503298633622257,0.9434576895544738,0.04992162687766318,0.0037708852562279124,0.9434576895544738,0.2434423729946557,0.151259250893671
99834.0,0.09410347223056624,0.3455028416668904,0.06330242119235255,0.496982248894787,0.00010901601540484624,0.496982248894787,1.1127742456526322,0.6914055131021997
99838.0,0.6111104286976546,5.427885690652106e-09,0.38152453323098345,6.366312625976815e-05,0.007301369517215556,0.6111104286976546,0.7051233644092624,0.4381177794816824
99839.0,0.16041368933995392,0.003283791229660952,0.8346642443543368,0.0016073691594013042,3.090591664815905e-05,0.8346642443543368,0.473842845867262,0.2944151136284755
99840.0,1.0761002251801409e-05,1.2191485500508516e-13,0.9536132248335754,0.00012023467580050239,0.04625577948824998,0.9536132248335754,0.1886725473275065,0.11722884484693151
99841.0,0.12723357396209278,0.5253004288653406,0.019757652800354287,0.32769414708345457,1.4197288756052509e-05,0.5253004288653406,1.0437936429869148,0.6485454548590136
99842.0,0.09123597088665245,0.006328037958741102,0.005889617600211523,0.8964518748002726,9.449875412213494e-05,0.8964518748002726,0.37959229203143274,0.23585395192868333
99844.0,0.5422165307060555,0.0005816112557303994,0.001661594071769566,0.4552444116825429,0.0002958522839004904,0.5422165307060555,0.7074975417473838,0.43959293880269695
99848.0,0.0033602591639793956,0.8144020771564305,0.0025826952545099386,0.17825938223682994,0.001395586188248571,0.8144020771564305,0.5183131418123234,0.32204606204934677
99851.0,1.6566180584195134e-13,4.049830909788288e-26,0.8974076620011641,3.025121717331591e-14,0.10259233799864079,0.8974076620011641,0.3307418706814037,0.20550147857595358
99854.0,0.0046486223921637865,9.52372835588037e-08,0.055404992179040435,0.9397348151201551,0.00021147507135735132,0.9397348151201551,0.24546252584084674,0.15251444243015955
99855.0,0.7323466581291614,0.0006734263919412284,0.05575107791982742,0.2112173714505651,1.1466108506019899e-05,0.7323466581291614,0.7225359949005182,0.44893685510847753
99856.0,0.24460300702516724,0.42344543840392823,0.32772844955142877,0.003968554724568778,0.0002545502949069049,0.42344543840392823,1.0979639094179432,0.6822033338070134
99857.0,0.0306459431024425,9.891743954984677e-06,0.018244954546725915,0.9431438248829904,0.007955385723885324,0.9431438248829904,0.27363719904334666,0.17002035116067327
99858.0,0.7689661035155311,0.0038935998963012144,0.22549591370208819,0.0011991245331739165,0.0004452583529044755,0.7689661035155311,0.5709843000602539,0.35477249271250366
99861.0,0.013715178011423948,0.9748978715437551,0.005662935687667752,0.005712259574916132,1.1755182237337291e-05,0.9748978715437551,0.14254928629433325,0.08857085147120893
99864.0,0.9939529133383326,1.8602349986630174e-05,0.0017072035480980162,0.0043021924730020445,1.9088290582028204e-05,0.9939529133383326,0.04075970094572316,0.02532542611978025
99866.0,0.976414056451242,1.0895837830250293e-08,0.022873873390193745,0.0006972209788601064,1.4838283864985179e-05,0.976414056451242,0.11495044724122522,0.07142272861422479
99867.0,0.15089486968596866,0.061594383886327604,0.00656814541884431,0.7801391471566136,0.000803453852244016,0.7801391471566136,0.6894725875026808,0.42839340503662443
99868.0,3.170508898941131e-07,1.3886911516884304e-06,0.7379452990419396,1.0347167019530574e-16,0.2620529952160178,0.7379452990419396,0.5752180122811116,0.35740304601819445
99869.0,0.0019591390117668942,0.22948818357317305,0.10281234617542566,0.665714287942568,2.604329706696261e-05,0.665714287942568,0.8550334062709217,0.5312621255316251
99870.0,0.032520864852289014,0.007397086193406001,0.14318779587254532,0.816823036098868,7.12169828931089e-05,0.816823036098868,0.5919571763944638,0.36780367345714676
99871.0,0.6288580805617742,0.0010356035118285227,0.003288819034927638,0.3665310300541482,0.00028646683732133334,0.6288580805617742,0.6878299372433976,0.4273727690452684
99872.0,0.1846747075941977,2.085152917089904e-09,5.283031409060186e-08,2.5679579664978827e-07,0.8153249806945402,0.8153249806945402,0.4784135057608131,0.2972550242943293
99874.0,0.26475320173151834,0.5930171374103045,0.07248026887445054,0.0009361917221932597,0.06881320026153308,0.5930171374103045,1.042633862412845,0.6478248426719204
99876.0,0.042301944228096314,0.002658386066714942,0.7109518622873373,0.23856644125558032,0.005521366162271417,0.7109518622873373,0.7627013472080345,0.47389299165603194
99879.0,0.022408114368030238,0.9771326441444307,0.00025641778101190407,0.00020258661347089167,2.370930552126433e-07,0.9771326441444307,0.11156406796579531,0.06931865286873151
99881.0,1.611789535801131e-11,0.9906800155849141,0.00646500985566052,7.00063555915484e-28,0.0028549745433073437,0.9906800155849141,0.05859521796112249,0.036407255917380234
99883.0,0.00015726190249079,0.0003682241461521594,0.008066889232449645,0.9913565256636662,5.1099055239685405e-05,0.9913565256636662,0.052281981324083425,0.03248462144464622
99884.0,0.13107434646771426,0.016826533965033866,0.8316067468466742,0.020378746213169274,0.00011362650740941189,0.8316067468466742,0.5687913051294707,0.3534099083506959
99886.0,0.010272940471185484,0.015384886005421362,0.9059569026376626,0.06830104184690856,8.422903882247708e-05,0.9059569026376626,0.3848283595890887,0.2391073036219692
99887.0,0.014093183196889245,0.948881260019947,0.03701202469798548,9.148732255521424e-06,4.383352923207611e-06,0.948881260019947,0.2320261988831018,0.14416598309914755
99890.0,0.09872446638197922,2.9607221477907333e-09,0.8530279252668929,0.00036037781434426075,0.047887227576059926,0.8530279252668929,0.5125707891681957,0.31847813774498945
99891.0,0.0027573394319988175,0.9805366936415109,0.00924801952212633,0.007457392540547032,5.548638170314411e-07,0.9805366936415109,0.1153730775817688,0.07168532360920934
99893.0,0.18450769992729937,0.7956392853106778,0.006464940544223084,0.013386871381013937,1.2028367850073356e-06,0.7956392853106778,0.5840729308512045,0.3629049162684738
99894.0,7.461303071020272e-05,1.5449338877553961e-09,1.976088125879423e-05,0.9999047785446944,8.459984033769292e-07,0.9999047785446944,0.001030185895539146,0.0006400904859890504
99895.0,0.1079463194383141,4.24274523707591e-10,0.8735469303404122,0.0002513180865012167,0.01825543171049789,0.8735469303404122,0.4335643599127283,0.26938868319375503
99898.0,0.019279793599051295,6.555109528283664e-06,1.7831358361365627e-07,0.9781377115737335,0.0025757614041016204,0.9781377115737335,0.11318831742343728,0.07032785579920398
99899.0,0.004021060005578289,0.20548672652141267,0.783905427638475,0.006454833882743707,0.00013195195179071978,0.783905427638475,0.57192283599832,0.35535563787816377
99901.0,0.9999907636769277,1.8749606223416337e-06,7.215624965662159e-06,9.478830070040132e-09,1.3625865429693282e-07,0.9999907636769277,0.0001217181017582661,7.562770879069244e-05
99905.0,0.0009400151602029767,0.27376906321986694,0.005882370597754514,0.7193389114166584,6.96396055157496e-05,0.7193389114166584,0.6290550486610038,0.39085387749417827
99907.0,0.026605817738031192,0.0005092107804596534,0.9596104571040275,0.013228128562734552,4.638581474577949e-05,0.9596104571040275,0.19759311487145176,0.12277150509808335
99908.0,0.2647363082103835,0.06751095494064908,0.4852030060613576,0.1795000128722475,0.003049717915362126,0.4852030060613576,1.2106782572205912,0.752236695722901
99909.0,0.018857689536739608,0.3327698652521268,0.008575593335004782,0.6397843346610933,1.2517215034692357e-05,0.6397843346610933,0.7677230792661519,0.4770131692157382
99910.0,0.08737948748310126,0.8783453807851154,0.0264492240220364,0.007825759794466996,1.4791527877949458e-07,0.8783453807851154,0.46095939101565997,0.28641017305135363
99913.0,0.012035340514452757,2.416516394668565e-06,0.9782705567404579,0.009581995557833666,0.00010969067086177295,0.9782705567404579,0.12025398678649388,0.0747180030105186
99914.0,0.8590407479236765,0.00025113443028760895,0.09707005809415699,0.04350136947572076,0.0001366900761568833,0.8590407479236765,0.49659358955223126,0.30855094546715833
99918.0,0.13781040743798528,0.8295412979838936,0.03176742764032888,0.0008805047657529975,3.6217203851005555e-07,0.8295412979838936,0.5439254117013334,0.33795986008475787
99919.0,0.002133033782761895,5.0648373799853945e-06,0.9352826446867176,0.060391681806324385,0.002187574886815394,0.9352826446867176,0.25866931169719026,0.16072027985595355
99920.0,0.4549480350098238,3.7335353264084835e-05,2.1915099703799655e-06,4.2185835303367535e-10,0.545012437705083,0.545012437705083,0.6895070702109534,0.4284148303479124
99922.0,0.024067899746571128,0.035204969531717034,0.36442090488174184,0.5762123392849874,9.388655498178903e-05,0.5762123392849874,0.8939014788560409,0.5554122168677584
99924.0,1.5492116628709965e-05,0.9990491446266119,0.0009345525910358659,5.352683164508554e-07,2.7539740874277395e-07,0.9990491446266119,0.007652788575953008,0.004754944889038307
99925.0,0.0005616423987861217,0.0677856927920488,0.15812309971614824,0.7722129271373949,0.0013166379556219506,0.7722129271373949,0.6866276729655924,0.42662576024889487
99926.0,0.22733396596996558,0.09717257636312789,0.008532868110661816,0.6668254579055353,0.0001351316507085428,0.6668254579055353,0.8753616852197833,0.5438927954020256
99927.0,0.99865771667334,7.868752786706191e-12,1.32651806207511e-06,5.865499315754127e-05,0.001282301807570469,0.99865771667334,0.010469832791767815,0.006505272872523133
99928.0,0.48594399893655915,5.634525531842539e-05,5.316321123756166e-05,0.4990475625492367,0.014898930047646444,0.4990475625492367,0.7612985690262696,0.47302139656626335
99929.0,0.0002029878567622113,1.0342246316248505e-13,5.476135395361558e-07,0.9989528879940609,0.0008435765355345485,0.9989528879940609,0.008751052202291706,0.0054373344474386645
99930.0,0.47194904444117275,0.0014707406196000407,0.3526387748245651,0.17174223863177143,0.002199201482891325,0.47194904444117275,1.0475576182905566,0.6508841442079858
99931.0,0.041220423270951136,0.9532998227476099,0.0009286579663376517,0.004543817271099104,7.2787440029163055e-06,0.9532998227476099,0.20811599357256363,0.12930973724721742
99935.0,0.01872222013111602,0.9733995551379465,0.0018602006952123948,0.006001077367250344,1.6946668472953173e-05,0.9733995551379465,0.14330308261685654,0.08903921145993521
99937.0,0.036865736715949,0.3450748326205776,0.2454597749356716,0.37253435074633606,6.530498146728481e-05,0.37253435074633606,1.202089572012634,0.7469002455612617
99938.0,2.4816095984705393e-10,0.37560040095532327,0.0014853162508011498,5.53396292332184e-22,0.6229142825457146,0.6229142825457146,0.6723257606568509,0.4177394825004657
99939.0,0.0063875380204487684,0.9927821079173893,0.0004793410275248343,0.0003508191412769713,1.938933607165911e-07,0.9927821079173893,0.04592810327955473,0.028536735045649235
99942.0,0.014571827947018381,0.7879336375826904,0.0046856746828426755,0.19277188198666362,3.6977800785285055e-05,0.7879336375826904,0.5922746603324726,0.3680009373189932
99945.0,0.1012722954070097,0.0004787924563861787,0.323620520193751,0.5745283521679656,0.00010003977488810967,0.5745283521679656,0.9199994433102145,0.5716277939040315
99947.0,0.8184936866712397,0.011318818208321898,0.1264754922199387,0.043690266199877766,2.1736700623055435e-05,0.8184936866712397,0.613184318452649,0.38099283837875686
99948.0,2.001506582225812e-06,6.928567502893469e-09,0.9992215636697283,4.618681376837037e-07,0.0007759660269838791,0.9992215636697283,0.0063682686736021964,0.003956827799570647
99949.0,0.3198064447900235,0.4379431152294013,0.005471534566643965,0.23664808539681476,0.00013082001711749015,0.4379431152294013,1.0969061021512103,0.6815460811981612
99950.0,1.6188246038196601e-09,1.386050144827474e-06,0.2800269383520648,0.17582429818662593,0.5441473757923385,0.5441473757923385,0.9932193977838919,0.6171219095253916
99951.0,0.043978994685640684,0.9453649799303742,0.003310920442178489,0.0073360303202383405,9.074621566925715e-06,0.9453649799303742,0.24557559657276717,0.15258469722597792
99952.0,0.23360817280826127,0.012501630865829387,0.309282137950205,0.44443971532529875,0.0001683430504059562,0.44443971532529875,1.1192929867913135,0.6954558347010132
99953.0,0.4694891653742203,0.008717249294210685,0.4532944806930445,0.06840231124929097,9.67933892326857e-05,0.4694891653742203,0.9393527356787876,0.5836526705513719
99954.0,0.009007027551570462,0.01717844629216565,0.8089886950469664,0.16029091581456856,0.004534915294728218,0.8089886950469664,0.6016425273086368,0.3738215203335913
99959.0,0.8872321106989182,7.418662467572509e-05,0.016649686022592834,0.0788908113518924,0.017153205301919234,0.8872321106989182,0.44514388937044236,0.2765834493715949
99961.0,1.4419920947876695e-06,0.02185348869646345,0.9488098816106721,5.886255110211354e-14,0.029335187700710013,0.9488098816106721,0.23695378931742883,0.1472276671791967
99966.0,0.17559082732873962,0.18520952427341753,0.006516753777533764,0.6319343301190233,0.0007485645012866208,0.6319343301190233,0.9459981521157504,0.5877816999383535
99969.0,2.6781779907583455e-12,1.0141739736768895e-13,0.00035445323701660563,4.077674522565628e-10,0.9996455463524357,0.9996455463524357,0.0031705073333036264,0.001969946966458978
99974.0,4.627228745810049e-06,7.44482332981235e-05,1.8602505863406336e-10,0.00306183755347491,0.9968590867984595,0.9968590867984595,0.021624660687042656,0.01343615713285746
99977.0,0.14353848192473798,4.424844350313283e-08,0.8298620237289798,2.6349193369951797e-06,0.02659681517850263,0.8298620237289798,0.5298961181740534,0.32924296990906776
99979.0,0.0881575777811069,0.5222334448677197,0.38235088398833694,0.007147309766139024,0.00011078359669607043,0.5222334448677197,0.9572885947787402,0.5947968463915113
99983.0,0.9997139094399418,3.5803317469469713e-10,0.00022644407951534414,3.8124586906736575e-07,5.926487664145233e-05,0.9997139094399418,0.002769094467877598,0.0017205351299881106
99984.0,0.6989217673409743,0.01710925827098897,0.2612327139835444,0.02172942698882241,0.0010068334156687851,0.6989217673409743,0.7607841261227551,0.4727017552184736
99985.0,0.03361263427037976,0.9518304511885071,0.00634370580523521,0.008212907983055061,3.007528244687952e-07,0.9518304511885071,0.23257734324330429,0.14450842834412686
99986.0,0.9986330116447859,3.635130889173622e-05,0.00015558206511265984,7.283410108457433e-13,0.0011750549804797144,0.9986330116447859,0.0110292812257382,0.006852877728633601
99987.0,0.10980004078492253,0.5751705598027448,0.04198858757671094,0.2730164976134371,2.4314222183872854e-05,0.5751705598027448,1.0484924320118612,0.651464976630338
99989.0,0.5019982871744412,0.47890484135775174,0.01412471618716556,0.004941682833347363,3.0472447294542492e-05,0.5019982871744412,0.785278052240603,0.4879206872000145
99990.0,0.008491602826172784,0.007685211407016991,0.2961039964614983,0.6875163047282494,0.00020288457706291958,0.6875163047282494,0.6975972466171232,0.43344153957581566
99992.0,0.004042421121902792,1.7350640985037698e-08,0.9798297146185749,0.01588900456027582,0.00023884234860421742,0.9798297146185749,0.11004938354024424,0.06837752652030328
99994.0,0.5771523169227442,0.0011847232287419778,0.3428225623174823,0.07881136800854863,2.9029522482598117e-05,0.5771523169227442,0.8927593997304261,0.5547026032089827
99996.0,0.0016021467421086636,1.7238694586449951e-06,0.0005278007139041924,1.1167518187688756e-07,0.9978682169993472,0.9978682169993472,0.016449450901487507,0.010220618499417288
99997.0,0.1593277892194519,2.9127744146375702e-05,0.8263729046684485,0.011180170392612819,0.003090007975339603,0.8263729046684485,0.5186513467788657,0.3222562006101011
100000.0,0.0012914276129051834,0.9865745058215216,0.007963386777887636,0.004138603488630772,3.207629905499823e-05,0.9865745058215216,0.08345387669866601,0.05185280901731156
100001.0,0.00267220376182333,0.0007764770189678483,0.00021944221413725586,0.9952856408446057,0.001046236160464092,0.9952856408446057,0.03512432116370981,0.021823967791704424
100004.0,9.603954613858887e-05,6.3216932212425795e-12,0.9990196568898673,1.5117515987209727e-05,0.0008691860416841981,0.9990196568898673,0.008162082385141952,0.0050713869246423356
100008.0,0.09315361149472454,0.8702723722414255,0.011848059581126174,0.02372542582866785,0.0010005308540562735,0.8702723722414255,0.4902499082298033,0.30460939464782055
100012.0,0.25042244954874426,9.911668542879632e-07,0.24013564090344464,0.509051140392524,0.00038977798843444855,0.509051140392524,1.0360904674641893,0.6437592027996997
100013.0,0.4395084235125755,0.10560662015889703,0.22719360491118867,0.2254273879764728,0.0022639634408650774,0.4395084235125755,1.2850377024695265,0.7984388167705372
100015.0,0.053965314971873485,0.7774454720690895,0.06413512114162911,0.10442994595990532,2.4145857502121678e-05,0.7774454720690895,0.7656154600385178,0.47570363176085956
100016.0,0.4428126235847542,0.07960222473909762,0.001496351316573312,0.47589375138934864,0.00019504897022487447,0.47589375138934864,0.9269488542745207,0.5759457057107665
100018.0,0.7654507165789328,0.2219818980112898,0.0024761580983759857,0.010057138146479504,3.408916492085863e-05,0.7654507165789328,0.6001835456644327,0.37291500406916606
100020.0,0.24677081595250322,6.374080228421918e-07,0.41269827101921663,0.34052195339229013,8.322227966472052e-06,0.41269827101921663,1.0775015550412108,0.6694893581894107
100024.0,0.3006688927453749,0.04279034015793642,0.20312556160660303,0.4533062703211603,0.00010893516892450904,0.4533062703211603,1.1795911332554034,0.7329211795883445
100025.0,0.999982480292017,2.2759241873522478e-11,1.7963722095200746e-06,8.238048402986141e-07,1.489950817333088e-05,0.999982480292017,0.00021842245846245535,0.00013571350393511923
100026.0,0.0009157847808341396,2.0984872855399643e-06,1.6426743881556005e-05,0.9990576559896203,8.033998378605991e-06,0.9990576559896203,0.007651138767301081,0.0047539198052875264
100029.0,0.0020482811635331045,0.9958504691193906,0.0002755595586060551,0.0018213999064649526,4.290252003703294e-06,0.9958504691193906,0.03062268351286032,0.019026943056502772
100032.0,0.0006452783099448556,0.997250627090847,0.0006035758890805835,0.0015004125727946765,1.0613733360549313e-07,0.997250627090847,0.02171719368264394,0.013493651115623988
100033.0,0.38573605101815744,0.2797849151111646,0.31216275809621047,0.022307442441200115,8.833333268673954e-06,0.38573605101815744,1.1721882488424988,0.7283215088861
100037.0,0.20742989114532007,0.11783683207750531,0.03860314853116778,0.6361272630758413,2.8651701657190105e-06,0.6361272630758413,0.9916918715380537,0.6161728041053957
100039.0,0.005448047489190794,0.0001922105286308388,0.31121888493955346,0.6830765700721034,6.428697052169829e-05,0.6830765700721034,0.6542896430282047,0.40653301253396135
100040.0,0.043776719005709425,0.3244770746011271,0.37676834996841846,0.25480749746053427,0.00017035896421143445,0.37676834996841846,1.219810206035446,0.7579106945421805
100043.0,0.19100607097188133,1.1180429680586306e-17,0.8037581627025762,3.4107664096518867e-11,0.005235766291434174,0.8037581627025762,0.519287000178616,0.3226511542736375
100044.0,0.014431196155559297,0.47381464271908186,0.0071749350051884386,0.5045737363899959,5.489730175860854e-06,0.5045737363899959,0.7957149020504732,0.49440546659363876
100046.0,0.02562464880201911,0.07095210250608841,0.02862953411303816,0.8747785505842502,1.516399460567967e-05,0.8747785505842502,0.5005452766369767,0.31100626670335874
100047.0,0.011568859713792535,0.0074894597493501336,0.9340103475601675,0.04367844158857254,0.0032528913881159933,0.9340103475601675,0.30739487354166395,0.19099517363596993
100051.0,1.309538592636958e-07,3.010795264388859e-12,0.47457380515656405,0.0030592480751369883,0.5223668158114306,0.5223668158114306,0.7106491007121615,0.44155111248583784
100053.0,0.049043560822721446,0.0028196384150408083,0.9001125282449512,0.04794809415157316,7.617836571440833e-05,0.9001125282449512,0.40551812986785357,0.251962580684179
100055.0,0.32226012674079296,0.564824694705977,0.09656897072941979,0.01628669631709565,5.9511506714754635e-05,0.564824694705977,0.9809442495448708,0.6094949310975899
100056.0,0.944232738786643,0.0001179324042476005,0.013140855223783903,0.0425000656754476,8.407909877988951e-06,0.944232738786643,0.24649991707786137,0.15315900984652275
100061.0,0.013508426478894275,0.9032863844595943,0.020599906782449603,0.06260490508269032,3.7719637034776317e-07,0.9032863844595943,0.40348130838048557,0.25069703233861557
100062.0,0.05259731535485621,0.10800860035687813,0.839241135778573,1.8556564881454593e-06,0.00015109285320462487,0.839241135778573,0.5437185785241874,0.33783134740617116
100064.0,9.474545386413692e-05,1.088912574839057e-08,0.999422801610076,5.388400105129249e-08,0.0004823881629343379,0.999422801610076,0.005139768479418702,0.003193517711811175
100067.0,1.7623018034643112e-05,5.9866316726430834e-09,0.0015321784041797105,0.9921374546906706,0.006312737900483785,0.9921374546906706,0.04992991226862314,0.031023198771992118
100068.0,0.028410000115836456,0.879225024880445,0.02131623748227885,0.07104555395612497,3.1835653132860318e-06,0.879225024880445,0.4842839000228895,0.30090250532899565
100070.0,0.0005220517890329621,0.9936715999526659,0.0018677502760549882,0.003933214538335563,5.383443910363654e-06,0.9936715999526659,0.043837608596411386,0.027237837668501148
100071.0,1.2106851421954008e-05,5.50968042307423e-07,0.059073828522391715,0.9401648405830564,0.000748673075087321,0.9401648405830564,0.2306595193084228,0.1433168173350504
100072.0,0.006810773461380363,0.6975966415132009,0.08512255438078126,0.18502950333123022,0.02544052731340664,0.6975966415132009,0.9005002578587373,0.5595122687875721
100077.0,0.9897911950066709,0.003939174629304907,0.005979978663694386,1.4650025937594849e-05,0.0002750016743935727,0.9897911950066709,0.06499814574078237,0.04038561863034513
100079.0,2.3676893557121715e-07,6.551127455971427e-10,0.9376976256192845,1.1235378037018887e-14,0.06230213695665439,0.9376976256192845,0.2332593494388338,0.14493218261899543
100083.0,2.918871464949886e-13,2.957755868001211e-19,0.5509244195642015,4.796191933264399e-13,0.4490755804350258,0.5509244195642015,0.6879515832362623,0.42744835195028436
100085.0,0.2572853844979464,0.16291681792046628,0.020907190343685635,0.5588726704530853,1.7936784817519006e-05,0.5588726704530853,1.0511267303345988,0.6531017582063067
100087.0,0.49020051679908866,0.10148838197553377,0.03793606746470749,0.37037117745629716,3.856304372471298e-06,0.49020051679908866,1.0737104860621505,0.6671338345933953
100088.0,2.9960240232723116e-06,8.910403285788256e-06,0.9946489872269599,0.001558803628655787,0.003780302717075011,0.9946489872269599,0.03664058343799209,0.022766074512670813
100089.0,0.0007529373306721972,0.9990189320183654,2.8659307998413514e-05,0.00019934283111718433,1.2851184779209212e-07,0.9990189320183654,0.008395670802002826,0.0052165235683464695
100092.0,0.011733610668418243,0.0063946112133827365,0.3151380787006164,0.66600157750542,0.0007321219121611103,0.66600157750542,0.724361574569519,0.4500711515326495
100094.0,0.9431124359306047,2.096044788235747e-12,0.0026150554995637916,4.406279233115717e-06,0.05426810228850001,0.9431124359306047,0.2289699781120551,0.14226704636636953
100095.0,0.9145133683826434,0.038110123936287876,0.04464677734796715,0.0027282185878512934,1.5117452491110168e-06,0.9145133683826434,0.36117368739073064,0.22440982941957333
100098.0,0.3900445335787593,0.0023634064411455604,0.599297738264255,0.008173118924037567,0.0001212027918033685,0.599297738264255,0.7287366931822594,0.4527895655695871
100099.0,0.002058803138870911,2.5494372883690267e-06,0.002018288270540582,0.9956533393321747,0.0002670198211264876,0.9956533393321747,0.03182661966655538,0.01977499064777284
100100.0,0.003215672482279981,0.6256186843136505,0.20181764413430367,0.1691721566366991,0.0001758424330676194,0.6256186843136505,0.9369801113439145,0.5821784761655289
100102.0,0.03137980022330292,0.0016845035342460389,0.01890109791594623,0.9479492614280526,8.533689845185599e-05,0.9479492614280526,0.24586290040293113,0.15276320913249158
100103.0,0.009534791096868776,0.0008805604013133683,0.02517632706065799,0.9643342215978913,7.409984326720155e-05,0.9643342215978913,0.1789804921996926,0.11120683240834311
100105.0,0.9999967565215314,1.4629837270762038e-12,1.525128678829312e-06,3.4567658106675478e-12,1.7183448698996542e-06,0.9999967565215314,4.6479877068046553e-05,2.8879571376413508e-05
100108.0,0.01581185826257344,0.974307001757994,0.008126252331466199,0.0017527539581198282,2.133689847607717e-06,0.974307001757994,0.1411924520812444,0.08772780297421112
100110.0,0.00017691280580276557,0.8745100569408102,0.0008390943589373998,0.1244701768686189,3.7590258309842326e-06,0.8745100569408102,0.3841404254356576,0.23867986609976574
100111.0,0.0838446471573386,0.7032487128546356,0.03539814307112582,0.17749261363020283,1.5883286698403265e-05,0.7032487128546356,0.8807061984723391,0.5472135281940553
100112.0,0.012471754975648557,0.9059516039617055,0.029426914509215474,0.05214537114326397,4.355410168010587e-06,0.9059516039617055,0.4019914023574818,0.24977130167731257
100113.0,0.054072905120153544,3.3061610385942306e-07,0.8181611482025632,0.10219255392698412,0.02557306213419349,0.8181611482025632,0.6488070531203493,0.4031264878923468
100114.0,4.912373764398033e-07,7.502680881365542e-05,0.9882679740960708,1.2924154018387013e-05,0.011643583703721403,0.9882679740960708,0.06437700825487234,0.0399996842111847
100115.0,0.03513495032683836,0.5024417404704248,0.020817206000140684,0.02435136692576459,0.4172547362768303,0.5024417404704248,0.9992479385168609,0.6208676524872008
100116.0,0.017444235709764732,0.00324224926550989,0.1860930632509978,0.7931925819550583,2.7869818668911623e-05,0.7931925819550583,0.5861937195380267,0.3642226363684153
100117.0,0.22231113831014215,0.21053424900001474,0.06803854670039185,0.49909937510680497,1.6690882645814318e-05,0.49909937510680497,1.1922177468912514,0.7407665357454836
100118.0,0.0054573247458545365,0.013115972102707112,0.3337142667723543,0.643448005922026,0.004264430457058883,0.643448005922026,0.7585002565274723,0.4712827072529458
100119.0,0.9845106189551978,5.1468883843876955e-05,0.0007042805830128246,0.014452415075737269,0.00028121650220963573,0.9845106189551978,0.084521612703727,0.052516230698143075
100122.0,0.11495987228042107,0.0017990509101643414,0.1856384318292504,0.69732892560009,0.00027371938007383055,0.69732892560009,0.8262867030207351,0.5134007945488659
100123.0,2.885047204732009e-05,3.865002001083824e-14,0.8004530331881097,0.00027085117368216355,0.19924726516612357,0.8004530331881097,0.50211653073105,0.31198254176307627
100127.0,0.03790224057271872,2.4531931097593337e-06,0.05503472443356124,0.9061485639766059,0.0009120178240056125,0.9061485639766059,0.37935200602608093,0.23570465383927247
100128.0,0.8997941582580634,0.0005913783327891229,0.04043303526474923,0.059166191223876674,1.5236920521321194e-05,0.8997941582580634,0.3965736803006623,0.24640508169767644
100129.0,0.00190856018526358,0.012868415540241932,0.033148508702603594,0.9520396001787245,3.491539316636142e-05,0.9520396001787245,0.22804493175836238,0.14169228275073323
100137.0,0.9507780889675029,0.013192406567366347,0.035341246264482845,0.0006820195695365117,6.2386311118290316e-06,0.9507780889675029,0.22827071491800877,0.1418325697154568
100142.0,0.0023553117797508374,0.016622174436495683,0.2317774429725378,0.7491089694493671,0.00013610136185005303,0.7491089694493671,0.638814283616073,0.396917631106338
100145.0,0.031137144634561995,0.922909216605988,0.031211400827171932,0.014681438319186314,6.0799613093208544e-05,0.922909216605988,0.35283776705808045,0.21923043090519198
100148.0,0.008726405695723386,0.9401428204679773,0.0032923400543542146,0.04783734607554005,1.087706405106213e-06,0.9401428204679773,0.2636618230367759,0.1638223015624231
100149.0,1.9949501208879072e-06,0.00020175911629376285,0.9884271384787766,0.00011518832341805297,0.011253919131390634,0.9884271384787766,0.06478988270323884,0.04025621752954183
100150.0,0.23305001444130333,0.0003102474985506471,0.5552560778716806,0.21134734634397126,3.63138444939196e-05,0.5552560778716806,0.9974739438546666,0.6197654076298572
100151.0,0.8490356211598408,0.0008697649495552653,0.12561813599436972,0.024323961515094784,0.0001525163811380128,0.8490356211598408,0.49740891066208004,0.3090575329555913
100154.0,0.10369790749684744,0.19590540283138017,0.1545582567816718,0.545810279534924,2.8153355177112815e-05,0.545810279534924,1.1737208016900327,0.7292737375093316
100158.0,5.8261485189743686e-08,1.971475648423707e-09,0.952667745904845,4.0156022190212836e-05,0.04729203784000328,0.952667745904845,0.19090903268158255,0.11861845132804989
100160.0,0.3567084665620485,0.6326855764923073,0.0035250287542727397,0.007080288053306835,6.401380648848751e-07,0.6326855764923073,0.712308536320122,0.4425821778007159
100162.0,0.1209793414618194,1.9530913597047448e-05,0.8550118135169859,0.02012719680537971,0.003862117302217946,0.8550118135169859,0.48973605244129403,0.30429011809509404
100163.0,0.17582569046580415,0.014091116015384781,0.26143436446633544,0.5483246508503375,0.0003241782021385757,0.5483246508503375,1.0485095593792186,0.6514756184620143
100165.0,0.06453946218439291,0.031845738671310714,0.8535991134535251,0.002620740028323759,0.04739494566244868,0.8535991134535251,0.5818528442602506,0.36152549891176683
100167.0,2.7566364451707582e-05,4.394767829959817e-11,0.9993779888260859,3.229983221199996e-05,0.0005621449333043875,0.9993779888260859,0.00545218300463406,0.0033876317703913313
100168.0,0.00954577637945097,0.039878747655367745,0.06989109505750873,0.8806613754624331,2.3005445241195645e-05,0.8806613754624331,0.47101887589002556,0.29266048242747095
100171.0,0.003911100321292737,3.724209335556004e-05,0.015549047936229451,0.9804854408297455,1.7168819377835156e-05,0.9804854408297455,0.10631641182268387,0.06605810078246002
100172.0,0.4989271400226262,0.04232930374964705,0.026102298140738115,0.4316263320995576,0.0010149259874328567,0.4989271400226262,0.9455666830714113,0.5875136131479246
100175.0,0.01317169312300206,0.6398355088574673,0.33914432692832314,0.007695651471194241,0.00015281962001348223,0.6398355088574673,0.7482690781580518,0.4649257187103142
100178.0,0.49042698408885105,0.02069027868395202,0.18886690672835946,0.2991700936239002,0.0008457368749360423,0.49042698408885105,1.1114497859876502,0.6905825800429313
100180.0,0.058383215243794896,0.0002517917633023417,0.9134680284024154,0.02759815249733344,0.000298812093152626,0.9134680284024154,0.35211511723993255,0.21878142332772355
100181.0,0.9068569245767701,0.0291046027292026,0.026060763969176087,0.03797096699902527,6.741725825599333e-06,0.9068569245767701,0.4109356492663229,0.25532867474510235
100185.0,0.020946136332378865,4.4135193214840486e-05,0.012053615439334482,0.9669318670779806,2.4245957090271395e-05,0.9669318670779806,0.16744669865759193,0.10404048355263792
100188.0,2.5949163079012765e-10,6.8485311164321305e-16,0.884855374318358,9.84295811075097e-13,0.11514462542116659,0.884855374318358,0.35713805231419005,0.22190234836338452
100190.0,0.2357279274062782,0.012483323962118235,0.10947099397156028,0.6423101804323067,7.574227736062179e-06,0.6423101804323067,0.9219539476248264,0.5728421957144473
100191.0,0.6745518349648332,0.2531742291929427,0.02216124578001267,0.04867778059778477,0.001434909464425068,0.6745518349648332,0.8543006354289326,0.5308068294084707
100192.0,0.01848138558070011,0.0011017321128202738,0.1068439318268256,0.8734441671337568,0.00012878334589745753,0.8734441671337568,0.4395473130543034,0.2731061009924488
100194.0,2.845623004922823e-14,1.5961914135675944e-06,0.00047750253738632244,1.6227170252625722e-24,0.9995209012711697,0.9995209012711697,0.004151723502171845,0.002579610850531546
100195.0,0.07010369584710954,0.9214773985727706,0.008374359131423429,4.211031011421952e-05,2.4361385812819154e-06,0.9214773985727706,0.3021826745457569,0.18775665231393637
100196.0,0.002683160437731747,0.9860631640072801,0.011235557073819517,1.7834624239040903e-08,1.8100646543530803e-05,0.9860631640072801,0.08035631015511956,0.04992818271168308
100200.0,0.8183341749621927,0.009239291036198928,0.08248261349456934,0.08975259048051308,0.0001913300265247772,0.8183341749621927,0.6311552935359745,0.39215883300612736
100201.0,0.07390966739590125,0.12291933892087105,0.07928451733172777,0.7238773274793756,9.14887212590957e-06,0.7238773274793756,0.8851734717325197,0.5499892011328296
100202.0,0.49782902195214274,0.44889826967054064,0.052251883353092644,0.0009922325327005928,2.859249152336382e-05,0.49782902195214274,0.8681759313598556,0.5394280354977059
100203.0,0.0035835159775268366,0.9800409841828319,0.0053028625569386265,0.011072465156098808,1.721266019670687e-07,0.9800409841828319,0.11758838562560242,0.07306177188765409
100204.0,0.2179107018693883,0.709556129467199,0.0648913892301531,0.007631463518315435,1.0315914944605353e-05,0.709556129467199,0.7902898397929311,0.49103468589086696
100212.0,0.0014743176404144573,1.269584781519481e-06,0.9968310632728028,0.0009230770146592594,0.0007702724873424688,0.9968310632728028,0.024765228599700057,0.015387501691348462
100213.0,0.003325303449674846,0.0020096263304373997,0.03587107186822191,0.9587078070955689,8.619125609799322e-05,0.9587078070955689,0.1920611826625531,0.11933432236107909
100214.0,0.016418302275996634,5.615686257804595e-15,8.118066345745534e-07,3.8254048245147396e-11,0.9835808858791114,0.9835808858791114,0.08376365354395184,0.05204528419320531
100216.0,0.0003156360528011978,0.9938172476136204,0.0057879723631390255,7.584760386749729e-05,3.296366572622711e-06,0.9938172476136204,0.0392885545031724,0.02441135144117037
100219.0,1.1081982067671198e-07,0.00010046839258273706,0.7140763507309581,4.198723611987132e-07,0.28582265018427655,0.7140763507309581,0.5993686649500152,0.3724086902137996
100221.0,0.006744601429158673,0.9909851581814973,0.002256626582899842,1.3557927967717016e-05,5.587847653167057e-08,0.9909851581814973,0.056594953824863646,0.03516442193117591
100222.0,4.4500078828378127e-13,4.574729119584138e-13,0.00048194950482350035,9.096580342798527e-09,0.9995180413976913,0.9995180413976913,0.004162982752008639,0.002586606615792081
100228.0,0.03554194023431479,0.0002887506178615109,0.03875635288302467,0.9247719387140348,0.0006410175507639222,0.9247719387140348,0.3239719733965587,0.20129510488949912
100229.0,0.0004651812746429198,1.3114367025695204e-06,0.9918283208295354,3.4169294278426226e-07,0.007704844766177793,0.9918283208295354,0.04922147463644737,0.030583021722164618
100231.0,0.9987264976483965,8.558497152729195e-11,0.0011545387530912813,3.4966714160468375e-06,0.00011546684150962206,0.9987264976483965,0.010172870358359681,0.0063207597383948275
100233.0,0.051666381082723804,4.928123368535739e-06,0.9473386635893671,2.1984607594527732e-05,0.0009680425969452606,0.9473386635893671,0.21134898110260292,0.13131850534262643
100234.0,0.06853884003698812,0.9247420703892061,0.00467624680720489,0.002032504197739415,1.0338568862652286e-05,0.9247420703892061,0.2938670224916055,0.1825898471890497
100235.0,8.365227282864008e-05,0.0015972890431896049,0.9852063458455992,1.8176404409407644e-07,0.013112531074340194,0.9852063458455992,0.08258972317465765,0.05131588024402237
100236.0,0.07711439630753814,0.0011052311267428434,0.014289710748804717,0.9074261289033781,6.453291353727892e-05,0.9074261289033781,0.35460565570387054,0.22032888188123265
100238.0,0.13367795044639103,0.00757391878448057,0.850674271303534,0.0078918287504507,0.0001820307151423161,0.850674271303534,0.4833421503515479,0.30031736335858106
100241.0,0.0002985614803596454,0.9993944853230716,5.179560762069812e-05,0.0002551296801122515,2.790883489618688e-08,0.9993944853230716,0.0056511073465239595,0.0035112304133418063
100242.0,8.142016545897199e-07,0.993895279616684,0.0040086747989285755,5.558843857638433e-13,0.002095231382176099,0.993895279616684,0.04114609999591764,0.02556550934834673
100244.0,0.0009494324699048246,8.41690368523977e-05,0.4360151164269708,0.5435921863399732,0.019359095726298906,0.5435921863399732,0.7770377751555625,0.4828007151766278
100246.0,0.08129963262108665,0.8820407325080195,0.030680179633521442,0.005843888199809796,0.000135567037562656,0.8820407325080195,0.4528945522224135,0.28139920696751797
100247.0,0.0051121649687591725,7.819569324851966e-05,2.179719501099229e-05,0.9146096890414341,0.08017815310154805,0.9146096890414341,0.3119118885423273,0.1938017528558119
100248.0,0.0345205469595619,0.7088250207538966,0.001747956332414163,0.2549024623094402,4.013644686121162e-06,0.7088250207538966,0.7197106042059069,0.4471813411661359
100250.0,0.029627659013915113,0.03409843330219544,0.6566188528940341,0.2795996133808674,5.544140898945707e-05,0.6566188528940341,0.8525347030254186,0.5297095939140966
100251.0,0.9892809914759699,0.0012890307914561212,0.00774363625400749,0.0016711382431198155,1.5203235445803428e-05,0.9892809914759699,0.06773364776996861,0.042085281604637245
100252.0,6.798948480039147e-08,6.65305620617216e-11,0.029038533997391473,7.53988282008468e-08,0.9709613225477632,0.9709613225477632,0.13138646634816073,0.08163500147045309
100253.0,0.054180689238213904,0.035432174512084455,0.07768183551588644,0.8326788766168659,2.6424116949291624e-05,0.8326788766168659,0.6275438287940681,0.38991490379705057
100258.0,0.9972101872692211,0.00010734569328808029,0.002266633736409311,1.0208721902650447e-05,0.0004056245791791051,0.9972101872692211,0.020854855938264583,0.012957850549651756
100261.0,2.5185773502376916e-05,8.439746340903318e-05,0.9943415725859406,1.5854878875345288e-08,0.005548828322268078,0.9943415725859406,0.03552256611842342,0.022071411294580102
100265.0,0.002019624587608913,0.7777168492878312,0.06517002563743171,0.1549738276838576,0.00011967280326891802,0.7777168492878312,0.6760365480769187,0.42004512435927815
100266.0,0.009596718362955546,0.9527856343452464,0.03325806556844214,0.004359210299201083,3.714241550131418e-07,0.9527856343452464,0.2275636188944905,0.1413932262539567
100268.0,0.06355995028800417,0.9166026875346162,0.013287869004271277,0.00349819016018559,0.0030513030129242134,0.9166026875346162,0.349848919732157,0.21737335564753066
100269.0,0.0609312951724622,0.020630501595464226,0.1162482318222752,0.8011549550259953,0.0010350163838014972,0.8011549550259953,0.6854531091853127,0.4258959627393387
100270.0,0.7704584999458927,0.08028496732525761,0.005426583025946263,0.14329269418018517,0.0005372555227191113,0.7704584999458927,0.7141556202069571,0.4437298355466687
100271.0,0.26029536285949706,0.04928805749862172,0.18610823268792065,0.5042686922201263,3.9654733834311504e-05,0.5042686922201263,1.1572770249239732,0.7190566445484792
100272.0,0.028150227973236967,7.202627423705763e-06,0.3252091998223428,0.6457951206422228,0.0008382489347746144,0.6457951206422228,0.7542174397471934,0.46862164356904035
100273.0,0.02598386953495105,0.3334124631003011,0.38365363430774696,0.2560394184698841,0.0009106145871166719,0.38365363430774696,1.1838160408585001,0.7355462622774349
100274.0,0.7434780699726055,0.0011179601173789471,0.20134745270660345,0.05312074715379971,0.0009357700496121175,0.7434780699726055,0.7131265369125882,0.44309043014530564
100280.0,0.9993861728029481,4.960237124912931e-05,0.000562285546789931,1.1545351594371703e-06,7.847438540251898e-07,0.9993861728029481,0.005339952031350276,0.00331789874595049
100281.0,0.9947552600693887,5.388897235907905e-06,0.003460758302663297,4.176765059882438e-05,0.00173682508011316,0.9947552600693887,0.036365810800636174,0.022595348674020504
100282.0,0.011469423699950734,0.005007684140903563,0.03504027634773261,0.9484210115347288,6.160427668496657e-05,0.9484210115347288,0.2460223339174243,0.1528622707447858
100286.0,0.8160367479279095,0.0017018285107186168,0.045814758892835525,0.13638947790919295,5.718675934337154e-05,0.8160367479279095,0.5902809266054775,0.3667621609042014
100288.0,0.9971695065957935,7.416862052285949e-07,0.00238973469412726,0.00042600279750768677,1.4014226365929754e-05,0.9971695065957935,0.020725610300606375,0.012877545719835279
100291.0,0.06807543738321323,1.382882157936721e-10,0.9315974169987983,8.292700899694372e-05,0.0002442184707033796,0.9315974169987983,0.2517466201528734,0.15641896975828906
100292.0,0.999999935896389,6.558733246691594e-14,6.150015351393323e-10,1.0101699000147548e-12,6.34875335038832e-08,0.999999935896389,1.129319527051461e-06,7.016856744374113e-07
100294.0,0.09399621365201816,0.8954986300514233,0.003451489548248704,0.007053071469025608,5.952792843384634e-07,0.8954986300514233,0.37561224061735893,0.2333810069437759
100295.0,0.0016441797870316221,0.3422353562574614,0.07479188001968945,0.5813124448545705,1.61390812477427e-05,0.5813124448545705,0.8869637796734058,0.5511015820001216
100297.0,0.06907220434494327,0.03393081581299439,0.2004458193981256,0.6964644225926752,8.673785126028921e-05,0.6964644225926752,0.8743132225518122,0.5432413489188336
100298.0,0.007183951940876324,0.9679974526773188,0.016835071321969187,0.001993639804095821,0.005989884255740019,0.9679974526773188,0.17875392315271846,0.11106605714436821
100299.0,0.9117897586492716,0.0034799787338182816,0.04155065412688301,0.04226703607988677,0.0009125724101401224,0.9117897586492716,0.37617483538132995,0.2337305667246314
100303.0,0.00034913412890812167,0.923868050276078,0.0006955293739936745,0.00042408022391131334,0.07466320599711058,0.923868050276078,0.278020561623618,0.17274388746263722
100305.0,0.040059769567920525,0.0001096258724158244,0.002304625870728103,0.9572117289338745,0.00031424975506195237,0.9572117289338745,0.18827687884604224,0.11698300219689363
100309.0,0.0076739804968863675,0.0002692587599576558,0.964478261594837,0.026717313995483535,0.0008611851528357542,0.964478261594837,0.17732768487898978,0.11017988547989459
100311.0,0.37976446996214813,0.3118194847357213,0.04680688895869357,0.2615989576074805,1.0198735955756284e-05,0.37976446996214813,1.2252785831530126,0.761308388280671
100313.0,0.5858021597022744,0.3689108612063745,0.02190368772535625,0.023382218237887793,1.0731281065178427e-06,0.5858021597022744,0.8526786592823479,0.5297990389655752
100315.0,0.00028369961961186095,0.0005469186001346502,0.0008550541660352534,0.9983121411144901,2.186499727835132e-06,0.9983121411144901,0.014180493254673295,0.008810835848415449
100318.0,0.0017399866924616614,2.632599316844748e-06,5.553426526914449e-06,0.5497433702715204,0.44850845701017494,0.5497433702715204,0.6996967084300368,0.43474600854395273
100319.0,0.9993257280728576,2.5669063941580774e-05,0.0004793492976232764,0.00010921018036758763,6.004338520865049e-05,0.9993257280728576,0.006188967204305955,0.0038454215328790247
100324.0,0.7178327480363476,0.16614062821607747,0.09550022585260184,0.020434673233817268,9.172466115659482e-05,0.7178327480363476,0.8408328797077584,0.5224388422887901
100326.0,0.9999192571454237,8.791985407783904e-06,7.082296271299595e-05,3.801316154374836e-07,7.47774839988725e-07,0.9999192571454237,0.0008759971995092626,0.000544287662631491
100329.0,0.989631570360837,0.0008870131761819533,0.009307306139451037,0.00015290077317959717,2.1209550351370352e-05,0.989631570360837,0.061649547722715387,0.03830501769992303
100332.0,0.03232177778255483,0.5258445153199206,0.018279469233873233,0.423553321390005,9.162736458766899e-07,0.5258445153199206,0.885946390240073,0.5504694424031401
100333.0,0.0031171014130359767,5.747691793297952e-07,7.681858506311893e-05,0.9966337770558623,0.00017172817685775235,0.9966337770558623,0.023573738394737396,0.01464718720281957
100338.0,0.012367795463584588,0.013588605484788307,0.007833090019644948,0.9662037313115859,6.777720396932737e-06,0.9662037313115859,0.18402352484753084,0.11434024476856969
100346.0,0.00010444382471440257,1.3510107965916219e-05,0.9991832833724402,1.6821587836418302e-05,0.0006819411070443512,0.9991832833724402,0.007081936032459327,0.004400254261283473
100347.0,0.0013784056442424431,0.00025318966476498624,0.006348766924027375,0.9920156531677701,3.984599194309e-06,0.9920156531677701,0.051299558299348076,0.03187420769886243
100348.0,0.5064706001948994,0.4649895077552474,0.003084621096821579,0.025454133737618276,1.1372154136920371e-06,0.5064706001948994,0.8118954120593582,0.5044589827211504
100353.0,0.3338844611887068,0.4517738181620597,0.14971316129101478,0.0645586689208508,6.989043736805601e-05,0.4517738181620597,1.1871071266659303,0.7375911288622247
100356.0,0.002421695131377154,0.8581948080574257,0.1375450171510312,1.7557267665874189e-07,0.0018383040874897316,0.8581948080574257,0.4302696870748168,0.26734158786161594
100357.0,0.8018269357188182,0.0738682284330316,0.11691190615735006,0.007378092812127823,1.4836878672855213e-05,0.8018269357188182,0.6568729821745881,0.4081381313934248
100361.0,0.2614553819198868,0.00019981474765872872,0.009140582791476328,0.7287138421043006,0.0004903784366782745,0.7287138421043006,0.6297135214687786,0.3912630096531063
100362.0,0.0024322485384667583,0.0038968537689215207,0.99205022572386,0.0014080022261733457,0.0002126697425783586,0.99205022572386,0.05521841973508056,0.03430913321258146
100363.0,0.011062790281699325,0.014400818320481226,0.57794432881374,0.39646297530757685,0.00012908727650385327,0.57794432881374,0.7957215830578361,0.49440961773691133
100365.0,0.38407993817942415,0.2626021747290254,0.04480777099030476,0.3084345938996641,7.552220158131602e-05,0.38407993817942415,1.221313621716386,0.7588448192259133
100366.0,0.0002550547849959201,0.004427883830518524,0.9918628999721086,2.321121752154791e-05,0.0034309501948558696,0.9918628999721086,0.053930673409263184,0.03350901143350034
100369.0,0.0020272375621761887,1.3319008215062886e-05,0.9954035408303145,3.5920033844254034e-05,0.002519982565450643,0.9954035408303145,0.03275240477797804,0.020350213279394905
100373.0,0.0002984898004199018,0.5250922188852696,0.4742245248627478,0.00033917046453254727,4.559598702937255e-05,0.5250922188852696,0.6976495741498895,0.4334740524999627
100376.0,0.1480229876964659,0.3299289410470867,0.2508738384431205,0.27108187794638905,9.23548669361525e-05,0.3299289410470867,1.350252312564071,0.8389589322659616
100377.0,0.0028003089135396164,0.0016283740652835907,0.00017950762865824588,0.9951789081065612,0.00021290128595584064,0.9951789081065612,0.035072501195991576,0.021791770235453336
100378.0,0.9999996261128519,1.8713567751925552e-19,2.0566905077354567e-12,3.151421347131327e-16,3.73885090954453e-07,0.9999996261128519,5.907186600307339e-06,3.670341399733376e-06
100382.0,0.9910826933443385,8.24792826208921e-10,0.0001690875408304564,1.1023119066869247e-06,0.008747115978130977,0.9910826933443385,0.05181396466653247,0.032193826345354
100386.0,0.8922208694350059,1.5923421933632516e-05,6.270086079321199e-06,1.3749332989194473e-10,0.1077569369194873,0.8922208694350059,0.34207051921191856,0.21254036366930987
100388.0,0.9974787637852855,0.0001904589924802871,0.0016226106929981524,0.0006005568004492021,0.00010760972878744504,0.9974787637852855,0.020010688127431953,0.012433339598150734
100389.0,5.022185311096981e-05,2.0319027173021975e-21,0.9500588275337165,3.126213813948701e-10,0.04989095030055455,0.9500588275337165,0.19873883443392248,0.12348338068745476
100390.0,0.0004714806469433267,7.3295605892768556e-09,0.8999994206949502,4.228909131058977e-08,0.09952904903945618,0.8999994206949502,0.3280811510361598,0.2038482805092945
100393.0,0.010886369363059454,1.0020605690634406e-07,0.0015653322038765745,0.9863729763770482,0.0011752218499588606,0.9863729763770482,0.08078431618797766,0.05019411781210009
100396.0,0.42612131767640543,0.03495996544656625,0.2656564936386863,0.2732594103772628,2.812861078059241e-06,0.42612131767640543,1.1874207037305702,0.7377859652471621
100399.0,0.0347290537271068,0.0009408546235529856,0.7776896740039427,0.18277668366012623,0.0038637339852717893,0.7776896740039427,0.6508796672211083,0.4044142754390093
100402.0,0.008544505368722853,0.0015385538152268268,0.7968500463408251,0.18975054046636056,0.003316354008864663,0.7968500463408251,0.5659203327982698,0.35162607294516673
100404.0,0.00042447477735752334,0.00022669286410393537,0.9993184320523192,5.62377238431716e-08,3.0344068494663666e-05,0.9993184320523192,0.0061962296322114856,0.003849933933046451
100407.0,0.005279043419443942,0.17236329548042092,0.08968890166072598,0.7326421584816996,2.6600957709823067e-05,0.7326421584816996,0.7752042438869401,0.48166147814582533
100410.0,0.3516772818240256,0.17836431393665336,0.13513161825063105,0.3348244141343788,2.371854311108504e-06,0.3516772818240256,1.3118496466461218,0.815098014350918
100411.0,0.027221278061098107,0.00048306688564399134,0.7242742860720883,0.24794710669248157,7.426228868757382e-05,0.7242742860720883,0.68190553707849,0.42369173225650053
100412.0,0.026839569213221726,0.00022348336165925123,0.0361809890231062,0.9341797770751625,0.0025761813268500634,0.9341797770751625,0.29803632921815354,0.18518038311114837
100414.0,2.210932188491002e-08,1.5237233979583337e-06,0.7508730189827084,0.23887891797804633,0.010246517206526704,0.7508730189827084,0.6041238732581593,0.37536326725675767
100415.0,0.16010578226405653,0.7405049891501713,0.09919635729568052,5.6862562199178886e-05,0.000136008727893158,0.7405049891501713,0.7467408737304713,0.4639761919123097
100418.0,1.5464997195416755e-06,0.9869995078362135,0.0006076651618790872,0.012388380567743088,2.899934444989561e-06,0.9869995078362135,0.07187091756854305,0.044655911864189955
100419.0,0.1028076729689262,0.002669037114139234,0.30689075021833184,0.5874580192089235,0.00017452048967856623,0.5874580192089235,0.9262211235291853,0.5754935411757365
100421.0,0.034819420868614934,0.9469897507652211,0.018184901936162096,5.520035791866508e-06,4.063942087205474e-07,0.9469897507652211,0.24143137853750293,0.15000974978423626
100422.0,0.05670103110562178,0.02452760259117277,0.8234235876221863,0.005954317812674817,0.08939346086834386,0.8234235876221863,0.6600224441717222,0.41009500215731204
100425.0,3.8908658999664856e-05,3.8005768174376443e-06,0.9858284606040796,0.006103053982468575,0.008025776177634546,0.9858284606040796,0.08435758024526013,0.05241431160129591
100427.0,0.9291283639366285,0.049369170863954044,0.0014467642889641119,4.577118819197346e-09,0.020055696333335014,0.9291283639366285,0.3046845882785745,0.18931117871939035
100428.0,0.35641585644767126,0.2133342779049669,0.43003041511719564,0.0001989519612520305,2.049856891441297e-05,0.43003041511719564,1.0620972244434896,0.659918109445541
100429.0,0.020464970728891856,0.0013384118390800499,0.008692842963579119,0.9694837280192693,2.0046449181008853e-05,0.9694837280192693,0.15995684906368254,0.0993867783453449
100431.0,0.9995449611362528,1.110337755101018e-06,0.0004517586904737533,2.837067801335536e-07,1.8861287385392823e-06,0.9995449611362528,0.003978906140367171,0.002472233386343874
100433.0,0.0008010081181860485,6.709485823936031e-07,0.9867470212635306,0.012168345308433606,0.0002829543612660102,0.9867470212635306,0.07484623329032265,0.04650457946347607
100436.0,0.9999999401976201,1.2525894542799567e-11,2.6324626667291317e-08,5.560958034477422e-11,3.3409616406927654e-08,0.9999999401976201,1.095994561930573e-06,6.809797094148231e-07
100438.0,0.0028984852372874177,0.996658240248989,6.195047272131961e-05,0.0003808016476825323,5.223933216134394e-07,0.996658240248989,0.02387960757510469,0.014837234409986884
100440.0,0.10887035817795707,0.8375567630424611,0.030184233260142707,0.02338804568598567,5.9983345231371e-07,0.8375567630424611,0.5834022411762521,0.36248819334317745
100445.0,0.0014355653126190944,2.992495831383901e-09,0.9976790270417537,0.0005438626894977614,0.0003415419636328099,0.9976790270417537,0.01853014502251839,0.011513426444946582
100446.0,0.007905811232829256,7.000239272414603e-05,0.025092620436907666,0.9662205003067046,0.0007110656308336974,0.9662205003067046,0.16976271246538094,0.10547950384033966
100447.0,0.021159481885049725,0.04369538545890368,0.4244258065979351,0.5102588521610008,0.000460473897110939,0.5102588521610008,0.9289725053104692,0.577203070794759
100451.0,0.02990347020702719,0.9537598601341992,0.016177623967739842,0.00015783854340228548,1.2071476302573172e-06,0.9537598601341992,0.21822554081971435,0.1355911521244531
100455.0,3.7300449048875974e-18,1.505576299085264e-17,0.0007828811622110454,9.44582971584675e-14,0.999217118837696,0.999217118837696,0.006382155355673972,0.003965456080266963
100460.0,0.10159800962145896,0.20337549251990344,0.12803902690220983,0.5668366905675201,0.00015078038890949835,0.5668366905675201,1.1425287222735567,0.7098930088863173
100463.0,0.00047427282181718156,0.9051777812153462,0.013692444121388555,0.08064891246629474,6.589375152499241e-06,0.9051777812153462,0.35568470956251835,0.2209993357398819
100464.0,0.6878241153385977,0.19933818609700488,0.0825522757145684,0.030000315666720994,0.00028510718310873715,0.6878241153385977,0.8923189921412238,0.554428962588366
100468.0,0.7509979939004309,0.22581363035884136,0.00929559213470756,0.013889888561373883,2.895044645408635e-06,0.7509979939004309,0.6539960182986717,0.4063505732318519
100469.0,6.529330337132826e-21,7.783640800014964e-21,5.6527271150825335e-06,9.861929503050433e-16,0.9999943472728854,0.9999943472728854,7.39567183575721e-05,4.5951892760945703e-05
100474.0,0.1617580776283793,3.2400378385799885e-07,0.8374048246270624,9.006536839373196e-05,0.0007467083723805149,0.8374048246270624,0.4494826590739476,0.27927927856139156
100476.0,0.6181398314205195,0.330517371843479,0.00554588432196311,0.04578388026848678,1.3032145549802837e-05,0.6181398314205195,0.8334100045382251,0.517826750631084
100480.0,0.010139745403730895,7.782791193666479e-05,0.6863710236089269,0.30278300680286907,0.0006283962725367532,0.6863710236089269,0.6719770228314715,0.4175227995065552
100481.0,0.1116691461807912,0.027226539837705826,0.7760727638727888,0.0848498397990481,0.00018171030966586526,0.7760727638727888,0.7505355355104752,0.46633394784106436
100483.0,0.22736601463697653,0.002270594284952894,0.4628659780325442,0.30740424277027106,9.317027525617436e-05,0.4628659780325442,1.0706260087444595,0.6652173410810571
100485.0,0.0043554192113981,3.9830756859921344e-05,0.05477579436556471,0.9407651866024467,6.376906372956094e-05,0.9407651866024467,0.24123846019672293,0.14988988287959237
100490.0,5.14609147039743e-06,4.037899804963895e-18,0.995529879572388,1.5019071196362096e-08,0.004464959317069694,0.995529879572388,0.028685156239102144,0.017823089674654773
100492.0,0.0009968444800408666,2.3915020530905877e-06,0.008060748539793276,0.9887701099943584,0.0021699054837561516,0.9887701099943584,0.07025369044261348,0.04365107215373248
100494.0,0.23532586587961216,0.04103994789918406,0.019957262112930342,0.7036113502744668,6.557383380733706e-05,0.7036113502744668,0.7976023361705721,0.49557819534913594
100497.0,1.4566871280661574e-05,0.00014617191168023834,0.9899305418346919,0.008511687828932947,0.0013970315534151613,0.9899305418346919,0.06122426278408995,0.03804077331041301
100499.0,0.9999136360854407,7.480955389737956e-11,5.728103996536873e-05,1.4424344402342996e-07,2.8938556341416905e-05,0.9999136360854407,0.0009505465465395203,0.0005906077762899978
100500.0,0.9504357226428717,0.00042191411845115976,0.04709921215316216,7.573178790933544e-05,0.001967419297603739,0.9504357226428717,0.20848294503865059,0.1295377370123851
100501.0,0.0013051854007828303,1.1452580448954576e-08,0.9971970399571921,9.745545741262323e-06,0.0014880176437036974,0.9971970399571921,0.02126741689074807,0.013214189082064936
100505.0,0.3238734434595049,0.6059920144880913,0.05823922986040624,0.011881383790523458,1.3928401475258213e-05,0.6059920144880913,0.8870790083151147,0.5511731775806772
100508.0,1.8466687343754974e-05,7.491999240004596e-05,0.9949741232239384,5.420128669143028e-06,0.0049270699676484744,0.9949741232239384,0.032169473120158394,0.01998801747593081
100509.0,4.455229674654803e-07,5.77668926172746e-16,0.99305636498582,3.4907086116352235e-08,0.006943154584127299,0.99305636498582,0.04143405843323952,0.025744427985156013
100510.0,0.9908262530195979,0.008832186858072518,0.00016749526080165928,5.8386215310083016e-08,0.00017400647531377007,0.9908262530195979,0.05386560719232261,0.03346858351985553
100511.0,0.5572496074953519,0.0006620082946368427,0.4418481593091668,0.00018545287981610694,5.477202102788423e-05,0.5572496074953519,0.6937210051464773,0.4310330953353146
100513.0,5.860146024867378e-05,3.4768841589540747e-06,0.5280806141088018,1.0617935743689259e-10,0.4718573074406122,0.5280806141088018,0.6921995267803664,0.43008774767427327
100514.0,0.01283237524672885,0.0007164269644900847,2.5928839937357486e-05,0.9863166688952125,0.00010860005362966005,0.9863166688952125,0.07593725078114553,0.047182466744739894
100515.0,0.086401127609615,0.14747039836798764,0.6245737677206513,0.14147192122842442,8.278507332086201e-05,0.6245737677206513,1.0652786198995572,0.661894821583045
100516.0,0.915325651663869,7.7845259534967e-05,0.07705384800114849,0.0074840223909022835,5.863268454583781e-05,0.915325651663869,0.3164340982887235,0.1966115597526538
100521.0,0.028017061534472913,0.22735525158888503,0.026114513241218107,0.7185065942976793,6.5793377447439825e-06,0.7185065942976793,0.7697243855870165,0.47825665074764634
100524.0,0.059951826377179135,0.02687094329558807,0.31843886818683603,0.5936351660212089,0.0011031961191876668,0.5936351660212089,0.9473864197510318,0.5886442791186722
100526.0,0.21225335268662152,0.7203843865519028,0.013975256519076195,0.05338358933345078,3.414908947618415e-06,0.7203843865519028,0.7814032483612875,0.4855131361852287
100528.0,0.9977313968766514,3.6836207467945685e-07,0.0021839937512685287,7.664221063742195e-05,7.598799367862879e-06,0.9977313968766514,0.01646780155932219,0.010232020404202126
100532.0,0.0032156497323449383,2.3395927522706016e-06,0.9926114233934952,0.0018446141398563566,0.0023259731415499704,0.9926114233934952,0.05156504625306853,0.03203916463921369
100534.0,0.008490946197339064,3.181296271865379e-06,0.7014538011554544,0.15641238672096258,0.13363968462997347,0.7014538011554544,0.8484170250402459,0.5271511367326417
100535.0,0.03614825060530904,3.1486435307773656e-05,0.9633638838658042,0.00022442293675971765,0.0002319561568187003,0.9633638838658042,0.16012665331382003,0.09949228365799202
100544.0,3.3283070380129804e-05,0.027346608851435084,0.009530839840555697,2.6800794301350804e-08,0.9630892414368365,0.9630892414368365,0.17933866187423742,0.11142937573963765
100546.0,0.003149939054834636,0.17541864681900335,0.8213408170559794,1.0371070347889578e-05,8.022599983569473e-05,0.8213408170559794,0.48600454237772583,0.3019716005339384
100548.0,0.0006705882432783966,0.9738236969116508,0.0019603381841655945,0.023509709005451154,3.566765545315339e-05,0.9738236969116508,0.13148762679687123,0.08169785599123265
100551.0,0.07347887415371651,5.690980109722024e-07,0.7917282729846371,0.13338490098417594,0.0014073827794579563,0.7917282729846371,0.6546885378562306,0.406780859825829
100554.0,0.11329937393199535,5.314405728399e-06,0.4563032065627217,0.4269920067728746,0.0034000983266807704,0.4563032065627217,0.9875054310990975,0.613571622409219
100557.0,0.0068691559519749295,0.03925032837824319,0.0037859318362149785,0.9499640551475516,0.00013052868601626466,0.9499640551475516,0.23234011444646185,0.1443610298051651
100558.0,0.002512343446219925,0.0001702812307023504,0.03830851211420037,0.9561940815873426,0.002814781621535625,0.9561940815873426,0.20084646756151675,0.12479292677886421
100563.0,0.9142000826925155,3.8348343685359375e-06,0.08449524225729366,8.220951551358489e-05,0.0012186307003091209,0.9142000826925155,0.2998000416047267,0.18627623923144176
100565.0,0.019971367220607474,0.011457577343121951,0.3909532224228622,0.577224620476457,0.0003932125369514118,0.577224620476457,0.8168145797102909,0.5075154334316304
100568.0,0.02073673415638301,0.014949251927399064,0.052903199596913225,0.9014160290430894,0.00999478527621662,0.9014160290430894,0.4382928908959827,0.2723266846827985
100570.0,0.9988659615204126,8.800036792058851e-08,0.000991355772602653,1.047128264907649e-06,0.00014154757835016036,0.9988659615204126,0.009260411526021271,0.005753817189515502
100571.0,0.004612171394792503,0.5548809072128298,0.0015071549937899608,0.43886037293105906,0.00013939346752847535,0.5548809072128298,0.7240992997257157,0.44990819100973833
100572.0,0.01870012505032691,5.455006640621523e-07,0.0023145282882631544,0.9778888815385234,0.0010959196222218388,0.9778888815385234,0.11780051340513337,0.07319357428766722
100574.0,0.9988618842600279,2.13380080715736e-06,0.0006339797975575983,6.564227040236432e-05,0.00043635987120642014,0.9988618842600279,0.009841991259140773,0.006115172994934504
100575.0,0.024513231852015434,0.0012541770447778145,0.9511094685872745,0.02310970421519378,1.3418300737482778e-05,0.9511094685872745,0.23417969031456945,0.14550402255679318
100576.0,0.04047827815118274,0.0012028108352358847,0.9497687183911228,0.002830720586907106,0.005719472035551834,0.9497687183911228,0.23299118709827496,0.14476556398867296
100577.0,0.01589613439800893,0.9801050529791756,0.0029781204882887457,0.0010206118281203367,8.030640471748835e-08,0.9801050529791756,0.1098851612292002,0.0682754894614175
100579.0,9.619454748619151e-06,0.0004980678220728595,0.8750382534983082,1.0175809220460498e-07,0.12445395746677639,0.8750382534983082,0.38004685260397003,0.23613638629227418
100580.0,0.05606156961030852,6.9596469042317194e-09,0.9075566054132481,0.0032450047956455153,0.03313681322114921,0.9075566054132481,0.38105971941989675,0.2367657158290656
100581.0,8.05416923419755e-05,2.3052582855235686e-05,0.9713466887429989,0.023393287514570073,0.005156429467235135,0.9713466887429989,0.1442547268007104,0.08963050123663407
100583.0,0.04535479099210401,0.951305726047015,0.0031485300011962715,4.1594234577053565e-09,0.00019094880025965496,0.951305726047015,0.20755559570111565,0.12896154247243394
100584.0,0.0002330469070088771,0.0023096151404289026,0.012662628722022546,0.984220798153478,0.0005739110770616711,0.984220798153478,0.09123165243977993,0.05668541279843592
100586.0,0.008994353524058748,0.00015000657636668143,0.3631592265904863,0.627472090009,0.00022432330008848047,0.627472090009,0.7058656803998951,0.4385790063391447
100590.0,0.7604231911106669,9.949205226250037e-05,0.16386558076550212,0.0755647791747256,4.695689684356375e-05,0.7604231911106669,0.7012008676671145,0.4356805952250897
100594.0,1.2044557644989412e-11,8.386480941007413e-25,7.721749920804707e-15,1.643484327185743e-28,0.9999999999879492,0.9999999999879492,3.152035362530755e-10,1.958469685707629e-10
100597.0,2.1674930126758806e-05,7.804897403188692e-09,0.9594007032638507,2.7724165849468725e-05,0.04054988983527421,0.9594007032638507,0.17025900345681272,0.10578786677102346
100599.0,3.073262820227035e-05,0.3727856281716419,0.00167478252100828,0.6244548389463843,0.00105401773276216,0.6244548389463843,0.6801379275946535,0.42259345473353405
100610.0,0.07215346551381241,0.02993925026111601,0.855407779660973,0.04248688501606131,1.2619548038503048e-05,0.855407779660973,0.56266770608981,0.349605102342119
100611.0,0.0036464402745697757,0.00011696386399151521,0.003061292442616263,0.9931611197592866,1.4183659536741708e-05,0.9931611197592866,0.04622543006133981,0.028721474562152488
100617.0,0.0006258970210958477,7.525390340210008e-07,0.3167876088312828,0.6770568664406421,0.005528875167944922,0.6770568664406421,0.6615723174685404,0.4110579925807663
100619.0,0.012558768383654651,0.7153285383915615,0.2717475421112528,0.00019897423816368792,0.000166176875367668,0.7153285383915615,0.6518153580840318,0.40499565286009187
100621.0,0.13778121177623673,0.07306173733204371,0.4288990077098137,0.36023129946189236,2.6743720012913533e-05,0.4288990077098137,1.1954154220790725,0.7427533630490513
100622.0,0.025493800864645543,0.2351375260001344,0.03827587063378171,0.7000363672379967,0.0010564352634420738,0.7000363672379967,0.8157067639553622,0.5068271088020377
100623.0,0.004906039155574016,0.9341567313847927,0.0026680679283527476,0.05826351988397246,5.641647308387508e-06,0.9341567313847927,0.2712237571756984,0.16852079541577464
100625.0,0.7069299463872724,0.018757992266592884,0.163323247444363,0.11093284784770242,5.59660540692035e-05,0.7069299463872724,0.8601804615800858,0.5344601708053193
100627.0,0.0061170811773169475,0.9918312525745695,0.00022210104753117867,0.0018292480990278316,3.1710155513771943e-07,0.9918312525745695,0.05271648674392409,0.03275459484124872
100628.0,0.002942547912671053,0.021875090143497283,0.36899343159541564,0.5846222920829821,0.021566638265432897,0.5846222920829821,0.8652055458826245,0.5375824312315938
100629.0,0.1887842817452657,0.5538009266411132,0.08850399004080739,0.1683991530710619,0.0005116485017525039,0.5538009266411132,1.160463248928263,0.7210363568316768
100632.0,0.003935508709831957,0.0009012969822993157,0.0037835426649426036,0.987424233595615,0.003955418047310911,0.987424233595615,0.08359487989169084,0.05194041922702234
100634.0,0.0967464325715012,0.6076767630135836,0.05242414842386915,0.24309339023701412,5.926575403047104e-05,0.6076767630135836,1.0276110465973136,0.6384906423902761
100635.0,0.4078194881225424,0.04481548424005986,0.06642836471940433,0.4808945793262506,4.208359174121671e-05,0.4808945793262506,1.037566539129886,0.6446763376915107
100636.0,0.19124366891406824,9.086592467807636e-05,0.08892622762763992,0.7197098114793951,2.9426054217537567e-05,0.7197098114793951,0.7694238196930799,0.4780698986576064
100638.0,0.0008291887468307436,0.00013082154914807043,0.08145909692111784,0.9084929928282811,0.009087899954622478,0.9084929928282811,0.34123101583001836,0.21201875089045433
100639.0,9.05841505145521e-09,9.64432965421162e-21,0.5167085875603064,1.1327190696312143e-10,0.4832914032680093,0.5167085875603064,0.6925888956520192,0.4303296761566612
100641.0,0.0033099723342568774,0.992707135817116,0.0038877652733494772,8.222563366460288e-05,1.2900941614566665e-05,0.992707135817116,0.04866429612630467,0.030236827249027085
100642.0,0.020361935172919964,5.513478396453303e-13,0.9575071438307398,0.001506533010807388,0.020624387984981098,0.9575071438307398,0.21070654965730845,0.13091934024260535
100644.0,0.01490153347059969,0.4806829326086324,0.003616100436746251,0.5007984560972826,9.77386739850685e-07,0.5007984560972826,0.781475710820768,0.48555815964274807
100647.0,0.0039796083719280785,0.010938253817764266,0.006254664971585678,0.9766317394883633,0.0021957333503590934,0.9766317394883633,0.13965768255096112,0.08677419704854847
100649.0,0.13650453475774665,0.061339349548361954,0.1539503155351647,0.6480743248127989,0.00013147534592694956,0.6480743248127989,1.0133908372855724,0.6296551295681414
100653.0,0.12217550222615776,0.003874107352561916,5.769908559537639e-08,0.6410009701546316,0.23294936256756343,0.6410009701546316,0.9028253437896739,0.5609569259023162
100654.0,0.9006211532590118,2.4797803665467065e-06,0.09900773991242184,0.00019062503168986548,0.00017800201650983852,0.9006211532590118,0.3264311765156723,0.20282309369858237
100663.0,0.3013791546218737,0.002351918553494297,0.505042003010008,0.1907203115747033,0.0005066122399201853,0.505042003010008,1.0405636823548186,0.6465385674810399
100667.0,0.0007435547091593826,0.992246584992355,0.0003403305118986092,0.00666944692599466,8.286059381693302e-08,0.992246584992355,0.04921437565950173,0.03057861087978866
100670.0,0.00889780868964537,2.089138797899516e-06,0.18615494909734995,0.7534828098187633,0.051462343255443056,0.7534828098187633,0.7209580385806549,0.44795641572173733
100672.0,0.19493830470787868,1.2807262245692817e-06,0.7770531435500667,0.019918157514201344,0.008089113501625774,0.7770531435500667,0.6317336694292935,0.39251819815395356
100673.0,0.00017300807393003177,0.9790422398885325,0.020177020675437217,6.222716909302115e-07,0.0006071090904092882,0.9790422398885325,0.10549601785255172,0.06554836134871486
100675.0,0.9558226546696781,0.013024421191255329,0.022816324394309098,0.008332781647070051,3.818097689163182e-06,0.9558226546696781,0.22591830101005436,0.1403709327739008
100677.0,0.0008684891936163615,0.5731835212329517,0.4256063747445613,8.079692730792554e-12,0.0003416148207894556,0.5731835212329517,0.6914235283404631,0.4296055927343975
100681.0,0.9637547825892966,0.004503841478698391,0.015651539977843555,0.006739403305025091,0.009350432649134769,0.9637547825892966,0.20236399626132406,0.12573582037425132
100689.0,0.9999952955383826,3.553946739477765e-09,5.06355575990274e-07,2.0250828777847145e-06,2.1694692152428816e-06,0.9999952955383826,6.695447997401853e-05,4.160115743312965e-05
100692.0,0.0010337000956302895,0.0015633514831003073,0.06667174394604775,0.9305883576316663,0.0001428468435558025,0.9305883576316663,0.2659619585058643,0.1652514560835874
100693.0,0.9010198269205619,0.0012433370014247932,0.09689935109156886,5.711375592055923e-06,0.000831773610852781,0.9010198269205619,0.33436830564262904,0.2077547093052712
100696.0,0.04942613674383711,3.556162815783341e-05,0.31391422768009053,0.6365756557395388,4.8418208374479756e-05,0.6365756557395388,0.8007062350424381,0.4975067561515665
100697.0,0.020221824403592895,0.03626832399902955,0.22129893464646375,0.7218850049294644,0.000325912021448509,0.7218850049294644,0.7708238430251437,0.4789397820630162
100698.0,0.0006133704097724543,0.9888445248888436,0.0001672611238477463,0.010374790317120266,5.326041630524232e-08,0.9888445248888436,0.06448117443607138,0.040064406298563324
100701.0,0.99997621598458,2.2094583065153358e-07,1.798716198329855e-05,9.078046342635861e-08,5.485127144050809e-06,0.99997621598458,0.0002916107928046241,0.00018118797286413766
100705.0,0.365675458640706,0.007436814685166043,0.19197138761163482,0.4348909044337452,2.5434628749463936e-05,0.4348909044337452,1.0835396499603283,0.6732410375008453
100707.0,0.05418868065478863,0.8877095276870781,0.035639633848076106,0.022449894045419708,1.2263764638166661e-05,0.8877095276870781,0.46791320082746923,0.2907308180157141
100709.0,0.0046820507117670135,0.7258443270026027,0.2685178918354313,0.0008903955571707505,6.533489302915972e-05,0.7258443270026027,0.6176304619110955,0.38375538263355335
100710.0,0.006522367827586965,0.0032402263866152772,0.9829262353035724,0.007057584995141726,0.00025358548708275636,0.9829262353035724,0.1053849063878326,0.06547932391405478
100711.0,0.004177663264190016,0.07490494323738994,0.9208636822521385,1.6667199690823015e-06,5.204452631152944e-05,0.9208636822521385,0.2934585838833407,0.18233607001311183
100713.0,0.004730884486811205,0.9926792903906864,0.0013968331708349572,0.0011929135077450883,7.844392129818863e-08,0.9926792903906864,0.04983467371335726,0.03096402373048844
100714.0,0.05118113566572251,0.9136841345439549,0.01287990574724361,0.022253136551368354,1.6874917099231698e-06,0.9136841345439549,0.3753647351718362,0.2332272231639789
100715.0,0.7585259842340072,0.20274740761708934,0.016836917478660313,0.021874089084383774,1.5601585861044057e-05,0.7585259842340072,0.6857336068400285,0.4260702457312757
100716.0,0.012757158719141709,0.3296405133037522,0.654555191009336,0.0026949026454996766,0.00035223432227051435,0.654555191009336,0.7176067035956556,0.44587411421814543
100717.0,0.9265562841020222,1.0977967274536043e-07,0.00037217182516978794,0.07034982429562091,0.00272160999751603,0.9265562841020222,0.2764217041954682,0.17175046148714762
100720.0,0.016581267419278022,0.005107491069226733,0.4534656021871106,0.5244492353720899,0.00039640395229394897,0.5244492353720899,0.7951320156435361,0.49404329890612875
100721.0,0.029849653653918,8.632180155982844e-06,0.050419572570287244,0.00013789573180524246,0.9195842458638349,0.9195842458638349,0.33386020283098017,0.2074390072780458
100725.0,0.03287450143486554,0.00544635823577532,0.9602534500812845,0.0013153369366932879,0.00011035331138255478,0.9602534500812845,0.18933614661448334,0.11764116226647908
100726.0,0.27949997790345965,0.032083993779273866,0.6849753698907023,0.0026764969284414466,0.0007641614981233657,0.6849753698907023,0.7471565838208972,0.46423448711414034
100727.0,0.12396919257951705,0.79041037878317,0.024068505939086316,0.06155119072014234,7.319780831437695e-07,0.79041037878317,0.7060279146998238,0.43867980817727426
100728.0,0.010848801398540383,0.003578829095100594,0.9407077972006692,0.044577358270625485,0.0002872140350643619,0.9407077972006692,0.26773536886827737,0.16635333789506465
100732.0,0.0054588158026904155,2.817619507457939e-06,1.1546681961660762e-06,0.8895350303965188,0.10500218151308814,0.8895350303965188,0.36927204442783934,0.22944162155926565
100733.0,0.6563321587406539,0.18082634551614424,0.06398099011072249,0.09881739851979726,4.310711268239444e-05,0.6563321587406539,0.9906651992285578,0.6155348967331608
100735.0,0.014541044359646933,0.0012463614344609992,0.9707326791179519,0.009651456745466984,0.0038284583424716074,0.9707326791179519,0.16478531813697983,0.10238687486102518
100738.0,0.9949972217034354,0.00042075498619985444,0.004572513601614186,4.836301475593987e-07,9.026078602917833e-06,0.9949972217034354,0.033008135731967043,0.020509107854956528
100739.0,0.007809004136318465,0.0001260569463384637,0.16345188081557022,0.8283460067758385,0.00026705132593533675,0.8283460067758385,0.4932699149760974,0.3064858303418988
100740.0,1.908620092326035e-05,0.0021727499851767005,0.00012148813511747916,0.9976044929206055,8.218275817700429e-05,0.9976044929206055,0.017791178934489747,0.011054280998999532
100741.0,0.0007578062311039502,0.9332546297530955,0.06521120688756814,0.0006293227517253431,0.0001470343765061953,0.9332546297530955,0.2538824039523628,0.15774600684557827
100742.0,0.0048362104777543305,0.8949214004044848,0.009194068552168913,0.09104773168172677,5.888838647951653e-07,0.8949214004044848,0.3864439014744769,0.2401110962336052
100743.0,0.1824179277211522,0.06779673356630386,0.7370272896758847,0.012533197521571946,0.00022485151508604,0.7370272896758847,0.7744989812738349,0.48122327384626423
100745.0,0.07336369929574756,0.0951622626610076,0.05150618641998904,0.7799585543505886,9.297272667182921e-06,0.7799585543505886,0.7621967136055524,0.4735794451696571
100747.0,0.013073868485033406,0.0008623213642155539,0.9350203176754418,0.05042353515751254,0.0006199573177977618,0.9350203176754418,0.28081786796445746,0.1744819516148659
100748.0,0.002966285837399054,0.04615334306460387,0.9507384280212352,6.602103596715389e-07,0.00014128286640309316,0.9507384280212352,0.2085125267726164,0.12955611717712293
100749.0,0.0002830719607984265,4.196044234633414e-07,6.464011300055089e-07,0.9995472501474179,0.00016861188623159477,0.9995472501474179,0.004245550240722907,0.0026379086809891115
100752.0,0.005382031279339368,0.22128518468249941,0.1399213147191513,0.6330842828828787,0.0003271864361316206,0.6330842828828787,0.9291055363716955,0.5772857276404805
100754.0,0.032998940590699403,0.0013115725780785267,0.9296541160625038,0.035568008379598594,0.00046736238911796596,0.9296541160625038,0.31133415143320453,0.19344278460692244
100756.0,8.648800820923944e-06,0.0005280276423722742,0.9916673297082156,1.9152718230744815e-05,0.007776841130361757,0.9916673297082156,0.05036047608384785,0.0312907231119485
100759.0,1.562473594446966e-29,8.446751952326485e-08,6.789194646071605e-13,3.034883992795161e-74,0.9999999155317987,0.9999999155317987,1.4602012271486207e-06,9.072740339142532e-07
100760.0,0.00043098883496507325,0.5050636801979858,0.49430479605329725,6.360800776356268e-10,0.00020053427767183985,0.5050636801979858,0.6983302362326292,0.433896971630599
100761.0,9.549256422475553e-06,1.4860919979031674e-06,0.9975918107143171,0.0019075186746557737,0.0004896352626067392,0.9975918107143171,0.01821232679847905,0.011315954879511246
100765.0,0.15676140665287194,0.2681484705337743,0.020246921277538837,0.5548355572263557,7.644309458176982e-06,0.5548355572263557,1.0493170527664548,0.6519773423129299
100771.0,2.452209589527076e-08,4.267134066888459e-22,0.9320663059484942,9.585729554973198e-11,0.06793366943355368,0.9320663059484942,0.24826135001388655,0.1542534496645591
100772.0,0.08329844752793426,0.9013633777312466,0.015246008245934726,2.182447698780992e-06,8.99840471869947e-05,0.9013633777312466,0.36527489744769026,0.22695805450192955
100774.0,5.5222717097939115e-05,1.8809941456049866e-10,0.1816953034458704,0.018597452686773503,0.7996520209621577,0.7996520209621577,0.563299909044972,0.349997912123893
100775.0,0.0034216515537759807,0.9948063903559567,0.0006283143757559277,0.001143443522982919,2.0019152736975815e-07,0.9948063903559567,0.03698765005555903,0.022981719126784594
100780.0,0.7098814362614628,0.1439152274647911,0.14552656577521927,0.00044539512453721134,0.00023137537398834306,0.7098814362614628,0.8080914515432313,0.5020954491627954
100782.0,0.26504255386684644,4.558787885466358e-05,0.01405510329598648,0.7208521049926573,4.649965656101691e-06,0.7208521049926573,0.6483455043131606,0.4028397114944362
100787.0,0.0004022164430498259,0.12035431451289327,0.46246698949295956,0.41633995427883663,0.00043652527226137246,0.46246698949295956,0.9828145512028451,0.6106570148558541
100788.0,2.4415895000613978e-09,1.2535487787630187e-08,1.582951022205387e-08,1.621486732937871e-05,0.9999837543260814,0.9999837543260814,0.00019564956848449504,0.00012156391183093002
100790.0,0.025010026332279302,0.0694879961439089,0.8854572657206576,0.020001657221686415,4.3054581466441245e-05,0.8854572657206576,0.4639406726486346,0.28826254747968166
100795.0,0.0008032304611825159,0.0001385143348132466,0.43136506941690655,0.5674552838617093,0.00023790192538696153,0.5674552838617093,0.6931484764315996,0.4306773632437226
100800.0,0.15169786762083165,0.03236371282400389,0.7942592027724246,0.021596196417869837,8.302036486848861e-05,0.7942592027724246,0.6636729884644448,0.4123632128565378
100801.0,0.015189228976756319,0.05025824531028516,0.0014409811329166877,0.9330721156579271,3.9428922114024815e-05,0.9330721156579271,0.28836507542956014,0.1791712952713033
100802.0,0.8830053765424294,0.0018237298260196742,0.02305077391697139,0.09211412216091348,5.99755366535534e-06,0.8830053765424294,0.42801093923223693,0.2659381489186599
100805.0,4.146457091867933e-07,3.515484760060211e-09,0.9995459295019689,2.2542072574197954e-11,0.00045365231429592064,0.9995459295019689,0.003952426882721501,0.0024557808985274147
100816.0,0.522253359323728,0.004054340804809892,0.2760152545499024,0.19722930591588736,0.00044773940567371023,0.522253359323728,1.0405348247471182,0.6465206372412479
100817.0,0.0169694836187702,0.9566360735409175,0.0246960739438269,0.0011659720270063047,0.0005323968694782769,0.9566360735409175,0.21487457151592215,0.13350907783137012
100819.0,3.282746225449808e-05,0.9993015375631851,0.0006610930628429,3.7105184374281897e-06,8.31393281432667e-07,0.9993015375631851,0.005935443948761571,0.003687898677486015
100821.0,0.012507303437654316,6.19717672880988e-05,0.8925264800579644,0.09061295249174589,0.004291292245347712,0.8925264800579644,0.39784849763548,0.24719717024298088
100825.0,0.5854067136783437,0.011716017819400914,0.3972525816300123,1.0686534701254219e-06,0.0056236182187714,0.5854067136783437,0.7614401198391232,0.4731093470313046
100829.0,0.0325940384669057,0.0004220209617198848,0.23728746463493836,0.7251416428660193,0.004554833070417853,0.7251416428660193,0.7138127645933183,0.4435168073764051
100834.0,0.0010653915009623822,3.4975545538332826e-06,0.8969090819619436,0.09960909202179238,0.0024129369607480554,0.8969090819619436,0.3492114371283089,0.2169772654355858
100836.0,0.0074713983521988775,0.9726279207062489,0.019879490248988798,2.0986763591532522e-05,2.0392897048315714e-07,0.9726279207062489,0.14169736589698145,0.08804152356687035
100837.0,0.00018510920498854405,0.00016887548314623583,0.7263768989940014,0.2727912377004776,0.0004778786173873207,0.7263768989940014,0.5932935286948838,0.3686339958262768
100838.0,0.9999498870094411,2.6169879393972375e-07,1.3617033229534164e-05,2.497690458814868e-05,1.1257353947680763e-05,0.9999498870094411,0.0005996118905952986,0.000372559814804195
100840.0,0.002156097627371779,0.00013543351383966086,0.20517817298433133,0.7916315985149781,0.0008986973594784599,0.7916315985149781,0.5306964061084173,0.32974021676039467
100841.0,0.00010227464226570089,0.977679067459819,0.022173576197092943,2.4349308596017205e-09,4.5079265890746845e-05,0.977679067459819,0.10791670403164949,0.06705241823739394
100843.0,0.7026985317842995,2.4212843154464905e-05,0.0004972189447779853,0.29584248561503046,0.0009375508127369283,0.7026985317842995,0.6188223762460113,0.38449596064883895
100846.0,0.00017502413818806792,0.9161677258377593,0.058801460250316,0.024844493988468355,1.1295785268516571e-05,0.9161677258377593,0.3402810647125397,0.2114285130750409
100848.0,0.35936786519689584,0.0002459234388588718,0.6059138957042998,0.03425292665467596,0.00021938900526850081,0.6059138957042998,0.7908144299080976,0.49136063205574454
100851.0,0.00751906274560274,1.2490266978052761e-08,0.9912094766946682,0.0009998380473184908,0.000271610022143623,0.9912094766946682,0.054659603722423705,0.03396192130192645
100853.0,3.9865625642507496e-08,2.240180522302251e-07,0.060354173205646164,4.384662314237258e-10,0.9396455624722109,0.9396455624722109,0.22794529917761358,0.14163037754769367
100855.0,0.488390101901408,0.446449855059524,0.0571371586385206,0.008000553378496124,2.2331022052075833e-05,0.488390101901408,0.9124415314797968,0.5669317992514715
100856.0,3.6378742454067207e-06,0.26928216762225826,0.10068241778956509,0.005251056874932507,0.6247807198390001,0.6247807198390001,0.9059206027580595,0.562880118430883
100860.0,0.9919947255072291,0.00033252538415374556,0.006782427476801652,0.0007730065015104625,0.00011731513030446952,0.9919947255072291,0.05110432611811716,0.031752903124313385
100861.0,0.9998786051379077,1.6014755128946418e-10,7.554390666594127e-07,7.818043984775033e-05,4.245882303080875e-05,0.9998786051379077,0.0012987843257415287,0.0008069800740416623
100862.0,0.7819730536774232,0.06548841573298583,0.13138356216679353,0.02114587331012073,9.09511267551014e-06,0.7819730536774232,0.719139444023291,0.44682645939144716
100866.0,0.009273695422696647,0.0014921483634611676,0.39634205839943903,0.5900849211615762,0.002807176652826857,0.5900849211615762,0.7476791213327855,0.46455915792489433
100872.0,0.001427362955260022,2.4108649734285034e-07,0.9978348903387629,0.000560302260888258,0.00017720335859278818,0.9978348903387629,0.017244137620505865,0.010714385119973953
100874.0,0.006684612835973514,0.7753688416487567,0.008272762615077514,0.20963516017840966,3.86227217837685e-05,0.7753688416487567,0.5983325331485886,0.37176490532876505
100875.0,0.1435361368602343,0.20671063387358843,0.3976275758052889,0.25209349050298907,3.216295789978391e-05,0.3976275758052889,1.318907880527614,0.8194835416377814
100876.0,0.00013232926557934314,0.00048672003165845564,0.9577326667062374,0.03625753188339534,0.005390752113129162,0.9577326667062374,0.1946819858367171,0.1209627189297919
100877.0,4.533491073952336e-05,0.9718382992454321,0.02447427897134711,0.0036043603984610975,3.772647401945482e-05,0.9718382992454321,0.13967859651676556,0.08678719162612296
100879.0,0.00011894168786093073,0.002038257624432451,0.9942134067660942,2.5764186122147423e-08,0.003629368157426773,0.9942134067660942,0.03986580018386588,0.024770014348408868
100880.0,0.03207961876400157,0.0004097338412557992,0.36093896962662275,0.6065115527900309,6.0124978088230405e-05,0.6065115527900309,0.7852076750408958,0.48787695938723996
100881.0,0.0003311802046702644,6.869589468664387e-05,0.010592853199354135,0.9887689094440238,0.00023836125726597613,0.9887689094440238,0.06464013333724776,0.04016317301702342
100887.0,0.24941728004950534,0.034110075365449674,0.4714285404497746,0.24499774909909208,4.6355036177497744e-05,0.4714285404497746,1.1611391234717328,0.7214563012969142
100890.0,0.018014165594336697,2.851486533175e-06,0.9671548266407474,0.0060473010849945025,0.008780855193388835,0.9671548266407474,0.17716123659828598,0.11007646534829593
100892.0,0.0009041855704322092,0.9885072492773551,0.0043781392169711785,0.005781332839380845,0.0004290930958591188,0.9885072492773551,0.07466069274535796,0.04638929664111227
100895.0,0.6770621557925229,0.1832654570293989,0.06322093215076477,0.07629088660477337,0.00016056842254021057,0.6770621557925229,0.9472926454066987,0.5885860138425727
100896.0,0.8396466539464743,0.002482179828902571,0.008827783990861192,0.14857727942665083,0.00046610280711246197,0.8396466539464743,0.4902526654165454,0.30461110778426453
100898.0,0.07784538054443887,0.43864985132747586,0.151155627082009,0.3321889554999046,0.0001601855461721841,0.43864985132747586,1.2133021836533209,0.7538670328812703
100902.0,0.062463560029290925,0.13472121825148117,0.030283155756575666,0.7725266460616783,5.419900974548204e-06,0.7725266460616783,0.7486286251394313,0.46514911781046075
100905.0,0.020643218808090887,0.011349959755668612,0.6396637055530174,0.3282719650469093,7.115083631342518e-05,0.6396637055530174,0.7830903247193519,0.48656137566376373
100907.0,0.1579742837814041,0.20771706587244976,0.10229011646505677,0.5320164937584642,2.040122624493837e-06,0.5320164937584642,1.1869449072757645,0.7374903362880517
100911.0,0.4331699647520121,0.029320579252990805,0.24906844119326554,0.28839869187339595,4.2322928335413884e-05,0.4331699647520121,1.1711232622445897,0.7276597955079813
100913.0,0.7415098739648055,0.17807141670891133,0.013344480408821297,0.06692753140052393,0.000146697516938105,0.7415098739648055,0.7689159294550344,0.4777543287097869
100915.0,0.029757611556464253,0.00013270927849832735,0.116064878998709,0.8516618767231945,0.0023829234431330033,0.8516618767231945,0.5068701185692824,0.3149361119514678
100919.0,0.0001712135096168341,2.8410228341745884e-07,0.9988823601612379,0.0008253945558731072,0.00012074767098956584,0.9988823601612379,0.009555537642521417,0.005937189355797953
100920.0,0.28135066039884277,0.20598392258443782,0.4892788661238866,0.023217658271899654,0.0001688926209337489,0.4892788661238866,1.1208206475417144,0.6964050236933929
100923.0,0.1685524965952083,0.8170822356761939,0.01257547882150296,0.001784078034957501,5.710872136555438e-06,0.8170822356761939,0.5315628702010463,0.33027858117068654
100924.0,0.9999591734538334,3.786416639208685e-07,8.345394869521286e-06,1.2067127090499357e-05,2.0035382543273406e-05,0.9999591734538334,0.0004974174544389321,0.0003090628415026226
100925.0,0.03945437844068823,0.8764752387962021,0.08000670348417493,2.0237599766694993e-08,0.004063659041336046,0.8764752387962021,0.4675431548384852,0.2905008955153647
100928.0,0.01300545140826139,0.8322610594193119,0.007719961574943955,0.14700585342986577,7.674167616422313e-06,0.8322610594193119,0.5287770787825264,0.3285476716419638
100929.0,0.07995026788352394,0.6652715545369704,0.15885858445140869,5.601746895993263e-11,0.09591959307207777,0.6652715545369704,0.9902381130248725,0.6152695331547426
100930.0,0.0055575731114738255,0.00013474252615631132,0.053239106283790125,0.9249479670023891,0.01612061107619175,0.9249479670023891,0.32491009191713405,0.20187799069908996
100933.0,0.04755743898920328,0.26275241241820774,0.04039498214396895,0.649283847650225,1.1318798396764009e-05,0.649283847650225,0.9062057423112094,0.5630572855964798
100934.0,0.9807694951259371,0.017736017663833353,0.0014896811122637095,5.552713443994729e-07,4.250826622900067e-06,0.9807694951259371,0.10031602016117581,0.062329847822124876
100935.0,0.03087231709682946,0.9425796240415152,0.016188357285108864,0.01035712956957948,2.5720069654667836e-06,0.9425796240415152,0.2772281315560631,0.1722515229784699
100937.0,0.014494040575325558,0.007914548741663693,0.022710057187447025,0.9548737545815038,7.598914059708837e-06,0.9548737545815038,0.22980527189504082,0.142786043574359
100942.0,0.0002185680758825938,0.994433150183718,8.172335349185928e-05,0.005263944841685823,2.613545221960246e-06,0.994433150183718,0.03581555715344624,0.022253456860152558
100948.0,0.12034394053078996,0.4436093485454476,0.015239498656871636,0.42005292152521856,0.0007542907416715419,0.4436093485454476,1.048913342893451,0.651726503265406
100949.0,0.8971421940929382,0.001791814211188749,0.0988101733833171,5.445168033580208e-07,0.0022552737957521624,0.8971421940929382,0.3511631405587907,0.218189926958844
100950.0,4.4793124363301376e-09,4.288814743684119e-18,1.879139086776877e-10,2.8894967508755915e-11,0.999999995303881,0.999999995303881,9.571509001094581e-08,5.9471129188318375e-08
100951.0,1.352168797296264e-11,1.0232737606875168e-20,0.011128175182989988,1.3040154039617058e-09,0.988871823499475,0.988871823499475,0.06112364752804606,0.03797825753688328
100952.0,0.052281475395702846,0.7862908937174223,0.01395450451849839,0.14726655910266034,0.0002065672657158994,0.7862908937174223,0.6867916608408121,0.4267276516446131
100954.0,0.020694367296543243,0.0010631787903976303,5.111024563110299e-05,0.9781438665974445,4.747706998426423e-05,0.9781438665974445,0.11012282492949249,0.06842315822108581
100955.0,0.014561301323505848,0.052990775643407366,0.0021011944925366354,0.9301637548803662,0.00018297366018352375,0.9301637548803662,0.2991210256289878,0.1858543428845911
100965.0,0.008809538045062149,0.9900928617413923,0.0010475888372332982,4.7056203771716905e-05,2.955172539893738e-06,0.9900928617413923,0.05923821609864796,0.036806773123081574
100966.0,0.011991282939488097,0.978262924696959,0.0005864875889647022,0.009159073242560172,2.315320274981397e-07,0.978262924696959,0.12189486472181814,0.07573753779508362
100968.0,0.9993999650484562,6.577354318942652e-13,0.0003238029290045023,4.368633198336769e-10,0.0002762315850188301,0.9993999650484562,0.005465258898737609,0.003395756280198469
100969.0,1.4062667932012142e-32,3.805479168482511e-36,1.0508459319452348e-11,1.5333815660604384e-25,0.9999999999894911,0.9999999999894911,2.7625665327250895e-10,1.7164790958273173e-10
100971.0,0.9997076183546485,2.280050367223257e-05,0.0001597618891812072,0.00010601710604361238,3.8021464556024294e-06,0.9997076183546485,0.002950367523118019,0.0018331664119033385
100972.0,0.005161353064561225,0.041921189898622695,0.8462515074079462,0.10626426792504944,0.00040168170381901845,0.8462515074079462,0.5427942709614294,0.33725704282715196
100973.0,0.8801079167566203,0.0076505844840798,0.0041489364206029585,0.10806845174733562,2.411059136279921e-05,0.8801079167566203,0.4131444837630794,0.25670110078259756
100983.0,0.12373140429275292,0.8104150701574744,0.008612338129512696,0.057239911612406415,1.2758078551294416e-06,0.8104150701574744,0.633610858773087,0.39368456147203545
100985.0,5.365771867822817e-05,0.6452281587386476,0.0002189051912750904,0.3544955237385297,3.7546128707951656e-06,0.6452281587386476,0.6527597229311597,0.40558241973058246
100986.0,0.08641585413711962,0.6888126878225415,0.19280699092609208,0.031930905968724145,3.35611455220342e-05,0.6888126878225415,0.8960706807407863,0.5567600177788633
100987.0,0.19283825643609342,0.0036209702144692573,0.05967726985483782,0.7428182239785523,0.0010452795160469969,0.7428182239785523,0.7339822244795473,0.4560487974149179
100988.0,0.19674775987772344,0.00789560415987313,0.791848625730158,0.0032642226132141372,0.00024378761903159782,0.791848625730158,0.5636256676692348,0.35020031733738155
100989.0,0.006056623248688789,0.07469338893488875,0.03320517421607319,0.8859997274110027,4.508618934578143e-05,0.8859997274110027,0.4454672229897652,0.2767843478447978
100992.0,2.1424168257645212e-09,1.2222013954558825e-10,4.02846966031592e-10,1.0433358741346288e-07,0.9999998929989276,0.9999998929989276,1.838503411047709e-06,1.1423263965909515e-06
100994.0,0.08516781168938459,0.8284330843133196,0.030872339874565054,0.055526588793600895,1.7532912882481743e-07,0.8284330843133196,0.6336014771584536,0.3936787323471212
100996.0,0.04186230801150192,0.02445633642103986,0.21461244550248584,0.7190509630509673,1.7947014006578506e-05,0.7190509630509673,0.7912261548657784,0.4916164511553817
100997.0,0.9991800831770458,2.5440944090533473e-05,0.0007920777427196517,1.0128326777408308e-06,1.3853034652821484e-06,0.9991800831770458,0.006777500394352159,0.004211097764002542
100999.0,0.329437671938662,0.6382867852069992,0.018387873242745094,0.013885949160526873,1.720451067745035e-06,0.6382867852069992,0.7852576218773665,0.4879079931016099
101001.0,0.4484894461448043,0.0005362246656902638,0.48821783175960937,0.062415988566782585,0.00034050886311515617,0.48821783175960937,0.8895744419508477,0.5527236776754332
101002.0,0.0006814037756654045,0.998134406633789,0.00040728935524264506,0.0007768649097447973,3.532555918632181e-08,0.998134406633789,0.015574653033797304,0.009677076023543108
101004.0,2.5301410071343022e-05,0.9981747540025812,0.0015276973716344215,0.0002712458723255377,1.0013433874447431e-06,0.9981747540025812,0.014238401227787537,0.008846816095100867
101006.0,0.06386327447706028,0.03220513472055679,0.6201739304459087,0.23599132154441796,0.04776633881205614,0.6201739304459087,1.0686651111779129,0.6639989669198688
101007.0,0.5447400239817741,0.012714741007940063,0.03186551100099258,0.41043518828161796,0.00024453572767634305,0.5447400239817741,0.8637575747757578,0.5366827561986645
101009.0,0.9985343513503344,5.8959899640002945e-09,0.0007343508425094812,0.0003484176997099569,0.0003828742114546982,0.9985343513503344,0.012550664816582919,0.007798166502491171
101010.0,9.757548595717348e-18,1.4158117339135124e-21,0.0008810162678374488,9.83829180603103e-14,0.9991189837320645,0.9991189837320645,0.007078079262564442,0.004397857915413223
101011.0,0.39368908121614654,0.1772230746048581,0.057213722667591775,0.3717508876587378,0.00012323385266609278,0.39368908121614654,1.2063064502267704,0.749520339310488
101013.0,0.03935400259202573,0.2510388362199548,0.7088204664878508,3.349438677869942e-07,0.0007863597562997243,0.7088204664878508,0.7238577943944569,0.4497581353105448
101014.0,0.025054388229161888,0.9711459908798807,0.0010494571091851858,0.0027420525097651,8.111272008061262e-06,0.9711459908798807,0.14427115602404783,0.0896407092870413
101018.0,1.759554094224548e-05,3.956509478070477e-05,0.2016993993044722,6.950617215426199e-08,0.7982433705536314,0.7982433705536314,0.5033884941284285,0.31277285705734864
101019.0,0.022944974861468445,0.00933385072595097,0.005382510123289294,0.9622421001869456,9.656410234730605e-05,0.9622421001869456,0.19628697195617065,0.12195995287529166
101021.0,0.29363320844743707,0.001688517638732102,0.7029210660127281,0.0012860790586963074,0.0004711288424067964,0.7029210660127281,0.6305610301617564,0.3917895964113963
101023.0,0.021857296010045563,0.7435281280002671,0.06555184866894855,0.16905988216475806,2.8451559795521905e-06,0.7435281280002671,0.7830726450954032,0.4865503906957745
101024.0,0.01642481511581771,0.02641544950295264,0.05715123665534511,0.8999433963230977,6.510240278696246e-05,0.8999433963230977,0.42255016548256114,0.2625451794182603
101025.0,0.004076781803165751,0.9883501849017491,0.00757050826999404,9.008327973573627e-07,1.6241922936138775e-06,0.9883501849017491,0.0710186989364325,0.04412639865617707
101026.0,0.7092237935639893,0.0029448255203894085,0.27703961670024224,0.010123951858999452,0.0006678123563779752,0.7092237935639893,0.6678267522665234,0.41494409141667843
101028.0,0.002473542963924457,0.00012787101068953421,0.9930568595533393,0.004256236165916567,8.549030612837703e-05,0.9930568595533393,0.046948905689082436,0.029170995243971425
101031.0,0.00012284147698657553,1.4395589368038988e-09,0.00031057641905593445,0.9994913139070403,7.5266757359594e-05,0.9994913139070403,0.004837895187076152,0.0030059532894682224
101033.0,0.040552459362620696,0.015638471194417712,0.12828938895926592,0.8142985454766404,0.001221135007054245,0.8142985454766404,0.6339114011256249,0.393871298934982
101034.0,0.10279475852700239,0.7630442081577828,0.10746772294076108,0.026629218183428217,6.409219102560742e-05,0.7630442081577828,0.7771006962944721,0.4828398102783546
101036.0,0.000290315974435412,0.00018812913750498975,0.9225538800771399,0.00512903070154763,0.07183864410937173,0.9225538800771399,0.29456454289382866,0.18302324098251901
101037.0,0.9995544568590573,0.00013302901894994313,0.00025077148643827963,3.5005303285414257e-06,5.8242105227393174e-05,0.9995544568590573,0.004323747609298848,0.0026864954378759778
101040.0,0.38040809691296107,0.01563092022058107,0.4266943244385134,0.17605594124809487,0.0012107171798504284,0.4266943244385134,1.110012720099501,0.6896896808033601
101043.0,1.5198831998581318e-05,5.9185172038556656e-05,0.7742294870263852,0.1946832247255005,0.031012904244077644,0.7742294870263852,0.62515476678604,0.38843049611063357
101046.0,0.007026241685650145,0.00956030761162636,0.19067351999292137,0.7926140393225224,0.00012589138727807145,0.7926140393225224,0.5806252972007877,0.3607627810399066
101049.0,0.9941598600461655,1.1655257761166813e-09,0.005770792869831654,6.980804126982216e-08,6.927611043462598e-05,0.9941598600461655,0.036235837462790015,0.022514591698655367
101051.0,0.06013704338666073,0.029936117112800517,0.6251037229939848,0.24313312527648157,0.041689991230072575,0.6251037229939848,1.0440823091826212,0.6487248132508324
101052.0,0.00859143976462855,2.514291206103518e-09,0.0022988422173251875,3.4825412413161755e-06,0.9891062329625163,0.9891062329625163,0.06571368509897418,0.04083020823064207
101063.0,0.0006103450395375014,0.0004152798508891774,0.9775354843960283,0.021250806473543195,0.00018808424000188865,0.9775354843960283,0.11341935689587648,0.07047140869469268
101064.0,0.0006640112379785451,2.088174691280827e-06,3.807153989265406e-06,0.999193363056692,0.0001367303766483712,0.999193363056692,0.006956400412624102,0.004322254595148253
101065.0,0.01860817462873321,0.5371145783029854,0.35201748170367575,0.09219398356550795,6.578179909950822e-05,0.5371145783029854,0.9959215626064168,0.6188008589285644
101068.0,0.01127015373234397,0.9811705727089173,0.007439841688644799,0.00011628875392475454,3.1431161685798493e-06,0.9811705727089173,0.10675969877362676,0.06633353045111526
101069.0,0.091090056570046,0.22787030028480948,0.015028628486415514,0.6660070124240508,4.002234679185118e-06,0.6660070124240508,0.8890974111576151,0.5524272817787371
101070.0,0.021577080073601672,0.8838950298565911,0.0006378500154551729,0.09387686927763413,1.317077671647231e-05,0.8838950298565911,0.4187921195370172,0.26021017418661374
101073.0,0.02295049056463681,0.0031629535077659547,0.06110884009924597,0.9121234979300696,0.0006542178982808115,0.9121234979300696,0.3643304728510373,0.2263712505069717
101075.0,1.6702322615503418e-06,0.02721514815476714,0.016060497533330952,0.10857133636216695,0.8481513477174744,0.8481513477174744,0.5452107527339467,0.3387584873711435
101076.0,0.1088355725885788,0.847917838339835,0.021852166170384858,0.021317801186231472,7.662171496808034e-05,0.847917838339835,0.5475829105175313,0.3402323918723721
101077.0,0.0005932584120525031,0.04327611058631537,0.011879233275485582,0.9441411851098541,0.00011021261629247691,0.9441411851098541,0.24823492245609852,0.1542370292996703
101078.0,0.037714432696274405,0.002466432669388867,0.1364667336346495,0.823332369370203,2.0031629484008157e-05,0.823332369370203,0.5704939062971149,0.35446779393577527
101079.0,0.04468480636214575,0.06507373653855682,0.8888757744503359,0.0010134615102190732,0.00035222113874376154,0.8888757744503359,0.4311779018982018,0.26790589345946997
101084.0,0.0031530642638470233,0.9440240479145539,0.0007781326347129945,0.05204458476982231,1.7041706348590225e-07,0.9440240479145539,0.23193773648515664,0.1441110183209093
101085.0,0.11046860185054697,0.00010833256850384248,0.0013016208021570915,0.888036245812611,8.519896618277469e-05,0.888036245812611,0.3592484392669437,0.22321360550256916
101086.0,0.027153592707383017,0.07583335228903747,0.0011149227009959206,0.8957925454906529,0.0001055868119316663,0.8957925454906529,0.4006390556329856,0.24893104141374578
101087.0,0.0035499140266400317,5.392225769767023e-12,0.99643744617014,2.399894543466857e-06,1.0239903280985902e-05,0.99643744617014,0.02372937211292296,0.014743887868923666
101088.0,0.03425506055800266,1.2257788385416216e-07,0.9655436659905162,7.233757284605519e-05,0.00012881330075170701,0.9655436659905162,0.15127507266806164,0.0939924873767106
101091.0,0.026451277112371243,7.177978669068513e-11,0.8938668634491092,0.023440738854999844,0.05624112051174144,0.8938668634491092,0.4462210507376234,0.2772527273591825
101095.0,0.014453482171104457,0.9755222780867702,0.00047438915008174085,0.009549566008121237,2.8458392290780387e-07,0.9755222780867702,0.13346499754127486,0.08292646551330678
101096.0,0.010621721186205624,0.8644568225039969,0.11924586178540031,0.003325232908665894,0.002350361615730443,0.8644568225039969,0.46097178733472266,0.2864178753174472
101097.0,0.676439671052625,0.04170619741127098,0.07909395406746057,0.2023586596786998,0.00040151778994515014,0.676439671052625,0.924055304058369,0.574147841876569
101099.0,0.823056233881377,0.035779857948045425,0.12229216855686922,0.018855003045075713,1.6736568632935155e-05,0.823056233881377,0.6114690855635125,0.37992710426383075
101101.0,1.3621401862019206e-05,0.36722434321749997,0.00027711016866933437,0.6059862885000067,0.026498636711960736,0.6059862885000067,0.7700461700209703,0.47845658665785934
101102.0,0.00011731487006439573,0.0034326363993408176,0.1305481616680295,0.8637763182383064,0.0021255688242596913,0.8637763182383064,0.4259105718718903,0.2646331173022678
101103.0,0.6716439242097986,0.004558380809461022,0.2503893130543513,0.07288395917849103,0.0005244227478994574,0.6716439242097986,0.8334652334266491,0.5178610662688586
101106.0,0.9899991794668335,0.0023427549960181523,0.007633631385529789,2.1370853129262456e-05,3.0632984897951546e-06,0.9899991794668335,0.06162348950580076,0.03828882681942164
101107.0,0.15049954876061927,0.8091579588338774,0.038919123478307456,0.0009721208239220284,0.00045124810327345317,0.8091579588338774,0.5929243364735197,0.36840460380157564
101108.0,0.47993493488117894,0.5144823612407524,0.004094313832607188,0.0013589936523011501,0.0001293963931603359,0.5144823612407524,0.7268847498145329,0.4516388884583926
101109.0,7.809830335175188e-17,7.150710203895362e-38,5.862250609045163e-06,8.811714472088354e-24,0.9999941377493918,0.9999941377493918,7.64846315835308e-05,4.7522573559769134e-05
101111.0,0.6252586751282135,0.04947718289787994,0.16439704663059007,0.16038785632983635,0.00047923901347860583,0.6252586751282135,1.0363681058713081,0.6439317092412181
101115.0,0.998116974370276,0.0012747090498042273,0.000538989394758642,6.811625854372782e-05,1.2109266173742331e-06,0.998116974370276,0.015103594574523448,0.009384390946576435
101118.0,1.7613137265415728e-06,0.00012219808013866454,3.770467371011921e-07,0.9996739728205088,0.0002016907388876767,0.9996739728205088,0.0031720169249323422,0.001970884928474818
101122.0,0.7581052299280033,0.004754037974259182,0.0001666426675502268,0.1370097916981114,0.09996429773207567,0.7581052299280033,0.7393691167597117,0.4593958617772935
101123.0,0.9605460770267923,0.010148509299307162,0.024370255292846622,0.00011486616577528645,0.004820292215280172,0.9605460770267923,0.20252977311210793,0.12583882332298463
101124.0,5.984061440158967e-06,2.240489078029793e-08,0.7433001471407159,0.23797912179000666,0.01871472460294777,0.7433001471407159,0.6366680652419695,0.3955841106533138
101125.0,0.807459250058396,0.0033640709736099455,0.007304500782112296,0.15977425285262953,0.022097925333251292,0.807459250058396,0.6050434430057933,0.3759346280657268
101132.0,0.00024464289308567176,0.09737915965738024,0.00029701847075101024,0.901894795715358,0.00018438326342641194,0.901894795715358,0.3259694032495766,0.20253617783651137
101134.0,0.7108528072838872,0.06408840373577275,0.22234281190162936,1.2104156468964476e-07,0.0027158560371461304,0.7108528072838872,0.7690383853793851,0.4778304148535298
101136.0,2.2859084484112507e-06,4.5050678878144004e-11,0.9935623945531241,3.1545817030601987e-06,0.0064321649116726425,0.9935623945531241,0.038946050334109916,0.024198541635699535
101138.0,0.8221622074738686,0.04335334249752528,0.03351511975563417,0.10091546995552779,5.386031744549819e-05,0.8221622074738686,0.6428381643775886,0.39941780879597
101139.0,0.01767125099074018,0.7268559985347584,0.012604529197892515,0.24276010678457313,0.00010811449203569564,0.7268559985347584,0.7029912901328866,0.43679304725069423
101141.0,0.0018513793706769197,4.379642648257718e-05,3.9721140262367026e-08,0.9976271482633391,0.0004776362183611517,0.9976271482633391,0.01811112636584819,0.011253075515325147
101143.0,0.002530132941211791,7.182467805410862e-08,0.9749214310110088,0.005255832928428995,0.017292531294671593,0.9749214310110088,0.13764042066500418,0.08552080176664782
101149.0,0.7060702527043701,0.0005938468733779858,0.07961829770512717,0.2136824476105474,3.515510657651021e-05,0.7060702527043701,0.7817567238974124,0.48573276288433526
101153.0,0.36098564150754076,0.00289282990589683,0.09100768131431486,0.5201079293557195,0.025005917916528304,0.5201079293557195,1.0350950801748757,0.6431407339034326
101155.0,0.07809500838559512,0.5097313213507896,0.34075679760155153,0.07138335379979788,3.351886226617981e-05,0.5097313213507896,1.0982517554585396,0.6823821826078106
101160.0,0.1636794098994041,0.19868357109508472,0.07016170791189338,0.5673865837903372,8.87273032822863e-05,0.5673865837903372,1.1261057162777155,0.6996888215306192
101162.0,4.146914692898033e-07,2.559926486969398e-14,0.5703760070800622,7.356430726613174e-08,0.42962350466413696,0.5703760070800622,0.6832160253609065,0.424505984407697
101163.0,0.08767211826568343,0.04777490832504676,0.8613492659497611,0.0031661004451454897,3.760701436198427e-05,0.8613492659497611,0.5058685979973446,0.3143138322324427
101164.0,0.0013365742388364694,0.9948405825164017,0.0037547822072213546,6.637989131411732e-05,1.6811462276135034e-06,0.9948405825164017,0.0356214201125151,0.02213283273453001
101166.0,0.04715801490693904,0.9449192619371755,0.007816534540200249,7.80060664701044e-05,2.8182549215460144e-05,0.9449192619371755,0.23652270514142326,0.14695981952090859
101169.0,0.01719697269132311,0.0008803002983154899,0.9815706770707306,1.709584967730793e-05,0.00033495408995202233,0.9815706770707306,0.09719105385806352,0.06038819708867961
101171.0,0.01982698364444993,0.9386684607979877,0.0021643983407785123,0.038722623769884966,0.0006175334469002633,0.9386684607979877,0.2808903895503139,0.17452701180966818
101173.0,0.0009522744831456008,0.9326279619888979,0.03634764402636594,0.030054231176931085,1.7888324658309685e-05,0.9326279619888979,0.2976814402696072,0.1849598782095274
101174.0,0.08903584709238346,0.345720539314374,0.5506801225873835,0.014465487448097916,9.800355776031401e-05,0.5506801225873835,0.973267396352465,0.6047250340216627
101175.0,0.4994818063442789,0.017384222168145426,0.06031377482878537,0.4222336616229037,0.0005865350358865193,0.4994818063442789,0.9549622887216187,0.5933514311697441
101176.0,0.011252093451483407,0.013127643044018153,0.9745058392964602,0.0010928500493125166,2.1574158726094175e-05,0.9745058392964602,0.14022323209115556,0.0871255927350954
101177.0,0.001170153651805369,0.027442141538791355,0.000851203246931619,0.970374689543905,0.00016181201856580729,0.970374689543905,0.14318388476196833,0.0889651496685686
101179.0,1.0272870794316208e-06,2.977169891363175e-06,0.999862706193986,7.601864618334127e-08,0.0001332133303974775,0.999862706193986,0.0013793154263816087,0.00085701686018788
101180.0,0.0010336998687661858,0.1037702580684142,0.8941647082106673,6.709507203650832e-05,0.0009642387801151875,0.8941647082106673,0.3495722495039411,0.21720145076938754
101181.0,0.18654873822777876,0.5212054472652463,0.023404559010984802,0.2688392213645148,2.0341314743662767e-06,0.5212054472652463,1.0939153282648473,0.6796878089011952
101182.0,0.008496565164656904,0.9212739060659914,0.05345244039320513,0.014813011391650394,0.0019640769844976786,0.9212739060659914,0.3472528122824321,0.21576030339514612
101183.0,0.0007036277517352762,9.583987948958835e-07,0.9521042296738317,0.04588638169735603,0.0013048024782825408,0.9521042296738317,0.2019200873340315,0.12546000424996157
101185.0,1.5269577743765676e-05,0.9761578059980929,0.023675521954129492,4.001010121156534e-10,0.0001514020699336101,0.9761578059980929,0.11368159652928739,0.07063434734015697
101186.0,0.00944419852062935,0.8957954290058289,0.0013713907797968051,0.09302435968797713,0.00036462200576895416,0.8957954290058289,0.3754580851179766,0.23328522474665517
101191.0,0.4484840083736765,0.1249146008777914,0.3959414485288143,0.030629706531718134,3.0235688000574376e-05,0.4484840083736765,1.0933879360172993,0.6793601216735777
101193.0,0.0023696009146572904,0.0023762878959970534,0.8773710331248159,0.102550091509949,0.015332986554581443,0.8773710331248159,0.4410700392960096,0.27405222400219154
101194.0,0.6348747395338633,0.2675835125029748,0.09634983927544045,0.001188232021367641,3.676666354653233e-06,0.6348747395338633,0.8746882556350558,0.5434743700750685
101196.0,0.11418055267115691,0.24149125827476067,0.5625353697414502,0.08038398969029331,0.0014088296223377643,0.5625353697414502,1.1264286136640933,0.6998894489570537
101199.0,0.00027230785382591097,5.882689675642186e-07,0.9987522524957126,0.00019942728646789418,0.0007754240950271427,0.9987522524957126,0.010743466055983905,0.0066752907788381706
101200.0,2.1012057070880378e-21,8.207357167572298e-30,5.6250636884874895e-05,2.0396366962389811e-19,0.9999437493631156,0.9999437493631156,0.0006067005294480435,0.00037696423376188195
101201.0,0.013170840426423042,0.0051912138200238735,0.21810968687193455,0.712600111080466,0.05092814780115309,0.712600111080466,0.8095485663762196,0.5030008055121961
101204.0,0.09392285487741804,0.0070530502082286955,0.2923566013062988,0.6063273120102519,0.00034018159780233276,0.6063273120102519,0.922715145017288,0.5733151542464794
101206.0,0.12974457672101936,0.40203162305143686,0.11521192663245923,0.3530029640134296,8.909581653627285e-06,0.40203162305143686,1.2479528525592969,0.7753967039784116
101211.0,0.007964934960307236,0.0005684494691294931,0.9851820236996779,0.00422358926433213,0.0020610026065538407,0.9851820236996779,0.09328468910124511,0.05796103619813587
101212.0,0.2355938208298807,0.0019685177444012723,0.0129552036607744,0.7490151319930664,0.0004673257718784641,0.7490151319930664,0.6292028581029002,0.39094571666408623
101214.0,0.009795770374704622,0.3583609666792093,0.6149746596765109,0.016784952817231545,8.365045234305933e-05,0.6149746596765109,0.7814434256284961,0.4855380997249205
101216.0,0.8186981757740635,0.001700892391397247,0.006910210189877791,0.15871883218947727,0.013971889455183361,0.8186981757740635,0.5608058029696811,0.3484482368888174
101217.0,2.832269224296114e-05,6.002567702448263e-07,0.1788013345386918,0.00036698417249095977,0.8208027583398066,0.8208027583398066,0.47309694495598,0.2939516593345761
101221.0,0.0017896143880133401,1.503632697678797e-10,0.7265072086024116,2.062438690645474e-06,0.27170111442052036,0.7265072086024116,0.597512573443941,0.3712554357193364
101222.0,7.375148882692287e-05,1.058125195421495e-05,3.0150854076898175e-05,0.9998310636034475,5.4452801694961684e-05,0.9998310636034475,0.001840353230683457,0.001143475754153276
101226.0,0.024256123355849278,0.01643312833777161,0.040252467893952135,0.9189458224590316,0.00011245795339526753,0.9189458224590316,0.36573915712924837,0.22724651526078912
101227.0,0.01763515268768956,0.0017458586601645381,0.50490060440499,0.47559962943349365,0.00011875481366123742,0.50490060440499,0.7818702408354333,0.4858032949235919
101229.0,0.21766577882407762,0.7126868540210655,0.015383445248798264,0.054263503384760395,4.1852129935539175e-07,0.7126868540210655,0.7956343775503865,0.4943554339086469
101230.0,0.006352386222635727,0.9411886143318435,0.05219232278547717,5.368535249398548e-05,0.0002129913075477357,0.9411886143318435,0.245626369553564,0.15261624425267872
101232.0,0.00030311686809116794,0.02981175673178448,0.7048628533649738,0.19942751604895995,0.0655947569861889,0.7048628533649738,0.8539421938830907,0.5305841171540415
101236.0,0.0027754294807395626,0.9962758909615306,0.0002671521127737316,0.0006809220330535232,6.054119022982446e-07,0.9962758909615306,0.027228019363866228,0.016917719629635668
101238.0,0.08664733037995204,0.8905196416993638,0.01263981658723988,0.01019222483270311,9.865007422138247e-07,0.8905196416993638,0.41719127944273193,0.25921551631139056
101239.0,4.911697842827294e-05,0.9758857677132952,0.01685019253713738,0.006748051911992512,0.00046687085914660356,0.9758857677132952,0.13042517811340817,0.08103771950802019
101241.0,0.28854619683463967,0.35887944787210585,0.03359862956013619,0.31890541400667544,7.031172644117769e-05,0.35887944787210585,1.205548588882554,0.749049453581774
101242.0,0.04791875276446645,0.0046923284965337654,0.9298188600935581,0.007424421397780709,0.010145637247660424,0.9298188600935581,0.3213847303732517,0.19968756041492286
101243.0,0.11455342347134174,0.00033547857965773127,0.8428384159197863,0.04197094956885855,0.00030173246035454434,0.8428384159197863,0.5305232237673746,0.329632612521856
101246.0,0.007669248245830531,2.3185038145050734e-06,0.8194154217361133,0.005178674245256953,0.16773433726898623,0.8194154217361133,0.5273065004062358,0.32763394992276645
101247.0,0.0038292382766196894,0.681900311253339,0.004466944717464826,0.30980062511919226,2.880633384222496e-06,0.681900311253339,0.6696305990851492,0.4160648844616849
101249.0,0.07860590712602042,0.15498241002482344,0.7559559135954391,0.01041040628695533,4.536296676241988e-05,0.7559559135954391,0.7483471449468067,0.46497422433339647
101250.0,0.17145637120177118,0.3744841068034447,0.26016921022513995,0.1938021197863425,8.819198330285517e-05,0.3744841068034447,1.33930570224229,0.8321574208580282
101252.0,0.9992528349618169,8.915301215167229e-05,0.0005877991893663031,3.851240328859048e-05,3.170043337577896e-05,0.9992528349618169,0.0066708143657316175,0.004144810007391173
101253.0,0.34634761141958276,0.00018920605388554412,0.6024157525932217,0.05095689567372768,9.053425958312192e-05,0.6024157525932217,0.8266975220695757,0.5136560507756931
101254.0,0.05191410029163751,0.9337668928237826,0.008573716904343238,0.00574486069783468,4.292824023776358e-07,0.9337668928237826,0.28800945965473784,0.1789503387671257
101255.0,0.9493657447231606,0.023457058637637366,0.0006978220693453796,0.02516837710243695,0.0013109974674201633,0.9493657447231606,0.24380138641171847,0.15148231847166774
101256.0,0.9999938410623115,1.6360453359007133e-13,1.6217926321097824e-07,3.575608438323655e-11,5.996722507433309e-06,0.9999938410623115,8.080176100041712e-05,5.0204956883495565e-05
101262.0,0.9755000048694027,0.0026533027462771405,0.01563334837179934,0.006015896290339498,0.0001974477221813034,0.9755000048694027,0.1373911849161581,0.08536594288894862
101265.0,0.1445134523916573,0.00020026335738855758,0.5299589499255564,0.3247565136538419,0.0005708206715555978,0.5299589499255564,0.9872603607660184,0.6134193516498528
101266.0,0.008078799954277741,0.00021954766224851525,0.991318428659234,3.5746489897683815e-06,0.00037964907524880135,0.991318428659234,0.05245607561423689,0.032592792309025925
101273.0,0.8241380203580179,2.7279662527374328e-08,0.17465904176654226,0.0007628416082724369,0.00044006898750382237,0.8241380203580179,0.47304610564270627,0.2939200710931901
101274.0,0.006568391171545296,0.05058043093045094,0.8802786036180935,0.06250849784289217,6.40764370194214e-05,0.8802786036180935,0.4701218801574387,0.2921031476426639
101275.0,2.4903775004243805e-06,1.525996330721787e-13,0.9791074444012136,1.625649282333651e-05,0.020873808728310978,0.9791074444012136,0.10165035908994627,0.06315891921311281
101277.0,0.0855120663282383,0.038257775677774726,0.8714500635313407,0.004685967963654277,9.412649899226695e-05,0.8714500635313407,0.48104628499943547,0.29889086201026865
101278.0,0.047500114275380756,0.01997303383720733,0.40572004412817914,0.5266165739705073,0.00019023378872649904,0.5266165739705073,0.9282324370298205,0.5767432405180325
101282.0,0.247510483770671,0.006059987976913042,0.5796100012582338,0.16676556803259954,5.395896158096854e-05,0.5796100012582338,0.9918963652845985,0.6162998632140229
101283.0,0.016268198349869586,6.071546463395502e-08,0.9668122201162827,1.0926817927147436e-08,0.016919509891564825,0.9668122201162827,0.16865290712420888,0.10478994301130862
101284.0,0.7796599420668735,0.00281007122140802,0.18973312559019445,0.027407792316644166,0.00038906880487848776,0.7796599420668735,0.6275643793830834,0.38992767259593153
101285.0,0.7936703125342491,0.11412853392352067,0.08256970228985618,0.009230879952567831,0.0004005712998066847,0.7936703125342491,0.6834351511615622,0.42464213492270764
101286.0,0.2291185959392681,0.0027561388590409673,0.5465632183695981,0.21826532730304568,0.003296719529046235,0.5465632183695981,1.0350856029498539,0.6431348453724438
101288.0,0.0022237902809513037,0.14835542087666842,0.8492045053587941,0.00019499245684884487,2.1291026738307376e-05,0.8492045053587941,0.43736937565388895,0.2717528724002874
101289.0,0.980753612911958,0.007462189522499245,0.01151670349149799,0.00022845177127014547,3.904230277513709e-05,0.980753612911958,0.10933084370422728,0.06793107261831322
101294.0,0.8356684386454261,0.002225107103177441,0.15899702425838994,0.003070398331321622,3.903166168503646e-05,0.8356684386454261,0.47414904599081953,0.29460536646220825
101298.0,0.009770150810129542,0.11806035425038042,0.6537040298580526,9.889952158275323e-05,0.21836656555985293,0.6537040298580526,0.9085275288539075,0.5644998926860485
101300.0,0.2044933576614725,0.671588014066671,0.029322155037359274,0.09458907972578678,7.39350870878626e-06,0.671588014066671,0.9185804796707278,0.5707461422239485
101307.0,0.8268509014326226,1.8614859258044856e-06,0.00028910501971880396,0.006709728564297245,0.16614840349743606,0.8268509014326226,0.4913825273021344,0.30531313044500835
101308.0,0.008290375466260214,0.9909436373922696,0.00013567907333022136,0.0006290609775264407,1.24709061455753e-06,0.9909436373922696,0.05461037210127501,0.033931331975821766
101311.0,3.5353507583358984e-168,1.4810948569768334e-158,4.564461960255832e-91,5.104266469389179e-130,1.0,1.0,1.421519084682928e-13,8.832394674567064e-14
101312.0,0.0009546506165433689,0.00018469746380811368,0.9863729594589746,0.011553393064422072,0.0009342993962535294,0.9863729594589746,0.07981487620907693,0.04959177088625034
101316.0,3.698390339119078e-06,0.9978371228002475,6.681931775685217e-07,0.002156061030259719,2.4495859760333623e-06,0.9978371228002475,0.015485020021943982,0.009621383901988844
101319.0,0.908649427792962,4.2497206009766946e-06,0.0325017624244954,0.05855015674311199,0.0002944033188301914,0.908649427792962,0.3670149835819878,0.22803923080631142
101320.0,4.535839256961607e-07,8.90787038103551e-11,0.9933210251855056,1.0479412252432527e-06,0.0066774732002644575,0.9933210251855056,0.040125244161764016,0.024931215955438093
101322.0,5.618418377366641e-06,9.825512952701788e-11,0.00010457902655867025,0.9998607725531251,2.902990368410473e-05,0.9998607725531251,0.0014689505437290103,0.0009127102899591709
101323.0,0.16163069504266364,1.2234579932709979e-07,0.7348374836689981,4.735998159736504e-06,0.10352696294437921,0.7348374836689981,0.7558214261105491,0.46961825633115056
101324.0,0.002900980334782221,0.0021099799357892756,0.9760504279362006,1.3805039344392858e-07,0.018938473742834926,0.9760504279362006,0.128732557871985,0.07998603542108125
101327.0,0.20047411519666353,0.15243473100509766,0.20266627999946626,0.44441432634531997,1.0547453453333062e-05,0.44441432634531997,1.292943367793596,0.8033508828173181
101328.0,0.3999842835475533,0.0015423342339108957,0.39221796896572897,0.2058101653465303,0.0004452479062778676,0.3999842835475533,1.0723757642325107,0.6663045252927208
101330.0,0.009444172064668327,0.9902625140165766,0.0002908436172338149,7.795452195986401e-07,1.690756302530384e-06,0.9902625140165766,0.05612372214361699,0.0348716292253461
101333.0,0.013542719783581677,0.061725453389544195,0.9242509109483863,3.7184249330224684e-06,0.00047719745355401184,0.9242509109483863,0.3066692386093318,0.1905443113027752
101335.0,0.0005629527618513975,0.0169739282137171,0.9719323022527661,0.006595895771644792,0.003934921000019632,0.9719323022527661,0.1559803672197605,0.09691605125907411
101336.0,0.026512777873100916,0.0004338925641313283,0.9728758144859135,4.788382107671602e-05,0.00012963125577709827,0.9728758144859135,0.12799384199745945,0.07952704544152477
101339.0,0.012729209349644536,5.959747310534449e-05,0.2591457907717877,0.575462955111946,0.15260244729351638,0.575462955111946,1.0109392865373126,0.6281318954444018
101342.0,0.9999997066025981,8.582483088948342e-17,8.029233311095005e-09,1.1777853181460382e-13,2.8536805258688493e-07,0.9999997066025981,4.743417126124367e-06,2.947250769649426e-06
101343.0,0.0001069975520557334,5.165823273620839e-09,0.9634700722815357,0.0017786997524554113,0.034644225248129296,0.9634700722815357,0.16459079075574184,0.10226600820333362
101345.0,0.9927901597089763,0.0002393585959249663,0.0018187543228423888,0.005146859011948742,4.868360306985597e-06,0.9927901597089763,0.04783531995082334,0.029721755391282915
101350.0,0.6465371766822807,0.0005152418374426729,0.14242307327191628,0.2058921839465347,0.0046323242618260835,0.6465371766822807,0.913737382960457,0.5677369570464066
101351.0,0.01037445445321748,1.143972818202289e-08,0.9888253791837616,0.0005607733508421925,0.00023938157245080002,0.9888253791837616,0.06470079930272349,0.04020086690071228
101355.0,1.8131463941991127e-05,1.2433215970467168e-05,8.660156847066537e-06,0.9997834678799896,0.00017730728325238482,0.9997834678799896,0.0021873639652766432,0.0013590856462232161
101356.0,0.00441745561329769,0.9807162019763673,0.013531306644694298,0.0013326923547185062,2.34341092135606e-06,0.9807162019763673,0.11012430989595945,0.06842408088262839
101357.0,0.5207111137197101,0.016198616898508957,0.2791643704995127,0.18364506571877248,0.000280833163495065,0.5207111137197101,1.0763094838827654,0.6687486827341876
101359.0,0.8761877720446332,0.09796168596595693,0.0055861050754024985,0.020243938791426695,2.0498122581552184e-05,0.8761877720446332,0.45154089511824896,0.2805581325192858
101360.0,0.0005972416442058578,0.0019875010606957622,0.00017214588232461277,0.9966678617837653,0.0005752496290092828,0.9966678617837653,0.025907803881502108,0.016097423629296368
101362.0,0.013773525784459334,0.38585447726658284,0.5987059449634727,0.0014553117876331511,0.00021074019785274762,0.5987059449634727,0.7448846995213226,0.46282288603153715
101365.0,0.8321825255978117,0.05840086143725584,0.061218852863233905,0.04817800810939929,1.9751992298370572e-05,0.8321825255978117,0.6360914559397294,0.39522584315023995
101366.0,0.007070825135910345,5.934553734526792e-07,0.9921596640434149,0.0007458100871086279,2.310727819152055e-05,0.9921596640434149,0.04844847198850851,0.030102728172493123
101370.0,1.079306743178738e-05,0.9853236066576877,0.014629123506122074,4.5433584986042364e-10,3.647631442448817e-05,0.9853236066576877,0.07686861356407672,0.0477611549785237
101372.0,0.01635531634664064,0.8430397951991169,0.13649632163286632,0.004035031607607382,7.353521376997083e-05,0.8430397951991169,0.5059848924681871,0.3143860900498733
101375.0,0.003705663764714355,5.562167831772438e-05,0.004133135093960855,0.9921006233792757,4.956083732088981e-06,0.9921006233792757,0.05190308038466458,0.03224919705424784
101378.0,0.09551258447645501,0.8555689034028662,0.009313806479941959,0.03960284140812125,1.8642326149616526e-06,0.8555689034028662,0.529220239238877,0.3288230227151097
101379.0,0.0031130911835988593,0.5000944707460713,0.02300644110987933,0.4735854930853136,0.00020050387513658404,0.5000944707460713,0.8069694818758574,0.5013983302129397
101382.0,0.6207566286149475,0.014304718061160583,0.3617918927991193,0.003088713757371538,5.8046767399566506e-05,0.6207566286149475,0.7429890764228928,0.4616450691777245
101384.0,0.06904672518079195,0.7715976545619431,0.0037203142730965477,0.155634940202829,3.6578133900602005e-07,0.7715976545619431,0.6949644163318598,0.43180567014281496
101387.0,0.044512396478100666,0.0019858473338582833,0.9371771549012082,0.01610252699434918,0.0002220742924844892,0.9371771549012082,0.2800361824399139,0.17399626309062743
101389.0,0.00038336518121733344,6.86139281127743e-08,8.666510206151931e-07,0.9981752612666617,0.0014404382871728311,0.9981752612666617,0.014276563683834032,0.00887052776223115
101390.0,0.008604757612708274,0.002745391487784713,0.002801152717863453,0.9858172039066244,3.1494275019645716e-05,0.9858172039066244,0.0879838703599216,0.05466745233238326
101391.0,0.10551058222826022,0.0101257006407792,0.8805366417654208,0.0036086031693086254,0.00021847219622996033,0.8805366417654208,0.4179544651376819,0.25968971024521914
101394.0,0.00010088093661895954,0.8749615837608563,0.0004988206369140602,0.12443742902707612,1.2856385352550075e-06,0.8749615837608563,0.38093328321604025,0.23668715659861644
101396.0,2.058348152636468e-13,2.172601752862807e-11,0.000739534856094468,0.12398220808880213,0.8752782570331744,0.8752782570331744,0.38075788332444255,0.23657817451844884
101397.0,0.4549616605865309,0.0004645573442900126,0.0007604361065338789,0.5410749413620222,0.002738404600622673,0.5410749413620222,0.7158123420398959,0.4447592146983212
101398.0,0.08260775211970804,2.3900071987444165e-08,0.014884562787704645,0.9000113232820363,0.002496337910478528,0.9000113232820363,0.3783958642530529,0.23511056955329837
101399.0,0.1882507829029427,0.3360313579184001,0.45582676833060337,0.019492773988800543,0.00039831685925184504,0.45582676833060337,1.1188262558873892,0.6951658384853665
101400.0,0.12442454448516081,0.012271910772946861,0.17797351596980593,0.6852370040339022,9.30247381852267e-05,0.6852370040339022,0.8803898696539983,0.5470169820484123
101401.0,0.002054607736658073,0.06288698675617502,0.008058553932039114,0.9269180733404809,8.177823464674447e-05,0.9269180733404809,0.296648819190218,0.18431827465874023
101402.0,9.761573284839658e-05,1.7964563132492883e-18,0.012710088256053282,1.0899098293233306e-08,0.987192285112,0.987192285112,0.06911107459735412,0.04294112501229148
101404.0,0.3881682044607558,0.002947563926369571,0.0034375026871914494,0.6053114634128871,0.00013526551279631084,0.6053114634128871,0.7090844494609777,0.44057894000307496
101405.0,0.0003615389662794131,1.8786470293768135e-05,3.9172489821330384e-05,0.0005525971465346247,0.9990279049270694,0.9990279049270694,0.008583780864336935,0.005333402921616838
101407.0,0.015800783342189855,0.005785854078496314,0.9772934167570213,0.0007117200784594662,0.0004082257438333712,0.9772934167570213,0.1261384309715184,0.07837421375314049
101411.0,0.6947070201142588,0.005302904893756531,0.00611441366074731,0.29368989221026137,0.00018576912097458453,0.6947070201142588,0.6734417573326763,0.4184328902220084
101412.0,8.192655689778006e-05,0.9983898718721608,7.85186763725124e-05,0.0014494958352562625,1.8705931328015525e-07,0.9983898718721608,0.012599491307382119,0.007828504106956667
101415.0,8.434176946084473e-06,0.9996542516941901,0.000326173461864264,6.678290414572591e-06,4.4623765862648784e-06,0.9996542516941901,0.0031973324616495916,0.0019866143558243715
101416.0,6.997810924034243e-07,0.04639635091682871,0.0008451299125727933,0.9526927111550646,6.510823444289458e-05,0.9526927111550646,0.19524950078245956,0.12131533579146639
101423.0,0.0006990209054147203,0.6603473477343602,0.3207560186169026,3.754017307144804e-05,0.018160072570252626,0.6603473477343602,0.7170172745478982,0.44550788135932956
101426.0,0.9993404623934039,1.4155690742195869e-05,0.0006185956684102033,3.125911866676785e-12,2.6786244316244496e-05,0.9993404623934039,0.00566959057560358,0.003522714689272442
101427.0,4.0825444019629854e-07,0.9994047670212094,0.000235220825910061,1.0959858478942037e-05,0.0003486440399616711,0.9994047670212094,0.005467219217327264,0.003396974294621088
101430.0,1.4495538329129659e-06,0.9970448387108977,0.002949175536832237,7.90134841974132e-12,4.536190536867251e-06,0.9970448387108977,0.020208663423431122,0.012556348565734798
101432.0,0.008404674336011362,1.821187794368726e-08,0.08911017947886317,0.007747027487186606,0.8947381004860623,0.8947381004860623,0.3927944248912639,0.24405689828519384
101434.0,0.0022037480086118675,0.9473910514136735,0.04544509981974216,0.004907913210048307,5.2187547924874547e-05,0.9473910514136735,0.23177350721583123,0.14400897693860024
101438.0,0.0006580772297191161,0.9550063536421757,0.0007069327380219622,0.04350574270612518,0.00012289368395759415,0.9550063536421757,0.1914066667102739,0.11892764873470146
101439.0,0.024982322988242187,0.9165500025497343,0.01664397276345436,0.041743131655188684,8.057004337903833e-05,0.9165500025497343,0.37355508954465816,0.23210282711664013
101442.0,0.8541775862467766,0.001864747647760826,0.14353952786832785,7.101894257217738e-05,0.0003471192945614778,0.8541775862467766,0.42842596192840326,0.2661960170184232
101443.0,0.7006593926195456,0.00030834470415517845,0.2907333863518951,0.00682757136546665,0.0014713049589365275,0.7006593926195456,0.6545406952751592,0.4066890000653939
101444.0,0.4065814100601069,0.0019629266888113645,0.1554312285562675,0.4356199657373224,0.000404468957493355,0.4356199657373224,1.0326441365135428,0.641617876984009
101446.0,0.00859558367755307,0.9331328216255117,0.02787047726039195,0.03036982848579604,3.1288950746662506e-05,0.9331328216255117,0.3116924836182056,0.19366542891164068
101448.0,0.009173545798987354,0.02067822232309427,0.4154318576337825,0.5545758088260002,0.00014056541813719522,0.5545758088260002,0.8163696692765136,0.5072389950363745
101449.0,0.9863157782024194,5.6818142313431795e-05,0.0130817275859315,0.0005143138512199316,3.136221811623371e-05,0.9863157782024194,0.07509497331347194,0.046659130329481886
101450.0,0.052934217977764306,4.890671535375207e-05,0.018298320911843306,0.9286570443645629,6.15100304758966e-05,0.9286570443645629,0.29858577998047475,0.18552177606459894
101454.0,0.4929863546453192,0.019502020050036643,0.13093688700060083,0.3565697538746315,4.98442941227514e-06,0.4929863546453192,1.0594249539997669,0.6582577344642649
101455.0,0.930059104114773,2.995776800681201e-08,0.06568531788545749,2.49625340599168e-05,0.004230585507941004,0.930059104114773,0.26967613635781457,0.16755920453617168
101461.0,0.5591186307887528,0.005239248094614028,0.09476005549033575,0.3407908445612222,9.12210650756265e-05,0.5591186307887528,0.9435808534190128,0.5862797478108049
101462.0,0.999999682434219,1.6950442257410537e-22,5.35544411613665e-13,8.942047470892354e-18,3.1756524664520487e-07,0.999999682434219,5.069177149120433e-06,3.1496568522198244e-06
101464.0,4.1162307271583174e-05,0.06922751039556298,0.9306752136961177,4.2934747216526387e-10,5.6113171700259245e-05,0.9306752136961177,0.25269135887786776,0.15700596893215935
101467.0,0.0015619664381963318,8.169737922471717e-05,0.20637700178816942,0.7916141109516528,0.00036522344275842944,0.7916141109516528,0.5244115836404284,0.325835237003528
101468.0,2.206537616276521e-08,1.2083230254705104e-11,0.317633325961866,1.7576579964910659e-06,0.6823648943026781,0.6823648943026781,0.6250974187446608,0.38839486376909615
101470.0,4.93158790771929e-05,1.4040382498449544e-05,1.3903696719559362e-06,0.9964397362555895,0.00349551711316446,0.9964397362555895,0.02399023117615739,0.014905968717907713
101472.0,0.20095902034715737,0.23093175319339318,0.30475782969944926,0.2629877704301745,0.00036362632982666384,0.30475782969944926,1.3771944592743062,0.855699029229061
101478.0,0.31080234740997303,0.13612127173733676,0.4242077716910203,0.12853427437622852,0.0003343347854422856,0.4242077716910203,1.2648005548575225,0.7858647699833595
101479.0,0.102237133142642,0.5018454149298519,0.28696983830003525,0.10888930729289598,5.830633457557144e-05,0.5018454149298519,1.1794207013416618,0.7328152842863729
101480.0,0.00029945786546010076,0.0005769012330145871,0.9298727270089108,0.06638774328587686,0.0028631706067362697,0.9298727270089108,0.27116678009692013,0.16848539356626052
101481.0,0.04840748901243316,0.9482718607690398,0.0029789494049256874,0.00016472726500525758,0.00017697354859773752,0.9482718607690398,0.21723936749536998,0.13497840818650716
101484.0,0.011915324152412544,0.001293813457143798,0.05745576569051542,0.9291834317965257,0.00015166490340228945,0.9291834317965257,0.2951057105417737,0.1833594873476407
101486.0,0.21261346936820935,0.6782347832029654,0.10045589825953477,0.008680518044883671,1.533112440544153e-05,0.6782347832029654,0.8647425631229505,0.5372947638689095
101487.0,0.003047191015891982,0.00022060260734403037,0.13789164631638812,0.8567917063771993,0.002048853683175865,0.8567917063771993,0.4378237104114236,0.27203516645712833
101488.0,0.2804681457088646,0.4722482914286757,0.24365367250444447,0.0036089031001775773,2.0987257836696523e-05,0.4722482914286757,1.075426853948145,0.6682002739215199
101489.0,0.002817289490902082,0.8526740608613087,0.14403954022048215,7.184704469438737e-05,0.0003972623826109363,0.8526740608613087,0.43533762451883645,0.2704904744417481
101490.0,0.01685901939574692,0.007876410194414922,0.9711808675001828,0.003419706906948155,0.000663996002707567,0.9711808675001828,0.15966179485526003,0.09920345085806316
101493.0,0.07239685840774923,0.738481951120023,0.02092102437168686,0.16817043649501037,2.9729605529581476e-05,0.738481951120023,0.7949837428963252,0.4939511718684435
101498.0,0.00027124305856320133,9.01010930922389e-07,6.488577667553985e-05,0.997855587347978,0.0018073828058521029,0.997855587347978,0.01642312650424012,0.010204262231776264
101500.0,0.533551925744703,0.0006190035516393607,0.1973380747015916,0.2684574132198021,3.358278226218592e-05,0.533551925744703,1.0133814214892563,0.6296492792049535
101501.0,0.005694379676277384,0.9746110853194265,0.00010226261080207575,0.019588503070583685,3.769322912129849e-06,0.9746110853194265,0.13251854509362532,0.08233840154368266
101502.0,0.0007103005855004736,7.09957759133869e-06,0.013200067242237424,0.9860352482139911,4.7284380678146025e-05,0.9860352482139911,0.07669516151886928,0.0476533831633655
101505.0,0.0025992919709321833,5.40038295410469e-06,0.9904245026402831,0.006058372002022994,0.0009124330038060117,0.9904245026402831,0.062389764825946166,0.038764940445318835
101508.0,0.004247148171494679,1.3967500306222166e-05,0.9929103851284007,8.894206050743678e-05,0.002739557139289617,0.9929103851284007,0.0474092794150974,0.029457041522897895
101510.0,0.0157226756508752,0.1757635698139516,0.8056223429270942,0.0028360462371548535,5.536537092465274e-05,0.8056223429270942,0.5621804951051067,0.34930238113682166
101513.0,0.02818843350561425,0.9708523343731581,3.6433431552316236e-05,0.0009111002693196551,1.169842035667051e-05,0.9708523343731581,0.1362024746102286,0.08462735564880358
101516.0,1.7148557324091275e-05,0.9992527873798526,0.0006210009332801206,0.00010777258857784365,1.2905409665758665e-06,0.9992527873798526,0.006522751568699178,0.00405281341908631
101517.0,0.03559502829654362,0.9203457811320179,0.043361034948871835,0.0006913901212959863,6.7655012701068875e-06,0.9203457811320179,0.33631002617056116,0.20896116810242696
101520.0,0.02181301049945322,0.00033312155844247377,0.023377692222721663,0.9543398558964734,0.00013631982290788496,0.9543398558964734,0.2197282735117338,0.1365248524433096
101527.0,0.01606877734054565,0.2301440008819471,0.04025629101244141,0.7135191821817681,1.1748583297939233e-05,0.7135191821817681,0.7747729821892134,0.48139352018709025
101530.0,0.21020754390753638,0.011079448213723656,0.28632180251951944,0.492369296792898,2.190856632346577e-05,0.492369296792898,1.0849161145399953,0.6740962830303763
101537.0,9.048691922474266e-05,6.2228476831273745e-06,0.0007415866507442206,0.9990182509852962,0.0001434525970530933,0.9990182509852962,0.008512213690776326,0.005288935736515941
101541.0,0.0003318746868732972,0.09857286336153367,0.004398853145215577,0.8966919189097192,4.489896658628781e-06,0.8966919189097192,0.35275106720377913,0.21917656125689336
101542.0,0.022531355709167988,2.659430232774602e-06,0.08199829900347579,0.8954491582203181,1.8527636806174738e-05,0.8954491582203181,0.3896607178059868,0.2421098165984342
101544.0,0.06172142355055657,0.008616658611424311,0.9289653853609012,7.257553923370105e-06,0.0006892749231936934,0.9289653853609012,0.28641933821698284,0.17796234076765638
101545.0,0.10838701901434507,0.23366859722220407,0.05623630972003464,0.6008406747435456,0.0008673992998710984,0.6008406747435456,1.0546181234431506,0.6552710827149306
101546.0,0.0018386190578781846,0.00010529235712059337,0.8688345691107536,0.008356211802476584,0.12086530767177081,0.8688345691107536,0.4300859507780377,0.2672274260816805
101547.0,0.9999970719088532,3.966935001024282e-09,2.698402797533524e-06,1.1690471622391704e-08,2.1403094345398848e-07,0.9999970719088532,4.1106468809610316e-05,2.554088510779595e-05
101548.0,1.4086461119581882e-05,1.074805894256367e-05,0.9909968777284075,2.1514011377888529e-10,0.00897828753639112,0.9909968777284075,0.05155697830048614,0.03203415173842388
101549.0,0.3450940131409983,0.21229500558347816,0.2885979537457035,0.15376302840056774,0.00024999912925126316,0.3450940131409983,1.3447862309667937,0.8355626648144199
101550.0,0.11306402636561416,0.019421467108462712,0.010507564856886545,0.8514018491741817,0.005605092494853464,0.8514018491741817,0.5368964390722716,0.3335925138362585
101551.0,0.4462254326095805,0.20219549647310653,0.3478832369063554,0.0036914878324009197,4.34617855765605e-06,0.4462254326095805,1.0713449584582917,0.6656640496544527
101558.0,0.00016265042682111575,0.0016941584694899262,0.001594974564530099,0.9962397940575263,0.00030842248163089807,0.9962397940575263,0.028748137335284314,0.017862222029929615
101559.0,0.000694185713326518,1.939900121748669e-05,2.1041781245632286e-06,0.9988180664633315,0.0004662446439997999,0.9988180664633315,0.010044347690005796,0.00624090411466374
101562.0,0.0008383503212433265,1.867567273625549e-06,0.011607917371191457,0.987393835524569,0.00015802921572263077,0.987393835524569,0.07159879668376437,0.04448683365205369
101563.0,0.14343902598296981,1.172579335903487e-06,0.0012293427204679663,0.8552708378554221,5.9620861802871973e-05,0.8552708378554221,0.421081084217696,0.2616323879066926
101570.0,0.02252427705085585,0.9756385725540714,0.0012626723481372316,0.0005677174388671803,6.7606080693557696e-06,0.9756385725540714,0.12225174537037364,0.07595928020949944
101571.0,0.0008947606626667339,0.0005004149792340552,0.9898429370260315,0.008388585841205725,0.00037330149086277413,0.9898429370260315,0.06324014415873525,0.03929331083240818
101572.0,0.00015734270507006346,0.00016557216890847884,0.059427147393178184,0.9401186956238701,0.00013124210897285188,0.9401186956238701,0.2298070582383323,0.14278715349185112
101574.0,0.0022932881197723857,0.9768766412218917,0.020305319954895765,0.0005112043605115901,1.3546342928708119e-05,0.9768766412218917,0.11994537562526146,0.0745262521148499
101579.0,0.020739245785804553,0.04686278435666242,0.45688198624788917,0.4752330797984325,0.00028290381121289675,0.4752330797984325,0.9375551674941313,0.5825357786409919
101580.0,3.5427631198136403e-06,2.137305713264184e-09,0.9857235609741896,2.9950738619463683e-05,0.014242943386764496,0.9857235609741896,0.07508429831169433,0.04665249757795097
101581.0,4.95510062623929e-44,1.2309126335447145e-30,3.1889843526586385e-17,2.9962382213781926e-61,1.0,1.0,1.421519084682928e-13,8.832394674567064e-14
101584.0,0.08122283436554333,0.7496114879909425,0.15611513100080654,0.012905106372492122,0.00014544027021616288,0.7496114879909425,0.7673079108934813,0.47675521060207365
101587.0,1.2495408087517547e-42,6.618521810902524e-49,5.3816745051568194e-14,2.1736388934553647e-42,0.9999999999999432,0.9999999999999432,1.8047330778830074e-12,1.1213437088440053e-12
101588.0,0.0020230214314818397,0.9892522590824289,0.0026356699301103574,0.005980941554942856,0.00010810800103764571,0.9892522590824289,0.0704959278552153,0.04380158272063932
101589.0,0.9658329099043723,4.768904218902804e-06,0.029210088383671746,0.004933406101011819,1.8826706724938027e-05,0.9658329099043723,0.16325109119262335,0.10143360606295386
101590.0,0.20694004386273346,0.004772116474641852,0.0003463556121887915,0.7856143516993394,0.002327132351098158,0.7856143516993394,0.557934620955542,0.3466642711999535
101593.0,0.19683943361537848,0.8019211147038581,0.00010512440357284544,0.0011257975244794258,8.529752712117212e-06,0.8019211147038581,0.5056622868422262,0.3141856439043783
101594.0,0.01356369649506538,0.9509547859977513,0.02116139549188715,0.013892891603012717,0.00042723041228385117,0.9509547859977513,0.25046626763531804,0.15562344201058056
101596.0,0.0005372752524625782,2.2446329594091273e-07,3.481799226794515e-05,1.1297867181479802e-07,0.9994275693133018,0.9994275693133018,0.004980075643097719,0.003094294973806038
101597.0,0.01787012554097586,0.0855498498099865,0.8920723900850448,0.0018955170713402243,0.00261211749265099,0.8920723900850448,0.4115574213362175,0.25571500345346126
101599.0,0.018007107216910657,0.007743861411265676,0.007369027426553408,0.9668589669260136,2.1037019254997853e-05,0.9668589669260136,0.17897377031861947,0.11120265586880643
101601.0,0.000435727322586532,0.007803288162363234,0.4855517382392597,0.5013446373764732,0.004864608899317053,0.5013446373764732,0.7641061186716596,0.4747658252414546
101604.0,0.010525770280701778,0.9558433024482328,0.004467353818089703,0.029163427646680475,1.4580629449575407e-07,0.9558433024482328,0.218363732432576,0.1356770154011872
101605.0,0.0023933058451224933,0.00022525920165443654,0.036049763347713155,0.9613234421173059,8.229488203238824e-06,0.9613234421173059,0.17413884762836476,0.10819854949545624
101606.0,0.007930521598082484,0.5592943657263703,0.4131083795606655,0.019110681499646433,0.0005560516152339999,0.5592943657263703,0.8083592348352133,0.5022618322769952
101608.0,0.7311824583319906,0.00015259402169219764,0.24104770759169641,0.026514093662226738,0.0011031463923958863,0.7311824583319906,0.676981874457679,0.42063248866420533
101609.0,0.0012687869919201212,0.9809322401159903,0.0005864227488425931,0.017194574069533876,1.7976073711915548e-05,0.9809322401159903,0.10177181633110442,0.0632343848400996
101612.0,0.00019221475771216166,9.373198119959664e-05,0.9983435993050145,0.0008091860970119341,0.000561267859062554,0.9983435993050145,0.014131411598847086,0.008780339701004595
101613.0,0.508140114912405,0.0033323351330559856,0.03910621312618205,0.44906680740933486,0.00035452941902394116,0.508140114912405,0.8521117139044073,0.5294467759962737
101616.0,0.155180665064199,0.19784014228502594,0.5853312778453983,0.061485605258162414,0.00016230954721345046,0.5853312778453983,1.0960736787083232,0.681028867432749
101620.0,0.003271938292019156,0.9961999854257668,0.0004965128685051575,2.3543024619129514e-05,8.020389089727918e-06,0.9961999854257668,0.02663845453307751,0.016551402404078912
101621.0,2.5823918475585762e-05,1.0096711536246454e-11,0.9980456316944836,0.0004215488663889873,0.0015069955105549984,0.9980456316944836,0.01529327568837794,0.00950224644904041
101623.0,0.0027131650202064468,0.0013315293156446206,0.20804611040918097,0.7870114258756529,0.0008977693793144639,0.7870114258756529,0.5462793889614138,0.3394224683916048
101625.0,0.23362624910394145,0.01152852163447375,0.0006660708439261264,0.7541694834281745,9.674989484394281e-06,0.7541694834281745,0.6089146103105865,0.3783399195497198
101626.0,0.1212590312325216,0.8543838328984975,0.024293089622161784,5.06066106143791e-05,1.3439636203859712e-05,0.8543838328984975,0.48125634464375583,0.299021379405626
101627.0,0.00023317812728866716,2.7018345195682535e-10,0.9992865829068984,4.3953687831094816e-07,0.0004797991587526197,0.9992865829068984,0.006336529753143851,0.003937107299504668
101634.0,0.011846167934989913,2.67095790010717e-05,0.9735420174887663,0.014260641393647227,0.0003244636035970952,0.9735420174887663,0.14215059957423581,0.0883231334840674
101635.0,0.0032261625080483645,3.430554594318667e-05,0.9945673401835853,0.0018772374477259008,0.0002949543146957287,0.9945673401835853,0.03846010511681833,0.023896606895914108
101636.0,0.000708437025565498,1.2426246305606967e-13,0.9990199928826737,4.156240385517041e-06,0.0002674138512518088,0.9990199928826737,0.008368867018226962,0.005199869441108143
101638.0,0.0008304807239389793,0.6878816723086694,0.27239962869027645,0.03837422191909433,0.0005139963580199509,0.6878816723086694,0.7465124304907997,0.46383425214693785
101640.0,0.19030514149437006,5.367971943192085e-05,0.6092109617745082,0.20006589004458425,0.0003643269671043267,0.6092109617745082,0.9429996420163423,0.5859186208619614
101642.0,0.9999740968403393,6.6101681417134366e-18,1.5375681762440438e-06,6.498744261373357e-13,2.436559083315072e-05,0.9999740968403393,0.0003053032236302083,0.000189695558475114
101645.0,0.5194251905374045,0.00033708337687083376,0.38761082621161774,0.09248208617265173,0.000144813701454244,0.5194251905374045,0.9317509119378137,0.5789293918947401
101647.0,0.0023151008489176923,1.5417062353886003e-09,0.9968647936880874,0.0006202417143802399,0.00019986220690857077,0.9968647936880874,0.0234621856027298,0.014577875556097587
101652.0,0.008060511587991688,1.2319561537816302e-08,0.004673144305741563,0.939328088140445,0.04793824364626079,0.939328088140445,0.2683556677673551,0.16673875127093052
101654.0,1.3151879645618883e-06,5.121750021905965e-07,0.9798185539620975,0.016437642219350082,0.003741976455584265,0.9798185539620975,0.10844115301446955,0.06737827671181429
101655.0,0.7736987018179202,0.03615554470553226,0.06405068851007183,0.12482594864778827,0.0012691163186881608,0.7736987018179202,0.7627666325506293,0.4739335557201007
101656.0,0.5126218368897524,0.008114766422265749,0.4698492400254217,2.88901886442019e-06,0.009411267643694354,0.5126218368897524,0.7804535218439261,0.48492303792171443
101657.0,0.0002550090677559846,0.9946333932042158,0.003845444700567893,0.0012507218358894746,1.543119157007576e-05,0.9946333932042158,0.03737701429702713,0.02322364473227703
101658.0,0.01851255070694772,0.9432232487264556,0.001978366285245123,0.034331413679695784,0.0019544206016543072,0.9432232487264556,0.26924812693922495,0.16729326733208139
101659.0,0.009473538623005543,0.984750330452288,0.005761661432233933,1.4419779049380318e-05,4.971342445993223e-08,0.984750330452288,0.08914415743854737,0.055388379228451565
101660.0,0.002958472838210566,0.0331688032524586,0.023616931509170783,0.9401388849635524,0.00011690743660678883,0.9401388849635524,0.27776037167498147,0.17258222235792808
101661.0,0.6039444255627016,0.0014094695587960886,0.3756421186682958,0.018937135946251855,6.685026395560858e-05,0.6039444255627016,0.7573628124881204,0.4705759735351899
101662.0,1.66679015147091e-06,0.006531837614283422,0.00042118466241034425,0.9928876683725123,0.00015764256064387057,0.9928876683725123,0.04462508847925013,0.02772712642997177
101664.0,0.2592071337880987,0.68650961988305,0.054018413403132855,9.76880759418674e-05,0.00016714484977546162,0.68650961988305,0.7681876794879431,0.4773018415641412
101667.0,0.30965567565483926,0.003354177797633314,0.27740058458577194,0.4094661462521822,0.0001234157095731988,0.4094661462521822,1.104550403492741,0.6862957526719551
101668.0,0.0005631688160816083,0.011344687118255115,0.003349357812987981,0.9847373872931242,5.398959549431487e-06,0.9847373872931242,0.0893254820018142,0.05550104251410301
101669.0,0.9887152435356266,1.9017311730208237e-05,5.2915958734017466e-05,0.0108400466418059,0.0003727765521024247,0.9887152435356266,0.063937390847073,0.03972653455787843
101670.0,0.28555736308315993,0.3193975847961156,0.26182484858819294,0.13317959545951982,4.060807301258108e-05,0.3193975847961156,1.3422013202254497,0.8339565694681044
101675.0,0.19958379792141015,0.3077897236283211,0.4294002991432988,0.06290804413939731,0.00031813516757170823,0.4294002991432988,1.2238849610055011,0.7604424821548461
101676.0,3.2109159902350394e-05,0.04193379606914419,0.8666851570354616,1.5921509778430212e-09,0.09134893614334204,0.8666851570354616,0.47594128397681223,0.29571894653395026
101677.0,0.01075316020899895,0.12793810970625227,0.0330574791828145,0.8279346539031684,0.0003165969987657101,0.8279346539031684,0.5833990555240237,0.36248621398615866
101679.0,0.13870695958465698,0.7179819801202514,0.14249997582582016,0.0008004887045496832,1.0595764720444237e-05,0.7179819801202514,0.795353736411943,0.49418106176525733
101681.0,0.22528821580457176,0.7734745707040359,0.0006584891722685123,0.000578397875103539,3.2644402134730567e-07,0.7734745707040359,0.5435812448263138,0.33774601718199
101682.0,0.9999751760790818,2.609020835947627e-10,1.4743631183807322e-05,2.471944257642072e-07,9.832834406750142e-06,0.9999751760790818,0.00030597887575088006,0.00019011536474129666
101687.0,0.050111408233115315,0.002684013624127223,0.9141781812581073,0.03298810214177047,3.829474287820944e-05,0.9141781812581073,0.3608603335211527,0.2242151317135251
101688.0,0.0009658724701789166,0.9988548957510018,5.282324862748576e-06,0.00017394307118371612,6.382771608933756e-09,0.9988548957510018,0.009420091531905869,0.005853031955522286
101689.0,0.0005076524310437444,0.12282854402809412,0.8728008532477591,6.984647304428233e-07,0.003862251828370829,0.8728008532477591,0.40163138354803546,0.24954760941390497
101692.0,0.08457938074066548,0.3639274832651527,0.525893280297766,0.025348394520181266,0.0002514611762355451,0.525893280297766,1.0099841983365654,0.6275384657796919
101693.0,0.11371239367421307,0.0005512154925085775,0.006344504130937081,0.8789793652777812,0.0004125214245609108,0.8789793652777812,0.40005820612225695,0.24857013932100824
101694.0,9.544470094375204e-08,0.030698118409280467,3.7148587119894302e-06,0.9691432818341346,0.0001547894531717851,0.9691432818341346,0.13872025367842544,0.08619173974137723
101695.0,0.8395572135666363,0.00023079134713086896,0.0006224116805915065,0.056974671595622875,0.10261491181001929,0.8395572135666363,0.5502211986277972,0.34187165244271356
101697.0,0.03153847790479281,5.775616069437237e-05,0.12569069706417904,0.8401157253932607,0.002597343477071864,0.8401157253932607,0.5320757093125753,0.33059722602648806
101698.0,3.2713891161778964e-05,0.9420604536549031,0.05788133366521022,2.430034212100594e-08,2.5474488380932877e-05,0.9420604536549031,0.2217601875217904,0.13778735160177888
101700.0,0.000504919155879563,0.008640439292449292,0.9881985916742034,8.106189393578134e-05,0.002574987983530843,0.9881985916742034,0.0727332041763633,0.04519168065723157
101701.0,0.1063177121387591,0.8836524308957883,0.003315726634660074,0.006713976768138072,1.53562655170699e-07,0.8836524308957883,0.4001186078951054,0.2486076690525883
101705.0,0.018677119363078216,0.6139329505034052,0.12588526591824856,0.2408838039878295,0.0006208602274400677,0.6139329505034052,0.9822137786482604,0.6102837338799659
101707.0,0.6195120761454416,1.9722631486534662e-05,0.28714479824602873,0.04901855034550883,0.04430485263153376,0.6195120761454416,0.941042051540403,0.5847023015116992
101708.0,0.046077074178920145,0.0006965780621191282,0.7398623487692905,0.2130638926578862,0.0003001063317838733,0.7398623487692905,0.7016428590791544,0.43595521993016534
101709.0,0.676035008025781,0.05891406148291542,0.0003069642570679877,6.974252917524578e-17,0.26474396623423635,0.676035008025781,0.7858258533561246,0.48826105517027885
101710.0,0.0007325428557139476,5.244265695925841e-09,0.9821624716439146,0.000279481185839382,0.016825499070265277,0.9821624716439146,0.09398248350665009,0.058394600239354236
101711.0,0.015831100214552,0.0014328955168944348,0.010419860546381287,0.9721669094101889,0.00014923431198294438,0.9721669094101889,0.15132846047755152,0.09402565908782629
101714.0,0.005162779441665983,3.915052564207109e-05,5.0017855335758695e-05,0.9941183706609067,0.0006296815164491311,0.9941183706609067,0.03858651774153049,0.02397515147581715
101716.0,0.7866564633239695,0.05987601722828322,0.0006246795840631464,0.15098473494504838,0.0018581049186351612,0.7866564633239695,0.6590900170439348,0.40951565260888667
101718.0,0.9477554252325404,0.0017215722117872713,0.01515221291488523,0.035173643255546734,0.0001971463852390613,0.9477554252325404,0.2447185073946677,0.15205215777759173
101721.0,0.000223750155699953,0.9812221337472161,0.016662780555904595,0.0012671855241782068,0.0006241500169992973,0.9812221337472161,0.10176713226486227,0.06323147446610757
101722.0,0.005059001781939361,0.735263139869335,0.07493197929388339,0.184732453307768,1.342574707312588e-05,0.735263139869335,0.7591552353500782,0.4716896684768276
101723.0,0.007067531588220546,0.0018846184077930931,0.9904504332069094,0.00045709143423884515,0.0001403253628382257,0.9904504332069094,0.06108833980423261,0.0379563196146182
101724.0,0.0005074425848869008,0.38414177985839904,0.5032092104175571,0.11170640573248884,0.0004351614066697787,0.5032092104175571,0.9651684951447957,0.5996929037697907
101725.0,0.00011365553781379801,0.09185617073883287,0.9039824500265194,4.939159970895804e-09,0.004047718757674377,0.9039824500265194,0.33389596165342783,0.20746122548365126
101726.0,0.003993816389536844,0.0008891052825546239,0.000958557598443287,0.9796178713818937,0.014540649347571764,0.9796178713818937,0.11665783005500144,0.07248358520309064
101727.0,0.5479884280279843,0.014714177974596765,0.0026486743181173746,0.43390663577433985,0.0007420839049612643,0.5479884280279843,0.7750377425739529,0.4815580250634163
101728.0,0.035317638981166126,0.0038332064500238338,0.8975862102371399,0.06280565778991451,0.00045728654175693646,0.8975862102371399,0.41373337367293395,0.25706699865619986
101730.0,0.004245249649066502,1.1276835256041734e-06,0.49013703061756037,0.5015273546280227,0.004089237421824126,0.5015273546280227,0.7412958769972124,0.4605930252233731
101731.0,0.02174794836618879,0.00047673177075980487,0.14340437442313558,0.8343132204497115,5.772499020526398e-05,0.8343132204497115,0.5171025425960458,0.321293874464523
101732.0,0.025599653460974075,0.8098738577134409,0.15459130889780004,0.009880999956568175,5.4179971217671354e-05,0.8098738577134409,0.5993824223810807,0.37241723818633043
101733.0,3.458300746061394e-13,0.6867582689464738,3.823575921942918e-11,0.31299599456928606,0.00024573644565874616,0.6867582689464738,0.623672690280434,0.38750963020201057
101736.0,0.9309542403937432,1.1368055783902073e-06,0.002453679201863656,0.06627124374672319,0.0003196998520899208,0.9309542403937432,0.26380093334895194,0.16390873565913558
101740.0,0.005285568002440009,0.006621140931070894,0.9867594509613725,2.0554841349013662e-05,0.0013132852637664045,0.9867594509613725,0.08302081821437036,0.05158373465231124
101742.0,0.15397571622257525,0.0010882104814678795,0.0013170221684401433,0.8429028385033945,0.0007162126241235075,0.8429028385033945,0.4534841524545846,0.28176554618919036
101743.0,0.00025408712330552536,0.0018496659208597757,0.039285180949477555,0.9557821822418207,0.0028288837645359176,0.9557821822418207,0.20073029376359858,0.12472074393973719
101744.0,0.24037532123972308,4.37861944294395e-05,0.001049081415520081,0.7579973135436212,0.0005344976067064578,0.7579973135436212,0.5643533557502214,0.35065245536356116
101755.0,0.5571635352462396,0.21527554338936608,0.22048291352123198,0.00691879441153467,0.00015921343162937664,0.5571635352462396,1.0256699567617202,0.6372845754643034
101756.0,0.9999856790389754,2.733212837397033e-11,5.353260029898871e-08,1.3291587795952951e-12,1.4267399762216896e-05,0.9999856790389754,0.00017440684342352687,0.00010836506464530554
101758.0,0.04425785598933233,0.002863066277073861,0.12202054425639189,0.8304805034373841,0.0003780300398169842,0.8304805034373841,0.5686691990506588,0.35333403957820797
101761.0,0.42325079889190725,1.8954036486579354e-05,0.05057728109000159,0.5252764639012186,0.000876502080387092,0.5252764639012186,0.8594076875919793,0.5339800193299897
101762.0,0.01932997420761366,0.13679718671890193,0.8369528285821647,0.005739227444322137,0.001180783046995979,0.8369528285821647,0.5349470052047806,0.3323812624717727
101763.0,0.18530634091549603,0.6726275344319828,0.12550439923623982,0.016558212545995477,3.5128702844869034e-06,0.6726275344319828,0.9075396746505555,0.5638861043592543
101764.0,2.890372019263526e-128,1.3630359217795144e-116,2.091884912677478e-54,6.046111777440657e-94,1.0,1.0,1.421519084682928e-13,8.832394674567064e-14
101765.0,0.9345131161117141,0.06489761580656726,0.0005080346198502598,3.818818313832761e-06,7.741464355573362e-05,0.9345131161117141,0.24541948324432217,0.15248769856126468
101766.0,0.28284066981701406,0.05497717800286121,0.028218452273979018,0.6338748295397902,8.887036635591804e-05,0.6338748295397902,0.9071634180574981,0.5636523229936294
101768.0,1.6408736595081767e-05,0.9908997922256041,0.0002225012881345404,0.00876401313950009,9.728461016747129e-05,0.9908997922256041,0.05352554665422408,0.03325729202766977
101772.0,0.0020642904775636808,0.014615130650994956,0.8218255156766765,0.16069078780001836,0.0008042753947448335,0.8218255156766765,0.5353046717073138,0.3326034931647183
101775.0,0.02634061837856868,0.7165483409288068,0.042878128708339486,0.21423118366631405,1.7283179717730835e-06,0.7165483409288068,0.7997527604837877,0.4969143290990632
101778.0,0.007802607275430405,0.9822283730121308,0.009934379442453681,3.439361674903637e-05,2.466532352914242e-07,0.9822283730121308,0.10165329175019577,0.06316074137737702
101779.0,0.07383527896832665,0.008282862056219725,0.24613764443345265,0.6716724801865689,7.173435543173124e-05,0.6716724801865689,0.8451644968027822,0.5251302273130639
101780.0,0.03554111932796936,0.0626657308634617,0.8927686963562642,0.008987141174443889,3.731227786039394e-05,0.8927686963562642,0.43617561409771166,0.2710111466419002
101781.0,0.0006371308047352518,0.005294709255815153,0.005833702814379753,0.9882190816500552,1.5375475014806983e-05,0.9882190816500552,0.0743289926021973,0.04618319975436813
101783.0,0.0030990812144798775,0.03254273462297663,0.1762864482822585,0.7880373810649967,3.435481528883917e-05,0.7880373810649967,0.6234097356940868,0.3873462473313103
101785.0,0.6918220813578017,0.00014368901031194041,0.30620222252131934,0.00016430594619705902,0.0016677011643700015,0.6918220813578017,0.6306490123514278,0.3918442628194582
101786.0,1.3789876818282705e-06,8.885073422153948e-06,0.0006014223331721314,0.9993722785587476,1.6035046977149484e-05,0.9993722785587476,0.0053867910809098345,0.003347001483743413
101787.0,1.0076326870329358e-06,0.03031364792986766,0.0002609458705984188,0.9671718910533074,0.002252507513538442,0.9671718910533074,0.15416221575168632,0.09578637023563878
101790.0,0.9802171348998601,0.0006549770962285395,0.003113948660489765,0.013409939529138507,0.0026039998142835144,0.9802171348998601,0.11567681410376231,0.07187404572122554
101793.0,0.26662304663423825,0.3661289145099958,0.09354603743104456,0.2736931334020351,8.868022684811305e-06,0.3661289145099958,1.29670865423017,0.8056903868189851
101794.0,0.04724162919396968,0.03318945328644944,0.31336638553560386,0.6061795749468742,2.2957037101591013e-05,0.6061795749468742,0.9245423442970894,0.5744504569914222
101795.0,0.05205843035747345,0.04243595544746794,0.03734204678883699,0.868160387275924,3.180130297874777e-06,0.868160387275924,0.5334870565283671,0.3314741453564529
101799.0,1.8521376249705264e-07,0.9998496910867242,8.753053653435404e-06,0.00014025702085015238,1.1136250085736796e-06,0.9998496910867242,0.001514738262959473,0.0009411597994908644
101802.0,2.0452564707065846e-07,0.9770089744898377,0.022518843733744666,1.0477580515605233e-12,0.00047197724972313323,0.9770089744898377,0.11176555382619549,0.06944384307261794
101807.0,6.661101041142017e-05,6.879508744108648e-16,0.9325067828149178,4.362658079616612e-09,0.0674266018120155,0.9325067828149178,0.24763353573424476,0.15386336672020226
101809.0,1.3976272357794026e-05,8.213050178654696e-13,0.9904473086217861,0.007769063840995939,0.0017696512640370972,0.9904473086217861,0.058616427272935576,0.03642043400374767
101811.0,2.6156204287543613e-05,0.0038877684815203017,0.9605229501359491,0.002325764228735345,0.03323736094950624,0.9605229501359491,0.18778557010220032,0.11667773491069004
101814.0,0.9999218406183505,4.179946515032767e-25,2.2698718464826487e-11,3.585227357708355e-15,7.815935894464355e-05,0.9999218406183505,0.0008172912416708187,0.0005078116001596821
101817.0,0.02659499909090642,0.007202149592005158,0.8491953800504353,0.11591056610815492,0.0010969051584969992,0.8491953800504353,0.5280619790840889,0.3281033552176315
101821.0,0.08169404062102986,8.360860740040168e-05,0.8824572760065289,0.03500473868153474,0.0007603360835064338,0.8824572760065289,0.43856288715589986,0.2724944427912855
101822.0,0.0030835192234577443,0.004814937469596354,0.01337717468652823,0.9786589640884992,6.540453191684412e-05,0.9786589640884992,0.12297431968620921,0.07640824087474359
101823.0,7.983309021638085e-07,6.24250672345691e-24,0.42868424346591105,9.302038006517687e-12,0.5713149581938856,0.5713149581938856,0.6829520943522935,0.4243419948517322
101828.0,0.5243010737517331,0.4714257327198027,0.002350858387778027,0.0018476669212047654,7.466821948306943e-05,0.5243010737517331,0.7196128406969439,0.447120597282692
101829.0,0.028541271335043285,2.13071713698703e-06,0.2116268106167603,0.7592796815386506,0.0005501057924089186,0.7592796815386506,0.6433969917987813,0.3997650277951469
101830.0,0.9918843664012374,0.00667875692572201,0.0009926767186831805,0.00044250283351262676,1.6971208432814542e-06,0.9918843664012374,0.05183981708884316,0.03220988935847861
101832.0,0.006942190846804188,0.8883329532144301,0.10464750777177159,1.3478362822850003e-05,6.386980417145399e-05,0.8883329532144301,0.3766639306049317,0.2340344586733814
101834.0,0.7604517433282473,0.021543747766682997,0.2149031383753791,0.0030277113043226714,7.365922536787075e-05,0.7604517433282473,0.639611562495604,0.39741300832677723
101837.0,6.017550783317154e-11,5.956486734370143e-19,0.9960948299341209,1.909316711746193e-08,0.0039051509125377823,0.9960948299341209,0.025553729411187918,0.015877424791454472
101838.0,0.7634564018460441,0.2335063387952459,0.0013658205642864503,2.9619386569327468e-05,0.0016418194078528549,0.7634564018460441,0.5655471015287463,0.35139417131874173
101839.0,0.020925502018707555,0.012489857375803248,0.9659650942162401,6.3275743779787626e-06,0.0006132188148721364,0.9659650942162401,0.173716106692032,0.10793588578344425
101840.0,7.691238266320348e-08,3.263520796519464e-05,1.5492896217184765e-05,0.9935042917212611,0.006447503262174635,0.9935042917212611,0.03950614483363863,0.024546547914911405
101843.0,0.014378088581663307,0.038947946622193245,0.9446728044780568,1.147349988330602e-07,0.002001045583088528,0.9446728044780568,0.25360338091896256,0.15757264008737992
101844.0,0.8608436483433023,4.033645339882995e-07,0.0011528449566043314,1.9613371156988932e-08,0.13800308372218975,0.8608436483433023,0.4101089936476362,0.2548150447303623
101845.0,0.0195614147362144,0.0009026375665341366,0.00010592665540259007,0.26308434208276377,0.7163456789590855,0.7163456789590855,0.6745145474969662,0.4190994522285337
101846.0,5.098682003271382e-06,0.06793167166322711,0.002090294317295363,0.9299371297150971,3.580562237766699e-05,0.9299371297150971,0.2635612448077743,0.1637598087950883
101847.0,0.005058147204013532,0.018682679590664966,0.9760226004695809,7.938718538525229e-10,0.00023657194186973713,0.9760226004695809,0.12676404254980264,0.07876292808219347
101848.0,0.8438460518576401,0.02146915190015079,0.0018034063896480057,0.00047955425945729455,0.13240183559310453,0.8438460518576401,0.5085027769032009,0.3159505396105312
101850.0,0.0013622985607892471,0.00025349087430241534,0.028350241837669925,0.9698776172106311,0.00015635151660777785,0.9698776172106311,0.1431377451999359,0.08893648154681258
101851.0,0.01266678930144309,4.748694000894099e-06,0.0008777752484219095,0.9864439682541882,6.718501947349322e-06,0.9864439682541882,0.07511815867583593,0.04667353620508906
101853.0,0.07909094828006732,0.013770224684922285,0.12309830189542477,0.7840137447442809,2.6780395306269917e-05,0.7840137447442809,0.7085928373649841,0.4402734842335821
101861.0,0.014028491672926986,0.9836843975343935,0.0022742064260468167,8.131084859753936e-07,1.2091258145853367e-05,0.9836843975343935,0.09002606013522436,0.05593633618277931
101862.0,0.21954360193378053,0.004065754831509446,0.002731872278693337,0.7736159525172673,4.2818438749644515e-05,0.7736159525172673,0.5703834155191414,0.35439914215547363
101864.0,0.00018296970046127647,2.208907250889695e-09,0.9906410778842437,0.0062524903827444,0.0029234598236419643,0.9906410778842437,0.059678042266181355,0.03708005248610354
101865.0,0.0020890703673659824,0.008641101035242033,0.963545709291207,8.700590128457759e-07,0.025723249247170794,0.963545709291207,0.18389765022239374,0.1142620344665974
101866.0,0.00027818036339744993,8.926826730618468e-07,0.010210492471268763,0.9174622815021756,0.07204815298048511,0.9174622815021756,0.31764896858004676,0.19736640110561154
101867.0,0.9881159006371215,0.009999332175724063,0.0014949231890520015,0.00038392238508220443,5.921613020411976e-06,0.9881159006371215,0.07067884319384993,0.04391523441059981
101870.0,0.0017483091198725153,0.2931777660740568,0.026982753235397432,0.6780160019194583,7.51696512136386e-05,0.6780160019194583,0.7324792970736459,0.45511497611352425
101871.0,0.49418799262806495,0.4912381565796546,0.013503958029718724,0.0010666639433798515,3.22881918275809e-06,0.49418799262806495,0.7629797793934961,0.474065991299765
101874.0,0.008619335968226031,0.17442431490386312,0.05116633791947821,0.7657494451722628,4.056603617159162e-05,0.7657494451722628,0.7024548732158392,0.4364597526806439
101875.0,0.008013109219634416,0.0038284355415130135,0.48788997344804236,0.15039630536832352,0.34987217642248797,0.48788997344804236,1.0624791687103496,0.6601554247615959
101876.0,0.36563542813197575,0.5292954837443289,0.08474262911838168,0.004418395234078217,0.015908063771234857,0.5292954837443289,1.0036018198204937,0.6235728710420738
101879.0,5.732091007961262e-06,0.9973425073892934,6.206673648037808e-05,0.00011910065597258964,0.0024705931272466365,0.9973425073892934,0.01923224383419867,0.01194966496415633
101880.0,0.7547768747437311,0.13484103527826505,0.00025040723606330065,0.11006492975177314,6.675299016881149e-05,0.7547768747437311,0.7281160247915122,0.45240392261563894
101882.0,0.09303368046823174,0.03221332266376487,0.860982678487481,0.013697281179985688,7.30372005364898e-05,0.860982678487481,0.5199379265101921,0.3230555975432705
101883.0,0.1743545438101603,0.005612216245544524,0.484433298604216,0.33555997370914503,3.9967630933758525e-05,0.484433298604216,1.0515523499919606,0.6533662105682608
101884.0,0.07995706674934017,0.0002484487269960556,0.1772680947247359,0.7401855991931305,0.0023407906057982836,0.7401855991931305,0.7476119100969166,0.4645173972360541
101885.0,6.701790992996788e-05,0.9956038634610004,0.003489707855305643,0.0008385043928467065,9.063809163712311e-07,0.9956038634610004,0.030727571153530343,0.019092113411854593
101888.0,0.09896563072043052,0.033006371040200745,0.2092457031049015,0.6586730908153263,0.0001092043191394412,0.6586730908153263,0.9448147090070008,0.5870463853918235
101893.0,0.15992015505430002,0.00167086856195495,0.017876914069418735,0.8191902816732922,0.0013417806410349062,0.8191902816732922,0.5480244533037074,0.3405067378305261
101894.0,2.261190215129302e-37,8.827415018815857e-12,3.755434331488983e-19,1.4771624444297708e-95,0.9999999999911751,0.9999999999911751,2.336197053198155e-10,1.4515608431672338e-10
101895.0,2.235819304976593e-09,2.646461692680327e-11,0.9795408744775106,1.0153005611385431e-06,0.02045810795964352,0.9795408744775106,0.09983172626603196,0.06202893910647805
101896.0,0.7581946038026294,0.23214372183015666,0.0014364575828205257,0.008200712091228631,2.450469316656619e-05,0.7581946038026294,0.5979571544499884,0.3715316694296353
101899.0,0.003324190955154521,0.9945603703144741,0.0014636469648668775,0.0005319945732560931,0.00011979719224959316,0.9945603703144741,0.03903974187160356,0.024256755461016938
101903.0,0.16487909049317442,0.8218888814167321,0.012797184809776499,0.0003920142033143344,4.2829077001342646e-05,0.8218888814167321,0.5176979367815071,0.3216638136717838
101904.0,0.6996608814540718,0.28052121020798165,0.01967030180408426,1.4909456734259465e-05,0.00013269707712942438,0.6996608814540718,0.68509069965429,0.425670785037097
101905.0,2.0165482703812966e-06,8.504973169902924e-13,0.476797465504603,6.0622417930030715e-05,0.5231398955283453,0.5231398955283453,0.6927072773445588,0.43040323083784837
101910.0,0.0004206354467646883,2.665627131230274e-06,0.9992213105994153,1.533463010793796e-05,0.0003400536965797759,0.9992213105994153,0.006968309637759606,0.004329654212768478
101912.0,0.01574174713063528,0.9311934610806952,0.006639941354991945,0.04642046520938496,4.385224291601337e-06,0.9311934610806952,0.3075966474472359,0.19112054281238433
101915.0,0.05316441284436912,2.0627053214152883e-05,0.9342691295400568,0.009309645568767603,0.0032361849935923503,0.9342691295400568,0.28184070868448985,0.17511747828671212
101917.0,0.014205051986223443,0.0003528123496502403,0.31452049416981076,0.6704661480758092,0.00045549341850603035,0.6704661480758092,0.698587959928401,0.4340571043662457
101920.0,0.036870627663724,0.015356902844468185,0.019978324399910756,0.9277802776590991,1.3867432798441111e-05,0.9277802776590991,0.33369813412893856,0.2073383083316686
101922.0,0.08536191393618278,0.773897612553906,0.014353000444948444,0.12638643841800634,1.0346469559475167e-06,0.773897612553906,0.7307700005908224,0.45405293049522616
101928.0,0.9157961806109451,0.00040203432498039373,0.03853877397775402,0.04521538529293746,4.7625793382140495e-05,0.9157961806109451,0.34965917169904726,0.21725545856579562
101934.0,0.20885588138163788,0.0002339726427237037,0.08551265775836875,0.7052581148061395,0.00013937341113048074,0.7052581148061395,0.7868384272537818,0.48889020270671646
101941.0,0.9968681376037807,0.00012421315407324117,0.002911116784503091,1.314528040419796e-09,9.653114311350881e-05,0.9968681376037807,0.022135231939383267,0.013753392888518533
101945.0,2.2149318142486467e-06,2.851411048113643e-09,0.5272418901434758,6.120965222586301e-08,0.4727558308636451,0.5272418901434758,0.6916926876202951,0.4297728307979181
101947.0,2.097247690537165e-05,0.00011871328925771926,7.543968027185486e-06,0.7471928014241648,0.2526599688416432,0.7471928014241648,0.5667308590766142,0.3521296812372807
101949.0,2.1689008193253572e-07,4.978939442744559e-13,0.9154193196042858,9.752526333941246e-09,0.08458045375260743,0.9154193196042858,0.2898200272841212,0.18007530768664437
101950.0,0.09771873462548743,0.04384984094747701,0.027231429331884282,0.8310978428338367,0.00010215226131596388,0.8310978428338367,0.6172020116937125,0.3834891715457736
101957.0,0.034403237370861726,0.9648691722044334,0.0007275148846510126,7.010890620703184e-10,7.483896506177605e-08,0.9648691722044334,0.1556898666977941,0.0967355531362686
101959.0,0.30999849917521616,0.4456756759043582,0.2367754834897054,0.007412553456850398,0.00013778797387002797,0.4456756759043582,1.1019346971815505,0.6846705229622644
101962.0,0.1761802199853164,0.0005779304682239061,0.1662681944044725,0.6569424522207048,3.12029212815653e-05,0.6569424522207048,0.8848561340714016,0.5497920281579255
101965.0,0.009160831609743302,1.5993737518875735e-06,0.004300144655069629,0.9864954172980966,4.200706333884715e-05,0.9864954172980966,0.08027972613912276,0.0498805983871154
101966.0,0.026482517772946763,0.863520975536588,0.008654658484868408,0.10134043280530283,1.4154002929245293e-06,0.863520975536588,0.49599706013935363,0.30818030090344517
101971.0,0.047726113966344484,0.9464057010125965,0.0009857965920667738,0.004881114221650575,1.274207342557069e-06,0.9464057010125965,0.23014798740922718,0.14299898469593855
101976.0,6.432447316013209e-05,2.617446930373934e-07,2.1622870716400437e-05,0.99991334439633,4.4651510130442435e-07,0.99991334439633,0.0009502475216644688,0.0005904219816888261
101977.0,0.0328846869067598,0.011023673453619048,0.0027024946130600486,0.9531752184993878,0.00021392652717204736,0.9531752184993878,0.2254844989643526,0.1401013964082229
101978.0,0.8033177998144532,0.01568275476095218,0.17980331521002849,0.0011336408258358988,6.248938872991064e-05,0.8033177998144532,0.5579120633820006,0.34665025539147337
101980.0,0.0003023455285596795,0.9989379752502696,8.520585968497894e-06,0.000711838876484806,3.9319758718300156e-05,0.9989379752502696,0.009169128193000975,0.005697099665766953
101981.0,0.028022509124614046,0.01888146928611027,0.9137385947948743,0.039277406233975694,8.002056042422298e-05,0.9137385947948743,0.3854537976242468,0.23949591012261526
101985.0,0.011668335305254907,0.00020034409900421304,0.00258621906518832,0.9853717831664383,0.00017331836411298295,0.9853717831664383,0.0850695970045732,0.05285671248784904
101989.0,3.335551818483852e-05,2.9248076188478227e-08,0.9274212058328739,5.754313118160401e-06,0.07253965508774592,0.9274212058328739,0.26060921731140196,0.1619256109838116
101993.0,6.449334948905253e-05,0.9204556706154481,0.055480540128527274,0.0004648942969691571,0.023534401609565037,0.9204556706154481,0.32915473937708306,0.204515338450846
101995.0,1.2567912574637037e-10,7.541909985935865e-11,4.7622924266157964e-12,2.146986331944018e-08,0.9999999783242759,0.9999999783242759,4.055080101940069e-07,2.5195629297729167e-07
102000.0,0.03632164348999841,0.0010667577649647588,0.961343939098602,0.0012555912917274867,1.2068354707635475e-05,0.961343939098602,0.1741419219833544,0.10820045969961253
102001.0,0.0007102375798452734,0.00013335976353280973,0.0026420349131065692,0.9961913670870954,0.0003230006564186333,0.9961913670870954,0.02842032323201358,0.017658539675526174
102002.0,6.0959941292093424e-06,3.459409944778326e-16,0.00012094036711947918,1.228092391889634e-08,0.9998729513578245,0.9998729513578245,0.0012913720967721006,0.0008023745972400018
102005.0,0.9950387471717627,1.7685369961073726e-05,0.004706054866240796,0.0002356263500043258,1.8862420313642588e-06,0.9950387471717627,0.03235486624945189,0.020103208703788185
102007.0,0.15784943129079446,0.7547231375602242,0.0544974829576856,0.032928891195163394,1.0569961308217138e-06,0.7547231375602242,0.7747704296828795,0.4813919342257343
102008.0,0.016600340222064615,0.3436181082097505,0.6391489176945494,0.0006216041845450691,1.1029689092037713e-05,0.6391489176945494,0.7259047208376055,0.4510299622181469
102012.0,0.9999999945251439,5.9182386291753634e-18,3.9748409032272484e-13,1.7334710568352815e-16,5.4744587672666795e-09,0.9999999945251439,1.0962784983893005e-07,6.811561290558256e-08
102015.0,0.004170323342307442,0.7932103505567909,0.08504733031702026,0.11733096496851313,0.00024103081536732462,0.7932103505567909,0.669635705562216,0.416068057294279
102018.0,1.265897350581774e-05,1.002224838028584e-06,0.9848096980847084,9.79194522615944e-10,0.015176639737752561,0.9848096980847084,0.07879069726231182,0.048955412727384705
102021.0,0.007100214682757691,0.6055555775709545,0.3873073957828684,5.613894790513839e-07,3.625057393896936e-05,0.6055555775709545,0.7066353069909808,0.43905720222675226
102022.0,0.13328329326367036,0.043691786472862204,0.073404659118363,0.7495914887181603,2.877242694576703e-05,0.7495914887181603,0.8134534458784707,0.5054270435621904
102024.0,0.12049182718344466,0.0005683663065791782,4.738947564548521e-06,0.8786496293581029,0.00028543820431039266,0.8786496293581029,0.3752866262494039,0.23317869136177088
102026.0,0.003047172453987038,0.9862118313979876,0.010730859731323077,9.020032023889205e-06,1.1163846786672734e-06,0.9862118313979876,0.08012716440591174,0.04978580645259443
102027.0,0.3675147255531872,0.0003619817253900389,0.28294335154396033,0.34912641325731136,5.3527920150357036e-05,0.3675147255531872,1.0958855723280199,0.680911990367253
102028.0,0.0011634443764803805,0.02207610386294061,0.00012030001996783953,0.9765171468189163,0.00012300492169434974,0.9765171468189163,0.11744074053281865,0.07297003483359123
102030.0,0.41104315536495667,0.1633109774832672,0.39873867299527843,0.025474879242080316,0.001432314914417955,0.41104315536495667,1.1308702374116222,0.702649184957563
102031.0,0.5582697315900963,0.02786184459753373,0.371382370501362,0.042457355740233675,2.8697570775328605e-05,0.5582697315900963,0.9274785356093728,0.5762748152282943
102032.0,0.9941649328163555,1.2362506042332866e-19,0.0014911333317821486,3.599583743478695e-14,0.004343933851827416,0.9941649328163555,0.039149179279836105,0.02432475274589948
102035.0,0.09297373197899023,0.7268406750548231,0.0034796782070919993,0.176701879466212,4.035292881919063e-06,0.7268406750548231,0.7787741706492958,0.48387959835709615
102037.0,0.15108581492691145,0.8481126494732463,0.0007868346012083968,1.2076317821461912e-05,2.624680812466062e-06,0.8481126494732463,0.431052175400347,0.26782777519415296
102041.0,0.09446341094955388,0.6333314213248478,0.07693729147224045,0.1952558966588066,1.197959454962913e-05,0.6333314213248478,1.0285732388831044,0.6390884860712016
102044.0,0.029972104305012705,0.9573380310644158,0.012688210147200115,1.6561271213396777e-07,1.4888706612865932e-06,0.9573380310644158,0.20229854200758735,0.12569515135978918
102045.0,0.999130136264785,1.217316236601394e-09,0.0005402784373626309,0.0002696179518091624,5.996612872520561e-05,0.999130136264785,0.007733086013426699,0.004804836492096328
102048.0,0.05272609618542029,0.0002748071922608807,0.8983934082242712,0.048090382654258905,0.0005153057437882932,0.8983934082242712,0.4035076258415254,0.2507133842965485
102050.0,0.006055705919974874,0.010960849674041923,0.006378615560445073,0.9762529963711685,0.00035183247437064406,0.9762529963711685,0.13889931491806523,0.08630299674499098
102052.0,0.8979936460399685,0.000880218932568587,0.09879427715513962,0.002151010770952888,0.00018084710137209647,0.8979936460399685,0.34626011355347625,0.21514350499535292
102054.0,6.961037341256295e-18,7.332253607959316e-32,6.166679858640508e-08,8.10199637455566e-18,0.9999999383331987,0.9999999383331987,1.085429503283991e-06,6.744152693920306e-07
102055.0,0.20737768429505005,1.234797561522229e-06,0.7891289878734119,0.002639873641631215,0.0008522193923462572,0.7891289878734119,0.5348482439005949,0.33231989862329947
102057.0,0.0028458524514472896,0.01151581326100901,0.035603746589158665,0.9500306069783592,3.980720027191535e-06,0.9500306069783592,0.23558748627609835,0.14637873536842302
102058.0,0.22088343772709199,0.10468868463212436,0.49005442800980503,0.18408594397700223,0.00028750565397473127,0.49005442800980503,1.2332267634698264,0.7662468703776865
102060.0,4.1871940364827125e-06,4.5978567713870287e-07,0.9975910942838102,3.4644233905208865e-07,0.0024039122941376064,0.9975910942838102,0.016966889245859033,0.010542121019256005
102064.0,0.05359461255281417,0.9087986833461897,0.018683735227106677,0.018877542201351297,4.542667253727698e-05,0.9087986833461897,0.39350136320524903,0.24449614375625145
102067.0,0.005432057405556793,0.003927389995550687,0.11948470919922984,0.8710613608037893,9.448259587275516e-05,0.8710613608037893,0.4250600642708663,0.2641046672176431
102068.0,0.040291618536040796,1.0982549606966327e-10,0.9575876776624587,4.0010134534631416e-08,0.0021206636815409687,0.9575876776624587,0.18395651091532075,0.11429860667138535
102070.0,6.632431160072377e-06,2.3022128544228287e-08,0.9957192086391731,3.101731012428132e-05,0.004243118597413223,0.9957192086391731,0.027850944097518447,0.017304764528255034
102072.0,0.40386677845012553,0.000862338430062633,0.04183902903481123,0.5531388080622941,0.00029304602270822954,0.5531388080622941,0.8349755681054584,0.5187994899676797
102073.0,0.013969611327140483,0.0007527526687601905,0.0586801093829973,0.9263647838507333,0.00023274277037044772,0.9263647838507333,0.30427461165508113,0.18905644592086115
102074.0,0.019765350687542864,0.7510112785375991,0.22059087648594886,1.3345079304089807e-07,0.008632360838114828,0.7510112785375991,0.6670325285906051,0.41445061250097603
102078.0,0.0001621985326666774,0.9423295801103594,0.006239944883806318,0.005998040775494474,0.045270235697674584,0.9423295801103594,0.2598729333098633,0.16146813201189827
102079.0,0.05855502261596171,0.8449512827975713,0.09588612411600562,1.7794141620830673e-07,0.0006073925290456947,0.8449512827975713,0.5378363854475571,0.334176535355836
102081.0,0.9409641020189541,0.0010760592805922678,0.05667210718253324,0.0011149599514833925,0.00017277156643791212,0.9409641020189541,0.2363653268157727,0.1468620348692394
102082.0,0.9938442246146076,2.6810001023122105e-10,0.005521395815457436,0.0006304281634565105,3.951138379058303e-06,0.9938442246146076,0.039538073688642095,0.024566386427945546
102088.0,0.8432499877884597,0.05106014811717692,0.08411527589386933,0.02156669046027295,7.89774022130451e-06,0.8432499877884597,0.5867271265057947,0.36455406075182706
102091.0,0.048131555129107294,5.0303864022382344e-05,0.07240474315959868,0.8793158558045849,9.754204268543233e-05,0.8793158558045849,0.4506082905933447,0.2799786727478344
102092.0,0.017779153854207107,0.009737025952027,0.12039327304844816,0.852086060416431,4.4867288883877754e-06,0.852086060416431,0.5080636103033257,0.315677670059937
102093.0,0.08618962247611155,0.9001621931540914,0.004083807898444888,0.009561092788477912,3.283682874391565e-06,0.9001621931540914,0.3729127795875339,0.2317037375014633
102096.0,0.0015970388725606902,1.2824442493798569e-05,0.030607521795319215,0.9677638424563986,1.8772433226499575e-05,0.9677638424563986,0.14905737013850603,0.09261455132063649
102099.0,0.9999998228625323,3.083078996192944e-09,2.480327221733787e-08,1.1951796880331056e-12,1.4924992279503238e-07,0.9999998228625323,3.0178095990736194e-06,1.8750705297537757e-06
102100.0,0.007771053794808871,5.54236614456134e-05,0.9898956558538791,1.9916986741873272e-05,0.0022579497031237255,0.9898956558538791,0.06231696735953616,0.03871970883629087
102101.0,0.03856724876492098,0.0030822257901228912,0.007517748763432469,0.9506192254235334,0.00021355125799110938,0.9506192254235334,0.23008299796301948,0.142958604482632
102103.0,3.7392547302420524e-05,0.7375768124594037,0.001409234904776296,0.2609253820901416,5.117799837662135e-05,0.7375768124594037,0.5852040757921414,0.3636077361363283
102105.0,0.998895679151188,5.349728822215036e-05,0.00026035863538264724,0.0007746305676313661,1.5834357577530836e-05,0.998895679151188,0.009502558279791403,0.005904271426923089
102106.0,0.8740833909427628,0.03768801732953073,0.03533780412726913,0.049326930555059184,0.0035638570453787677,0.8740833909427628,0.5278458153691873,0.32796904514997893
102107.0,0.005067984635879898,0.7315699024455665,0.0008908518521252536,0.26246773442152843,3.526644901436735e-06,0.7315699024455665,0.6128296520923484,0.380772471778989
102111.0,0.0014797997465193884,0.2765868920654664,0.03290553412838186,0.6889826235477132,4.515051191742069e-05,0.6889826235477132,0.7345880588316707,0.4564252234624484
102112.0,7.916545317088662e-05,0.9966544117749857,8.959290161511116e-05,0.003166636899624699,1.0192970604770555e-05,0.9966544117749857,0.023264069698432813,0.014454779223666002
102113.0,0.09389253827479413,0.8905321748331062,0.00720102334342293,0.008302589961030135,7.167358764537274e-05,0.8905321748331062,0.40134713328456817,0.24937099479505498
102116.0,0.03256099777722797,0.0005933734059900599,0.9659652025491469,4.407614296492076e-08,0.0008803821914911073,0.9659652025491469,0.15556157696405165,0.09665584224294906
102117.0,0.03400524835285742,0.0040875753287470664,0.7685163109675103,0.193072115254743,0.00031875009614150423,0.7685163109675103,0.6599164808610252,0.4100291634505944
102121.0,0.14649389427297776,0.4500063597882979,0.035282369875182885,0.36821574103893256,1.6350246095299767e-06,0.4500063597882979,1.1266069209401992,0.7000002374967845
102126.0,2.47690647808628e-05,0.9996917316113361,5.9585430900046824e-05,0.00012784522234837189,9.606867063554035e-05,0.9996917316113361,0.0031853434552458937,0.001979165167315095
102128.0,0.0068996124218526035,0.4709812623262318,0.509512834422288,0.011361838380790645,0.0012444524488358277,0.509512834422288,0.7917150929136539,0.49192024544536217
102129.0,0.16309977955787017,0.0038412419807533535,0.002310185318623764,0.8306974460689301,5.134707382349475e-05,0.8306974460689301,0.48574557905153876,0.3018106975726086
102130.0,8.308237816345994e-05,0.03117243657253315,0.9681708510821505,0.00013704515428242313,0.00043658481286930426,0.9681708510821505,0.1448073496538538,0.08997386512092809
102131.0,0.0004183169228824048,6.31426863986297e-07,0.9827609146346195,0.016011045309468817,0.0008090917061636992,0.9827609146346195,0.09231054353400435,0.057355765525862794
102132.0,0.9833993200668045,0.0151951321487625,0.0013246961705007756,3.620774890341881e-05,4.464386502751391e-05,0.9833993200668045,0.08967644969476977,0.0557191110026381
102134.0,0.004174961695348688,0.3949981898817201,0.0017222880009441673,0.5991011973664577,3.3630555284735055e-06,0.5991011973664577,0.7077143123761247,0.4397276259671201
102135.0,0.01418034040074163,0.6764414151198745,0.2749157211935164,0.032504900308591066,0.0019576229772759017,0.6764414151198745,0.8033549560653547,0.49915249905500697
102139.0,0.19564824560432098,0.028175928712002668,0.037032811381724866,0.739085446635527,5.756766642351048e-05,0.739085446635527,0.7658324676872367,0.47583846619407527
102147.0,0.002941925417615278,3.138204873339496e-10,0.9964041455700218,0.0002385292143656791,0.0004153994841751582,0.9964041455700218,0.025960951825153247,0.01613044630338683
102148.0,7.3874449928907605e-06,0.018659323062879943,0.9753899350135347,3.886145457048156e-13,0.00594335447820428,0.9753899350135347,0.12914496757834487,0.08024227997899411
102149.0,0.7082784840943095,0.06279378168307666,0.22782969040399914,0.0010389192234422134,5.912459517412508e-05,0.7082784840943095,0.7628132244881688,0.47396250491856284
102151.0,0.026290030424863928,0.9716951796606172,0.0016444126223593646,0.0003702400769834082,1.3721517537727234e-07,0.9716951796606172,0.13702726692597023,0.08513982792833018
102153.0,0.0006935367769748653,1.1201910452207171e-05,0.9314609980063365,0.021616161624192855,0.04621810168204226,0.9314609980063365,0.2962822353346911,0.1840905033028558
102154.0,0.03336186567588666,0.001335011236911658,0.01421927273820607,0.951066335594975,1.7514754020745488e-05,0.951066335594975,0.2306629596373228,0.14331895493158237
102155.0,0.030590401831438734,0.0599158902461812,0.026720464492933204,0.8827607931999445,1.245022950200649e-05,0.8827607931999445,0.4823349002405044,0.2996915236767507
102162.0,0.034547057703931135,7.93199317687069e-07,0.9490437519375187,0.012797610433065007,0.0036107867261679157,0.9490437519375187,0.2419970872856913,0.1503612443922717
102167.0,7.40841613733251e-07,4.0557012516124764e-15,0.9585673255828024,1.3893258375141145e-08,0.04143191968232305,0.9585673255828024,0.17247989915723094,0.10716778685570653
102168.0,0.16628274326546233,2.6313673983182595e-05,0.8318978125576625,0.00018671383455970135,0.0016064166683307647,0.8318978125576625,0.4636452319780478,0.2880789798699564
102169.0,0.01084973969879058,0.6203310784816606,0.10177957491914315,0.2668329807738043,0.0002066261266029732,0.6203310784816606,0.9321249738963722,0.5791618096572823
102170.0,0.07875696016708139,0.0026111819838880723,0.8480634540411047,0.07038486687497807,0.00018353693294880682,0.8480634540411047,0.543808657651513,0.33788731671485317
102171.0,0.000624795805508435,4.676880940602677e-15,0.997702881760504,0.00038387689268565143,0.0012884455412981578,0.997702881760504,0.01849726638136659,0.011492997796598119
102173.0,0.3166482693185642,0.006298281569193097,0.322969477102425,0.3516591470429388,0.0024248249668804857,0.3516591470429388,1.1431884634111233,0.7103029291028535
102177.0,1.2739716065955931e-05,7.107931828561626e-07,0.9997408793390422,4.557010726163611e-07,0.00024521445063750507,0.9997408793390422,0.002457950483264294,0.0015272105026697864
102178.0,4.987812722063664e-05,9.4143263727198e-07,0.8265264315234876,9.957296619534336e-08,0.1734226493436871,0.8265264315234876,0.4618219440020903,0.2869461073547315
102179.0,0.2928141814089283,2.149453001644262e-05,0.0051210032679914474,0.7015069272213391,0.0005363935717239948,0.7015069272213391,0.639621420094714,0.3974191331974751
102181.0,5.7471410920567885e-30,1.4689335356422e-11,3.459829839617658e-16,5.359857406633653e-69,0.9999999999853131,0.9999999999853131,3.8120516671100225e-10,2.368560873121665e-10
102183.0,0.00014916934234521722,0.0011196099352280137,0.00865950260807715,0.9900107194119667,6.099870238308579e-05,0.9900107194119667,0.06057776208465937,0.037639079840639564
102184.0,0.999515240506408,0.00017853036946833414,5.3538982678621534e-05,5.570073824629508e-11,0.0002526900857431708,0.999515240506408,0.004645175491538249,0.0028862098100528306
102185.0,0.7558224845118376,7.357576629187201e-07,0.0797789754752344,0.15497638234820707,0.00942142190705748,0.7558224845118376,0.746222223876647,0.4636539366393245
102187.0,0.030351410172503788,0.7583216044425579,0.09812446307546176,0.11313105786956407,7.146443991272168e-05,0.7583216044425579,0.7908795756336059,0.4914011093708401
102191.0,0.031497405524782356,0.0018192548974879067,0.01810962909044627,0.948490917324878,8.279316240698926e-05,0.948490917324878,0.2439722403145028,0.1515884759701735
102192.0,0.00912888447935557,1.0997734849375947e-07,0.9584195879012994,0.03173606928743244,0.0007153483545642979,0.9584195879012994,0.1982576469840845,0.12318440211479877
102193.0,0.03451619605170748,0.07037086665852214,0.0017546630017386507,0.8933242832399098,3.399104812088261e-05,0.8933242832399098,0.41521130373047627,0.25798528823178657
102194.0,0.9884681879248178,0.008853022909493987,0.0007844723055222142,0.0018616841190318397,3.263274113439625e-05,0.9884681879248178,0.07096279750471804,0.04409166514376097
102196.0,0.028705728448791858,0.9634263854651826,0.003264882327173515,0.004602940091233389,6.366761895629039e-08,0.9634263854651826,0.18128040855495628,0.11263585078643346
102198.0,0.9831258378993862,3.4001334226789516e-05,0.0038035193640698754,0.009000064587564282,0.00403657681475441,0.9831258378993862,0.10291946043005067,0.06394745621121609
102199.0,0.38194125242969734,2.556460266109174e-06,0.05542009643160738,0.5614793354545993,0.0011567592238301784,0.5614793354545993,0.8598639223293115,0.534263493910654
102201.0,0.6464149354903196,0.1750273091446818,0.14417444961924625,0.034299393112795805,8.39126329566019e-05,0.6464149354903196,0.9827734118498275,0.610631453538639
102202.0,3.59225283536466e-05,0.9962457209016441,3.270346887036855e-05,0.003685482730933296,1.7037019943178168e-07,0.9962457209016441,0.025106340540468813,0.015599446456743521
102204.0,0.0004472522801346186,1.4179903462805505e-08,0.009115857838384785,0.981105408140662,0.009331467560915007,0.981105408140662,0.10860718768928324,0.06748143985562428
102210.0,1.2422172859312844e-05,1.5522212844746701e-06,0.550478060945701,0.00023437926284479018,0.4492735853973096,0.550478060945701,0.6902122868249279,0.4288530060666066
102211.0,0.5690859161164309,1.6117930800645796e-07,0.008776575011175037,0.42204313916032093,9.420853276515796e-05,0.5690859161164309,0.72732066078696,0.4519097351739194
102212.0,0.09413187651657016,0.8423430833032167,0.013074822190452558,0.050344989242844806,0.00010522874691557024,0.8423430833032167,0.5751022960657958,0.3573311474911237
102214.0,0.01703769934251427,0.048394448797656024,0.08063328030240441,0.853431921970047,0.0005026495873771825,0.853431921970047,0.5580393250775046,0.3467293275287213
102215.0,0.00160798071433456,0.0034189300802272395,0.0090256121071243,0.9858893008819615,5.817621635157574e-05,0.9858893008819615,0.0868257093616243,0.05394784644429671
102217.0,0.014579422985884742,0.07449095530202529,0.11798412202438838,0.7929002436647419,4.52560229586356e-05,0.7929002436647419,0.691710411145936,0.4297838430435624
102218.0,0.19447503484154421,0.0027613386874211273,0.7230633463341851,0.07919181200234911,0.0005084681344994861,0.7230633463341851,0.773850143913208,0.48082012852725936
102221.0,0.061502558046502544,0.41645233068312565,0.08567823255665698,0.43635325475258696,1.3623961129368249e-05,0.43635325475258696,1.1088626059807634,0.6889750747226583
102223.0,0.01419556929376719,0.9836516923066767,0.0020546378259380283,9.711538888988008e-05,9.851847267363511e-07,0.9836516923066767,0.09023793380282738,0.05606798069417434
102225.0,0.043952460296798744,0.037615509780140874,0.029447162644761424,0.8889755685588441,9.298719455950046e-06,0.8889755685588441,0.4692607073905069,0.2915680709178778
102226.0,9.36275126146468e-06,0.0755231530907613,2.5964651294255222e-05,0.9244075438758977,3.3975630784908436e-05,0.9244075438758977,0.2684928424204601,0.16682398267504076
102229.0,0.0001602556032399443,7.022483730965429e-10,6.392606905175931e-09,9.41516065371874e-05,0.9997455856953681,0.9997455856953681,0.0025277917688090214,0.0015706053332532788
102232.0,0.06493623638427827,0.4892553714943822,0.03504948788321003,0.41072580705184847,3.3097186280340164e-05,0.4892553714943822,1.0105806642565236,0.6279090708930362
102234.0,0.7694406226270887,5.415406732851813e-06,0.0013617402981087655,0.22894122679059992,0.00025099487747083253,0.7694406226270887,0.5503221418392812,0.3419343719864152
102238.0,0.9999566596766294,1.853685229467964e-17,6.395893651654214e-07,1.190326109284051e-12,4.2700732816331e-05,0.9999566596766294,0.0004820861687013697,0.0002995369780821596
102239.0,0.14248698586067884,0.0015537283333616142,0.12874455731398632,0.7268808007347134,0.00033392775725867946,0.7268808007347134,0.7861440279038874,0.48845874813209156
102240.0,0.5399870247898778,0.0001373951433833645,0.027642769614816553,0.43157746495799754,0.000655345493924295,0.5399870247898778,0.8006223890741365,0.4974546597223387
102242.0,0.035775203933339425,0.7902723324791769,0.1258637223103756,0.04775912349998759,0.000329617777119417,0.7902723324791769,0.7139275151580255,0.4435881059110181
102243.0,0.0021041270337239116,0.0025117722374660774,0.5301965192036221,0.4647381276331665,0.0004494538920208036,0.5301965192036221,0.72400486709924,0.4498495167199467
102245.0,3.169810248015049e-06,3.5597005100608256e-21,0.9524041183342956,3.18224962835222e-10,0.047592711537231755,0.9524041183342956,0.19140833658461837,0.118928686285968
102248.0,0.013734105286245423,0.345369772553615,0.32397613610977577,0.31688683804141793,3.3148008944052335e-05,0.345369772553615,1.1557267751695435,0.7180934202187595
102249.0,0.00016427012464116607,0.8153454985162244,0.17674223110034068,0.004119654916460418,0.003628345342332537,0.8153454985162244,0.5171968856814827,0.3213524931193391
102250.0,0.00017948715012936964,0.9501252140305567,0.0014910230372627447,0.04820137443153729,2.9013505139372456e-06,0.9501252140305567,0.2060632804140306,0.12803431485119066
102251.0,0.01783649374447136,6.208933923214707e-05,0.19698881199268875,0.7849066784307813,0.00020592649282479496,0.7849066784307813,0.584294723826637,0.36304272399235
102254.0,5.197475196652591e-07,7.0145349358316116e-06,2.0738332867181874e-09,1.2259114566586892e-09,0.9999924624178009,0.9999924624178009,9.837005608025445e-05,6.112075235725024e-05
102255.0,0.11414218056183088,0.6383036077399472,0.1628750313758018,0.08467646098092484,2.719341496933788e-06,0.6383036077399472,1.0389598828763291,0.645542070837026
102256.0,0.03402813927812818,0.008001941543015709,0.016139586470899435,0.9275394604970821,0.014290872210875924,0.9275394604970821,0.350747054523722,0.21793139816947343
102258.0,0.4157704434811128,0.4674672090511314,0.11305512228248084,0.003702649673530866,4.57551174368296e-06,0.4674672090511314,0.9875964164187849,0.6136281547668729
102260.0,0.16426728081401934,0.6248707316840189,0.0066797961021453555,0.20406854349978154,0.00011364790003662278,0.6248707316840189,0.9493453321257642,0.5898614198108347
102263.0,0.00011687618194382178,2.0945643482644366e-10,0.9202902618029324,0.01205901008836402,0.06753385171730343,0.9202902618029324,0.31279150416456536,0.19434828877089277
102265.0,0.04540249297621801,0.9274260379460324,0.0031323405641351804,0.024022076829637754,1.705168397725479e-05,0.9274260379460324,0.31808870218441176,0.19763962295590334
102266.0,0.0004998701710351967,0.10473513748931548,0.8937421124619216,4.181950457044642e-09,0.0010228756957784825,0.8937421124619216,0.34755957500792706,0.21595090579311688
102267.0,3.4431583571235204e-07,2.4038066693812564e-16,5.527688621077101e-06,1.743440395669288e-27,0.9999941279955448,0.9999941279955448,7.791276016254322e-05,4.840991973695252e-05
102269.0,0.9708888288986712,0.008918630505832395,0.02018228605214816,2.2145365483962998e-06,8.040006798047206e-06,0.9708888288986712,0.14966935700858347,0.0929948001425074
102271.0,0.007378254894511451,0.0013184101421172204,0.8028975186715603,0.18821189066561944,0.00019392562619216234,0.8028975186715603,0.5372296300884769,0.33379953705450827
102272.0,0.07010367959717251,0.8894070972801382,0.03653057418613961,0.003620065106766395,0.000338583829782771,0.8894070972801382,0.4345155369481467,0.2699796827148113
102276.0,2.0359283029844064e-05,5.958373566058007e-10,0.5089356040267251,2.1376935112457244e-18,0.49104403609440667,0.5089356040267251,0.6932132950315837,0.43071763730430196
102279.0,0.0019490814117148147,6.052979891481806e-06,0.0003399577737117723,0.9950446140373296,0.0026602937973539214,0.9950446140373296,0.03566772283650124,0.022161602234507874
102281.0,0.0013859160964554075,0.003910654013473258,4.2788444735318265e-05,0.9933488977642014,0.0013117436811353443,0.9933488977642014,0.046566730600166945,0.028933536510109804
102283.0,0.16066673608695606,0.7702499804105044,0.014175936884244476,0.05489853301147331,8.813606820876796e-06,0.7702499804105044,0.7146015723083039,0.44400692116637575
102285.0,0.0033861299119587146,0.9232233284973361,0.04302556054885203,0.012121578602466286,0.018243402439389423,0.9232233284973361,0.3549035639152791,0.22051398266027297
102288.0,0.11995221795066972,0.031040183961961572,0.033157299445237924,0.8158363036894111,1.399495271976091e-05,0.8158363036894111,0.6413273714361597,0.39847910036257417
102296.0,0.048817074751806216,0.34559942669499993,0.5395773916114488,0.065903096019351,0.00010301092239335089,0.5395773916114488,1.0276787595945431,0.6385327148409785
102300.0,6.358376976618618e-09,1.3950379948181065e-05,0.0004774095376220752,0.9528450703531334,0.0466635633709212,0.9528450703531334,0.19284623648522242,0.1198221037266131
102301.0,1.8340032201935248e-09,5.2022057570802804e-15,0.00025374819932741816,3.6522200694523344e-05,0.9997097277659688,0.9997097277659688,0.002764259880222794,0.0017175312317839902
102306.0,0.008983371781293244,5.4649921431504095e-06,0.9603519424236823,0.0030076004986028834,0.027651620304278524,0.9603519424236823,0.1979307031805328,0.1229812605080143
102307.0,0.0003968437750757957,3.8565097904109725e-12,0.9987548979397616,0.00010838577679331615,0.0007398725045124404,0.9987548979397616,0.01067570140626581,0.006633186234640123
102309.0,0.9494895890983417,0.025283051818702204,0.02173173949317635,0.0034106990441446217,8.492054563529425e-05,0.9494895890983417,0.24557628863422368,0.1525851272279377
102311.0,0.003887536011758301,0.01842937940833796,0.03798780365081769,0.9396880096201136,7.271308971329827e-06,0.9396880096201136,0.2779594521669086,0.17270591802235172
102313.0,1.4012679403514151e-05,1.7208927140517855e-11,0.9864327371552678,0.000801048862838708,0.012752201285281936,0.9864327371552678,0.07496831422961157,0.04658043261590013
102315.0,0.15166815622857277,0.8294540663285035,0.013901289974025026,0.004975402302990316,1.0851659097728304e-06,0.8294540663285035,0.5269923429681844,0.3274387529315534
102317.0,0.01729660125687985,8.065571794991886e-07,0.5814455165260165,0.39817558349452115,0.0030814921654019577,0.5814455165260165,0.7699528132033673,0.47839858080570324
102320.0,0.00636698203359363,0.16982591136346062,0.8232019966264215,6.738818465294139e-11,0.0006051099091365919,0.8232019966264215,0.4979345510706259,0.30938413170443707
102322.0,0.1430698794023443,0.47122279972699715,0.3642594305355079,0.021416513164855596,3.137717029454323e-05,0.47122279972699715,1.0832509978071105,0.6730616878341152
102324.0,0.06197253657017628,0.9065087315352806,0.0015006391379023703,0.03000864235363573,9.450403003954826e-06,0.9065087315352806,0.37641229052855496,0.2338781059029933
102326.0,0.03248492932505975,0.038653877305066066,0.04724872620573619,0.881518014874508,9.445228963024935e-05,0.881518014874508,0.49333252571083763,0.30652473257867136
102328.0,1.6218147255020872e-08,7.019137723558348e-09,0.9982117758979187,2.1920057431045506e-10,0.0017882006455967427,0.9982117758979187,0.013100184391412627,0.008139602211557214
102329.0,0.2871534371898404,0.0020386108886214227,0.5344862149524371,0.1762544610357054,6.727593339507822e-05,0.5344862149524371,1.0123446144299426,0.6290050747586039
102331.0,0.024117686266264423,0.04254563096148535,0.7444464624493161,0.1886355892548392,0.00025463106809435335,0.7444464624493161,0.7605945151556881,0.47258394330065917
102334.0,0.6416257957596375,0.010476187985376228,0.20889989962031327,0.13703707389195643,0.0019610427427150107,0.6416257957596375,0.94418249825413,0.5866535707650608
102336.0,0.002635319923388696,0.13693616433726982,0.002341138012808805,0.8580083725361148,7.900519041684709e-05,0.8580083725361148,0.4342359782988495,0.2698059831597447
102337.0,0.00874163260470592,0.00044051478415102344,0.7151213717831908,0.2736876349301788,0.002008845897772259,0.7151213717831908,0.6517297607022396,0.40494246821647756
102338.0,0.0045003700863409015,0.009864648347173958,0.15007986200082007,0.8354832194358291,7.190012983700905e-05,0.8354832194358291,0.5053805066920091,0.31401056405318295
102340.0,3.248406533030761e-08,0.565634024060262,2.0643184193815638e-05,0.4336317271665078,0.000713573104970385,0.565634024060262,0.6900212359975982,0.42873429951331016
102341.0,0.08452980801805145,0.016206239783951505,0.02719812687739984,0.871984795861407,8.102945919070834e-05,0.871984795861407,0.4939008607698271,0.30687785900535647
102342.0,0.0003463620653056528,7.316451948118911e-06,0.4603960301072276,0.5391907119634,5.9579412117367e-05,0.5391907119634,0.6935910381652599,0.430952342309545
102344.0,0.061678313476340466,0.937136484342103,0.0006737506902216299,0.0004970736379970291,1.4377853337037847e-05,0.937136484342103,0.24153130794591096,0.15007183941667004
102345.0,0.8270663569424238,3.541221313160462e-05,0.1718348875759521,2.7132842758380327e-11,0.0010633432413605193,0.8270663569424238,0.46731755568370853,0.2903607228792948
102348.0,0.9998834603021147,4.647822218416839e-08,3.2475741987033104e-05,7.18861380837811e-05,1.2131339592404386e-05,0.9998834603021147,0.0012761028169950713,0.0007928872602889689
102349.0,0.023066482267309698,0.371447373781022,0.5810817590067375,0.02430104372407973,0.00010334122085088542,0.5810817590067375,0.8615377929702375,0.535303528215795
102350.0,0.09556263218169264,0.8166779006133665,0.005976198436068622,0.08178253594693781,7.328219346847575e-07,0.8166779006133665,0.6251309335332589,0.3884156876780765
102352.0,0.0058346694937868905,0.19752180379981754,0.16979054410608374,0.6267101502401219,0.00014283236018973052,0.6267101502401219,0.9455540495782474,0.5875057635172763
102353.0,6.283017628033716e-06,4.24745800268664e-07,0.002043160856369979,0.9867324534006165,0.01121767797958704,0.9867324534006165,0.07628478879603323,0.04739840425447712
102355.0,0.9991364835852002,1.7970777966050213e-14,1.6395408726531632e-05,2.740049223509289e-06,0.000844380956832797,0.9991364835852002,0.0070544950459302475,0.0043832042177141765
102356.0,0.03010883702956742,0.02603751839539156,0.003745900150983721,0.9399874709599454,0.00012027346411306713,0.9399874709599454,0.28064874148402147,0.1743768674242119
102358.0,0.38149227668494035,0.320783521704036,0.15461446202302895,0.1431036846289825,6.054959011901554e-06,0.38149227668494035,1.2992882611929983,0.8072931867424235
102359.0,0.008277941944492181,0.9677009860804793,0.023555097668808072,0.00046429095922044094,1.683347001655151e-06,0.9677009860804793,0.16333752515741043,0.10148731050480857
102361.0,0.03188242810817906,0.5930092644898635,0.05927776864380924,0.31581461804530747,1.592071284029853e-05,0.5930092644898635,0.9514058301119163,0.5911416791922207
102362.0,0.0040531178467911235,2.816557625928224e-07,0.9301929818673657,0.011956699851885827,0.053796918778196014,0.9301929818673657,0.2997911514508551,0.18627071546826773
102364.0,0.3000649792201916,0.5147604734559981,0.11773638319754337,0.0674368654645422,1.2986617256876346e-06,0.5147604734559981,1.1367733070729653,0.7063169683592945
102365.0,0.0027089703408172206,0.005173450293496691,0.9311716303741386,0.060860835618989674,8.511337255904597e-05,0.9311716303741386,0.28080797633722687,0.1744758056013079
102368.0,0.05989478655179103,0.09953031015323972,0.18136902160757354,0.659199764393947,6.117293447075613e-06,0.659199764393947,0.9826773149910203,0.6105717452031607
102369.0,0.09571255675738144,0.690785543749533,0.18621424599979858,0.025542884679678787,0.0017447688136097636,0.690785543749533,0.8978766720957574,0.5578821432992195
102370.0,2.285722027367991e-10,9.230676786449909e-12,0.6896514967720004,1.812020994884786e-10,0.3103485028089942,0.6896514967720004,0.6193792340401578,0.384841955849924
102371.0,0.00017250935573624298,8.26896143630457e-08,0.8865357671944549,0.00036319441238473547,0.11292844634780917,0.8865357671944549,0.35743877878184666,0.22208920022348627
102372.0,0.0365179411009966,0.00011730698010845133,0.1565174174475744,0.8068223771787242,2.4957292597687648e-05,0.8068223771787242,0.585659982314063,0.3638910067852918
102373.0,0.000936579567937584,4.5697113641568426e-07,0.007351575316059339,0.9914716850973386,0.0002397030475274853,0.9914716850973386,0.05314485308426459,0.033020753813291726
102377.0,0.6033111936651261,0.0002505681062599768,0.2968249743319883,0.09932977184662718,0.00028349204999796377,0.6033111936651261,0.8991704049759203,0.558685984733653
102378.0,0.11477077214818505,0.22372692486090676,0.15998031575994745,0.5015108211530676,1.1166077892001007e-05,0.5015108211530676,1.222882384695911,0.7598195464691359
102380.0,0.30082556221250945,0.6920635540894767,0.001977275855781594,0.0051323087743372145,1.2990678936251796e-06,0.6920635540894767,0.6554788651876885,0.40727191780660105
102381.0,0.0018595301605626277,1.664343962052739e-05,0.00045749892736631696,0.9975187190360502,0.00014760843639921337,0.9975187190360502,0.019173096646083163,0.011912914749899195
102382.0,0.06252148076555958,0.8622784437576287,0.01356903835295346,0.06162729972812595,3.737395732659188e-06,0.8622784437576287,0.5312215626912454,0.33006651489141975
102383.0,2.0732118695160455e-05,1.0956833790555928e-11,0.00036009626812761,1.3024491603885819e-11,0.9996191715891979,0.9996191715891979,0.003459581476676115,0.0021495588304141994
102386.0,0.09010488758746778,0.9032694767554119,0.004973888893708112,0.0016496329359840234,2.1138274267100806e-06,0.9032694767554119,0.34573268772879573,0.21481579690509
102387.0,0.8445971543325438,2.2700212356609442e-05,0.1434844283577545,0.006890845666382129,0.005004871430963934,0.8445971543325438,0.48228267592268914,0.29965907488365856
102389.0,7.876244279037368e-05,0.0001850892449491229,0.006701821571262892,0.9925850074298155,0.00044931931118121225,0.9925850074298155,0.04673083613053593,0.029035501009082487
102392.0,0.008704928111728067,0.0013220600168513748,0.9842204295710185,0.0005995856086086472,0.005152996691795093,0.9842204295710185,0.0973081712426413,0.06046096621116203
102393.0,0.0035557187454391234,0.989011992496651,0.003615551178989085,0.0038165409117610384,1.966671587804257e-07,0.989011992496651,0.07256239987598385,0.045085553978432814
102395.0,0.03184000978662989,0.3476504809320032,0.03886351065013225,0.5739014231838696,0.007744575447366774,0.5739014231838696,0.9596139513550499,0.5962416716676805
102396.0,0.0046638345199369186,0.000139568058107523,0.1843162309796129,0.013563686563442902,0.7973166798789015,0.7973166798789015,0.5768952434312552,0.3584451683251103
102397.0,3.1953711252619434e-05,7.872573436941348e-07,0.9997313425868344,4.2920458724651737e-07,0.00023548723998171854,0.9997313425868344,0.002583964654141886,0.0016055075092855987
102399.0,0.00076214648472962,0.030745323606067625,0.8092797207432372,1.4828222557749429e-05,0.15919798094340915,0.8092797207432372,0.5764878494377119,0.3581920402047921
102400.0,0.027034096052084743,0.8284680999925712,0.12235501625365197,0.021969878530867664,0.0001729091708251358,0.8284680999925712,0.595937018842984,0.3702764886044556
102401.0,0.004957974199516332,0.9843186847152109,0.007002952392636414,6.930468089328346e-06,0.003713458224548308,0.9843186847152109,0.097475167177007,0.060564726619112864
102405.0,0.05626456792465911,0.05281188321438939,0.028836813170218186,0.8613549178728925,0.0007318178178394827,0.8613549178728925,0.5533308122148789,0.34380376399734863
102407.0,0.9966740090025892,8.110258025607741e-11,0.0017520105830471303,1.5754102387217403e-05,0.0015582262308749492,0.9966740090025892,0.02468736390569984,0.015339121636797333
102410.0,0.07069352025312811,0.005826143617556811,0.8988908090164126,0.024357180255361405,0.00023234685754157822,0.8988908090164126,0.40551875084511807,0.251962966519047
102411.0,9.394820424229429e-05,2.1755856503201384e-06,0.9897322501693728,0.008630577002816692,0.0015410490379185065,0.9897322501693728,0.062109456213822634,0.038590774912148566
102415.0,0.996159035572756,6.468933695388291e-06,0.00023336854143215377,7.017622742211927e-06,0.003594109329375745,0.996159035572756,0.026175084322913017,0.01626349430486948
102418.0,0.001151945028556801,0.004351463940318753,0.12410560282663291,0.8703459867730768,4.5001431415339635e-05,0.8703459867730768,0.4117264489603315,0.25582002622122896
102419.0,2.31150976263988e-08,0.9970294796137276,0.0012831809442114368,0.0004553774955016679,0.0012319388314622956,0.9970294796137276,0.023267271391349334,0.014456768547324767
102420.0,0.11659905012783323,0.0024411150457305858,0.731849094759897,0.14906828651240808,4.245355413050829e-05,0.731849094759897,0.7778830115105236,0.483325890051925
102421.0,0.025752718402586455,0.7557672941766029,0.21823790091328937,0.00023476528645017972,7.3212210695753475e-06,0.7557672941766029,0.6401095938876016,0.39772245262913264
102423.0,0.8280096414725042,0.02696413342974229,0.07504421015213153,0.06988057729873726,0.00010143764688578646,0.8280096414725042,0.6349218551500263,0.39449912932010894
102424.0,0.5124619994406894,0.2604061693568997,0.012042641426124592,0.21488309603360484,0.00020609374268058998,0.5124619994406894,1.0783619692541262,0.6700239635980867
102425.0,0.023487422201631938,9.759602947424819e-05,0.0004393871106417354,0.9759285021000091,4.7092558244412165e-05,0.9759285021000091,0.11665455234983631,0.07248154865036635
102427.0,0.04925341544810297,0.0027458121281025423,0.007367652454907512,0.9405643753571873,6.874461170043761e-05,0.9405643753571873,0.25895713416798744,0.1608991140120111
102428.0,0.8270929892087517,0.0001763766751162904,0.01694043427812787,0.1551032487242899,0.0006869511137154806,0.8270929892087517,0.5216857935795189,0.3241416084144096
102429.0,0.011101597159828175,7.522116561362153e-07,3.860021024548706e-07,0.8723537414689317,0.11654352315748016,0.8723537414689317,0.4196189479564631,0.26072391156850216
102432.0,0.6860879772162432,2.6532922051204143e-05,0.006054099620136726,0.3075759734923874,0.0002554167491805841,0.6860879772162432,0.6544364630489725,0.40662423694195715
102434.0,0.9376869413218899,0.013045014079343522,0.04412153935248104,2.8865042555178518e-11,0.0051465052174212815,0.9376869413218899,0.28175084619769286,0.17506164358435874
102436.0,0.005166527110887105,0.0009463202712324559,0.9919147050261232,0.0019154150363031432,5.703255545347632e-05,0.9919147050261232,0.054389952319874924,0.033794377465369896
102442.0,0.00592318173209716,0.0010306768984098028,0.9930048092246735,2.1572471662341504e-09,4.13299875740281e-05,0.9930048092246735,0.044855710320221814,0.027870419836439928
102443.0,0.0009092361802100177,0.9808335721421858,0.018175700634420502,2.433403688596615e-07,8.124770281514346e-05,0.9808335721421858,0.09895996437091242,0.06148728298642239
102445.0,1.8071564246967974e-06,1.1219862662989373e-07,0.9926350734099556,5.659401711155058e-06,0.00735734783328216,0.9926350734099556,0.04357151238244785,0.02707250279481155
102447.0,1.3362989274730376e-07,4.166921181219945e-08,0.9989469752471418,7.415664801901574e-07,0.0010521078872748441,0.9989469752471418,0.008280021488066948,0.005144666609440257
102452.0,0.5820185127581885,0.00019494927152771628,0.07036705915281169,0.3474152700593305,4.20875814179996e-06,0.5820185127581885,0.8707924715675399,0.5410537833364201
102454.0,0.05423477953217736,0.9369973976307071,0.0026069402946670575,0.0061580241122364135,2.8584302133949e-06,0.9369973976307071,0.2659295408835632,0.16523131388235635
102455.0,0.024178178102733344,0.0067915077847722745,0.847323631421601,0.12150754951121563,0.00019913317967728503,0.847323631421601,0.5220885615975466,0.3243918622545335
102456.0,0.9990782636152392,1.0347483339513714e-06,0.0003240584550234161,0.00032466811437943053,0.0002719750670236681,0.9990782636152392,0.008380072231813513,0.00520683163175867
102457.0,0.4664555815211666,0.03553461322996733,0.026201851047813838,0.4711945602882675,0.0006133939127847896,0.4711945602882675,0.9288319465675439,0.5771157367374218
102458.0,0.003790371619425074,0.0010449705677875265,0.07131635851737474,0.9236636475056013,0.00018465178981028058,0.9236636475056013,0.2915580300657792,0.18115518953125026
102460.0,0.3646840187161823,0.5948502229742149,0.02707138919506246,0.012288886449401104,0.0011054826651376555,0.5948502229742149,0.8361511302244954,0.5195299077799823
102461.0,0.021689662699790845,0.9767795486910634,0.0005001211240936396,0.001030658926067067,8.558984000159572e-09,0.9767795486910634,0.11692992244912016,0.07265264571298456
102464.0,0.00045498788730652856,0.13765916051099553,0.0031663731950569776,0.8586380162067483,8.14621998910096e-05,0.8586380162067483,0.42632902546347845,0.2648931171372135
102465.0,0.003093276797086347,0.03724851722066697,0.7828480388093425,0.1762030018942227,0.0006071652786811601,0.7828480388093425,0.6424881776293714,0.3992003498026697
102466.0,6.604193525589873e-05,0.9867176196932601,0.00986332370288653,0.0033344193812880818,1.8595287310063172e-05,0.9867176196932601,0.07860773444638423,0.048841731538123496
102467.0,0.05660375472515181,0.0012594472222371218,0.9281181348693031,0.00018214746177180725,0.013836515721536331,0.9281181348693031,0.3009862851122997,0.1870132937635914
102469.0,0.22607268813254877,0.38977859123151115,0.1950163300417841,0.18908360015969602,4.8790434460440496e-05,0.38977859123151115,1.3375907251774877,0.831091845695698
102471.0,2.2671112417074915e-08,4.007617063182619e-23,0.0034570697462127744,3.153080065773003e-14,0.9965429075826419,0.9965429075826419,0.02304387755273609,0.014317966151228987
102472.0,0.0867888071836898,0.052751006606005874,0.11148650907568111,0.7224958249043494,0.026477852230274598,0.7224958249043494,0.9429189412019046,0.5858684786267039
102473.0,0.023915566357970867,0.9560642244427374,0.019597050970223576,0.00042278151887299725,3.767101942607394e-07,0.9560642244427374,0.21259134510896702,0.13209042950121988
102474.0,0.9987061109424964,2.9650341672619038e-09,0.0007433143689143672,1.503107350470004e-07,0.0005504214128190348,0.9987061109424964,0.010781416160397293,0.006698870504480393
102475.0,0.00014798634423531388,4.0858070917471774e-08,0.00030713022018204775,0.9995425942660854,2.2483114261638923e-06,0.9995425942660854,0.004276380190154221,0.0026570644056014936
102478.0,0.01396226976065864,0.00037795658594559953,0.014473675037023273,0.9709658250156817,0.0002202736006901825,0.9709658250156817,0.15438250211658516,0.09592324184975758
102480.0,0.012896406095019197,0.0006586643106600563,0.9589400727060992,0.02126857438465335,0.006236282503568655,0.9589400727060992,0.21469895915041504,0.1333999637337399
102482.0,0.06470263638091872,0.03409652808103587,0.8262571961242184,0.07268347830012734,0.00226016111370038,0.8262571961242184,0.6543600847176029,0.40657678041643386
102483.0,0.5456643503546378,0.004076590249074359,0.1550359784260497,0.2951992943522785,2.3786617960701862e-05,0.5456643503546378,1.0023977889042357,0.6228247645715129
102488.0,0.025880125838815597,0.8854173769268059,0.009872823093071815,0.07882692270153092,2.7514397758054424e-06,0.8854173769268059,0.44821256949854715,0.27849012753817526
102489.0,0.055986232738886955,0.027322517424157342,0.21429393394199972,0.7015433992147976,0.0008539166801566151,0.7015433992147976,0.8445621119864382,0.5247559445826211
102490.0,0.02985251352434603,0.21785892154262546,0.6436945706635261,0.10807206474560156,0.0005219295239013556,0.6436945706635261,0.9647913515950569,0.5994585713069942
102492.0,0.020883898824119104,0.03551700282805694,0.941723417663543,0.00017919290536782065,0.001696487778913755,0.941723417663543,0.2682544499115531,0.16667586108111954
102493.0,4.394462746877883e-06,4.105827031226786e-06,0.004734531628609004,0.9951735852473683,8.338283424329673e-05,0.9951735852473683,0.03104636154065817,0.019290189016178894
102494.0,0.0001687157271339134,3.948668560373992e-06,0.9717494192420012,0.027850209466223148,0.000227706896082976,0.9717494192420012,0.13100164205882195,0.08139589669581983
102495.0,0.220239976411111,0.31813442797834424,0.06145761608389891,0.4001528134647211,1.5166061925524484e-05,0.4001528134647211,1.235686843168132,0.7677754038360447
102497.0,5.2524137061317856e-05,2.0123167212139926e-08,0.07014857937255663,0.0002572130388395185,0.9295416633283761,0.9295416633283761,0.256954246613246,0.15965465000425558
102501.0,0.009308929330381372,0.0004192780501733345,0.05626519691738848,0.9336963814290009,0.00031021427305752197,0.9336963814290009,0.2752709860780136,0.17103548012094238
102504.0,0.00448548551315477,4.742987013596145e-10,0.9950957294133771,7.897147629750216e-05,0.00033981312287200235,0.9950957294133771,0.03260496947358573,0.020258606574188532
102505.0,0.07018105396967744,0.07492275803537339,0.023618740661816517,0.8312678605918443,9.586741287838121e-06,0.8312678605918443,0.6227963500557693,0.3869651294058665
102506.0,0.03963961849289624,0.3865598571717986,0.03926155119277652,0.5344968992581971,4.207388433158047e-05,0.5344968992581971,0.9577248841243668,0.5950679282035253
102508.0,0.14842020237728992,2.2012854310220747e-06,0.8424430029624024,0.008841145970279197,0.0002934474045975158,0.8424430029624024,0.4717980744863122,0.2931446257363037
102509.0,0.5854171417524571,0.002184277275725425,0.3291989067217974,3.604067421309874e-05,0.08316363357580618,0.5854171417524571,0.8997949389191598,0.5590740294904061
102512.0,0.28103583241492913,0.013281918155689382,0.6567222174517034,0.04894761329022745,1.2418687451128357e-05,0.6567222174517034,0.8380703786477213,0.520722403873431
102514.0,0.015444962200640658,0.03106649807969564,0.0018565870053369096,0.9508305500731518,0.0008014026411734288,0.9508305500731518,0.23759376832317158,0.14762530849284938
102515.0,4.649081390444988e-05,0.08587086842914449,0.0012544792125485553,0.9128214673111279,6.6942332757006e-06,0.9128214673111279,0.3029930650282468,0.18826017623134195
102516.0,0.9237870807876506,1.9830155861741747e-07,0.0004519603691879558,0.07560883550026978,0.00015192504133294753,0.9237870807876506,0.2732875374187949,0.1698030941780644
102518.0,0.9998112049590149,0.0001322341493701725,4.943069111821573e-05,7.80644806200405e-08,7.0521360162583205e-06,0.9998112049590149,0.0019447855678323832,0.0012083632135216115
102520.0,0.004238346321311546,0.0010284298468856495,0.15415134712474246,0.8403893943657902,0.00019248234127039257,0.8403893943657902,0.4662492326202598,0.28969693643857836
102522.0,0.0978839419605409,0.007873786606056353,0.5970071289409088,0.2968722922534198,0.0003628502390726514,0.5970071289409088,0.9369857116344182,0.5821819558216625
102524.0,0.03691207550189781,0.00782823001189041,0.020082222553426066,0.9350126715423575,0.00016480039042759249,0.9350126715423575,0.3024916183053542,0.18794860986458833
102526.0,0.003498482797734392,0.028731512741766052,0.00797380395948714,0.9485520035928882,0.011244196908124105,0.9485520035928882,0.2608657026181912,0.162084974265121
102528.0,0.0915952442060455,0.0017840969732688852,0.4338260683840482,0.47206360120143703,0.0007309892351996583,0.47206360120143703,0.9521606240230819,0.5916106590176208
102532.0,0.7964348482509748,0.20142943997381574,0.0011755003657052607,0.000959156214533859,1.0551949707675976e-06,0.7964348482509748,0.5186402711625874,0.3222493189427856
102533.0,0.13029220392009935,1.4415889560442484e-05,0.001029107212935165,0.8677214960060062,0.0009427769713977433,0.8677214960060062,0.40245656003649266,0.2500603203933607
102541.0,0.009059612856924663,0.0005876404535662145,0.4986010159117055,0.49050277834342554,0.0012489524343793287,0.4986010159117055,0.7517352527275932,0.4670793740596524
102544.0,1.4817384449823417e-05,1.9993840397322395e-07,0.10285062251507886,0.8954213434080052,0.0017130167540610995,0.8954213434080052,0.3439193907455379,0.21368913214266036
102548.0,0.28061053118901813,0.6255035131708114,0.028002215666831178,0.06586485055510409,1.8889418234800784e-05,0.6255035131708114,0.9295704666219714,0.5775746050471104
102551.0,0.9981728057469208,2.4209214452268236e-11,0.0017560903631004706,9.362242393917073e-10,7.110292954536028e-05,0.9981728057469208,0.01364648084900413,0.008479035285284977
102553.0,0.0008229109253775721,0.9656237758626643,0.029664070719696838,0.003841699562248119,4.754293001199497e-05,0.9656237758626643,0.16581631027635482,0.10302746629447522
102556.0,0.014466402362614561,0.011039530171476379,0.04137313130893066,0.9330675141862772,5.342197070173814e-05,0.9330675141862772,0.30797060323899283,0.1913528946097838
102559.0,0.0008263877172112334,0.004826600908351653,0.0006514186116794251,0.9936850416886004,1.05510741562446e-05,0.9936850416886004,0.042804214214563464,0.026595753637881397
102562.0,0.005872313793460034,0.9715680805015232,0.022535058437693836,2.0434227832888123e-05,4.113039489134964e-06,0.9715680805015232,0.14393289289730976,0.08943053458932558
102568.0,0.00331846273417649,0.9838658521080116,0.011233483912482696,0.0015775121631745673,4.689082153053523e-06,0.9838658521080116,0.0956069060411131,0.05940391070850197
102573.0,0.05030525740525492,0.03364062816613291,0.4023172478844448,0.5136589401181784,7.792642598767164e-05,0.5136589401181784,0.9737548033275244,0.6050278770026151
102574.0,0.3123787537741614,0.00047348388599924806,0.5023245813261608,0.18445097381655898,0.0003722071971182046,0.5023245813261608,1.0276740723231785,0.6385298024755319
102576.0,0.028059114646105946,0.19207558337935288,0.7448604019086724,0.03489470859780863,0.00011019146805956683,0.7448604019086724,0.7546621923106556,0.46889798387395437
102579.0,0.9996395252861364,1.490740860192483e-08,0.00031030733550206467,7.342807553727937e-06,4.280966339857596e-05,0.9996395252861364,0.0033847413891719006,0.0021030580695423325
102580.0,0.0127111587034446,0.9730141872797863,0.000806797718863005,0.013464231149111501,3.6251487957577623e-06,0.9730141872797863,0.14589797970161283,0.09065151167028118
102581.0,0.002987708563887487,0.9648789918074903,0.0020736747283471033,0.03005928866317858,3.3623709765754125e-07,0.9648789918074903,0.1700275693404111,0.1056440686694542
102585.0,0.0020742046324719638,1.6748949050022301e-12,0.9941278752834172,0.0009090742467754615,0.002888845835662006,0.9941278752834172,0.041926765097294455,0.026050563848023667
102586.0,0.009433024805406726,0.005984639511048557,0.11744237502849653,0.8670975364857392,4.242416930778657e-05,0.8670975364857392,0.45024149394176016,0.2797507691743254
102588.0,0.0008024178038842121,3.802271746272451e-05,0.9268457561677729,0.009442330182254597,0.06287147312862715,0.9268457561677729,0.29448675827813287,0.18297491068341593
102589.0,0.9990905330599018,0.0004655014069176033,0.0004438589497548951,5.157009606922622e-10,1.0606772580333101e-07,0.9990905330599018,0.007908871257157644,0.0049140580050064395
102591.0,0.0003625756615790876,0.8023399886955546,0.19536998794129187,1.3836571834179835e-09,0.0019274463179181753,0.8023399886955546,0.5106274516701448,0.31727067426781075
102593.0,0.004451352842423013,5.0451889679371326e-06,0.0014900001997567652,0.9883865799110471,0.005667021857804158,0.9883865799110471,0.07472372135644076,0.04642845851905479
102597.0,0.004285614909426215,0.0003257787371351939,0.8921278186760428,3.055556912044992e-08,0.10326075712182502,0.8921278186760428,0.36226960697479704,0.22509076254262184
102598.0,0.0006113779311797239,8.004776353819853e-08,0.999138348740151,0.00013261787413059432,0.00011757540677582124,0.999138348740151,0.007634549899712162,0.004743612562329747
102600.0,0.05777287525293088,0.8168571602307522,0.09528764021058798,0.03007521559510417,7.108710625196844e-06,0.8168571602307522,0.6594438600363633,0.4097355076214317
102605.0,1.287124631014805e-09,0.0009673872772524829,0.001936860327841982,1.0741360199649754e-29,0.9970957511077823,0.9970957511077823,0.02171356368293357,0.013491395669991494
102606.0,0.0009553161412864458,0.05188384716254881,0.9446848906704229,0.0008482750401461988,0.0016276709855944926,0.9446848906704229,0.23036008351457826,0.1431307674156772
102609.0,0.00018216282229306267,0.00042856964660764515,0.9985438391940878,0.00027903617545453136,0.0005663921615571767,0.9985438391940878,0.012865369049153788,0.007993703236241224
102611.0,1.2694267084723344e-09,4.1448601682473554e-15,0.010130761614679615,4.98769443038247e-10,0.9898692366171195,0.9898692366171195,0.05660157821953403,0.035168537899004926
102612.0,0.008676450782860307,6.112213225115256e-05,0.01393270324329313,0.977208898217397,0.0001208256241975188,0.977208898217397,0.12494240890068063,0.07763108345802466
102615.0,0.0022305241710273357,0.0002861299948047987,0.9956366265346549,0.0001353860676975886,0.0017113332318155349,0.9956366265346549,0.032414853717189114,0.02014048101312909
102616.0,0.14716672492808314,0.8238902134439761,0.022698216965787554,0.006242911131137713,1.933531015255884e-06,0.8238902134439761,0.559241417606173,0.34747622961135605
102617.0,0.20625414182214236,0.009881319735944336,0.04167449700933394,0.7420162506756516,0.00017379075692737126,0.7420162506756516,0.7265719056074749,0.45144450742347286
102618.0,0.00012651706326431925,0.998808991029796,0.0008263277393624896,0.00022937326041927387,8.790907157937404e-06,0.998808991029796,0.010216036704284844,0.006347580497115416
102619.0,0.4514814231326458,0.02220428084412873,0.06353362893894732,0.46276237728792075,1.8289796357903107e-05,0.46276237728792075,0.9754573431493725,0.6060857244714082
102620.0,0.00023797963759837073,0.005866885737608221,0.010704684299564714,0.9831705352848441,1.9915040385795035e-05,0.9831705352848441,0.09760268339155746,0.06064395689793587
102621.0,0.43406654181272275,0.357601479125904,0.06792813508372915,0.007833189475409855,0.13257065450223465,0.43406654181272275,1.2185311020937502,0.757115942578272
102622.0,0.08358237924566732,0.06188276658887494,0.032266182179106866,0.8222549998894271,1.3672096925479301e-05,0.8222549998894271,0.6515004751276221,0.4048000050789771
102625.0,0.005972544069094066,4.694325366622319e-07,0.008816370152752204,0.9832734734896996,0.0019371428559157306,0.9832734734896996,0.10098756400739096,0.06274710147386688
102626.0,0.008987966587453428,0.03406508568137902,0.3611270447813026,0.5957260858702176,9.381707964774565e-05,0.5957260858702176,0.8347304409414291,0.5186471838972588
102628.0,0.009532502995902107,0.27161611539178593,0.7157086254544135,0.0026319469472184313,0.0005108092106791059,0.7157086254544135,0.6572675689903552,0.4083833019667775
102629.0,1.3100135920332521e-05,4.0365541150450604e-10,0.9996950608293718,2.78648301259452e-07,0.0002915599827526619,0.9996950608293718,0.0028297659550857524,0.0017582324445222235
102631.0,3.751861549988394e-09,0.0004180430279585369,0.27208175870984674,1.3740023756602652e-19,0.7275001945103341,0.7275001945103341,0.5888560140874917,0.3658768129780855
102633.0,0.11686887272156862,0.05593621460649798,0.4246262767996681,0.3985094042933373,0.0040592315789282725,0.4246262767996681,1.1648806040454753,0.7237810138843566
102634.0,0.0022370243681426216,1.1210870188543872e-05,0.8233979303335022,0.17415845381767922,0.00019538061048757932,0.8233979303335022,0.479839623045709,0.2981411207842144
102635.0,2.5546374173766575e-05,0.9995216926558641,0.00033302525638068977,0.0001046651575750327,1.5070556005550484e-05,0.9995216926558641,0.004541531063392625,0.002821811906073501
102637.0,1.9942346687162558e-08,2.5348156056685088e-14,0.7789717512212595,7.670048573689532e-11,0.22102822875966954,0.7789717512212595,0.5282066492474039,0.32819324384408755
102638.0,0.00042177067123703034,0.6585502897717964,0.3270320201090222,0.013867058031300622,0.0001288614166448497,0.6585502897717964,0.7043670773920099,0.43764787193730953
102641.0,0.015532064157338207,0.003835684124693673,0.05699613742742848,0.9228297747884768,0.0008063395020621004,0.9228297747884768,0.32916556739636965,0.20452206627750083
102642.0,0.17536564634852222,0.5984858334852238,0.07944858772819098,0.145119301232653,0.0015806312054099673,0.5984858334852238,1.1040442535059252,0.6859812640030195
102644.0,0.010181316517305583,0.03389958902535501,0.043278139917346775,0.9125653820395339,7.557250045967929e-05,0.9125653820395339,0.381542798148034,0.23706586951899988
102648.0,0.0013461423807333563,0.9356052099920102,0.0564948636413688,0.006424895000875335,0.0001288889850135123,0.9356052099920102,0.26710263634428405,0.16596019907367554
102649.0,0.013145922550084597,0.00035906746584791663,0.8986181803729872,0.08767750684885897,0.0001993227622199454,0.8986181803729872,0.37096448784146124,0.23049319577691424
102650.0,0.20124684881169272,9.877426055751154e-07,0.6831095226440678,0.08832680040906199,0.027315840392571872,0.6831095226440678,0.8956789174147911,0.5565166015383433
102651.0,4.328379498368482e-08,0.9791352831578539,0.01654276523598263,2.6882180386036404e-12,0.004321908319678809,0.9791352831578539,0.11203019395059508,0.06960827322699362
102653.0,0.02136320014738916,0.9707290436200953,0.002778390830108169,0.005129333472009167,3.1930399605382025e-08,0.9707290436200953,0.15440269333994971,0.09593578736220547
102655.0,3.6631743269173724e-08,0.9969539194800763,4.085808526724062e-05,0.0029941841115932134,1.100169131968945e-05,0.9969539194800763,0.020980016531971166,0.013035617198951879
102657.0,0.13092849417617705,0.49300734384068534,0.13029451552853893,0.24573266893673273,3.69775178660823e-05,0.49300734384068534,1.2256620321542904,0.7615466385407869
102661.0,0.9999545765622453,4.076883473637945e-07,3.817187819933221e-05,3.2499467716019316e-06,3.5939244365760948e-06,0.9999545765622453,0.0005258824053212644,0.0003267491098963391
102665.0,0.0011016471561002895,1.3659988165613358e-05,0.8210237425871101,0.1719273153914928,0.005933634877131259,0.8210237425871101,0.502696850761336,0.31234311487111766
102666.0,0.035030265991209224,0.817533336885755,0.1473445043276179,6.450745152816608e-06,8.5442050266787e-05,0.817533336885755,0.5651481870074556,0.3511463117907607
102667.0,0.0001386855617777082,2.1884926283933893e-10,0.0003942105862925825,0.9994656672981177,1.4363349643533156e-06,0.9994656672981177,0.004875573114463045,0.003029363902015499
102668.0,0.010158936620104605,0.9886306811372123,0.00031446907274497606,0.0008958162457014494,9.692423647597073e-08,0.9886306811372123,0.06675215826927446,0.0414754478899525
102669.0,0.01274364127433172,0.8513800930491466,0.10794781431869936,0.02792376445748339,4.686900337427146e-06,0.8513800930491466,0.5328610493710848,0.3310851852403491
102672.0,0.0073899652689824276,0.941771805042696,0.0011967504574499032,0.049145869421807924,0.0004956098090651127,0.941771805042696,0.25266429277653646,0.15698915181785988
102673.0,0.001151676203282906,0.998440822451005,0.00039609839946323365,1.1185232868542441e-05,2.1771337872780698e-07,0.998440822451005,0.012584657101426172,0.007819287096569785
102674.0,0.0023849133844201214,0.11673343549533245,0.001132551884361144,0.8796942696396172,5.4829596268472897e-05,0.8796942696396172,0.3861091909246848,0.23990312887605372
102675.0,4.860604433605411e-12,0.9957769861046698,5.175190374724632e-08,0.0022393479748279823,0.001983614163737926,0.9957769861046698,0.030222195553960336,0.018778105896767736
102676.0,2.215098818948973e-05,8.035036490028395e-05,1.293534536391914e-06,0.049422974129956145,0.9504732309824195,0.9504732309824195,0.19792381318696395,0.12297697951431108
102677.0,0.6050902323902089,0.2575783704932068,0.0932818585203728,0.04403599783887639,1.3540757334013152e-05,0.6050902323902089,1.012312951252455,0.6289854013202916
102679.0,1.1424720575281827e-07,3.57562757428933e-08,0.7244605822205671,0.23650922747801398,0.03903004029793845,0.7244605822205671,0.7010987212027995,0.43561712805836894
102680.0,0.08633268731428446,0.027031626319227068,0.36619873546792364,0.5204114869840967,2.5463914468049516e-05,0.5204114869840967,1.0171245134360225,0.6319749929947481
102683.0,0.000144543787986366,5.4818337593654345e-06,0.9387057475469007,0.059220610804226866,0.001923616027125319,0.9387057475469007,0.24013624355337213,0.1492050371736255
102685.0,0.031177428942731792,0.006994505820260337,0.01565263529706398,0.9461520448237268,2.3385116218146957e-05,0.9461520448237268,0.26052696073325843,0.1618745020982137
102686.0,0.5221868760836773,0.17675696360571244,0.2668608666502685,0.03416631920515171,2.8974455190259536e-05,0.5221868760836773,1.1137930414127448,0.6920385264991389
102687.0,0.0016245544466414982,1.6303131251792176e-07,0.6665706744218515,2.481000715792637e-06,0.331802127099479,0.6665706744218515,0.646885020220773,0.4019322617064672
102688.0,0.06275236604086883,0.0024437915011647315,0.933191085579059,0.0004925649018981773,0.0011201919770097938,0.933191085579059,0.2643190465181158,0.16423065747119248
102689.0,0.0005191787021402234,0.9859035529264836,0.0006048158527701753,0.012763087390434316,0.00020936512817353639,0.9859035529264836,0.07984132127948972,0.04960820213234469
102694.0,0.5597009964812958,0.26991308124808916,0.16329428410643962,0.0070640439465545915,2.759421762061718e-05,0.5597009964812958,1.0095151572742562,0.6272470341819363
102696.0,5.190844860914715e-05,2.4679820685379428e-08,0.7479776943646925,0.23942759206329547,0.0125427804435816,0.7479776943646925,0.6148946143685837,0.3820555049797617
102697.0,0.002024408123585593,0.010960178693184153,0.7807807890197537,0.2059963671121717,0.00023825705130329445,0.7807807890197537,0.5826782123987333,0.36203832897007854
102701.0,0.08621857120915159,0.8108880895783307,0.056843142138111334,0.045985609506655575,6.458756775228621e-05,0.8108880895783307,0.6865209242194822,0.4265594335237162
102702.0,0.0006389750800688803,5.373749619718132e-07,0.867822745600996,0.1314135402627064,0.00012420168126493528,0.867822745600996,0.3955456143048339,0.24576630837943544
102704.0,0.9354918284930025,0.01742618344221543,0.04417058102347937,0.0026224358781655674,0.0002889711631374728,0.9354918284930025,0.2886940346529475,0.17937568912883947
102706.0,0.007185091240994196,0.0012327387905840253,0.0012526821414021575,0.990304753802893,2.473402412585034e-05,0.990304753802893,0.06200277998779004,0.03852449324622753
102708.0,0.0007523479871823167,4.258792135278011e-09,0.9987279522017095,0.0003154184534911502,0.00020427709882630792,0.9987279522017095,0.010960767319742873,0.0068103076453355695
102710.0,0.008097343652108251,0.011391948199641337,0.9789922498784284,0.0009027101907835535,0.0006157480790403452,0.9789922498784284,0.12164147057583415,0.07558009515997086
102713.0,0.003126546307452652,0.9958036204161786,0.0008518325982624063,0.00021793909159374268,6.158651307431523e-08,0.9958036204161786,0.030080325205807706,0.018689956893282372
102718.0,3.556988501108843e-11,6.791457690469091e-24,2.3775750734925464e-08,1.1165918718346618e-14,0.9999999761886688,0.9999999761886688,4.4204130577342984e-07,2.746557057953794e-07
102720.0,0.006219979976562701,0.8009433140830361,0.04090330807247448,0.059108158335609416,0.09282523953231775,0.8009433140830361,0.7279578380217314,0.452305635649389
102721.0,0.03096257345463193,0.8005595160115049,0.16343340775525925,9.748481832305463e-06,0.005034754296771391,0.8005595160115049,0.6084625662873357,0.37805904880611524
102722.0,0.00012898159391649204,3.280221959554469e-06,0.9985052270689166,4.160550190240958e-05,0.0013209056133042958,0.9985052270689166,0.01186676290737405,0.007373234354487685
102723.0,1.8418563216838126e-05,0.6025238310120112,0.38992987754068514,1.4138984107403931e-12,0.0075278728826712795,0.6025238310120112,0.7094925461454565,0.4408325047298196
102724.0,0.04321858944823335,0.08000440288843275,0.01183615521493962,0.8649046828338074,3.6169614585250874e-05,0.8649046828338074,0.5162464831608241,0.32076197483136043
102726.0,0.7617809852897945,0.00015865085704498696,0.15936655335398758,0.07625012678686391,0.0024436837123098655,0.7617809852897945,0.7122947214267991,0.4425735941248771
102729.0,0.00038349229311192805,0.0006097193207253975,0.9984732725153852,0.0003520270828469892,0.00018148878793135378,0.9984732725153852,0.013418291280327541,0.008337253134564123
102730.0,0.05157257223365654,0.007256108491172663,0.8970340716035764,0.036631615296473595,0.00750563237512044,0.8970340716035764,0.44396986827993706,0.2758539890541542
102732.0,0.0003254123352743808,7.565516135071358e-06,0.36772972680324334,0.630894901976715,0.0010423933686304653,0.630894901976715,0.668339416970036,0.41526262790668644
102733.0,0.010504895827325417,0.004138329640001387,0.08517203391053678,0.9001504894752492,3.425114688574028e-05,0.9001504894752492,0.37539602777476755,0.23324666635137342
102743.0,0.4373976271136995,0.22891746127879092,0.08269383315216895,0.250985760886456,5.3175688851998306e-06,0.4373976271136995,1.2523446047516436,0.7781254530394454
102746.0,0.1742035784028635,0.6409290341771335,0.16342495665517254,0.021335119805225084,0.00010731095960458098,0.6409290341771335,0.9686284956412664,0.6018427229518415
102747.0,0.027800803304781636,0.896877822830102,0.07361817499191813,0.0017017147147963365,1.4841584028136922e-06,0.896877822830102,0.4001439469939129,0.24862341311988767
102750.0,0.011642615328758477,4.175928768096083e-05,0.007042875327799217,0.9803283599577007,0.0009443900980595385,0.9803283599577007,0.11322379005890969,0.07034989618684388
102753.0,0.03989040264852327,0.1211416428736895,0.018416039365256338,0.8205050581037956,4.68570087369659e-05,0.8205050581037956,0.6205722091220905,0.38558319294438786
102754.0,0.0005994843644385791,9.197414693955216e-06,0.00295519103449166,1.362968338500342e-05,0.996422497502991,0.996422497502991,0.02548988971502646,0.01583775895801769
102756.0,8.871220904049517e-05,8.026086235019947e-08,0.9692798326477301,0.004038637283729332,0.02659273759863854,0.9692798326477301,0.14978773024358027,0.09306834956872774
102759.0,5.229321098585984e-13,0.01904145122641005,1.9543011992931014e-05,1.344574841936508e-32,0.9809390057610752,0.9809390057610752,0.0945158685558351,0.05872601100398468
102761.0,0.004204191049367392,0.732325722301956,0.08093620970355592,0.18251374931054176,2.0127634577188948e-05,0.732325722301956,0.7652872654892725,0.47549971302208144
102762.0,0.8059966783184312,4.966210031097119e-06,0.07357949457723795,0.1203841904274075,3.467046689362159e-05,0.8059966783184312,0.6211094886916346,0.3859170235105708
102763.0,2.277874784264046e-06,5.320815053208807e-05,0.0008034075324727894,0.9991314856040573,9.620838151912052e-06,0.9991314856040573,0.0072581081318130935,0.004509716141106675
102766.0,0.056324967294494516,0.9175535385877797,0.02507307969980374,0.0005952467449987599,0.00045316767292430117,0.9175535385877797,0.3413037286425224,0.21206392990105316
102768.0,0.25029657493582247,0.02066894635084656,0.10814662435191073,0.6208798372819341,8.017079485447812e-06,0.6208798372819341,0.9634287677650247,0.5986119503721291
102771.0,0.9291723658001934,0.0022419035421623787,0.006899967500740831,0.06167244835555949,1.3314801343539795e-05,0.9291723658001934,0.2882342719658377,0.1790900225097311
102772.0,4.1214892251163506e-05,0.0009078223897898218,0.0014345703112421434,0.9974139661096414,0.00020242629707657568,0.9974139661096414,0.020471266143977197,0.01271951280992047
102773.0,0.14290940805279218,0.640747928076862,0.2161450576166373,5.405836670796235e-05,0.00014354788699887176,0.640747928076862,0.8961393396294027,0.5568026779449288
102775.0,1.2524022971380363e-06,1.7718566195246193e-14,2.765682259448521e-08,0.002142859812444879,0.9978558601284174,0.9978558601284174,0.015328530812178486,0.009524151689079913
102776.0,0.0026300930183967854,2.1561883048522846e-05,0.004387760772924953,0.9929560856149099,4.498710719032893e-06,0.9929560856149099,0.046751669876894844,0.029048445743513035
102777.0,0.7433224589591068,0.0006287705374819685,0.2325463285036418,0.02347955158602932,2.289041374040685e-05,0.7433224589591068,0.652661847057683,0.4055216060311409
102779.0,0.0002323643963884608,3.522194651437218e-05,0.14672411778225788,0.8526190555977287,0.00038924027711072446,0.8526190555977287,0.42289820146941753,0.2627614263353781
102781.0,0.0005096219048235922,2.5986532455275516e-09,8.402831303973753e-05,4.575237728892088e-06,0.9994017719457519,0.9994017719457519,0.005306776480629218,0.0032972856173142423
102785.0,7.948215394956908e-06,0.001851475514967372,0.022555409083553246,0.9709460981228798,0.004639069063203686,0.9709460981228798,0.15082208036883973,0.09371102743611756
102786.0,0.01672369302269786,0.007464283693427301,0.043427273147596986,0.9322982684406154,8.648169566117052e-05,0.9322982684406154,0.3073551394083552,0.19097048543085074
102788.0,0.3345146026094676,9.501904453624608e-05,0.6505545554521784,0.014760434113152551,7.53887806637418e-05,0.6505545554521784,0.709834269525171,0.441044829403592
102789.0,0.5386657802014045,0.1774549332033577,0.06426104337217463,0.21955430473975102,6.39384833115295e-05,0.5386657802014045,1.1499572040087183,0.7145085840991112
102790.0,0.0012541021875966877,0.00829512539972248,0.01615614268517132,0.9742543478812701,4.028184623794247e-05,0.9742543478812701,0.1406004686387162,0.08735998298068749
102791.0,0.0027155355173337226,0.00025474669497324787,0.9951773100049828,0.0012155006017100169,0.0006369071810019916,0.9951773100049828,0.03581069274282763,0.022250434431899172
102792.0,0.046868183476566454,0.0003445757465308507,0.019426083666795883,0.9333333091410331,2.784796907288848e-05,0.9333333091410331,0.28742986707156376,0.178590217647388
102793.0,0.996410014240825,8.443432120118491e-05,0.0014169552749415174,0.002087016251254045,1.5799117798651264e-06,0.996410014240825,0.02657185591988533,0.016510022359109387
102798.0,0.06285880068698686,0.025360880967249103,0.06280988364970166,0.8488883304223367,8.210427372676822e-05,0.8488883304223367,0.5807906198867803,0.360865501800189
102800.0,0.004502075772806576,0.0003160357504584095,0.0009712412741064662,0.9935528173386197,0.0006578298640077261,0.9935528173386197,0.0448562559393216,0.027870758848647585
102801.0,0.12440582904909624,0.0001565804657337902,0.8424420714372429,0.032955864174632525,3.965487329516119e-05,0.8424420714372429,0.5179630016769273,0.3218285077512338
102802.0,0.02739945637824148,0.9492975525213846,0.0016197200300076737,0.02168315778022355,1.1329014358282642e-07,0.9492975525213846,0.24143925284722892,0.15001464236795456
102805.0,0.0028684837588757073,0.2848166287162625,0.7113708908656421,1.94351297130697e-05,0.000924561529506513,0.7113708908656421,0.623431420091476,0.3873597206049431
102807.0,0.0003147212170073525,9.324112816857646e-09,0.9820228430656761,0.017414220802337118,0.00024820559086713797,0.9820228430656761,0.09294878307271616,0.05775232604788165
102808.0,0.1960389251619537,0.0001318450680858995,0.8013096814564782,0.002252235285474337,0.0002673130280069235,0.8013096814564782,0.5140367465308479,0.31938898826698014
102809.0,0.028691678203760517,0.025094533252669207,0.001622464687574199,0.9444851682031697,0.00010615565282673886,0.9444851682031697,0.2597027374073923,0.16136238335197417
102811.0,0.004670708455401449,0.9930096305091002,0.0018893164948989845,0.00042930915062654087,1.0353899721170006e-06,0.9930096305091002,0.04722274712146828,0.029341142492442594
102815.0,1.1098300971675557e-16,3.445481545345996e-08,3.7277474425369257e-11,0.0003485383051355988,0.9996514272027679,0.9996514272027679,0.0031240841717759113,0.001941102634429105
102816.0,0.17362986310067843,0.7690072085600946,0.04361976459537169,0.013708366163680288,3.479758017367894e-05,0.7690072085600946,0.7017702859030783,0.4360343946674693
102819.0,0.049803915238681384,0.9346183774936626,0.007007352382458342,0.008569226492639222,1.1283925582564995e-06,0.9346183774936626,0.2881543675153444,0.17904037508321285
102820.0,0.0001495672389871098,0.00017613379656661532,0.9988970791273785,3.205197538641839e-08,0.0007771877850931509,0.9988970791273785,0.009507297337063104,0.005907215968762876
102821.0,0.008572477280109255,0.9705902665165759,0.015518869578510444,0.005317331163484351,1.0554613203991285e-06,0.9705902665165759,0.16227825704370297,0.10082915022069705
102823.0,0.031375419310029073,0.00344505809404391,0.3896757657438583,0.5753771073844942,0.00012664946757425335,0.5753771073844942,0.8145601901731336,0.5061147024560889
102826.0,0.8276099570973315,0.0450101388364754,0.09760247888554997,0.029701417610218897,7.600757042391023e-05,0.8276099570973315,0.6284395900490781,0.39047147155781325
102828.0,0.001658553297511086,1.0389351403596331e-10,0.9517782518462942,2.6586939167961996e-05,0.04653660781313486,0.9517782518462942,0.20068955708944036,0.12469543282096492
102831.0,0.17987570060392244,0.014809207729709036,0.5245232752064645,0.2807781412914791,1.367516842611218e-05,0.5245232752064645,1.0662103403925607,0.6624737320745931
102832.0,0.015891348582962803,0.7724933061388493,0.0038527621126150254,0.20776090242704548,1.6807385262226215e-06,0.7724933061388493,0.6131352666594572,0.38096236078604395
102833.0,0.0005437898454921407,0.951657661542879,0.046797828672423394,4.4451240177781673e-05,0.0009562686990270116,0.951657661542879,0.20162720769128534,0.12527802789630205
102834.0,0.3014635251736952,1.247275298095049e-05,0.6962917679438827,0.0004842856030110608,0.001747948526430224,0.6962917679438827,0.6284706020847232,0.3904907404189513
102836.0,0.08244831737184384,0.005795025676323916,0.0011010490177534268,0.8983217144188556,0.012333893515224518,0.8983217144188556,0.39364202458038766,0.2445835415825683
102838.0,0.0011686513224612519,0.0014385718448462982,0.0363528163302325,0.9609393456990951,0.00010061480336640391,0.9609393456990951,0.17700933600767002,0.109982084204766
102841.0,0.0001728389183629328,6.449998979007398e-08,0.4506819299744158,0.5489453957097263,0.00019977089750427868,0.5489453957097263,0.6916241184927965,0.42973022640357095
102845.0,5.898227594927027e-11,3.0195015595623934e-09,0.3342966116791513,0.00012012240560453649,0.6655832628367593,0.6655832628367593,0.6383354149331806,0.3966200932645904
102846.0,0.006996162252195717,0.877573989242992,0.1109928451109094,0.004407547724318732,2.9455669583047084e-05,0.877573989242992,0.4175337900149443,0.25942833009536215
102847.0,0.002002868755506114,0.9793079552027832,0.001365126824442448,0.017323385182832062,6.640344374719713e-07,0.9793079552027832,0.11219357944033988,0.0697097903395722
102849.0,4.3110037431875666e-06,0.044482708068429216,0.00014080707338406077,0.9551741513434997,0.00019802251094501116,0.9551741513434997,0.18525564241099185,0.11510580245423248
102850.0,0.7510726476186436,2.539989874965443e-06,0.22451190868162132,0.0237906234150944,0.0006222802947649273,0.7510726476186436,0.6439454211111211,0.4001057860860401
102851.0,0.004116130779253033,0.028932308320679,0.610873398887253,0.3560146127047058,6.354930810789975e-05,0.610873398887253,0.7944891216225265,0.493643846391656
102854.0,0.9089438426018416,9.110451228680723e-05,0.005066101668342814,0.08581859457789964,8.035663962907265e-05,0.9089438426018416,0.32588844913938003,0.2024858782197501
102855.0,0.0015875507250044626,0.1801672004686604,0.0015327206715709057,0.8167033591639213,9.168970843734622e-06,0.8167033591639213,0.4944208423132655,0.307200941703621
102856.0,8.363907800917582e-05,5.574444118969851e-07,0.9992826128878624,0.00018264162360520953,0.0004505489661128414,0.9992826128878624,0.0065541199634760565,0.004072303698602241
102858.0,0.09849974967429731,0.005151149932780731,0.0001450977606937295,0.8949595931760091,0.001244409456217659,0.8949595931760091,0.36435804174410036,0.22638838002333891
102860.0,0.0257455897200465,0.7509011288259332,0.08401779440358659,0.13932976072266587,5.726327768467151e-06,0.7509011288259332,0.7920997981852005,0.49215927627008327
102861.0,0.9999994581253848,2.924980769943394e-15,1.4780261670271176e-08,4.5421813821087247e-13,5.27093896482723e-07,0.9999994581253848,8.427985073105954e-06,5.2366015538676734e-06
102863.0,0.5751150854308709,5.402526008745465e-07,0.42132127915374945,0.0003463788499816199,0.0032167163127960227,0.5751150854308709,0.7035479335330851,0.4371389092413296
102865.0,0.9942664072738765,5.611296279093265e-07,8.670842254971304e-05,0.005496082163190489,0.0001502410107569222,0.9942664072738765,0.0364588646507366,0.02265316628188317
102866.0,6.463793069047004e-10,7.277296838768649e-10,0.4382937533243272,1.6389122851463176e-05,0.561689856178712,0.561689856178712,0.6856999646042952,0.4260493426349379
102868.0,0.23350186172265103,0.36128370552847106,0.22350145391166465,0.1816925741632977,2.040467391606182e-05,0.36128370552847106,1.3524302229206449,0.8403121440548401
102869.0,0.9213251625594577,5.682182050868222e-08,0.04618861524807525,0.024811248088640672,0.007674917282007044,0.9213251625594577,0.34661644680195985,0.2153649072909809
102870.0,0.050113471178574544,0.92315312392183,0.020913969038745647,0.005818614785762978,8.210750871859788e-07,0.92315312392183,0.33466793103247333,0.20794087702726252
102871.0,0.09587934285152984,0.007330043875685898,0.8883195130280727,0.004259825381107751,0.004211274863605416,0.8883195130280727,0.4123239158154338,0.2561912532505455
102873.0,0.005968356462022285,6.370782098832302e-09,0.9005186244713859,0.021021466165688684,0.07249154653012096,0.9005186244713859,0.39635394255452283,0.2462685509595586
102875.0,0.0015586958890371693,0.0006720393372582999,0.004856606225347175,0.9926818317214806,0.00023082682687789553,0.9926818317214806,0.05008203212558711,0.031117716153364044
102876.0,0.004518538051039938,0.0017718365685204817,0.04483121850832526,0.948819466606109,5.894026600599166e-05,0.948819466606109,0.22524016864577653,0.1399495854457195
102878.0,7.901595041559072e-11,2.4278378626924357e-06,4.350791300117624e-08,0.9998276205134435,0.00016990806176325158,0.9998276205134435,0.0016793372408421274,0.0010434308946421624
102879.0,0.00013831078379800867,5.093256909753587e-09,0.8245398538600057,0.011066174943296711,0.16425565531964245,0.8245398538600057,0.5068480776516799,0.31492241715937164
102880.0,0.06302039410068498,0.0016961128867694056,0.9286305989781636,0.006642434621517588,1.0459412863419177e-05,0.9286305989781636,0.287214001576948,0.17845609287441724
102884.0,0.11571426059419847,0.47405479397104283,0.12450682530442317,0.2854677796205264,0.00025634050980904755,0.47405479397104283,1.2227892571650765,0.7597616830808591
102885.0,0.28584626783957207,0.6585041535666674,0.011958508107838786,0.04368576655255814,5.303933362074369e-06,0.6585041535666674,0.8228433889286927,0.5112613432128185
102886.0,0.0186659202296948,0.0002929792653297796,0.9602314122906118,0.02010337984761187,0.0007063083667510449,0.9602314122906118,0.19932652757046065,0.12384853496398683
102887.0,0.5107857722291578,7.632537284126967e-05,0.485132774291385,0.0037592799799299843,0.00024584812668474815,0.5107857722291578,0.7178176636949266,0.4460051910976207
102889.0,0.006487682500479703,0.004048713277411765,0.0607429654484276,0.9286914776743617,2.9161099318375465e-05,0.9286914776743617,0.2941450426474144,0.18276259082436547
102890.0,0.00041504233785095204,0.019774625894704228,0.7843573768129514,0.19328472446342368,0.0021682304910682335,0.7843573768129514,0.6023084599895399,0.37423528757230135
102893.0,0.26671537784522603,0.5064780377466388,0.10246582614210265,0.1243353418639016,5.416402132039156e-06,0.5064780377466388,1.1897448395130403,0.7392300320014709
102894.0,0.19351868115999815,0.43270902819878354,0.25273737375767424,0.12079387506406863,0.00024104181947700548,0.43270902819878354,1.2852498264881367,0.7985706168337589
102895.0,0.8911182457472635,0.0023586697503509882,0.05441370108717171,0.052064274571219586,4.510884399527456e-05,0.8911182457472635,0.4297171636370595,0.26699828574757434
102899.0,0.0048035529770966935,0.9895126430142388,0.004983565454918069,0.0006968639960668885,3.37455767945247e-06,0.9895126430142388,0.06760434051246118,0.04200493848825579
102901.0,0.0029599307820572817,0.0005218947265462347,0.04681760420026394,0.9493396969212844,0.0003608733698482855,0.9493396969212844,0.2167263440189667,0.1346596487783686
102904.0,0.005047404056161697,1.1787133898270414e-05,0.07767483722355126,0.91724979724958,1.6174336808115047e-05,0.91724979724958,0.30471177735310767,0.18932807224123618
102908.0,0.9804476479737588,0.0109713153298842,0.00575626199483057,0.0027264543495883198,9.832035193759081e-05,0.9804476479737588,0.11556169091807325,0.07180251566417914
102911.0,0.030971977163264185,0.0017431406218250329,0.33688990749052283,0.6303788121159304,1.6162608458570605e-05,0.6303788121159304,0.7762826899977713,0.4823315543895247
102913.0,0.8615018172248707,0.0033740743933040737,0.049071729580840946,0.013534465009372604,0.07251791379161085,0.8615018172248707,0.5440740024073194,0.3380521846813379
102914.0,0.00220546040724359,4.448177153426969e-10,0.9970183117753483,0.0002385947035282585,0.00053763266906382,0.9970183117753483,0.022505186489268258,0.013983258574561354
102916.0,0.021568342089782283,0.15839001265559868,0.7621868351407765,0.057763578916053104,9.123119778841758e-05,0.7621868351407765,0.7471497251576279,0.4642302255870467
102917.0,4.546897650126427e-05,0.0024444655423098657,0.9967972696465721,8.253993620661399e-07,0.0007119704352557526,0.9967972696465721,0.023524607489207202,0.014616660454847111
102918.0,0.002996167260390938,0.8562170789308579,0.003759697611896731,0.13702608789200374,9.68304851123935e-07,0.8562170789308579,0.4436769374758181,0.27567198091214645
102920.0,0.00020594147377785653,1.091548785582472e-06,2.90238898044906e-05,0.000184427162354069,0.9995795159252785,0.9995795159252785,0.0040723706790416455,0.002530306169364823
102921.0,0.13128745198130462,0.036614808246947864,0.0083685455455995,0.018047317112168657,0.8056818771139812,0.8056818771139812,0.674223215362136,0.41891843739560386
102923.0,0.9523810785497367,0.0015000870295278077,0.02365176362868324,0.02246458896662728,2.4818254265033157e-06,0.9523810785497367,0.23008378805878743,0.1429590953967343
102924.0,0.8126910134091694,5.006019546107238e-10,0.13291989580770314,0.05235951914393253,0.002029571138594143,0.8126910134091694,0.6038130811523875,0.3751701612640563
102929.0,0.4398175206812395,0.020431105788280297,0.5302999566173525,0.0038610782687169853,0.005590338644411008,0.5302999566173525,0.8275819573422066,0.5142055813079355
102933.0,4.820043303904746e-06,0.9995953041723182,0.000393833636872321,1.2510819576583793e-10,6.0420223962811246e-06,0.9995953041723182,0.0036237239439946066,0.0022515462796039876
102943.0,0.8263824283579589,0.003789164908911152,0.16029156096379069,0.009387663239660421,0.00014918252967917103,0.8263824283579589,0.5173109169223458,0.3214233447129185
102944.0,0.03461038455953933,0.0041242649918913545,0.10244610179735973,0.8543751055733612,0.004444143077849177,0.8543751055733612,0.5310124311441784,0.32993657415530847
102947.0,4.1455776911035736e-07,4.663786612132806e-05,0.968922474353084,1.2763579964134285e-05,0.031017709643061036,0.968922474353084,0.13893520048054026,0.08632529369860303
102948.0,0.002177418163986315,0.9917233169227099,0.00603794295479601,5.916561882626379e-05,2.1563396821957656e-06,0.9917233169227099,0.053045221938474885,0.03295884950184238
102949.0,0.00023422689431005687,0.86848691675943,0.02145855383488811,0.0004717750027198398,0.1093485275086517,0.86848691675943,0.45247799981626263,0.2811403884055016
102952.0,3.9940370064196066e-06,0.11497958003536152,0.05516510393649586,0.8169781614622399,0.012873160528895054,0.8169781614622399,0.6297655023643096,0.3912953071994294
102953.0,0.11490197916493801,0.030996490610420122,0.012183533138052227,0.8417281573032002,0.0001898397833878926,0.8417281573032002,0.5566447828858788,0.3458628497473469
102954.0,0.06623627448947302,0.9331026019490506,0.00032475285040482337,0.0003363441832106407,2.6527862499527354e-08,0.9331026019490506,0.24970718041954224,0.15515179460504147
102956.0,0.017448877754089674,0.00011179281630153889,0.007884241156605843,0.9745176455675003,3.74427055028905e-05,0.9745176455675003,0.13537765428025975,0.08411486596305895
