SEQN,P_cluster_1,P_cluster_2,P_cluster_3,P_cluster_4,max_posterior,entropy_raw,entropy_norm
93705.0,2.134206361359871e-19,0.6715114269744716,0.32848857302525025,2.7784603629114506e-13,0.6715114269744716,0.6331030956906347,0.4566873482621648
93708.0,0.47224540487872774,0.5257257474173406,0.0019625714889749683,6.627621495672775e-05,0.5257257474173406,0.7052053884642858,0.5086981583728001
93709.0,0.00039967812344103874,0.8678451457295238,0.10192264385321953,0.02983253229381738,0.8678451457295238,0.46365856651347226,0.33445895728733605
93711.0,0.40109942502622864,0.5951733752646993,0.0004723598841207687,0.0032548398249512465,0.5951733752646993,0.6975194040955864,0.5031538926062638
93713.0,0.05363933849057498,0.48531256573972725,0.0006105832005406954,0.46043751256915744,0.48531256573972725,0.8694072674352877,0.6271447766208572
93714.0,1.4922544710320527e-07,0.18011878778680604,0.5657886008974857,0.2540924620902601,0.5657886008974857,0.9791083818950369,0.7062774035263936
93715.0,0.9544057574679932,0.04474118654276688,0.0008521812912880826,8.746979505400771e-07,0.9544057574679932,0.1895784691551533,0.1367519586547305
93716.0,0.2585553865366358,0.5745488822556287,5.66999217769057e-05,0.16683903128595742,0.5745488822556287,0.9674489086499198,0.6978668714113396
93717.0,0.43355458056119894,0.5368045169308808,4.6339626561044684e-05,0.029594562881358533,0.5368045169308808,0.8009355503597304,0.5777528732878279
93718.0,0.7341135136892731,0.24889295786962984,2.922639877055523e-05,0.01696430204232741,0.7341135136892731,0.6425143773520374,0.46347615295282224
93721.0,0.0008725198924640243,0.022252144620688967,0.0015165977049834793,0.9753587377818647,0.9753587377818647,0.12500241161170908,0.09017017966568684
93722.0,0.9419227535169703,0.057978819886384834,2.671770914666578e-05,7.17088874993931e-05,0.9419227535169703,0.22242776624406163,0.16044771765815866
93723.0,0.795301369002183,0.1408646482119514,2.4368627248761584e-06,0.06383154592313908,0.795301369002183,0.6339041505488097,0.4572651871978493
93726.0,0.001974013205285356,0.16976465794963036,0.01836851034642108,0.8098928184986623,0.8098928184986623,0.5575340799985163,0.40217582617022507
93728.0,0.0030944443490729303,0.8265083858477396,0.11626142923011909,0.05413574057306728,0.8265083858477396,0.5834258921344362,0.4208528206542852
93729.0,0.25149992783653446,0.19422470420419014,2.2773211642700293e-05,0.5542525947476324,0.5542525947476324,0.9927593718986298,0.7161245113170978
93730.0,0.461597172091272,0.037885135974091634,0.0007835093956935328,0.49973418253894114,0.49973418253894114,0.8331075757423791,0.6009600840252785
93731.0,0.4564440746688588,0.14581246150751806,0.0008826084461574111,0.3968608553774658,0.4564440746688588,1.011710156206806,0.7297946125882788
93735.0,1.7401950604393934e-109,4.76463138608229e-59,1.0,1.926854239910396e-130,1.0,1.067249536536822e-13,7.698578068763589e-14
93738.0,0.10336180941345866,0.05592005487020292,0.0001837843143592665,0.8405343514019793,0.8405343514019793,0.5434420771258436,0.39201059483992606
93742.0,2.427228052462693e-07,0.9370464229154254,0.06217677653476658,0.000776557827002964,0.9370464229154254,0.2392064209579585,0.17255095863242226
93743.0,0.01658507022244191,0.9742036581587447,0.00026515256451307246,0.008946119054300017,0.9742036581587447,0.13782537973020903,0.09941999592270541
93746.0,0.7141556903681979,0.010368966599050714,5.536493105330628e-05,0.27541997810169955,0.7141556903681979,0.6434839383865766,0.4641755434010067
93752.0,0.012387996936873548,0.967354268490098,0.0004293268073601037,0.019828407765667123,0.967354268490098,0.16757173422867924,0.12087745498243946
93754.0,0.007055800126307439,0.9620363511201733,0.00047178862320996487,0.030436060130309917,0.9620363511201733,0.18208751124116898,0.13134837473772393
93755.0,0.7608009504083162,0.02717763919549951,1.3232674878449067e-05,0.2120081777213064,0.7608009504083162,0.634976610208329,0.4580388033140203
93756.0,0.00023101463656005974,0.9891209194423505,0.010282052185710022,0.00036601373537921563,0.9891209194423505,0.06271479516419523,0.0452391619868758
93757.0,0.06019042352529526,0.08360225664973757,0.0009492416722493357,0.8552580781527177,0.8552580781527177,0.5169520002736596,0.3729020435862194
93758.0,4.597933587691609e-12,0.9735181158515865,0.02648188321632274,9.274948955787167e-10,0.9735181158515865,0.12229163664278876,0.08821476886337319
93759.0,0.0012274996077335084,0.9786401420402377,0.003667331902123336,0.016465026449903764,0.9786401420402377,0.1175391204278712,0.08478655307587021
93760.0,6.453314223750671e-06,0.026754391500068045,0.00017200276190332473,0.9730671524238056,0.9730671524238056,0.12501406803071763,0.09017858799463592
93761.0,0.0638830205472956,0.46746704522872756,0.0009765518632954457,0.4676733823606797,0.4676733823606797,0.89339119261743,0.6444455215815216
93762.0,0.00713960347293376,0.9723429814239029,0.0010914060719059162,0.019426009031257987,0.9723429814239029,0.14655998095998657,0.10572067886187676
93763.0,0.6239147526265786,0.3416889219258407,6.862683760170225e-05,0.03432769860998004,0.6239147526265786,0.7776548439110856,0.560959393416902
93766.0,0.003026852910900641,0.9446630843523139,0.0003348481426252192,0.05197521459415973,0.9446630843523139,0.22770272830056837,0.1642527984580585
93767.0,0.09694664994690769,0.2587430981267533,0.0001729488643325045,0.6441373030620072,0.6441373030620072,0.8608517279806308,0.6209732594491755
93768.0,0.010098904865331161,0.9893619275682408,0.00045958157219559215,7.958599423128552e-05,0.9893619275682408,0.061272229364011735,0.04419857072383543
93770.0,0.9047439590924214,0.029245817327865884,0.0020951956557054307,0.06391502792400694,0.9047439590924214,0.38256717668081947,0.27596388430215507
93772.0,5.713245692175774e-09,0.05408301871310187,0.9459169745467234,1.0269265543809243e-09,0.9459169745467234,0.21036644281594946,0.151747311910011
93773.0,0.8051283019073777,0.18611458217518095,0.004120469993511266,0.004636645923929782,0.8051283019073777,0.5349911847678503,0.38591456459194445
93774.0,0.5829461373575222,0.18350316435721947,6.3399323542457026e-06,0.23354435835290496,0.5829461373575222,0.9654657816411802,0.6964363476608588
93775.0,0.9012889643332718,0.05714072416496998,1.2052875626010748e-05,0.04155825862613246,0.9012889643332718,0.3895399103773027,0.28099364846483293
93776.0,0.9961825640348632,0.0035806295051452205,4.257618327813558e-06,0.00023254884166496235,0.9961825640348632,0.025975273537070246,0.018737199158832783
93780.0,0.027674045844350022,0.5007296915761066,0.0002443851218969426,0.47135187745764523,0.5007296915761066,0.8021831420438931,0.5786528204557257
93782.0,0.9947805057313619,1.3925332766822012e-05,3.8251011268833003e-07,0.005205186425758629,0.9947805057313619,0.032736600910738635,0.023614465894741875
93783.0,0.9749813659842632,0.0031173871575356327,1.0698830762712148e-06,0.021900176975124124,0.9749813659842632,0.12639370947277745,0.09117378892796821
93785.0,5.552664815727472e-24,0.0024029831247415344,0.9975970168752586,1.522116494638955e-18,0.9975970168752586,0.01689259143067811,0.012185428942401355
93788.0,1.0560440941978147e-08,0.9835257067266748,0.016050770701149228,0.00042351201173483676,0.9835257067266748,0.08594918130135978,0.061999228815969094
93789.0,0.9858816084700464,0.013891822721957981,0.00022346294221910757,3.1058657770225303e-06,0.9858816084700464,0.07534388605931142,0.054349125389535846
93791.0,2.0403677662277138e-05,0.022936118544557686,5.514928953476196e-05,0.9769883284882469,0.9769883284882469,0.11009078803005945,0.07941371696926242
93794.0,0.10777689701401352,0.8525352662347082,0.00011995479641781003,0.03956788195486006,0.8525352662347082,0.5049846755757917,0.3642694435890584
93795.0,0.1542939421846217,0.04326569147091127,0.7854796261166993,0.016960740227766703,0.7854796261166993,0.6830396402380206,0.492708950850987
93796.0,0.00029098937495304465,0.986130421909072,0.0016633684645838633,0.011915220251391674,0.986130421909072,0.07956968943558454,0.05739739817689638
93797.0,0.12942984790945156,0.449063129670979,9.067543141131112e-05,0.42141634698815866,0.449063129670979,0.9891548460845261,0.7135243955587158
93798.0,5.0863230889719206e-05,0.9835492337286074,0.0015659949008076475,0.01483390813969714,0.9835492337286074,0.08939589262585661,0.0644855054835828
93800.0,1.5021307748515227e-28,1.4622359530044075e-09,0.9999999985377634,2.0571273146190089e-25,0.9999999985377634,3.1209010528787967e-08,2.2512542360466922e-08
93801.0,0.0014730655454804297,0.9644773478745581,0.005707787796665111,0.02834179878329671,0.9644773478745581,0.1749687676320158,0.1262132866865813
93805.0,0.009688296466384045,0.5652951083219366,6.273554460276e-05,0.42495385966707666,0.5652951083219366,0.7316433631006978,0.5277691258223499
93806.0,0.06620193758323249,0.13430025530614345,0.001808545626551247,0.7976892614840737,0.7976892614840737,0.6411008448960063,0.4624565048205964
93811.0,0.8019865318256963,0.005101221474903015,1.4111654903989436e-05,0.19289813504449732,0.8019865318256963,0.521484209833895,0.37617134171462996
93812.0,0.00010836877166670538,0.9950386977066029,0.004266881535595883,0.0005860519861341039,0.9950386977066029,0.033583663561876746,0.024225492437801484
93813.0,3.632005139512908e-07,0.00014302335282558325,3.767628622104747e-05,0.9998189371604408,0.9998189371604408,0.0018363354282697872,0.0013246360078867665
93814.0,0.9398488035270107,0.003944320326404417,3.2455787966076844e-06,0.0562036305677887,0.9398488035270107,0.24197697373217913,0.1745494900063669
93815.0,0.19157400399370783,0.32342249649748644,7.762390217680821e-06,0.48499573711858945,0.48499573711858945,1.0326919780390909,0.7449297977414053
93817.0,0.8384582382744444,0.011965598732151446,0.00024036215207762823,0.14933580084132828,0.8384582382744444,0.4866584475852065,0.3510498644689495
93819.0,0.9487867349373578,0.04398476804577928,0.0010368989632866107,0.006191598053575952,0.9487867349373578,0.2258900643117897,0.16294523778435402
93823.0,0.11031244471086762,0.19114145948600475,0.00020766610690701952,0.6983384296962211,0.6983384296962211,0.811967047236104,0.585710416206391
93824.0,0.822883307114704,0.12236927755486743,7.716727507970723e-06,0.0547396986029199,0.822883307114704,0.5765949548632031,0.4159253409913694
93825.0,8.729520928206563e-05,0.9984759777261045,0.00011204231380790449,0.0013246847508054287,0.9984759777261045,0.012136078568272929,0.008754330183143092
93827.0,1.879650647709957e-05,0.9995167292467659,0.00024416692309991935,0.00022030732365629102,0.9995167292467659,0.004573686567035927,0.0032992174644216
93829.0,0.3528707957565556,0.006869688641109637,1.0466327660673331e-05,0.6402490492746755,0.6402490492746755,0.6873902696580636,0.4958472665955078
93830.0,1.2410304747024065e-67,4.387673909101596e-41,1.0,2.3271551825857488e-88,1.0,1.067249536536822e-13,7.698578068763589e-14
93831.0,0.017299569175119493,0.9551005661440036,0.0006046469743252816,0.026995217706552756,0.9551005661440036,0.21605191042348076,0.15584850987127113
93832.0,2.7433605964029442e-08,0.437050812746043,0.5629478964644441,1.2633559083735023e-06,0.5629478964644441,0.6852190954382462,0.49428109545558957
93834.0,0.00020270062600254916,0.7596709147080425,0.0004012698684197656,0.23972511479753597,0.7596709147080425,0.556063067189478,0.4011147147278832
93837.0,0.021717430522076277,0.003721740391867782,3.333168250931245e-06,0.9745574959178038,0.9745574959178038,0.12914583494620618,0.09315902781417813
93839.0,0.006945290614762725,0.5221974969860446,8.702937505718901e-05,0.4707701830241343,0.5221974969860446,0.7292775493568413,0.5260625519443857
93840.0,0.9786232516669108,0.00755495837527498,2.587544219745315e-06,0.013819202413595681,0.9786232516669108,0.11725967020552866,0.08458497235089577
93841.0,0.45653267499410155,0.20251367854229727,0.0010439150016658299,0.33990973146193426,0.45653267499410155,1.0553231753317087,0.7612547557931252
93843.0,0.9882095974021997,0.011596000274284063,1.665689623968126e-05,0.00017774542727567885,0.9882095974021997,0.06512322685361961,0.04697647821420199
93845.0,0.14000440598104966,0.08157381804656105,0.0009696607662123981,0.7774521152061777,0.7774521152061777,0.6821427689818753,0.49206199499420866
93846.0,0.9859412847751502,0.0034947275409558036,2.9480460800230304e-07,0.01056369287928564,0.9859412847751502,0.08180009743527378,0.05900629745705175
93847.0,2.148490942429994e-05,8.485545563578076e-05,3.780600955565968e-06,0.9998898790339842,0.9998898790339842,0.0011837239849089621,0.0008538763614047409
93848.0,0.07024613579703437,0.9213634353355513,0.0004164587526861931,0.007973970114726727,0.9213634353355513,0.3037849107313818,0.21913449210453048
93849.0,0.8800757132933943,0.03795888405934858,9.226172823463369e-07,0.08196448002997371,0.8800757132933943,0.441644844093998,0.31857941320429517
93850.0,0.11788249807140531,0.8690669820040136,0.008625329425083554,0.004425190499497909,0.8690669820040136,0.43898438135280476,0.3166602950027005
93851.0,0.03577870540268353,0.9522862716129308,0.0006327326441162857,0.011302290340268325,0.9522862716129308,0.2210400747336767,0.15944670982800063
93852.0,0.8734465923242953,0.02686215416263306,1.5432567162162515e-05,0.09967582094591004,0.8734465923242953,0.4453526607548745,0.32125403755888116
93855.0,0.18915957608877035,0.07247339937799606,0.00010346993913659647,0.7382635545940971,0.7382635545940971,0.7301695832304014,0.5267060183672306
93856.0,4.708180943771298e-06,0.021178316747928957,0.0007904389949089105,0.9780265360762173,0.9780265360762173,0.10907175220478947,0.07867863800345982
93861.0,0.13440336171081202,0.8175215802656535,0.00015070182289907692,0.047924356200636,0.8175215802656535,0.5813747242817612,0.4193732158097426
93863.0,0.00011963869237449813,0.02523353159054437,0.0003799999134743158,0.9742668298036068,0.9742668298036068,0.12232112174793865,0.08823603787086311
93866.0,0.6643861244917941,0.0012893632964408738,1.858670558218742e-05,0.33430592550618105,0.6643861244917941,0.6467419996021562,0.46652573778032136
93868.0,0.004116090786200503,0.9898676898170528,0.002934707150228308,0.0030815122465188507,0.9898676898170528,0.06762092525318866,0.04877818676154928
93869.0,0.00035781083385220773,0.0019291282465142654,0.9977128800629208,1.8085671226701173e-07,0.9977128800629208,0.017185097416547647,0.012396427410023513
93870.0,0.9985541937196292,0.00012062548483480165,9.850250949200998e-07,0.0013241957704426145,0.9985541937196292,0.011322145240335356,0.0081672013952282
93871.0,0.8755550246763499,0.10802080764957714,0.01595186512217878,0.0004723025518943789,0.8755550246763499,0.4263803019748391,0.30756837359591954
93875.0,0.16147508669915184,0.7450321507621134,0.0038408613000360746,0.08965190123869872,0.7450321507621134,0.7513055605488026,0.5419524031980302
93877.0,0.006239661444984374,0.9795746414438342,0.001466702827921462,0.012718994283260303,0.9795746414438342,0.11697694480855636,0.08438102908682311
93878.0,0.8885550624510898,0.0934755092289565,1.5478657976788275e-05,0.01795394966197568,0.8885550624510898,0.3988779853807723,0.2877296457143103
93883.0,3.2589954746859116e-05,0.00037230139374883113,1.3082432467655846e-05,0.999582026219036,0.999582026219036,0.0038413116482776317,0.0027709206327395748
93887.0,0.1646959802219753,0.6587929096020999,5.870176700058862e-05,0.17645240840892354,0.6587929096020999,0.8786638321886017,0.633821976653494
93888.0,0.9961518808477785,0.003711946463610851,8.899132256996591e-05,4.7181366039910785e-05,0.9961518808477785,0.025913513561604803,0.018692648753668075
93890.0,0.9778807829190221,0.010162769011618467,8.800569137585566e-06,0.011947647500221849,0.9778807829190221,0.12150727683418834,0.08764897286030297
93891.0,6.93062462995586e-09,0.20751904857033635,0.009309104175086371,0.7831718403239536,0.7831718403239536,0.5612766322503422,0.4048755069572136
93892.0,0.00040891750445009624,0.9709450131697541,0.0056350461659857515,0.02301102315980904,0.9709450131697541,0.14779417132335915,0.10661095902025204
93893.0,4.1582519361319153e-08,0.01786447041131335,0.9821354878153306,1.9083719714192192e-10,0.9821354878153306,0.08960814109849655,0.06463861039303974
93894.0,0.7532235291668556,0.21500301312620634,6.487226156384602e-06,0.031766970480780254,0.7532235291668556,0.6535924877022982,0.4714673203851932
93895.0,0.014847542616811994,0.030375427359012455,2.7292928566169708e-05,0.9547497370956092,0.9547497370956092,0.21313989454593857,0.1537479344385111
93899.0,0.027502054391720408,0.28403481737521385,0.09023861122342504,0.5982245170096409,0.5982245170096409,0.9807433125833609,0.7074567567245147
93902.0,0.04656670782529449,0.026899291481642155,0.00010883404742651581,0.9264251666456381,0.9264251666456381,0.3118650342219985,0.22496306914937206
93903.0,0.002334552478314586,0.6888287011140073,0.0006800390660820248,0.30815670734159617,0.6888287011140073,0.6386223170357176,0.4606686248942246
93906.0,0.4078780865827222,0.4115983217793747,7.148413504085085e-05,0.18045210750286209,0.4115983217793747,1.0408273099340994,0.7507981992318628
93907.0,0.9701619225889111,0.0018332875021669424,4.125993340211611e-06,0.028000663915580433,0.9701619225889111,0.14110943962224756,0.10178894438281859
93909.0,0.0003019437869250339,0.009609093202436353,6.173348649148674e-05,0.9900272295241472,0.9900272295241472,0.057603249639751,0.04155196129717887
93913.0,0.9987177845445557,0.0006474228203195125,0.0006345994238351945,1.9321128799182903e-07,0.9987177845445557,0.010710337954958469,0.007725875726931713
93914.0,0.12067822911447192,0.307853430506131,0.0008033418117824256,0.5706649985676147,0.5706649985676147,0.9437227313558965,0.6807520522506697
93915.0,0.09945019391998991,0.024583676867570792,0.002730578475616302,0.8732355507368214,0.8732355507368214,0.4551261768298578,0.32830413914559464
93916.0,0.44714254741630727,0.4428987308500572,0.0001996523739797,0.1097590693596563,0.44714254741630727,0.964808044687121,0.6959618907399434
93918.0,0.022367471199134688,0.7669336236925341,0.0026904380537784746,0.20800846705455245,0.7669336236925341,0.6310415348285432,0.45520024644604967
93920.0,0.9778973984547227,0.011255160197684973,4.1840405308016464e-05,0.010805600942286041,0.9778973984547227,0.12170385799357461,0.08779077619219236
93923.0,0.9100657434462507,0.01158276931762926,0.002855537319422391,0.07549594991669926,0.9100657434462507,0.34918814586454416,0.2518860031879949
93924.0,0.001592986711928919,0.24007948801270965,0.7583275205360602,4.739300821218296e-09,0.7583275205360602,0.5625878549920665,0.40582135423070687
93926.0,0.01228406606201442,0.22847990937033716,0.0001922806646375971,0.7590437439030104,0.7590437439030104,0.6022601364869263,0.43443885611739946
93927.0,0.7603738382306535,0.2378098881675645,7.789255764565355e-05,0.0017383810441375677,0.7603738382306535,0.5616470801792018,0.4051427286521503
93929.0,0.00012960110315347957,1.055555498032968e-06,0.9998687290477246,6.1429362400094e-07,0.9998687290477246,0.0013146402762757203,0.0009483125035679393
93930.0,3.49867532513266e-07,0.9413925176220042,0.05860712443971493,8.070748286660028e-09,0.9413925176220042,0.22312333839916665,0.16094946690753387
93931.0,0.591439645757204,0.051193544022277944,0.00014227003019708708,0.35722454019032107,0.591439645757204,0.8317598234976894,0.599987886285398
93932.0,0.38203721499393584,0.2170379017109019,0.0009225217969815845,0.40000236149817997,0.40000236149817997,1.0721386597634053,0.7733845637930022
93937.0,0.00013599843251532693,0.00030594727817958634,0.008175135984658249,0.9913829183046483,0.9913829183046483,0.05156146100651909,0.037193732047547376
93939.0,0.7319685440761683,0.1593855670187798,0.0010646288058851396,0.10758126009916705,0.7319685440761683,0.768228345869955,0.5541596124284578
93940.0,0.042255133272719694,0.45652609756309714,0.006049711591842323,0.4951690575723405,0.4951690575723405,0.8705958425141835,0.6280021523068808
93941.0,0.5813834992836169,0.24391389594019916,0.00015239235756796797,0.17455021241861468,0.5813834992836169,0.9654823719350376,0.6964483150281963
93945.0,0.9953315415581644,0.0031828844432897165,0.0014832298406423192,2.3441579029966743e-06,0.9953315415581644,0.032650481657232985,0.023552343984763045
93946.0,0.15930970083736834,0.7954024218161208,2.8133380860260518e-05,0.045259743965650676,0.7954024218161208,0.6150990461532826,0.44370017177043625
93947.0,0.9696178688861892,0.030129771994798587,0.00010802394651718636,0.00014433517249449435,0.9696178688861892,0.1377005947538974,0.0993299825894543
93949.0,0.0221087035915235,0.2566979993365095,0.00015009971968220088,0.7210431973522847,0.7210431973522847,0.6704888344896669,0.4836554582448317
93950.0,0.0154797696255977,0.0011056166389054084,0.0003746301976798694,0.9830399835378154,0.9830399835378154,0.09182047401392196,0.06623447125597957
93952.0,0.0014739730551028315,0.0018943742879730043,0.0019204092816983054,0.9947112433752271,0.9947112433752271,0.03877290331687658,0.02796873766806254
93953.0,1.7348309099847324e-08,1.0891191086865162e-07,0.15114715215637392,0.8488527215834076,0.8488527215834076,0.4246959510536633,0.306353371235371
93957.0,0.27364284628753704,0.28544619810014976,0.0002826897699161832,0.44062826584239706,0.44062826584239706,1.075915199760818,0.7761087615559954
93959.0,0.14833821317917073,0.8501436977613018,0.0004152560275241882,0.0011028330320047906,0.8501436977613018,0.4318322617786503,0.3115011312819617
93960.0,0.02279165612450315,0.48087589735838066,0.007157659117571793,0.4891747873995429,0.4891747873995429,0.8233879357263625,0.5939488458001119
93963.0,0.002909322260141139,0.9435412821092986,0.010372830538275996,0.04317656509228444,0.9435412821092986,0.25489348655209615,0.1838667845018034
93964.0,0.3069988422043214,0.21431745720728154,0.00029705351925728434,0.47838664706914086,0.47838664706914086,1.0477951621354085,0.7558244421401006
93965.0,0.9934563377785984,0.004848254829135995,9.370906716029831e-07,0.0016944703015939599,0.9934563377785984,0.04318359755354363,0.031150381019121084
93968.0,2.527850301772901e-41,1.5181459716236945e-26,1.0,1.3946497846925082e-27,1.0,1.067249536536822e-13,7.698578068763589e-14
93970.0,0.30858718942678304,0.2379908706530643,6.812093100015969e-06,0.45341512782705207,0.45341512782705207,1.0631714681977313,0.7669161023917527
93971.0,0.0006144280093884739,0.00037452326682549944,0.1435000076732579,0.8555110410505267,0.8555110410505267,0.4196002012438744,0.30267756474527435
93972.0,0.5224618209881878,0.2720275729353005,0.0009542251266766888,0.20455638094983614,0.5224618209881878,1.0245727383356664,0.7390730043134458
93974.0,0.8484257726165294,0.14932131048992478,0.0012670151610012599,0.0009859017325457812,0.8484257726165294,0.4386923514105654,0.3164496399279706
93975.0,0.9286798774008427,0.06347298686572146,7.691503921345727e-06,0.007839444229514898,0.9286798774008427,0.2818188938931575,0.20328936032423567
93978.0,0.0007875906110285401,0.9938693758653999,0.0011137322812330049,0.004229301242337169,0.9938693758653999,0.04242992732663038,0.030606722869704384
93981.0,0.21095166905084226,0.7450509637401562,0.0008878079695304569,0.04310955923947219,0.7450509637401562,0.6893132187317265,0.49723438114173557
93982.0,0.9967200324489539,0.0032553902885756945,7.772084103695562e-06,1.680517836618117e-05,0.9967200324489539,0.022195836750988407,0.016010911804515988
93983.0,3.498684419762648e-05,0.9499500345317964,0.020900551797293037,0.029114426826714432,0.9499500345317964,0.2329417205282912,0.16803193251115428
93984.0,0.6442765372722052,0.03213389509058311,1.7050908811483965e-05,0.32357251672839976,0.6442765372722052,0.7589972710644521,0.5475007995064707
93987.0,0.00400694384303132,0.022555914577624018,0.0005470458543830127,0.9728900957249631,0.9728900957249631,0.1384917162892046,0.09990065614731837
93988.0,0.970493445977127,0.014866993217264824,3.4805375224131885e-06,0.014636080268086866,0.970493445977127,0.15350672616411792,0.11073169629003651
93989.0,0.9778536607430481,0.007908022675731884,8.897203934877278e-07,0.014237426860828052,0.9778536607430481,0.12072138142458591,0.08708206915525757
93990.0,0.15020464250432283,0.4675230374223028,0.20746693137025962,0.17480538870311452,0.4675230374223028,1.27138778192362,0.9171124240140127
93998.0,0.9696021034067002,0.001715362268188759,1.7224849673100075e-06,0.02868081184014443,0.9696021034067002,0.14273831500041678,0.10296392959797401
93999.0,0.9973640092700506,0.0004944233451539218,2.7911968473565697e-06,0.00213877618794688,0.9973640092700506,0.019579991811872376,0.014123978543817394
94003.0,7.200075855916768e-05,0.9917151946021948,0.00784718748336694,0.00036561715587949745,0.9917151946021948,0.04987068759402026,0.03597409683880789
94004.0,0.7187569097258044,0.022033806163885648,7.739890540025103e-06,0.2592015442197684,0.7187569097258044,0.6714713529725875,0.4843641955162774
94007.0,0.9334581918048216,0.014560756589189589,0.05197631736623395,4.73423975410485e-06,0.9334581918048216,0.27961103161360684,0.2016967243433989
94010.0,0.019503798423945708,0.9708646008938869,0.0001844381189612394,0.009447162563207075,0.9708646008938869,0.15112497586268456,0.10901362661577965
94012.0,0.5163017924048805,0.3368779505163166,1.5163787807226105e-05,0.14680509329099742,0.5163017924048805,0.989679072469715,0.7139025449618235
94013.0,0.029029377483715747,0.9642535041732376,9.31435305567962e-05,0.006623974812490564,0.9642535041732376,0.1719451556755564,0.12403221169900301
94015.0,0.9486268007779263,0.014138718209427737,2.8418372059514033e-06,0.0372316391754397,0.9486268007779263,0.23279550403323884,0.1679264596050002
94016.0,0.8366295459864102,0.06402145062344493,6.198890224721317e-05,0.0992870144878995,0.8366295459864102,0.5551260296189525,0.40043878499982133
94017.0,6.605973932089789e-14,3.995625751884333e-05,0.9999600437424112,3.7303266827156574e-15,0.9999600437424112,0.0004446214601941614,0.00032072658784746316
94019.0,2.656675492900072e-05,0.7427385267008666,0.25720061386706683,3.429267714062585e-05,0.7427385267008666,0.5707836478174687,0.41173336906338737
94021.0,0.10409328720100121,0.014378632237795404,1.5564879736731575e-05,0.8815125156814663,0.8815125156814663,0.4078472536114621,0.2941996051127199
94027.0,0.045935778701963054,0.6859778266400405,3.2929317320511904e-05,0.26805346534067587,0.6859778266400405,0.7533082585844888,0.5433970444602715
94028.0,0.9929229998724335,0.00671777152175695,1.4063872858653608e-06,0.00035782221852385964,0.9929229998724335,0.043519341090587554,0.03139256878707298
94029.0,0.9386182336046077,0.0612189826229299,0.000159670915234916,3.1128572279424498e-06,0.9386182336046077,0.23189636923091603,0.1672778709447993
94030.0,0.6325688810849821,0.08850517835778847,5.372118601088518e-05,0.2788722193712197,0.6325688810849821,0.8609415766532225,0.6210380715663647
94031.0,0.03611156389759722,0.11009438050523658,0.00418532288489344,0.8496087327122741,0.8496087327122741,0.5242340041638814,0.378154899036298
94033.0,0.0098354709043811,0.9288963812202665,0.00019369385994061244,0.06107445401541052,0.9288963812202665,0.28637024275197104,0.20657246453821862
94037.0,0.02112981334357232,0.9549899882659325,0.00014274380964721266,0.023737454580847958,0.9549899882659325,0.2155393291316583,0.15547876062738875
94038.0,0.4690295841937271,0.46675516786466614,8.37974160599935e-05,0.06413145052554721,0.4690295841937271,0.887685831615541,0.6403299735695682
94039.0,0.7320679958139961,0.22136410193245348,0.0013183339276097777,0.04524956832594188,0.7320679958139961,0.7109391782779267,0.5128342134376198
94040.0,0.16268763547942355,0.0710339284409471,0.00044747349695753794,0.7658309625826702,0.7658309625826702,0.691054249675075,0.49849026949573716
94041.0,0.954018371122844,0.04560070340059808,0.00032226929043403313,5.8656186123185266e-05,0.954018371122844,0.1888778247752659,0.13624655056858537
94042.0,0.6371067815789212,0.3327637618146556,0.0009670262089735043,0.02916243039745116,0.6371067815789212,0.7631645734127218,0.5505068727223376
94043.0,0.006525887487770521,0.9818478883026714,0.011607002394353624,1.922181520449784e-05,0.9818478883026714,0.10275572462404801,0.07412258716903301
94044.0,0.9936141696922853,0.0003069067439281595,6.04411834979246e-07,0.006078319151950535,0.9936141696922853,0.03987443755201695,0.028763326657265758
94045.0,0.0006150556500091402,0.9655547172734474,0.007963488208099476,0.0258667388684423,0.9655547172734474,0.17141704637877275,0.12365126136724446
94046.0,0.008762318082469743,0.9397020296792651,3.4376526777055055e-06,0.05153221458558837,0.9397020296792651,0.25281656064512265,0.18236859914866116
94047.0,0.0020392970576575443,0.0003539536504314671,0.0004642435592323184,0.9971425057326802,0.9971425057326802,0.021862913113880583,0.015770758164390903
94048.0,0.8351871688177827,0.15385788640633505,0.00010141768690413556,0.010853527088977265,0.8351871688177827,0.48842256738304146,0.35232240791088476
94049.0,7.711944538305033e-35,2.315571082168099e-13,0.008088115618161673,0.9919118843816037,0.9919118843816037,0.04701867890465624,0.033916807442449036
94050.0,0.0315457898707566,0.8795081416046802,0.00018420542333728586,0.08876186310122512,0.8795081416046802,0.4385017895761193,0.31631217862120153
94051.0,0.02149186710409777,0.9744696931071118,0.0008783968031986796,0.003160042985590152,0.9744696931071118,0.1321066469551067,0.09529480221530076
94057.0,0.1055035158997186,0.20779483609678015,0.013963339860069928,0.6727383081434298,0.6727383081434298,0.8900812527263302,0.6420579046482564
94058.0,3.598288300410409e-08,0.5856320066942227,0.0534338996111728,0.3609340577117222,0.5856320066942227,0.8376889361918893,0.604264837025795
94060.0,0.004266888293036182,0.1733530415106555,0.00010941313131768411,0.822270657064989,0.822270657064989,0.48897654616844033,0.35272201913411105
94061.0,0.3311455490352128,0.00784807956355057,1.577881068782867e-05,0.6609905925905483,0.6609905925905483,0.6778595452968895,0.4889723022095351
94065.0,0.01143218549082773,0.9879444148863591,0.0003785115693759747,0.0002448880534355803,0.9879444148863591,0.06811817779942102,0.04913687865280869
94067.0,0.07252653925391593,0.22147514740659902,0.00020327085017637087,0.7057950424893104,0.7057950424893104,0.771805354938364,0.556739879050562
94068.0,0.09842847671343802,0.8780295218257151,0.0007773431174823695,0.022764658343363196,0.8780295218257151,0.43408265320284556,0.3131244455558345
94069.0,0.5002076585832075,0.49557356678025355,0.0003282454092824296,0.0038905292272580286,0.5002076585832075,0.7186444952559428,0.5183924247339504
94073.0,0.014638890230685892,0.6199413092023631,0.36532085102676914,9.894954018249072e-05,0.6199413092023631,0.7270315046076915,0.5244423731337791
94074.0,0.890451410279662,0.019790984240753706,2.645658951215291e-06,0.08975495982063277,0.890451410279662,0.3973506264501906,0.28662788913690646
94080.0,0.13908847084105794,0.8571684916846185,0.00048670891528550546,0.003256328559038615,0.8571684916846185,0.4288416947261004,0.3093438931538819
94081.0,4.480026253793341e-35,1.639266312760506e-07,0.9999998360733705,3.599450629303808e-26,0.9999998360733705,2.725091275658855e-06,1.965737834681405e-06
94082.0,0.0029093488757096957,0.9935212298193941,0.0002635121888818057,0.003305909116016034,0.9935212298193941,0.04450303842485195,0.03210215642001245
94084.0,0.2570811167762585,0.08768314022601549,0.0011648124465881353,0.6540709305511364,0.6540709305511364,0.8481801128017127,0.6118326212598363
94092.0,5.272032726911979e-05,0.9930249170069101,0.006860930608577525,6.143205724470696e-05,0.9930249170069101,0.042246318469173205,0.030474277075646004
94093.0,0.029662057166695826,0.0205822099011624,0.0013736467305154685,0.9483820862016256,0.9483820862016256,0.24359013058820678,0.17571313670455047
94095.0,1.517554168557456e-14,0.07680534939476424,0.9231946506051987,2.1012063836693128e-14,0.9231946506051987,0.27089673348349314,0.1954106869948274
94097.0,0.10167295818072809,0.4278489843699137,0.0011225347895308503,0.46935552265982566,0.46935552265982566,0.9583036246137147,0.6912699434480625
94098.0,0.6807493855530157,0.009349345354078126,1.1781246363225396e-06,0.3099000909682693,0.6807493855530157,0.6685397261436259,0.4822494737723374
94101.0,0.0007770344916226865,0.03561721005750423,0.0003771836880861522,0.963228571762787,0.963228571762787,0.16340453078774175,0.11787145311313149
94105.0,0.5769845634004712,0.08215525063617606,0.00022675523319382642,0.34063343073015706,0.5769845634004712,0.8913720641178862,0.6429890282449168
94112.0,0.824486563501242,0.06984469570665659,5.063667089089456e-05,0.1056181041212113,0.824486563501242,0.5829341238821204,0.4204980848448439
94113.0,0.0027484136448165638,0.9864424368308992,0.0007566089969019745,0.010052540527383648,0.9864424368308992,0.08135037447753735,0.058681890916601614
94116.0,0.015121163834621023,0.6571059247170216,0.3277728551022644,5.6346093624407205e-08,0.6571059247170216,0.7049182242998372,0.5084910132148146
94118.0,0.23750554914068775,0.39762070385229803,1.920069239962925e-05,0.3648545463146132,0.39762070385229803,1.0762133690311297,0.7763238452198075
94119.0,6.360710084895218e-05,0.9983778561547302,0.001261791661242765,0.0002967450831763546,0.9983778561547302,0.013068542078315646,0.009426960424017366
94122.0,0.9114533072280312,0.052137342622885594,1.661082782695321e-05,0.03639273932125773,0.9114533072280312,0.35927844842053913,0.2591646179172965
94124.0,0.011153230405592731,0.40145385118756166,0.0014297666352520951,0.5859631517715949,0.5859631517715949,0.7390988392727007,0.5331471150727571
94126.0,0.00805761236137872,0.914397797117653,0.0005224205188645556,0.07702217000210507,0.914397797117653,0.3220826920760399,0.2323335513071349
94127.0,0.5233187060918496,0.013664471037791396,1.5052704763223315e-05,0.4630017701655964,0.5233187060918496,0.7542334597720981,0.5440644360428657
94128.0,1.7884567157425429e-06,0.7148252577808625,0.0017688104913776053,0.2834041432710441,0.7148252577808625,0.6085515129349791,0.43897712491838514
94130.0,0.9434404196165583,0.052818054984209085,9.19663676809423e-06,0.0037323287624633082,0.9434404196165583,0.23123484909547062,0.16680068503537165
94131.0,4.003404061833948e-05,0.0006264673462623147,0.0007371396354020191,0.9985963589777158,0.9985963589777158,0.011745278875431912,0.008472427793721761
94133.0,0.9995139363352726,0.00010445960469090196,0.0003265287522460542,5.50753077890038e-05,0.9995139363352726,0.004604653322348339,0.0033215552565824193
94134.0,0.2869479044914835,0.08103769571561803,0.00020481055660242605,0.6318095892362974,0.6318095892362974,0.8537220543770578,0.6158302870736597
94137.0,0.939558011565959,0.02137902775694563,0.0001287045835537131,0.038934256093541335,0.939558011565959,0.26831603870611637,0.19354910921614263
94138.0,0.0013848368984657315,0.733366432614085,0.2652483939631654,3.365242837512352e-07,0.733366432614085,0.5885524731834074,0.42455086718231827
94139.0,0.20003271543999615,0.7935049572061764,0.0005369071046284493,0.00592542024919947,0.7935049572061764,0.5398729182343431,0.38943599092346987
94141.0,0.028550601151114758,0.878794016682986,0.0003482907550096665,0.09230709141088969,0.878794016682986,0.4377798016732871,0.3157913744377026
94150.0,0.005384398655086594,0.9922956322159052,0.0016902453593529564,0.0006297237696539321,0.9922956322159052,0.05123389993245794,0.03695744667897923
94151.0,0.9898930328477178,0.0003234291259928259,1.5343867673366605e-06,0.00978200363952322,0.9898930328477178,0.05793890258649226,0.04179408371804056
94152.0,0.5035659818052026,0.465465175170345,0.00016381855924600048,0.03080502446520665,0.5035659818052026,0.8100481061273871,0.584326192795739
94154.0,0.0021889136425479383,0.9963243210584393,0.0013547033618377831,0.00013206193717492468,0.9963243210584393,0.027200892323770383,0.0196212962316291
94155.0,0.0271620557949253,0.33150565432847884,0.0013392357902893422,0.6399930540863074,0.6399930540863074,0.7584509482713128,0.5471067109142773
94156.0,0.6390117078888912,0.1622010729643809,5.0394619630805325e-06,0.1987821796847659,0.6390117078888912,0.9024039020314062,0.6509468171697799
94157.0,0.039574950273502434,0.9457705400449764,2.386009823118612e-05,0.014630649583288436,0.9457705400449764,0.24260448072931273,0.1750021406228108
94158.0,0.17876346551806718,0.23680601177099192,0.0005731149145175167,0.5838574077964229,0.5838574077964229,0.967348722518681,0.6977946023939875
94160.0,0.914809412160503,0.06329989961949517,9.496161284972747e-06,0.02188119205871727,0.914809412160503,0.3398963220034022,0.24518336908535332
94162.0,0.9208310428314,0.07760147857762008,0.0013941139965516016,0.0001733645944273018,0.9208310428314,0.2849797824564673,0.2055694594517805
94163.0,0.9314902711698452,0.05772908158395318,5.0550954664046954e-05,0.010730096291538973,0.9314902711698452,0.279908310629957,0.20191116582472327
94166.0,0.9985759297270257,0.0006592089732020708,0.0007496721589945833,1.5189140776817385e-05,0.9985759297270257,0.011814481403821615,0.008522346865984161
94168.0,0.0003808959902572474,0.9881745827063606,0.00029112219660855105,0.011153399106774174,0.9881745827063606,0.06727006192942078,0.04852509237293441
94169.0,0.6013371262414152,0.31176676747681276,0.0010386523408768328,0.085857453940896,0.6013371262414152,0.8871250942747567,0.6399254870791729
94173.0,0.029841999278521616,4.690498901992954e-08,0.9701521277642636,5.826052223363791e-06,0.9701521277642636,0.13426922135058336,0.09685476989325457
94174.0,0.927509561957595,0.03814027998683518,7.704838007100386e-06,0.0343424532175627,0.927509561957595,0.3102536724849213,0.22380071735579232
94175.0,0.003970199564956001,0.9683818674273695,0.007409326753057879,0.020238606254614957,0.9683818674273695,0.1683406506305385,0.12143211092234972
94176.0,0.8591804146820745,0.06314358664988115,3.952019910467915e-06,0.07767204664813453,0.8591804146820745,0.5033490050511914,0.3630895567118738
94177.0,0.8187626643339204,0.1530723818436125,1.9673598959429207e-05,0.02814528022350858,0.8187626643339204,0.5517160710002299,0.39797901980538747
94179.0,6.599151579083563e-19,8.154598685697552e-11,0.9999999998285887,8.986578606347975e-11,0.9999999998285887,4.1445874045041424e-09,2.9896878475044933e-09
94181.0,0.006509042611556953,0.0009514680917470341,0.00856457995128049,0.983974909345416,0.983974909345416,0.09605445528304063,0.06928864314606671
94182.0,0.01551899267565738,0.7542640338508345,0.00019472958955600732,0.23002224388395198,0.7542640338508345,0.6170591005219614,0.44511405212921906
94183.0,9.518942591128222e-05,0.008042694110640751,0.0015113460480069775,0.9903507704154415,0.9903507704154415,0.059089609611257955,0.042624143377113344
94187.0,0.004000714121461444,0.610600736264783,0.0010762000728445913,0.3843223495409108,0.610600736264783,0.6981781600113272,0.5036290845526614
94189.0,2.3768126236596192e-05,2.10951914705838e-05,6.858946525759324e-06,0.999948277735768,0.999948277735768,0.0006134573179769235,0.0004425159152211758
94190.0,0.6007344898882789,0.030674352925117998,8.500751524532862e-05,0.36850614967135814,0.6007344898882789,0.7816908133963928,0.563870729997718
94192.0,0.0011475221038696143,0.07008776240692192,0.0009930717119921847,0.9277716437772159,0.9277716437772159,0.27048418142413827,0.19511309358975748
94193.0,0.00011790173356942968,0.01788000353719846,0.00019062898518099994,0.9818114657440499,0.9818114657440499,0.09267180868509717,0.06684857941010022
94199.0,0.02072491665056354,0.9734783869967486,0.00017216183122139333,0.0056245345214653505,0.9734783869967486,0.13713591556527086,0.09892265265689194
94200.0,0.00870400215263169,7.83388942324931e-06,0.04123796391906819,0.9500502000388765,0.9500502000388765,0.22154761104300652,0.15981281988627122
94201.0,0.005157107179331751,0.990984707194524,0.003798214433870927,5.9971192272169464e-05,0.990984707194524,0.05789029226419437,0.04175901878258297
94202.0,0.0003508437055824724,0.4032631534360411,0.00029960516696551736,0.59608639769141,0.59608639769141,0.6798486106570043,0.4904071095750559
94205.0,0.0010315506001664827,0.9867770274157514,0.002238467001037107,0.009952954983046108,0.9867770274157514,0.07976984795466302,0.057541782028329484
94206.0,0.623033318630398,0.3611582215359398,0.00011660569301326547,0.015691854140649754,0.623033318630398,0.7288588236372275,0.5257605051847959
94207.0,0.0523431782810442,0.8985453764833947,0.00036827946795898943,0.04874316576760339,0.8985453764833947,0.40070779738856643,0.28904957606901216
94208.0,3.917270680232401e-09,1.3172422432509006e-09,1.2450902421039155e-05,0.9999875438630651,0.9999875438630651,0.0001531757979743905,0.00011049298206093145
94210.0,0.796998307379888,0.19696535602403029,0.00015569588152437638,0.005880640714556081,0.796998307379888,0.5324246798199007,0.3840632226115325
94211.0,0.9975996197521468,0.0009174850828883524,1.3910127586135475e-07,0.0014827560636892741,0.9975996197521468,0.018474923066028638,0.01332683994408232
94212.0,0.07508616703578443,0.28595084862257836,0.0027724448771342526,0.6361905394645019,0.6361905394645019,0.8564449494916462,0.6177944407129984
94216.0,2.144071567077894e-06,0.9992481783402667,0.0007014856117735813,4.819197639094036e-05,0.9992481783402667,0.006352974779886923,0.004582702604917759
94219.0,0.06846830575128295,0.00910251304973897,0.0005091767169198303,0.9219200044820581,0.9219200044820581,0.3051745235398048,0.2201368858582643
94221.0,0.9581918570788278,3.856255878717273e-05,5.9777300709657364e-05,0.04170980306167397,0.9581918570788278,0.17440782990843406,0.12580865565055183
94223.0,0.403329542462182,0.09623684667697097,9.43593232669118e-06,0.5004241749285208,0.5004241749285208,0.9380611643080936,0.6766680948989069
94227.0,0.5680170515219642,0.4272656304029438,0.0030328555651816867,0.0016844625099093713,0.5680170515219642,0.712940441565996,0.5142778197482252
94229.0,0.0004801104781701054,0.06534696606683252,0.0032739274156123512,0.9308989960393862,0.9308989960393862,0.2673273754545528,0.1928359394310727
94232.0,0.011736261106261508,0.7535522283339294,0.22536869564007334,0.009342814919735607,0.7535522283339294,0.6448550352756593,0.46516458074223566
94233.0,0.7653576239264647,0.20636104339761233,0.00010915624299911888,0.02817217643292496,0.7653576239264647,0.6318841555032159,0.4558080687804001
94237.0,0.012592685347850673,0.9144288312368722,0.0007513824955006696,0.07222710091977624,0.9144288312368722,0.33210289334291554,0.23956159864535032
94241.0,0.0376709008776795,0.022500538446088247,0.00015493647441566576,0.9396736242018158,0.9396736242018158,0.2687179740103997,0.19383904425126652
94242.0,0.5791811378919344,0.30120407581786773,0.00011033918854903221,0.11950444710164956,0.5791811378919344,0.9326298712103994,0.672750245090078
94243.0,0.00020574856995022431,0.9990580077611685,0.0007332437898895551,2.9998789899959894e-06,0.9990580077611685,0.008018844989536486,0.0057843739500308
94245.0,0.9806629557407736,0.014495693454600523,3.880734467754725e-06,0.004837470070159061,0.9806629557407736,0.10636089943210889,0.07672317107759663
94247.0,6.323407614712922e-05,0.0008830943577522519,0.0003987708102391159,0.9986549007558624,0.9986549007558624,0.011286800746903318,0.008141705732529633
94248.0,0.919635772156368,0.0012636742751821906,0.06837678336701704,0.010723770201432673,0.919635772156368,0.3175496202481815,0.22906363118411252
94250.0,1.5046221633972525e-05,0.00016689050435927057,4.631878203556305e-06,0.9998134313958038,0.9998134313958038,0.0018621638996980392,0.0013432673117084071
94251.0,0.42218295285682284,0.024618582058481955,4.244303813202405e-05,0.5531560220465641,0.5531560220465641,0.7832081764883763,0.5649652761017343
94253.0,0.0003083107623429938,0.012015587767288848,0.004089458082706863,0.9835866433876616,0.9835866433876616,0.09438728257860099,0.06808603224956646
94255.0,0.01136574588082875,0.3832019327991546,0.00028843961256848864,0.6051438817074493,0.6051438817074493,0.7247590574338667,0.5228031489995995
94258.0,0.3946317151138751,0.32511764066033116,0.0007918610621862031,0.2794587831636073,0.3946317151138751,1.0941582326693857,0.7892683281099777
94259.0,0.9956195379589776,0.004243356559720444,0.00013114912297162553,5.956358331256654e-06,0.9956195379589776,0.02879379382548917,0.020770331780206243
94261.0,0.9999027452311873,6.946262956869426e-10,9.725407323354717e-05,9.5266405911604e-13,0.9999027452311873,0.0009957157071631602,0.0007182570564297692
94262.0,0.9912340725653143,0.002878431779953214,5.686007912259689e-07,0.005886927053942148,0.9912340725653143,0.05580535825155726,0.040255056802276826
94266.0,0.5595764977064924,0.22662903727764722,8.915430300660423e-06,0.213785549585561,0.5595764977064924,0.9912216697256976,0.715015293667471
94267.0,4.3322990256294415e-23,1.357497512006322e-07,0.9999998642502476,7.344403533478722e-23,0.9999998642502476,2.2822863345685763e-06,1.6463215883853674e-06
94270.0,0.8682929658167224,0.014497471306748997,4.991734901286548e-05,0.1171596455275175,0.8682929658167224,0.43571498474035886,0.3143019238629631
94274.0,0.3178448351937928,0.2458833678955298,4.3853582765883004e-05,0.436227943327913,0.436227943327913,1.0715910255201628,0.7729895291895288
94275.0,0.9387158365386679,0.007053393919212384,0.03214503094673003,0.022085738595390814,0.9387158365386679,0.2890184350540832,0.2084827314890074
94276.0,2.450751848051749e-09,0.10006933600416762,0.8996474246176397,0.00028323692744442304,0.8996474246176397,0.32780249948582296,0.2364595201996019
94278.0,0.035876980994533646,0.9596744385934394,0.0044021121868008635,4.646822522640334e-05,0.9596744385934394,0.183235716539718,0.1321766297827935
94279.0,0.06056539233895948,0.7978085909584892,8.856333372055103e-06,0.1416171603691794,0.7978085909584892,0.6269534160604482,0.4522512921094018
94283.0,6.796071451492617e-05,6.0768339768320485e-05,5.886435618178161e-05,0.9998124065895337,0.9998124065895337,0.0020030871835867757,0.001444921973114441
94284.0,0.6175910215752436,0.17983233103771654,0.012943244524186291,0.18963340286285468,0.6175910215752436,0.977741684053725,0.7052915394273663
94285.0,1.472333450935784e-06,0.5250724671026278,0.0008829739383244207,0.47404308662560035,0.5250724671026278,0.6983434995194348,0.5037483517968664
94286.0,0.720346454341743,0.21042795838088793,7.080015754589927e-05,0.06915478711982159,0.720346454341743,0.7496829201611692,0.5407819155778377
94287.0,0.49053251012800164,0.002117146527090932,0.01058765854982169,0.49676268479508406,0.49676268479508406,0.7581350745396671,0.5468788561811811
94290.0,0.003422288636806488,0.0005925964655682464,4.011469005738121e-05,0.9959450002075673,0.9959450002075673,0.028286319559532577,0.02040426647676907
94291.0,0.8059195317237088,0.06088591171523068,7.211842845973363e-06,0.13318734471821483,0.8059195317237088,0.6128899028807713,0.4421066117485036
94293.0,0.16185659817921969,0.6278201076460146,5.580040893678899e-05,0.21026749376582887,0.6278201076460146,0.9154316624412937,0.660344359838397
94295.0,0.10993848157332185,0.018090990116309633,4.3144927025872914e-05,0.871927383383341,0.871927383383341,0.4352437199970009,0.3139619782088689
94298.0,2.8293019207484185e-08,0.4969503204949513,0.5030485961643053,1.0550477228775462e-06,0.5030485961643053,0.6931439296053035,0.49999765493193005
94300.0,0.0033109171530660906,0.2625725718694564,0.00046594667218787054,0.7336505643052902,0.7336505643052902,0.6008289470891462,0.43340647119402437
94301.0,0.4624823019907284,0.4206448680411154,0.11687274740183841,8.256631918807862e-08,0.4624823019907284,0.9717946499637702,0.7010016611325787
94302.0,9.703794665527297e-08,6.762087141998366e-05,0.9962675935939648,0.0036646884966651913,0.9962675935939648,0.024931548963613402,0.017984311025742716
94303.0,0.006289673794590954,0.9920970869288613,0.00023090734549214027,0.0013823319310550064,0.9920970869288613,0.05078774252916545,0.03663561214238625
94304.0,0.7008354471350886,0.07958057557318299,9.886451153659345e-05,0.21948511278019026,0.7008354471350886,0.7843062458128501,0.5657573656862196
94306.0,0.901326242848261,0.09392924405029435,3.065108581883448e-05,0.004713862015626972,0.901326242848261,0.34137157309714516,0.2462475378038578
94314.0,0.3264483287089147,0.618744599485908,0.001190778939141487,0.05361629286603601,0.618744599485908,0.8273834736290832,0.5968310171590814
94319.0,0.1127186200374024,0.8385887838414666,5.873791117696567e-05,0.04863385820995282,0.8385887838414666,0.5412834399289685,0.390453467250421
94320.0,0.19495383124671015,0.7996282939549049,0.0019239912317611757,0.0034938835666244133,0.7996282939549049,0.5293469641194204,0.38184312002235793
94321.0,0.4106400350885572,0.10004155792584628,0.007483574461690715,0.4818348325239049,0.4818348325239049,0.9842439933391652,0.7099819641075819
94322.0,0.055829909783720384,0.07626449006811795,0.0011280296719663324,0.8667775704761936,0.8667775704761936,0.4889464253136447,0.35270029153019056
94323.0,0.0033226152149396716,0.004286149248160119,0.004134153506110863,0.9882570820307883,0.9882570820307883,0.07669571915987748,0.05532426684468395
94324.0,0.3545092622415978,0.47027363467118366,0.00037389666952857735,0.1748432064176901,0.47027363467118366,1.0302806639192592,0.7431904022800521
94325.0,3.9269871231459937e-07,5.3890727681822575e-05,0.001808090438725653,0.9981376261348809,0.9981376261348809,0.013815065019547655,0.009965462896629996
94326.0,0.2540240124292372,0.2330416573747003,3.238240015243585e-05,0.5129019477959086,0.5129019477959086,1.0303141832512561,0.743214581367075
94330.0,0.00034666573184707623,0.9389327161974608,0.0009368408038400733,0.05978377726685279,0.9389327161974608,0.23687019688602176,0.170865729190928
94335.0,0.0003561032936260271,0.9977913523881144,0.00042684100727995476,0.001425703310981231,0.9977913523881144,0.017688433850596694,0.012759507898674161
94336.0,0.01022626576002017,0.00030472364284889805,0.0036184890720344005,0.9858505215250983,0.9858505215250983,0.08372291690174583,0.06039331851145374
94337.0,2.7190668150421866e-08,0.00013942476419359935,0.035609435119588466,0.9642511129255502,0.9642511129255502,0.15510304364545296,0.11188319594703973
94339.0,0.061074208352282416,0.14653697327965795,0.00010327475438183852,0.7922855436136764,0.7922855436136764,0.6375824440527506,0.4599185150963841
94340.0,0.019037001789319788,0.09060737661914497,0.0005286187516284844,0.889827002839906,0.889827002839906,0.4008373086059368,0.289142998664532
94341.0,0.30775740074622043,0.1495098413436597,0.0005262893660411733,0.5422064685440787,0.5422064685440787,0.9826646087696114,0.7088426789645059
94342.0,0.010010281143877593,0.29809018603252013,0.0001327557444249431,0.6917667770791762,0.6917667770791762,0.6629905614531268,0.47824659758230786
94343.0,0.012853850774876448,0.96899958455367,0.01454743768358583,0.003599126987869058,0.96899958455367,0.16827509384778971,0.12138482169966557
94345.0,6.360158523200221e-11,0.5698774119994906,0.4301225816147358,6.322172284892587e-09,0.5698774119994906,0.6833495563365883,0.4929325080602347
94348.0,1.7764492368573213e-07,0.9909926705305986,0.008983714365267128,2.3437459209672718e-05,0.9909926705305986,0.051553606426630365,0.03718806616582051
94350.0,0.9902468280307264,0.007276237403492477,0.0011013192418298885,0.0013756153239524872,0.9902468280307264,0.062092485491153454,0.044790260447278504
94356.0,0.8596925669571688,0.12877855195688598,0.011513303815334454,1.5577270611312113e-05,0.8596925669571688,0.44549179699873065,0.32135440314339075
94359.0,4.552073107381069e-05,0.9072328086526211,2.2841294719262582e-05,0.09269882932158525,0.9072328086526211,0.30949875557018014,0.22325615991120218
94360.0,0.5574764689350166,0.007868725660066576,0.25733421989987404,0.177320585505044,0.5574764689350166,1.0199045185765376,0.7357055955653082
94361.0,0.2661636849831873,0.0027569624404965077,4.335459666019602e-06,0.7310750171166517,0.7310750171166517,0.5976093090422201,0.43108399327214547
94365.0,0.9940063492633923,0.005319724810948902,9.183276772383739e-06,0.0006647426488859434,0.9940063492633923,0.038801346679214574,0.027989255216958157
94372.0,0.564394509352121,0.14504433423241397,0.026049172156120414,0.26451198425934497,0.564394509352121,1.049661644320961,0.7571708244366027
94373.0,0.023578307596500057,0.8499825378003129,0.0008698758245294899,0.12556927877865653,0.8499825378003129,0.4931872837046416,0.3557594242150924
94375.0,0.918593592121007,0.07460782584691024,2.052744715858889e-06,0.006796529287368139,0.918593592121007,0.3055951862557231,0.2204403298653354
94376.0,0.03911814212363271,0.9540492756725502,7.104849784594806e-05,0.0067615337059698305,0.9540492756725502,0.20612965017616278,0.14869111204466345
94377.0,7.920901225852043e-07,0.026808968990806592,0.000990321646652066,0.9721999172724178,0.9721999172724178,0.13129384999628366,0.09470849314442895
94379.0,0.36597676166884563,0.07187713747329828,9.268999747424855e-06,0.5621368318581101,0.5621368318581101,0.8810162725844219,0.6355189037000124
94380.0,1.298300895947255e-05,0.9953286260284807,0.004200351628495229,0.00045803933406376145,0.9953286260284807,0.03131497989980847,0.022588983103495625
94382.0,0.9987495619677891,0.0009289468432519144,1.564203283637011e-05,0.0003058491561216465,0.9987495619677891,0.010383207302455346,0.0074899008418872
94385.0,0.5182117079711169,0.23924278118724837,1.2525984335081178e-05,0.24253298485729843,0.5182117079711169,1.026558748405079,0.7405056077525943
94386.0,3.661017741740558e-07,0.8971861312602044,0.06606924191696516,0.036744260721054564,0.8971861312602044,0.39825115339293216,0.28727748201414655
94387.0,2.045940441507908e-07,0.00017420183112311027,4.289928985225594e-05,0.9997826942849805,0.9997826942849805,0.0021596250876241077,0.0015578402020473467
94388.0,0.5050719247988046,0.0011419588816883929,3.462102932725298e-05,0.4937514952901803,0.5050719247988046,0.7015357494059955,0.5060510733371761
94390.0,5.8787558647296875e-12,8.519751580190025e-05,0.9999147973084762,5.169842500215732e-09,0.9999147973084762,0.0008836444398151737,0.0006374147256152286
94392.0,0.9004336644901019,0.00809404814002428,2.786167563719402e-05,0.09144442569423616,0.9004336644901019,0.35245185991742134,0.2542402752274777
94393.0,2.5325537441890344e-05,5.757744644391447e-05,0.9999166603175201,4.36698590546813e-07,0.9999166603175201,0.000919861945391966,0.0006635401334597319
94398.0,0.0008258374687314712,0.950924588749427,0.01340382768139461,0.0348457461004485,0.950924588749427,0.22848496001876234,0.16481705936839075
94399.0,0.00048515363894319143,0.17699220850688452,0.0006633289142724792,0.8218593089399011,0.8218593089399011,0.4762824464495542,0.3435651617776176
94401.0,0.05394260949870715,0.48254151942895496,0.00026752126292352074,0.46324834980941343,0.48254151942895496,0.8677924630421088,0.6259799414758347
94404.0,0.01188239017601976,0.9803667091480726,0.00022659687953879552,0.007524303796370305,0.9803667091480726,0.11080296992578037,0.07992744761384615
94405.0,0.02309889103855967,2.711301300689001e-05,0.0025855973033414793,0.9742883986450911,0.9742883986450911,0.12810370728043358,0.09240729160648646
94406.0,4.7568003451808193e-07,1.0187032342387827e-05,0.2983385318390193,0.7016508054486028,0.7016508054486028,0.6095808678733906,0.43971964755086557
94407.0,0.17548250440182317,0.17105462774201446,9.963792885933288e-05,0.6533632299273038,0.6533632299273038,0.8864248376014532,0.6394203586642107
94408.0,0.07191133232623693,0.9271550703875475,0.00044997850862095283,0.00048361877759377177,0.9271550703875475,0.2665783228636315,0.19229561220192906
94409.0,0.9955805343820564,3.987420334790195e-05,5.294793179174406e-07,0.004379061935278276,0.9955805343820564,0.028603592329395824,0.020633130402614476
94410.0,1.8576982821152375e-07,0.9900132238183038,0.009944095319309698,4.2495092558744786e-05,0.9900132238183038,0.05621738089108655,0.04055226831166827
94414.0,0.0014682006403458508,0.002546078962307841,0.00010212408211342755,0.9958835963152314,0.9958835963152314,0.02983273800356125,0.021519771586938765
94415.0,0.39786104247509285,0.5602690498704131,4.685839567244285e-05,0.04182304925882306,0.5602690498704131,0.8245011856271571,0.5947518858556852
94416.0,0.00018204449354611554,0.0027993619304883385,0.0028328541461781257,0.9941857394297887,0.9941857394297887,0.04043948041708457,0.02917091892692713
94418.0,7.196030512495122e-09,0.6627485216545791,0.3371282664179973,0.00012320473139448824,0.6627485216545791,0.6402939943829414,0.4618744852036277
94420.0,2.3198561533238548e-09,0.9870281121073051,0.012971812434683703,7.313815659351649e-08,0.9870281121073051,0.06925085546845483,0.04995393288082907
94421.0,0.14880595733896962,0.8278232879868144,0.0005242704058217629,0.02284648426839348,0.8278232879868144,0.5302098357571248,0.38246555033867785
94424.0,6.820377282646301e-07,0.9790082707732491,0.020990746946617365,3.0024240667478735e-07,0.9790082707732491,0.10188543173344866,0.0734948035503387
94425.0,8.266084940975e-05,0.9963346508096812,0.0028710269165875403,0.0007116614243228275,0.9963346508096812,0.026398121510151567,0.01904221949573997
94427.0,7.437223944625935e-05,0.000548386716223551,0.000953229648209147,0.9984240113961201,0.9984240113961201,0.01302967471704929,0.009398923549341659
94428.0,3.29170781560844e-09,0.9641754166425399,0.035674935045407585,0.00014964502034501458,0.9641754166425399,0.155408612836855,0.11210361752558182
94429.0,3.5062492116199615e-06,0.9599385549825473,0.035318470537625664,0.00473946823061549,0.9599385549825473,0.18273890168148446,0.13181825361668675
94430.0,6.88709955971711e-11,1.0249960581966917e-06,0.00016597711009048636,0.9998329978249818,0.9998329978249818,0.001625733824090497,0.0011727190629104054
94432.0,0.013633558577073292,0.4051741778139421,0.00025659173187043456,0.5809356718771154,0.5809356718771154,0.7422455193509989,0.5354169649448697
94433.0,1.2275132523975776e-07,0.9976821681423363,0.0005766765355427673,0.001741032570797347,0.9976821681423363,0.01767934468179154,0.012752951449293662
94434.0,0.9842218001094526,0.00029897803554736473,0.0001095667321323759,0.015369655122866798,0.9842218001094526,0.08325229511960697,0.060053836655840714
94436.0,0.4478053685457939,0.05333859438451297,2.4796464498748758e-05,0.498831240605193,0.498831240605193,0.8632996197859918,0.6227390401332891
94443.0,0.9000760269569884,0.06650759194811459,6.230170358110585e-05,0.03335407939131526,0.9000760269569884,0.3890475815798703,0.28063850830756165
94445.0,0.2174115686474166,0.73066136413848,0.00011112116014090491,0.051815946053961476,0.73066136413848,0.7154372652664164,0.5160788973335104
94446.0,0.08380979920928149,0.19745975137995397,0.00015615483243855427,0.7185742945783264,0.7185742945783264,0.7669524752785728,0.5532392663409561
94448.0,0.0016579705688645166,0.9137614615193185,4.6852783868156445e-05,0.08453371512794908,0.9137614615193185,0.30233929075590793,0.2180916977197174
94450.0,0.00016313808810238984,0.9669301991026008,1.093519767502657e-06,0.03290556928953018,0.9669301991026008,0.1462979322967249,0.10553165070839716
94453.0,0.3700765641918194,0.028589729964542576,2.498466153277314e-05,0.6013087211821037,0.6013087211821037,0.7756195507022445,0.5594912397073271
94457.0,0.9796537596105517,0.001492402225994682,0.00014295116389597402,0.018710886999558952,0.9796537596105517,0.10555906149286431,0.07614476726832424
94459.0,7.811789076715686e-10,0.0002608184473977013,0.0004462284206089915,0.9992929523508134,0.9992929523508134,0.006301515229507383,0.00454558238584829
94460.0,0.39627932525971293,0.017980728456988462,8.873520192868032e-05,0.585651211081371,0.585651211081371,0.7532344961337614,0.5433438360993373
94463.0,8.644823234488293e-05,3.9010939205164935e-05,2.7094453300595013e-06,0.9998718313831199,0.9998718313831199,0.0013677248896116537,0.000986604957771569
94464.0,1.1479518929777988e-05,0.0002498840771117582,0.9997385455674873,9.083647202558638e-08,0.9997385455674873,0.0024661388361136567,0.0017789431345024264
94465.0,0.0004561999242271711,0.9956790621552213,0.003743524846760025,0.00012121307379296068,0.9956790621552213,0.029831835243637,0.02151912038330585
94469.0,5.556464019767153e-06,1.5943817579606452e-06,2.0669862265249396e-07,0.999992642455601,0.999992642455601,9.90587275562573e-05,7.145576750109167e-05
94470.0,0.0008100036307826473,0.9940588163235182,0.005125260423700465,5.919621999272252e-06,0.9940588163235182,0.03878918352432835,0.027980481355340196
94471.0,6.937035547714928e-09,0.9985672980460387,0.0014313970341579166,1.297982767562793e-06,0.9985672980460387,0.010823767797844639,0.007807698062842059
94473.0,0.019044755894629596,0.9757775500716256,0.00016853848763565926,0.00500915554610782,0.9757775500716256,0.12735752417686083,0.0918690342749267
94474.0,5.268385302788626e-05,0.9859699766812038,0.013971833699767735,5.505766002073986e-06,0.9859699766812038,0.07418648732358496,0.053514238681353986
94478.0,0.9953482023318394,0.0032841414278260224,8.667635964907835e-06,0.0013589886043687254,0.9953482023318394,0.032493549437712606,0.023439141317334173
94479.0,0.027771613073945784,0.09771229617113183,0.0013357971132766995,0.8731802936416462,0.8731802936416462,0.4540338781120207,0.32751621217389815
94481.0,0.0374484016492307,0.028706448746101298,0.0002734422887832172,0.9335717073158847,0.9335717073158847,0.2913510840221442,0.21016538203818558
94483.0,0.003994354704926711,0.8640792357706666,0.1319201056093923,6.3039150161279555e-06,0.8640792357706666,0.4155817630355883,0.2997788743076678
94486.0,0.28145632166535206,0.470888422271029,0.0034441987213950282,0.24421105734222417,0.470888422271029,1.0752683450163198,0.7756421544899638
94487.0,0.7839323679136312,0.19865920724885583,0.0011800505100393092,0.016228374327473035,0.7839323679136312,0.5867337546370792,0.42323893906853804
94488.0,0.8810408575957558,0.012110537027208488,1.24153369853614e-06,0.10684736384333798,0.8810408575957558,0.4040023879054489,0.29142612076924523
94490.0,0.9000163501551977,0.09756685922597148,3.880474005070361e-05,0.0023779858787787494,0.9000163501551977,0.3366298725058709,0.242827123839652
94493.0,0.17200616917099,0.19246739340507318,5.3141109845197925e-05,0.63547329631409,0.63547329631409,0.9085600468690282,0.6553875369838956
94497.0,0.04135768100265246,0.06974099779416881,0.03400970010039766,0.8548916211027809,0.8548916211027809,0.5664836661886954,0.4086315879775149
94499.0,0.0002960986812748786,0.5117178824992172,0.4879854151188968,6.037006104428737e-07,0.5117178824992172,0.6953708483871786,0.5016040372734669
94500.0,4.72709616789238e-06,0.7943698344670402,0.20561047356029644,1.4964876494722003e-05,0.7943698344670402,0.508321884478907,0.36667673095652586
94501.0,0.02077640977468745,0.04957095985563671,3.966036245635094e-05,0.9296129700072194,0.9296129700072194,0.29766659341765805,0.21472105908098332
94503.0,0.8022011557515272,0.19430967915257955,0.0021429350863577234,0.0013462300095339029,0.8022011557515272,0.5172085495514773,0.37308710477164503
94504.0,0.596572685308656,0.15628529888713907,0.0004524795339709738,0.2466895362702335,0.596572685308656,0.9469961057326646,0.6831132927408379
94506.0,0.13583483699071358,0.31519938611311055,0.0006183500686628097,0.5483474268275121,0.5483474268275121,0.9691237303373746,0.6990749998827718
94507.0,0.00014475254409292756,0.001647875390964431,2.8804165763042643e-05,0.9981785678991789,0.9981785678991789,0.013960630139408011,0.010070465934904469
94508.0,0.3600172567783244,0.0007432958411049089,5.064233763100798e-07,0.6392389409571936,0.6392389409571936,0.6592018773531912,0.47551363970107186
94509.0,0.0003007991502341807,0.9766988554592049,0.02290000741874627,0.00010033797181327728,0.9766988554592049,0.11287512969124242,0.08142219492262702
94510.0,0.01029383813455817,0.5192451256668984,9.050055841917957e-05,0.4703705356401243,0.5192451256668984,0.7430214897773826,0.5359767092878798
94512.0,0.004863889054840212,6.844646159951308e-05,0.9346823217928533,0.06038534269070804,0.9346823217928533,0.25919968089232587,0.18697304711168017
94515.0,3.2299765411000625e-09,0.007413163247547614,0.0004897750906272719,0.9920970584318483,0.9920970584318483,0.04796239084477629,0.03459755171046849
94519.0,0.1830245838269167,0.4829995608835758,0.001639908039206412,0.33233594725029963,0.4829995608835758,1.0389194572168245,0.7494219744048832
94523.0,0.25544697821598006,0.6050852527785011,3.921793807612109e-05,0.1394285510674413,0.6050852527785011,0.9277055919650188,0.6691981284664464
94528.0,4.842094528547814e-19,3.4819997982701383e-13,0.00020215633863717605,0.999797843661015,0.999797843661015,0.0019217725835072696,0.0013862658879711545
94530.0,0.998846042030338,4.327957888781595e-05,2.7287731083217655e-07,0.0011104055134636527,0.998846042030338,0.009146404097695104,0.006597735916855611
94531.0,0.7104270563835741,0.04310130701638288,4.674458754762771e-06,0.24646696214128705,0.7104270563835741,0.7236474971217075,0.522001327724599
94532.0,0.17587815653892463,0.44673951743030244,2.375224468034431e-05,0.377358573786094,0.44673951743030244,1.0336547195200294,0.7456242689215095
94534.0,0.000341952910498158,0.998131443113401,0.0008520042732744626,0.0006745997028263927,0.998131443113401,0.01554329411805836,0.011212116671600696
94539.0,0.6767163516086542,0.04213290833054927,4.261361283609412e-06,0.28114647869951154,0.6767163516086542,0.7544853147618802,0.5442461110152566
94541.0,0.8727446039062724,0.12054628608044297,1.754012333864584e-05,0.006691569889947635,0.8727446039062724,0.40752980517820775,0.2939706144725229
94547.0,0.17155364016564112,0.8223178958576031,0.005420516001644149,0.0007079479751109684,0.8223178958576031,0.4967102543211175,0.358300710333886
94549.0,3.3396365046113922e-06,0.9095110980321927,0.09048556205323209,2.7807079354288483e-10,0.9095110980321927,0.30370494026734574,0.21907680560858928
94552.0,0.12574648791229964,0.5579273731580371,0.0024491883688157945,0.31387695056084586,0.5579273731580371,0.9647299213005065,0.6959055366287203
94553.0,0.4223671246102231,0.31350685245490484,0.0011291558937449979,0.26299686704112746,0.4223671246102231,1.0866020643716643,0.7838177048443552
94554.0,0.010875407643619942,0.9514739627265514,0.005257574513522528,0.03239305511630552,0.9514739627265514,0.23519384311894975,0.16965649555766282
94557.0,0.027054470742367373,0.036071044896354376,2.193768525051777e-05,0.9368525466760282,0.9368525466760282,0.2788472185291422,0.20114574966883725
94558.0,0.9860042461501688,0.013270308287843693,3.156476124466355e-05,0.0006938808007442214,0.9860042461501688,0.07662848876127619,0.05527577036335442
94559.0,4.949533538041307e-06,0.2763223278165392,0.0010993184446263344,0.7225734042052963,0.7225734042052963,0.5977427490465435,0.4311802498883922
94560.0,0.00035747395316991927,0.00251903763012783,0.004033557274892011,0.993089931141811,0.993089931141811,0.04703425854069694,0.033928045774276425
94564.0,5.721217863883693e-06,0.6581627797660948,0.34183149676393393,2.252108174832717e-09,0.6581627797660948,0.6423152683592661,0.4633325261745885
94565.0,0.0029106756848389583,0.744465975591728,0.03839627902070924,0.21422706970272454,0.744465975591728,0.691907235658747,0.4991055688200328
94568.0,0.9390302333824898,0.05473576113792692,0.00014990719694016813,0.006084098282644565,0.9390302333824898,0.25045409836000815,0.18066444283715022
94569.0,0.9781597076460313,0.0034648352623553435,4.611872915570635e-06,0.01837084521869695,0.9781597076460313,0.11471339885720061,0.0827482258274005
94570.0,9.92607846893074e-12,0.10753943345455022,0.8924605593962991,7.139224009333691e-09,0.8924605593962991,0.34133994414517244,0.24622472233777803
94571.0,0.00047883429963875714,0.9904617002880645,0.008594066626940724,0.0004653987853557883,0.9904617002880645,0.057603027691234134,0.04155180119516656
94575.0,2.7781842869722154e-06,0.9654820808823259,0.03451513942321661,1.5101711119074896e-09,0.9654820808823259,0.15014106334452176,0.10830388376046864
94576.0,0.011312860677120957,0.04384954217125327,0.0002672708416707935,0.9445703263099553,0.9445703263099553,0.24388242829459836,0.17592398493028763
94577.0,0.30832741710737693,0.6746774967462298,0.016054399779725455,0.0009406863666691649,0.6746774967462298,0.7011639767605402,0.5057828960612079
94578.0,0.01743218440506725,0.9432755396262648,0.0006590546888388384,0.03863322127982873,0.9432755396262648,0.25620092875829237,0.1848099046953675
94579.0,0.7048047783671328,0.24347113316149657,3.728428592583983e-05,0.05168680418544302,0.7048047783671328,0.7440355661676334,0.5367082107775285
94583.0,4.365093883455164e-07,0.9628715043884354,0.03712805645928695,2.6428888915319823e-09,0.9628715043884354,0.15871387132503856,0.11448785754046109
94586.0,0.5880651653124078,0.39844697735216117,0.013367091028760044,0.00012076630666986085,0.5880651653124078,0.7376253387373854,0.5320842091152339
94589.0,0.048806210377911,0.8115537252105148,0.00010648784295088604,0.13953357656862453,0.8115537252105148,0.5926244863661496,0.4274882037949066
94590.0,0.00041084830254555004,0.9368290385667236,0.000351792837488644,0.062408320293242905,0.9368290385667236,0.24025762267229067,0.17330924038254278
94595.0,0.932993991580189,0.04416058771809903,0.00028090225931466835,0.0225645184423983,0.932993991580189,0.29033449506890896,0.2094320681174581
94596.0,0.7539185634213004,0.23267662631624675,7.727670831922136e-05,0.01332753355413224,0.7539185634213004,0.6105061092119172,0.4403870680962244
94605.0,0.011870579424990558,0.903510964376484,0.07408478161201325,0.010533674586513437,0.903510964376484,0.38507775799811605,0.2777748859102612
94606.0,0.11984883390466938,0.06609433945013903,0.8111753264784395,0.0028815001667529512,0.8111753264784395,0.6204295330512344,0.44754530527703557
94607.0,0.8731866236340797,0.11790491224595342,0.002029510900483357,0.006878953219483794,0.8731866236340797,0.41731068125817794,0.30102602518058413
94608.0,0.9998171307848028,0.0001305631111229216,4.2031165779857904e-05,1.0274938293292364e-05,0.9998171307848028,0.0018921319044426668,0.0013648846576236127
94609.0,0.41825538727566586,0.45460864029732706,0.0021922515340674063,0.12494372089293955,0.45460864029732706,0.9962463136542785,0.7186398081064692
94615.0,0.03383507001470392,0.15532048122036732,4.902725635824287e-05,0.8107954215085704,0.8107954215085704,0.5743644427017119,0.4143163665743565
94616.0,0.014800573329832239,0.4316390724734847,0.00039708580433579294,0.5531632683923471,0.5531632683923471,0.7556432467969574,0.5450813824176027
94618.0,0.022300747078385124,0.21794232578477757,0.002242585151316785,0.7575143419855215,0.7575143419855215,0.6409047821812642,0.4623150754674656
94619.0,9.667167843772163e-05,0.9894798278991069,0.010136005493567366,0.00028749492888759505,0.9894798278991069,0.06024371691549133,0.043456655819348954
94623.0,0.985856551984421,0.012002474812913376,0.00038030404037603415,0.0017606691622896005,0.985856551984421,0.08128659977631726,0.05863588719400942
94624.0,0.0018049913474530927,0.024629022275633433,0.0009990445206250031,0.972566941856289,0.972566941856289,0.13657958917346685,0.09852134799360629
94625.0,0.03473945838129096,0.9301694116399177,0.0016552520285183982,0.03343587795027473,0.9301694116399177,0.308273216658103,0.22237212045576707
94627.0,0.0002847794956553571,0.6677137316827598,0.0028736158446127976,0.3291278729769706,0.6677137316827598,0.6545912892639727,0.4721878034151232
94631.0,0.9769547353955242,0.00021781735580481522,9.679903338027557e-08,0.02282735044963945,0.9769547353955242,0.11089855146486263,0.0799963951200634
94632.0,6.73752246130317e-05,0.9680917998047567,0.03092612620077228,0.0009146987698580166,0.9680917998047567,0.1459448315904567,0.10527694238946342
94633.0,0.9984735373839582,0.0004383891092031813,8.872065114412801e-05,0.0009993528556940822,0.9984735373839582,0.012646795693797295,0.009122734715288627
94634.0,0.0370311664532842,0.951888812221498,0.010163735909116295,0.0009162854161018329,0.951888812221498,0.2220396264165881,0.16016773395602485
94640.0,0.026431381377986733,0.018779279615125655,9.148361204411338e-06,0.9547801906456849,0.9547801906456849,0.21496600316675749,0.15506519336420113
94641.0,0.17706507383539075,0.05087064266464318,0.7720525082312243,1.1775268741648592e-05,0.7720525082312243,0.6579241487578503,0.4745919533470217
94642.0,0.027115057689983145,0.33648634902763275,0.00023500022933901083,0.6361635930530436,0.6361635930530436,0.7540223667600932,0.5439121646220728
94644.0,0.9883341842645514,0.00015682819144101283,1.033712313770603e-05,0.01149865042086858,0.9883341842645514,0.06443756097918613,0.046481874835826005
94649.0,0.0004052902429932138,0.9923236810461714,0.0004696465828753749,0.006801382127960763,0.9923236810461714,0.04835479333187262,0.034880610271551676
94650.0,1.6815627274144012e-05,0.9996350889036397,0.00032227494891344576,2.5820520172953275e-05,0.9996350889036397,0.003413603463325997,0.002462394394050903
94651.0,0.008817345143397437,0.022882303862708873,0.0002060212578202844,0.9680943297360733,0.9680943297360733,0.1612903770799546,0.11634641357818072
94652.0,0.9986406398219311,0.00017787056132205698,0.0011811198932736387,3.6972347337697027e-07,0.9986406398219311,0.010862001240655124,0.007835277662011458
94654.0,0.2794286941902918,0.7131663296189586,0.0012217351658269592,0.006183241024921811,0.7131663296189586,0.6369952283732023,0.4594949285219759
94660.0,0.2590407876722273,0.7103718872772616,0.025615012870140726,0.004972312180371268,0.7103718872772616,0.7130686393359756,0.5143702948917265
94663.0,0.9792576754264007,0.006608418880485308,2.6616078031681666e-06,0.014131244085311473,0.9792576754264007,0.11392039026418017,0.08217619104513404
94664.0,0.09805794558790842,0.8731050324613215,0.008355925023386373,0.02048109692738358,0.8731050324613215,0.4658066667098651,0.3360084840376703
94666.0,0.07646929825699755,0.3604430511994604,0.004097850822004255,0.5589897997215384,0.5589897997215384,0.9120450824458975,0.6579014587559311
94669.0,0.8768650770641532,0.010155095452936967,2.4163771783708376e-05,0.11295566371112686,0.8768650770641532,0.40841766025865744,0.2946110665333193
94670.0,0.041380349432463305,0.9525522594204702,0.0058383549345724555,0.00022903621249502695,0.9525522594204702,0.2100463120159476,0.15151638635121173
94672.0,0.00011161781286152497,0.16698198258637473,0.0006755782497792386,0.8322308213509835,0.8322308213509835,0.45765878761696294,0.3301310316571239
94673.0,0.8871116661456832,0.0005414168601727263,3.3454451623571518e-06,0.11234357154898018,0.8871116661456832,0.35598128488510794,0.2567862171765133
94676.0,0.00018280987451542894,0.9986148460988332,0.0009929800170868765,0.00020936400956421018,0.9986148460988332,0.011597522479243328,0.008365844083701312
94677.0,0.07810711711595804,0.008263753830658367,1.1373118168100236e-05,0.9136177559352154,0.9136177559352154,0.32144808295572985,0.2318757775917478
94678.0,0.9814665600436631,0.018303486761006394,1.1989019623522405e-05,0.00021796417570726435,0.9814665600436631,0.0935602689232839,0.06748946799992973
94679.0,0.9449403345059634,0.052576551099392646,0.0016083404880294456,0.0008747739066140063,0.9449403345059634,0.22488421034211126,0.16221966751739722
94681.0,4.730524850498841e-06,0.11062350564634027,0.006309515438324096,0.883062248390485,0.883062248390485,0.3853885664516479,0.2779990868175496
94684.0,0.8719745246276411,0.004543217483448688,0.00017994790207199744,0.12330230998683694,0.8719745246276411,0.40360058781758257,0.29113628327214847
94685.0,0.0016566389578806615,0.0017502055924958721,2.317970084644018e-05,0.9965699757487755,0.9965699757487755,0.025389258157423423,0.018314478417782217
94686.0,0.02941599489549678,0.004014578221441857,0.0004643593489459193,0.9661050675341173,0.9661050675341173,0.1627566907387796,0.11740413530016801
94687.0,0.9724062894916652,0.012371267031903313,4.396085395996007e-06,0.015218047391034214,0.9724062894916652,0.1452946538135012,0.10480793826220845
94688.0,0.3770113539715381,0.5578712841402753,0.0004466861949914421,0.06467067569319428,0.5578712841402753,0.8738986071515747,0.6303845933886747
94689.0,0.17763634569393713,0.18858132144647316,1.3012466392096791e-05,0.6337693203931963,0.6337693203931963,0.91074455798084,0.6569633286577844
94695.0,0.012801986253556453,0.8426390815159118,1.487301364701892e-05,0.14454405921688362,0.8426390815159118,0.47980503720361445,0.3461061738835996
94696.0,0.9009997206947881,0.011960547206694873,3.6150852726931028e-06,0.0870361170132455,0.9009997206947881,0.35940666624250794,0.2592571075252505
94697.0,0.9943663738416301,0.002843067521290742,2.9205045565457207e-06,0.0027876381325222742,0.9943663738416301,0.038721935911882624,0.027931972456846664
94698.0,0.01563363105467687,0.9614856480105887,0.0005791010691842628,0.022301619865550036,0.9614856480105887,0.191904614445942,0.13842991779243455
94704.0,5.356005936744814e-09,0.9950225362211851,0.004977265764085531,1.926587246379561e-07,0.9950225362211851,0.03136195267155845,0.02262286679592588
94705.0,0.034626400946910926,0.9130150296744353,0.016350907837578973,0.03600766154107651,0.9130150296744353,0.3864897572630467,0.27879342807888835
94706.0,0.6748915616489644,0.30595576373379546,0.000291864650399088,0.01886080996684126,0.6748915616489644,0.7049830649243911,0.5085377858385606
94708.0,0.4238715033087022,0.2911853409253798,0.00026920978765103203,0.2846739459782661,0.4238715033087022,1.0829629145405066,0.7811926131371236
94710.0,0.5957318988742222,0.3920450800052351,0.00598550421448573,0.006237516906056999,0.5957318988742222,0.7379758117980479,0.5323370219885254
94711.0,0.00014028315465704804,0.7287208887408457,0.0010339699018443466,0.2701048582026541,0.7287208887408457,0.5925191371871692,0.4274122104258682
94713.0,0.3449470413716748,0.48763432695076764,0.0003673467078331029,0.16705128496972454,0.48763432695076764,1.0191992686109153,0.735196865251313
94716.0,0.15898427295805584,0.8350501470409094,0.005470906227793309,0.0004946737732398204,0.8350501470409094,0.47515263559089194,0.3427501755161503
94719.0,0.443235888273244,0.008904684205669897,0.00023148239661241644,0.5476279451244749,0.5476279451244749,0.7343778051399565,0.5297416088071685
94720.0,0.00022659879378155126,0.0006813122678445467,0.8746109854686478,0.12448110346972759,0.8746109854686478,0.3834154198789116,0.2765757624298327
94721.0,2.454244466899078e-07,0.0012987787876198875,0.00030653659145412325,0.9983944391964802,0.9983944391964802,0.012720054338020158,0.009175579656649915
94725.0,0.019161520346444548,0.9544027851910247,0.0008204218981853699,0.025615272564345034,0.9544027851910247,0.2200209875909725,0.1587115938444941
94726.0,0.5171549735666406,0.4458736953222916,5.5919585590873994e-05,0.03691541152547758,0.5171549735666406,0.8234956017404831,0.5940265104124339
94729.0,3.9834804547539523e-05,0.7903453758928329,0.2095371375174463,7.76517851735824e-05,0.7903453758928329,0.5145710162682987,0.3711845266777343
94730.0,0.9272951927543975,0.0345087968249438,4.283686044580233e-06,0.03819172673461374,0.9272951927543975,0.3109247494439189,0.22428479705619264
94731.0,1.9675053507517892e-08,0.02023671506851041,0.9797632648474229,4.090148698244006e-10,0.9797632648474229,0.09895931946849193,0.07138405972346998
94736.0,0.9375192371105419,0.026816997819418657,0.00023151791114514882,0.035432247158893135,0.9375192371105419,0.27781647482604793,0.20040222525439647
94740.0,0.02118278751774199,0.9288342486241661,0.0005013498379092967,0.04948161402018138,0.9288342486241661,0.3027803421008389,0.21840984901377203
94744.0,0.3713926122842474,0.3387353562832888,0.00021639465111328253,0.2896556367813489,0.3713926122842474,1.0952834527527004,0.7900800028270312
94747.0,0.00020591945551989653,0.9975728788371112,0.002217088734629089,4.112972738480024e-06,0.9975728788371112,0.017772900919797666,0.012820438009601495
94748.0,1.6296234321304081e-18,1.3628502392438049e-09,0.9999999986371506,7.461263732839048e-19,0.9999999986371506,2.9183720335407145e-08,2.1051604301291143e-08
94750.0,0.000542219513580768,0.029445463537574247,0.9700123134920544,3.456790772006558e-09,0.9700123134920544,0.13741256600319532,0.09912221376431864
94752.0,0.023868169768599696,0.960371937448268,0.0011058273589495187,0.01465406542418183,0.960371937448268,0.19739711624593043,0.14239192034689305
94753.0,0.1554981437639725,0.7432518458138563,2.9146664003134518e-05,0.10122086375816972,0.7432518458138563,0.7420846212770388,0.5353009015181742
94754.0,6.886859746863519e-07,0.9974678121513788,0.0013163635661761655,0.0012151355964720636,0.9974678121513788,0.019427118316925944,0.014013703627296103
94755.0,1.9039592415909915e-07,0.985831629163934,0.013811294624156223,0.00035688581598649504,0.985831629163934,0.0760471345485213,0.05485641194348372
94760.0,0.001521191959368265,0.9818125030185334,0.01665997737677756,6.327645320776784e-06,0.9818125030185334,0.09618510443989513,0.06938288659141185
94761.0,0.005147099848465129,0.5774298311810055,1.0023797188413608e-05,0.4174130451733417,0.5774298311810055,0.7090283168715267,0.5114558183002
94763.0,0.9978697729192696,0.0006252379570150729,0.0010434527953843019,0.00046153632833196813,0.9978697729192696,0.017449143875033414,0.01258689666813437
94764.0,0.00275737814473177,0.0036139767621414048,0.0014610480503046831,0.9921675970428234,0.9921675970428234,0.053911986634894854,0.03888927788131744
94765.0,0.0011723219063854808,6.070398996130635e-08,0.9928528424761427,0.005974774913484879,0.9928528424761427,0.04562638936337357,0.032912482834104
94766.0,0.8227384255092991,0.026971446301817102,0.00022861075492338004,0.15006151743395982,0.8227384255092991,0.5445171515726184,0.3927860971264003
94767.0,5.680072952002521e-07,0.02360880489044129,0.3442928482785882,0.6320977788236743,0.6320977788236743,0.7455068873536156,0.5377695446668141
94768.0,0.5490089655285879,0.3613015775426431,0.0001424321062780281,0.08954702482249162,0.5490089655285879,0.9143659633516314,0.6595756204425292
94771.0,0.9864799561198593,0.013319800789606297,3.6050278183031795e-05,0.0001641928123525161,0.9864799561198593,0.0727495096723272,0.05247767841568506
94773.0,0.7207580969051232,0.13807220733113718,4.89047341003619e-05,0.14112079102963773,0.7207580969051232,0.7862130174456479,0.5671328106755922
94775.0,0.773722381938543,0.0018796012583712513,2.1661864822359334e-06,0.22439585061660325,0.773722381938543,0.5456428429219521,0.39359811179002796
94777.0,1.0640234702878454e-12,0.9974059598451287,0.0025940401198967667,3.390988517495266e-11,0.9974059598451287,0.01803698591926645,0.013010935069154884
94779.0,0.0015602723211808223,0.884969168522913,0.017329969123691957,0.0961405900322158,0.884969168522913,0.41366367857034336,0.2983952688346603
94780.0,0.6916392080995464,0.2757493869870269,0.007125864259994476,0.025485540653433145,0.6916392080995464,0.7389920342346605,0.5330700715233959
94783.0,0.6358656867350929,0.004153063749329812,6.407675514926055e-05,0.3599171727604261,0.6358656867350929,0.6790859442064228,0.48985696202200274
94785.0,0.999673854258626,0.00025839816042722057,5.534879063092899e-05,1.2398790315712312e-05,0.999673854258626,0.003143323353553312,0.0022674285070409146
94786.0,0.21478665453726248,0.08373023089332401,5.346504935188437e-05,0.7014296495200626,0.7014296495200626,0.7873066583068657,0.5679217057990884
94788.0,0.9926598707882174,0.0032799969938005586,1.7765639998070716e-07,0.0040599545615821854,0.9926598707882174,0.0484336611847853,0.034937501401693015
94792.0,1.9482618229937956e-137,7.083853943824784e-61,1.0,2.041026392998195e-133,1.0,1.067249536536822e-13,7.698578068763589e-14
94793.0,0.017554992684928026,0.32264544990229216,0.0001396018239826903,0.6596599555887983,0.6596599555887983,0.7116195927910243,0.5133250287595171
94795.0,0.9990100816723201,0.0006783187646887256,9.86892845750566e-07,0.0003106126701451858,0.9990100816723201,0.008460824236468368,0.006103194583893032
94797.0,0.002663881219815904,0.9966719536352115,0.00028264973198166977,0.0003815154129918876,0.9966719536352115,0.024426574439992202,0.01762004890524093
94801.0,0.006741083063251494,0.7768604647314423,0.00034864068741396207,0.21604981151789093,0.7768604647314423,0.563672507827476,0.40660376586407254
94802.0,0.9017211343470521,0.053966286372566695,0.0004598881542158599,0.043852691126165154,0.9017211343470521,0.3914898164595762,0.28240020838238056
94812.0,0.11340299244106102,0.06560257124982583,0.0008207750008123906,0.8201736613083007,0.8201736613083007,0.5939894726776048,0.42847283328611546
94813.0,0.0020846367963641764,0.9944034153064155,0.0010189853975657197,0.002492962499654705,0.9944034153064155,0.04041295361853931,0.029151783886571178
94819.0,0.9954685918718124,0.00227494143257428,1.4330800203128648e-06,0.0022550336155945728,0.9954685918718124,0.03212875583010852,0.023175998353014968
94826.0,0.011393489810134223,0.9861375623675626,0.0014057495684208629,0.0010631982538833102,0.9861375623675626,0.0812594815202453,0.058616325507233134
94829.0,8.822205936745656e-08,0.9939758556099144,0.005974054604226549,5.0001563801389775e-05,0.9939758556099144,0.03709171155387833,0.026756014158432068
94831.0,1.1893071879713249e-09,0.3214840945438376,0.6785159041753054,9.154991581851594e-11,0.6785159041753054,0.6279830966847555,0.4529940496745956
94832.0,0.9960951646535209,0.0003934330422775305,0.003507126360557628,4.2759436433438615e-06,0.9960951646535209,0.02686045288135192,0.01937572108397904
94834.0,2.3305256900891487e-13,0.00043365586522165975,0.9995663427379645,1.3965840343080506e-09,0.9995663427379645,0.003791501502026003,0.0027349902072479853
94835.0,0.16295918367510595,0.25854010832967816,0.0001844561457616276,0.578316251849454,0.578316251849454,0.9636698025245926,0.6951408225783382
94836.0,0.7854789025920419,0.11729247008931956,3.513821529205948e-05,0.0971934891033464,0.7854789025920419,0.66795417505023,0.4818270879430227
94844.0,0.9999117623713777,4.489910763459264e-05,3.290950490238508e-05,1.0429016083683218e-05,0.9999117623713777,0.0009970369069328584,0.0007192101006076529
94847.0,1.9325617827740672e-23,1.2266485566199918e-07,0.9999998773351426,2.3213856444047154e-20,0.9999998773351426,2.074730120074896e-06,1.4966014277075082e-06
94848.0,0.028407479568003116,0.06519889295659101,0.00011274131791263038,0.9062808861574947,0.9062808861574947,0.36938366148048174,0.26645398830164935
94850.0,2.31563058244019e-05,2.8177906096633865e-08,0.7280675136753826,0.27190930184088813,0.7280675136753826,0.5854121105887621,0.42228557441137426
94852.0,0.02141892276982676,0.2099079942211511,4.537024136560879e-05,0.768627712767656,0.768627712767656,0.6127246328853129,0.44198739464707576
94854.0,0.03407896218223195,0.27362807918705645,1.2423449939023664e-06,0.6922917162857175,0.6922917162857175,0.7243790739672401,0.5225290488681384
94855.0,6.60364606971462e-11,8.013218888435638e-18,0.9999999999339622,1.005835153561907e-27,0.9999999999339622,1.614055984017188e-09,1.1642952819293765e-09
94856.0,0.9876111888916308,3.947431650231713e-05,0.012349336784763132,7.103376430160021e-12,0.9876111888916308,0.06697688941695891,0.04831361310800756
94857.0,3.71764873067411e-07,0.0021039088992797013,0.0012788822858911639,0.9966168370499572,0.9966168370499572,0.02487096236500464,0.01794060703306412
94858.0,0.01300817102967338,0.6739492675217613,0.05924110496504775,0.2538014564835176,0.6739492675217613,0.8378614168235714,0.6043892555017836
94860.0,0.003863191905025866,0.050175203611666795,1.9547695084909926e-05,0.945942056788224,0.945942056788224,0.22438256842123136,0.1618578093616195
94861.0,1.7537982741081903e-05,0.3051134351138202,0.045872375199601016,0.6489966517038395,0.6489966517038395,0.7843365292937783,0.5657792106000976
94862.0,0.9739642656836768,0.02529169598513368,0.0001837655040865135,0.0005602728271023949,0.9739642656836768,0.12447398534407965,0.0897890006877946
94863.0,1.8610723036650056e-05,0.9931043393484003,0.006746632713957149,0.0001304172146061601,0.9931043393484003,0.04196555900610013,0.030271751933116917
94867.0,0.123774249595489,0.33868036822345055,4.7230931087546256e-05,0.5374981512499738,0.5374981512499738,0.9594551549153627,0.692100596975873
94868.0,2.956367757982436e-07,0.9867181773858804,0.004969384141748615,0.008312142835593832,0.9867181773858804,0.07937304569174057,0.057255549699863614
94872.0,0.0611258980857942,0.9380408522050575,0.00016792332045930815,0.0006653263886881931,0.9380408522050575,0.2371612290471254,0.1710756645187097
94877.0,0.025644748145870325,0.6360197786299131,0.00012568241834295837,0.3382097908058745,0.6360197786299131,0.7495409622515059,0.5406795145916946
94878.0,0.30166067945472474,0.22823780890817144,0.00040645243531001456,0.4696950592017947,0.4696950592017947,1.056825850708718,0.7623387069503638
94879.0,0.4865172566384064,0.14906176853426883,6.776382841084393e-06,0.3644141984444852,0.4865172566384064,1.002194440711553,0.722930474810523
94882.0,0.9905618140100899,0.0009834909970866277,0.0006540537468304503,0.007800641245992726,0.9905618140100899,0.05886012181713148,0.04245860292584794
94883.0,0.023780220018233957,0.9662356418878512,0.00024633803601628525,0.009737800057899289,0.9662356418878512,0.16924944131677255,0.1220876648304677
94885.0,4.6385638722609875e-05,0.9463200438323603,0.05358909170386178,4.4478825055165304e-05,0.9463200438323603,0.20994489229903696,0.15144322748989408
94889.0,0.0024749047874551467,0.021726845216562707,0.00041054274596413396,0.9753877072500181,0.9753877072500181,0.12555817309685743,0.09057107683495715
94890.0,0.9815239064919976,0.018159055887128905,0.0002425426963807105,7.449492449435344e-05,0.9815239064919976,0.0938235487543423,0.06767938425324677
94891.0,0.4018371750772279,0.3761733730645925,0.0003379536843821824,0.2216514981737976,0.4018371750772279,1.070797061305508,0.7724168050719659
94892.0,0.6882892469775221,0.08534265385812705,8.000847893147046e-05,0.22628809068542086,0.6882892469775221,0.8041496615772207,0.5800713644449973
94894.0,0.0034781612777085432,0.04931441956706843,0.0004931085627793846,0.9467143105924437,0.9467143105924437,0.22369941308943964,0.16136501695695313
94896.0,0.02978538472946962,0.0005120975986378485,0.0003074065469975163,0.9693951111248958,0.9693951111248958,0.14115599107727758,0.10182252415947757
94898.0,2.309778093695428e-08,0.41086147525664496,0.038259985502524275,0.5508785161430495,0.5508785161430495,0.8187734378056961,0.5906201891669429
94899.0,0.8931096691770143,0.0020045135990015093,0.00019440257492586046,0.1046914146490583,0.8931096691770143,0.35133752389796946,0.25343645170290413
94906.0,2.9965388493562327e-05,0.0006271653650953595,0.0018331856190566902,0.9975096836273537,0.9975096836273537,0.01897640814421657,0.013688584961773092
94907.0,3.5716119045456755e-05,0.9928725322149248,0.006984342234187038,0.0001074094318443184,0.9928725322149248,0.04312020138983329,0.031104650353622938
94908.0,1.1285575730138239e-05,0.9745345433704923,0.021444165609345086,0.004010005444432077,0.9745345433704923,0.12979303423795285,0.09362588341851301
94909.0,0.002633124811748776,0.8527094350537167,5.228203557820758e-05,0.14460515809895513,0.8527094350537167,0.4316527613837814,0.3113716491172042
94916.0,0.0036688699815039935,0.002135194416252537,1.4038025758206083e-05,0.994181897576485,0.994181897576485,0.03966228560113421,0.028610291373539033
94918.0,0.79597423760422,0.1596756811646566,0.043457939132881845,0.0008921420982399165,0.79597423760422,0.6171217708119087,0.44515925918747806
94920.0,4.351214549240854e-05,0.3400712905577357,0.0039046462488913115,0.655980551047881,0.655980551047881,0.6654686595006591,0.48003416746431354
94921.0,0.005712871518735725,0.9032130374299864,0.00018189302926960305,0.0908921980220064,0.9032130374299864,0.3409847408817981,0.24596849734448914
94922.0,0.2466064896408163,0.6972745590697703,0.00010507314344921518,0.05601387814596475,0.6972745590697703,0.7590633353807997,0.5475484548372579
94926.0,0.9870899346105259,0.0011550379563418146,3.8421669771698207e-07,0.011754643216433162,0.9870899346105259,0.07287612424734502,0.052569011525426305
94927.0,5.7242343553508005e-09,2.719971635287472e-06,0.004944700059403792,0.9950525742447249,0.9950525742447249,0.031223714979615118,0.022523149379610585
94929.0,0.034954503151819666,0.8851807048953311,0.000265302232462516,0.07959948972038682,0.8851807048953311,0.42881779084631855,0.30932665014947225
94930.0,2.219011509082945e-12,0.0008738005571416911,0.012977097216329845,0.9861491022243083,0.9861491022243083,0.07628830425096328,0.055030379110346576
94933.0,0.022604364695784362,0.0223867447879638,0.00014739747477523666,0.954861493041476,0.954861493041476,0.2161199061877413,0.1558975584472212
94935.0,0.3989833814714503,0.09143076217165895,1.207569385480575e-05,0.5095737806630345,0.5095737806630345,0.9289998472261101,0.6701317362898568
94936.0,0.05952438863399096,0.008522567516367952,3.8840330483908236e-06,0.9319491598165933,0.9319491598165933,0.27428001412685765,0.1978512080978862
94938.0,0.01985168902207874,0.2480269997784383,0.0023527565030685513,0.7297685546964137,0.7297685546964137,0.6677483400935182,0.4816786094073779
94939.0,0.08573464798963522,0.865013161751422,0.014818758949390812,0.03443343130955262,0.865013161751422,0.5144544523090788,0.3711004435547779
94941.0,0.12418614606467332,0.38158480891381014,6.907324603471358e-05,0.4941599717754811,0.4941599717754811,0.9756694117432819,0.7037967109345425
94945.0,0.0009570306274620916,0.18605637268402367,0.28362742496244087,0.5293591717260719,0.5293591717260719,1.0136612376253031,0.731202020331697
94946.0,0.0007382587166535324,0.00025264372238193155,0.00013806298928042165,0.9988710345716832,0.9988710345716832,0.00977192937901716,0.007048957027512613
94950.0,0.2395490567130389,0.19359784934772445,0.5668505723040042,2.521635231361098e-06,0.5668505723040042,0.9820078320022299,0.7083689146718697
94952.0,0.008512057915074665,0.8076392329779869,0.1737907420806098,0.010057967026327774,0.8076392329779869,0.5634921892964923,0.4064736935388572
94954.0,0.9356066859342232,0.05997113568532649,0.004404031934950528,1.814644549850494e-05,0.9356066859342232,0.25511737879984037,0.18402828861956044
94957.0,0.5228671897773236,0.2484161884695313,0.00012724496936036573,0.22858937678378535,0.5228671897773236,1.023498272934153,0.7382979413602607
94958.0,0.0006594168830114633,0.9989800254590518,0.00014581022216090208,0.00021474743577499708,0.9989800254590518,0.008950864069404381,0.006456683602300454
94959.0,0.16878768424185445,0.7802312051026834,0.002547507699272474,0.048433602956188725,0.7802312051026834,0.6557695951547317,0.4730377714477473
94960.0,0.9146688599894514,0.036096955718458244,0.01811810528838659,0.031116079003705676,0.9146688599894514,0.3821225823672607,0.27564317729646576
94962.0,0.9974683375031456,0.0023195208093010865,0.0002067139199531082,5.427767601288474e-06,0.9974683375031456,0.018419186968542278,0.013286634848361283
94964.0,0.45739117112689875,0.07429753497372686,0.00017554357437795054,0.4681357503249956,0.4681357503249956,0.9077601060010816,0.6548105016223001
94966.0,0.007656118155867028,0.9720757124518657,0.004174910434958794,0.01609325895730915,0.9720757124518657,0.15416094790525206,0.1112036175208245
94967.0,0.0020569997045968556,0.012196900302238316,5.105988246026631e-06,0.985740994004919,0.985740994004919,0.08069125618852538,0.05820643757314322
94969.0,0.0001039230965955102,0.8810233454505406,0.11887270172982561,2.972303827610707e-08,0.8810233454505406,0.3657173690894725,0.26380931737617036
94970.0,0.001048465217374118,0.9831643688476273,0.0049548585172436285,0.010832307417753977,0.9831643688476273,0.09920197768926364,0.07155910062933912
94972.0,0.1985696824864356,0.01414643315779914,0.0024695317330487754,0.7848143526227157,0.7848143526227157,0.5862436745971362,0.4228854210469058
94975.0,0.9979208005040406,0.0009165786602235655,2.6494515241862323e-05,0.00113612632049292,0.9979208005040406,0.016470677712583696,0.011881082528012437
94977.0,0.6368833852615228,0.3367234491314575,0.00024382005513391263,0.026149345551886145,0.6368833852615228,0.7511778491964907,0.5418602789307073
94979.0,0.00029058033287422767,0.8247399755411976,0.0014910279314848374,0.17347841619444418,0.8247399755411976,0.4748696979778771,0.34254607917056157
94982.0,9.297116965731658e-10,1.2267695418639804e-11,0.9999999667628009,3.229522134444338e-08,0.9999999667628009,6.099190051393607e-07,4.3996356202924295e-07
94986.0,0.00210531502930215,0.9657816813572501,0.0021644528647281457,0.02994855074871801,0.9657816813572501,0.16494966763056662,0.11898603374345063
94987.0,1.0027709802080357e-16,0.0003841964864611833,0.9996154228042016,3.807093350484074e-07,0.9996154228042016,0.003411588706077388,0.0024609410539053215
94989.0,0.32023911195024507,0.4983653147757382,0.00046805414747626474,0.1809275191265411,0.4983653147757382,1.0246376020920214,0.7391197936232591
94990.0,0.11254737058771297,0.7417455943201622,0.0003001395386819298,0.14540689555344183,0.7417455943201622,0.7502529623955538,0.5411931141301598
94993.0,7.275684795240231e-06,0.9968801528516188,0.003111640808477688,9.306551083584009e-07,0.9968801528516188,0.02117625174501075,0.015275436688571635
94995.0,0.06801982119194458,0.8494395484249765,0.0004449034239127844,0.08209572695916555,0.8494395484249765,0.5301067668088951,0.3823912018084376
94997.0,0.9959932120347044,0.001838620745468941,9.081821881137749e-07,0.002167259037638741,0.9959932120347044,0.028886977616994786,0.020837549677154434
94998.0,0.7931750618643946,0.07250152837685937,0.00010353332570529555,0.13421987643304187,0.7931750618643946,0.6445428897178188,0.46493941531806965
95000.0,2.6078865802629275e-07,0.9562390717972604,0.04375388618220709,6.78123187595765e-06,0.9562390717972604,0.1797873569386897,0.1296891641349908
95001.0,1.2036999594042508e-09,0.3105571117036186,0.6894428146189597,7.247372216315407e-08,0.6894428146189597,0.619546957451733,0.4469086615567305
95002.0,0.6557008360584624,0.1800106926863934,3.791964442442966e-05,0.16425055161072083,0.6557008360584624,0.882492336859762,0.6365836590050457
95004.0,7.504962611062536e-05,0.9157533600553077,0.08389136857525814,0.0002802217433252759,0.9157533600553077,0.2915010998964926,0.2102735956171741
95007.0,0.8358159600317381,0.16296156574589082,7.796810246058165e-05,0.001144506119910022,0.8358159600317381,0.4540414907095017,0.32752170350221527
95011.0,0.0005144147067821389,0.9487031153534818,0.0020344081946146774,0.04874806174512304,0.9487031153534818,0.2137341239732452,0.1541765803624739
95013.0,0.16658996695597417,0.1622363102599704,3.147247561320953e-05,0.6711422503084438,0.6711422503084438,0.8615856694097309,0.6215026862792083
95014.0,0.00788302885375985,0.33339563226362456,0.0003395686357958957,0.6583817702468204,0.6583817702468204,0.6822845380578362,0.4921642597656288
95016.0,0.046010707318870143,0.94236797330544,0.00019761744905223951,0.011423701926636082,0.94236797330544,0.250372995931835,0.1806059398016855
95019.0,0.9833950289868554,0.014354466671262158,0.0015149453845357537,0.0007355589573469025,0.9833950289868554,0.0925248692064027,0.06674258498148856
95020.0,8.528608928395746e-09,0.9959857254928314,0.004011395605596171,2.8703729619859613e-06,0.9959857254928314,0.026180346230414517,0.018885127837687546
95025.0,0.0014387157585245528,0.1368519363794316,0.008176198931104215,0.8535331489309389,0.8535331489309389,0.4560676553981359,0.32898327237637365
95026.0,0.9865937291013799,0.0011688489652731504,5.050532618010239e-06,0.01223237140072775,0.9865937291013799,0.07513667855596363,0.05419965677077843
95027.0,6.803065425531945e-13,0.9991261238274083,0.0008738458123682057,3.0359541650976734e-08,0.9991261238274083,0.007028172076702188,0.005069754500786268
95028.0,0.019645053278332495,0.5369249075101821,0.0006598519997592617,0.442770187211725,0.5369249075101821,0.7766749308170211,0.5602525355362475
95029.0,8.214999501335278e-07,0.9933259765147107,0.000277742904201545,0.006395459081138937,0.9933259765147107,0.04124852631294431,0.02975452217783134
95030.0,5.337023768168664e-06,0.9922026622715913,0.007650782162215295,0.00014121854242405874,0.9922026622715913,0.04636544501950432,0.033445598799124385
95031.0,5.073846533482856e-05,0.0006767852810697353,0.0011630857090017652,0.998109390544593,0.998109390544593,0.015188446340356352,0.010956148107020117
95033.0,0.001250731251587034,0.9582276948208029,1.2246994862386983e-05,0.040509326932746816,0.9582276948208029,0.1792678087772688,0.12931438935699835
95034.0,0.9856388717201455,0.0073760809215777535,4.920470301407439e-07,0.006984555311247143,0.9856388717201455,0.08514933014143458,0.061422258165032405
95035.0,0.0002768325986960281,0.015621029352542217,0.001123649850920071,0.982978488197843,0.982978488197843,0.09174456201560549,0.066179712324222
95036.0,0.0055587709425784495,0.9638921930722086,9.83820427992499e-05,0.030450653942412743,0.9638921930722086,0.17154186655548492,0.12374130009221722
95037.0,1.4430937108566637e-08,3.062548133868168e-08,0.9913851001935874,0.008614854749992218,0.9913851001935874,0.04953579690112569,0.03573252426786846
95040.0,1.7379683276472092e-11,4.713945780962524e-08,0.0168129119056245,0.9831870409375387,0.9831870409375387,0.08536258755327322,0.06157609087027862
95041.0,5.001947104276722e-17,0.5340203893319663,0.4659796092445145,1.4235173536552988e-09,0.5340203893319663,0.6908306467382207,0.4983289740716732
95043.0,0.6346608305806207,0.36155148489206507,0.0014082951687890567,0.0023793893585264633,0.6346608305806207,0.6800021486206663,0.4905178638044376
95044.0,4.589755845796269e-18,0.0011343997520933456,0.9988655980703635,2.1775416917968007e-09,0.9988655980703635,0.008826905600909598,0.006367266468413646
95045.0,0.4682891921782934,0.3006459528219046,0.0010668835678550388,0.22999797143194545,0.4682891921782934,1.0619247285220688,0.7660167698180737
95047.0,1.3297921522031722e-07,0.8909685709648949,0.10903128875844022,7.297451009408866e-09,0.8909685709648949,0.344487573751393,0.24849525714950285
95048.0,0.14362259060397786,0.2232813834674174,0.00019350355261983038,0.632902522375985,0.632902522375985,0.9046486689316418,0.6525660742072407
95051.0,8.072986290844906e-06,0.013380734805412643,0.001416773548486626,0.9851944186598109,0.9851944186598109,0.08180692977973944,0.059011225951790876
95052.0,9.50322329055753e-09,5.2738986266173144e-05,0.9941331521571969,0.005814099353314673,0.9941331521571969,0.03629716533882865,0.026182870216327436
95055.0,9.36630482766646e-10,0.00010322577949064923,0.0001149807634775914,0.9997817925204008,0.9997817925204008,0.0022086317170086087,0.0015931910126391982
95056.0,0.004414843115237801,0.026857684192810594,2.699118113257501e-05,0.9687004815108178,0.9687004815108178,0.15217888405087182,0.10977386067410468
95057.0,0.2562346476562787,0.6374616725081552,8.159131796066626e-05,0.10622208851760388,0.6374616725081552,0.8748708209574629,0.631085897406894
95058.0,1.6044996811170815e-18,1.0615135528461691e-11,2.244835468574115e-06,0.9999977551539175,0.9999977551539175,3.144341363542569e-05,2.268162846022453e-05
95059.0,2.178033058087156e-23,2.2945310739823427e-05,0.9999770546890674,1.931887843929238e-13,0.9999770546890674,0.0002680559712417381,0.00019336151019556507
95060.0,0.9634414111689555,0.028421776056189844,1.0209875315245543e-05,0.008126602899540937,0.9634414111689555,0.17630811657536785,0.12717942272587823
95061.0,0.47061019534894594,0.4041784039164464,0.002340686569857817,0.12287071416474937,0.47061019534894594,0.9926472882935096,0.7160436600864617
95062.0,0.5888661468074192,0.11347798668307023,0.0015468799139021136,0.2961089865956081,0.5888661468074192,0.9291660305204202,0.6702516121971468
95063.0,0.9637943796512435,0.002733043912367131,0.00011140226391368584,0.033361174172476825,0.9637943796512435,0.166127602613249,0.11983573422245336
95064.0,0.9377170733144274,0.05940730682372038,0.0001215975671258921,0.002754022294727007,0.9377170733144274,0.2453589768130945,0.17698908954292078
95066.0,0.7405008694813225,0.2583449019395853,0.00016436989880674508,0.0009898586802848872,0.7405008694813225,0.5804069828916165,0.4186751379575303
95067.0,3.3141861007844945e-11,5.665015980774941e-08,8.950654127827407e-06,0.9999909926625691,0.9999909926625691,0.00011399385188562293,8.22291824036096e-05
95068.0,5.764997923960109e-08,0.8827588766427544,0.11720217378474661,3.889192251993188e-05,0.8827588766427544,0.3617431935502099,0.26094255570511216
95069.0,0.22690441761434385,0.07551097634131695,0.00021753778858396184,0.697367068255757,0.697367068255757,0.7848273761788196,0.56613328178354
95070.0,0.0004959661653543843,0.9226961834422844,0.004185519748782335,0.07262233064357797,0.9226961834422844,0.29138081117747916,0.2101868256479763
95073.0,0.00017063361969344023,0.08007649541103987,0.011437636876090014,0.9083152340931764,0.9083152340931764,0.34213832610402284,0.24680063318416237
95077.0,0.8225330637797202,0.06039591775004566,5.002037719116405e-05,0.1170209980930419,0.8225330637797202,0.5817692137484056,0.41965777980834806
95080.0,0.527234495478478,0.0073945274316248874,0.0001630764243653527,0.4652079006655329,0.527234495478478,0.7312053544693146,0.5274531693821684
95083.0,0.22883330589073447,0.012417518239418186,0.10151864933094809,0.6572305265388977,0.6572305265388977,0.9000489400042104,0.6492480711507213
95088.0,0.010448022913440862,0.15868521622507448,9.056700161281278e-05,0.8307761938598717,0.8307761938598717,0.494634711188431,0.35680352244154706
95089.0,0.0028657151663904453,0.6893783215019438,4.9180829330074375e-05,0.30770678250233674,0.6893783215019438,0.6363567745372902,0.4590343814305224
95091.0,2.684700559341041e-14,1.2668644192950768e-14,0.9999999999999574,1.9641100800388106e-15,0.9999999999999574,1.3523585157239014e-12,9.755204620694159e-13
95093.0,0.5705975262431727,0.37990084468368696,0.00017709693955997812,0.049324532133578514,0.5705975262431727,0.8377948408847977,0.604341231113428
95095.0,5.146972041509136e-08,0.9037876865143207,0.09621025726340701,2.0047525521906736e-06,0.9037876865143207,0.3167043685521754,0.228453910969047
95096.0,0.0029271727234861803,0.009858764212043025,0.00039687386891857376,0.9868171891955511,0.9868171891955511,0.07882162815533979,0.056857786027251306
95097.0,0.8644215258105336,0.1338148860799496,0.00029586498469436106,0.0014677231248236646,0.8644215258105336,0.40706284816140526,0.2936337761862982
95098.0,0.1308124353456319,0.5567144594477378,0.2822954265065352,0.030177678700094537,0.5567144594477378,1.0548296624328197,0.7608987614872041
95099.0,0.3586259905882483,0.6074826253096604,3.6736229466038376e-05,0.03385464787262391,0.6074826253096604,0.7855467858479022,0.5666522261645165
95103.0,0.9432676973401647,0.05056408995857101,5.384797130256253e-05,0.006114364729962438,0.9432676973401647,0.2376958221079382,0.17146129189757384
95105.0,0.32398550995103315,0.671324683663257,0.0009210464842175771,0.0037687599014924597,0.671324683663257,0.660146052829038,0.47619471833943844
95110.0,7.798146564562207e-05,0.012717417698030885,0.9872037320144751,8.688218491539329e-07,0.9872037320144751,0.06897256484914985,0.04975318863263046
95113.0,0.4376742602964144,0.07555284316354265,0.0008921084440680412,0.48588078809597335,0.48588078809597335,0.9137579825584945,0.659137055004922
95114.0,0.0035864301046296065,0.04104255594154665,0.0005264217562240041,0.9548445921976008,0.9548445921976008,0.19934298460508845,0.14379556766288304
95115.0,0.9827541776997311,0.014754011899983812,5.107123994948458e-06,0.0024867032762899447,0.9827541776997311,0.09427719494341616,0.06800662080689428
95118.0,0.0002865209651960794,0.9759511278198939,5.483930194723841e-05,0.023707511912963924,0.9759511278198939,0.11534537752914165,0.08320410207537897
95121.0,0.15192141290342145,0.7830444164938641,0.0001038027960102587,0.06493036780670551,0.7830444164938641,0.6562857817164703,0.4734101213441443
95123.0,0.00998746038701243,0.25820683553584334,0.00019703640012373248,0.7316086676770188,0.7316086676770188,0.6259328855985399,0.4515151349911662
95124.0,1.2824435690244146e-05,0.5803625135479116,0.418377455330931,0.00124720668546961,0.5803625135479116,0.6888230315540873,0.4968807858365919
95126.0,2.337524102347798e-20,0.008348722630314246,0.9916512773696221,6.215110511409232e-14,0.9916512773696221,0.04826781181201098,0.03481786636787499
95128.0,0.007241559424328497,0.0011471844080211415,0.004514325368391496,0.9870969307992585,0.9870969307992585,0.080651840955873,0.058178005492801686
95131.0,0.689762700269547,0.28521890028686603,2.9580582498799163e-05,0.02498881886108839,0.689762700269547,0.7064901747196727,0.5096249357524245
95134.0,0.6694790553075948,0.31595589084514825,1.5239148394805766e-05,0.014549814698862752,0.6694790553075948,0.6943788244804019,0.5008884432880919
95137.0,0.5383288170549837,0.4161545457963533,4.5499331931960724e-05,0.04547113781673252,0.5383288170549837,0.8392129664050443,0.6053641924411368
95138.0,4.5841813774011777e-07,0.9938710696947464,0.006113285962862019,1.5185924252546792e-05,0.9938710696947464,0.037446487336671025,0.027011930789663328
95143.0,0.9335426894058928,0.02201791524456128,5.701951874406062e-06,0.04443369339767141,0.9335426894058928,0.2866411319714923,0.20676786980503545
95148.0,8.32766885310071e-06,0.8187244862195808,0.08919955411961165,0.09206763199195599,0.8187244862195808,0.5990357616954344,0.432112961356573
95149.0,3.62708108001488e-10,0.0007381688985790059,0.00880591641214015,0.9904559143265721,0.9904559143265721,0.05649410384204934,0.04075188172619536
95151.0,0.026871739931456154,0.7444588671185166,0.04461368323878054,0.18405570971124777,0.7444588671185166,0.7671277752200047,0.5533657185190421
95152.0,0.00010528879115927234,0.9968705721336427,0.0029472253853559346,7.691368984314519e-05,0.9968705721336427,0.021990596865905848,0.015862862522315373
95153.0,1.9961613568670403e-06,0.0011650467022168395,0.0012980360854603246,0.9975349210509674,0.9975349210509674,0.018986039706662964,0.013695532665461804
95155.0,7.166131937667328e-49,1.2132064905841743e-15,1.0,1.8265619470303813e-51,1.0,1.140764169698991e-13,8.228874052242751e-14
95160.0,0.002861965689024125,0.4765298244156225,0.00017464131131149786,0.5204335685840421,0.5204335685840421,0.7113788482409815,0.5131513682752833
95163.0,5.7529877302924715e-05,0.9976461881329425,0.0022119973891892883,8.428460056625213e-05,0.9976461881329425,0.01722725658663907,0.012426838822832959
95168.0,0.16872141546131283,0.6972190052546553,8.108351580436761e-05,0.13397849576822757,0.6972190052546553,0.8217676077949766,0.5927800262644998
95170.0,0.036904093387716545,0.8471173115112314,0.0030761804178913036,0.11290241468316141,0.8471173115112314,0.5263720963296817,0.3796972065185798
95171.0,0.009865005760745643,0.8239460284692038,0.0002620117421720773,0.16592695402787738,0.8239460284692038,0.505321566650379,0.3645124591303718
95172.0,2.3932051158773545e-18,0.2990184512021805,0.7009815487978169,7.490818687348917e-17,0.7009815487978169,0.6100303425259375,0.4400438749769829
95173.0,3.0668877621683136e-05,0.9605186982442405,0.02378698280413296,0.01566365007400344,0.9605186982442405,0.19304517445402422,0.13925265792618277
95174.0,0.8555300775872896,0.07995460836139041,0.002595757333062408,0.06191955671825652,0.8555300775872896,0.523190851743932,0.37740242362472176
95179.0,3.0897808481740865e-07,9.160815189834014e-06,1.5482595280737106e-05,0.9999750476114452,0.9999750476114452,0.00030733642126021455,0.00022169636541833647
95181.0,0.9977885660686022,0.0011481753595761893,0.0010632236100489693,3.496177284513545e-08,0.9977885660686022,0.01726156066034135,0.012451583981339243
95182.0,0.0002089786447144199,0.2907811686544417,0.05437442400639144,0.6546354286944539,0.6546354286944539,0.7966236925771472,0.5746425253678522
95184.0,0.7522565285297134,0.023226977001584867,9.523744142205801e-05,0.2244212570272792,0.7522565285297134,0.6377598021179636,0.46004645189695637
95186.0,0.35518802487746803,0.08707863742416051,0.001845988243732129,0.55588734945464,0.55588734945464,0.9182433055122297,0.6623725315959915
95189.0,2.2161132456214803e-10,0.9819620072456483,0.01779664885954851,0.00024134367319240455,0.9819620072456483,0.09158270910248206,0.0660629601266637
95190.0,0.9995820811685457,0.00028259956263403845,7.392058280045789e-07,0.00013458006299223342,0.9995820811685457,0.003937083316221482,0.0028400052879397034
95191.0,0.06359949955081355,0.11919831178710158,0.0013123726698773125,0.815889815992207,0.815889815992207,0.603479742858114,0.435318616149174
95197.0,0.013868478267791471,0.32203047791488915,0.00030967723434837996,0.6637913665829698,0.6637913665829698,0.6987424219479041,0.5040361135014925
95199.0,1.3847735231679403e-12,0.018515750835181238,0.9814842300996567,1.906377537617679e-08,0.9814842300996567,0.09220542623002059,0.06651215558255193
95200.0,0.8453317230474756,0.014851752912185972,6.9005308856475384e-06,0.13980962350945147,0.8453317230474756,0.4797120855514671,0.34603912343980187
95203.0,0.06483292097711549,0.8660856824126164,0.01310326445666265,0.05597813215360515,0.8660856824126164,0.5200721710532722,0.3751527710414563
95206.0,0.5474908299884215,0.43223325955292374,0.0001214325343860984,0.020154477924270053,0.5474908299884215,0.7721511614800851,0.556989325741986
95208.0,0.0147375845981809,0.9771693511066024,0.00028969245778624877,0.007803371837428676,0.9771693511066024,0.12495299267201018,0.09013453143607204
95209.0,0.0011551330430086362,0.98951265170363,0.009199198802825404,0.00013301645053534025,0.98951265170363,0.06256384912359118,0.045130277434765165
95210.0,0.9600837659886582,0.01621783839007719,1.4244774952743647e-05,0.023684150846310516,0.9600837659886582,0.19476044540295148,0.14048996437208192
95211.0,0.9355996303736833,0.02317734413483747,4.909535246801971e-06,0.041218115956232475,0.9355996303736833,0.28103316019319347,0.20272257326803694
95213.0,0.9350003518512637,0.05087841322441237,4.697000807779409e-06,0.01411653792351624,0.9350003518512637,0.27457171317845697,0.19806162448547335
95214.0,0.04807972064402102,0.11341285178493477,0.8382022508379816,0.00030517673306173864,0.8382022508379816,0.543194495788047,0.3918320026557982
95215.0,0.6366969295109857,0.2417241467134113,0.0338437420666032,0.08773518170900145,0.6366969295109857,0.9587748936151902,0.6916098921737392
95216.0,0.7747676307119115,0.1662903246185677,1.5725343770045402e-05,0.058926319325749266,0.7747676307119115,0.663064659971209,0.478300048364595
95220.0,0.7387924555444255,0.22520334603403194,0.00035752938499322045,0.03564666903654878,0.7387924555444255,0.6810699629542868,0.4912881290262898
95221.0,0.9973165085539567,0.0010271324846264829,7.809714109302102e-07,0.0016555779900053037,0.9973165085539567,0.02036022045056346,0.01468679453771698
95224.0,0.009145943173137166,0.9896230762821892,0.000445364574801171,0.0007856159698713189,0.9896230762821892,0.06231113216147238,0.044947980680766504
95227.0,0.9565142700231254,0.03139607088952703,0.011495086106080611,0.0005945729812681048,0.9565142700231254,0.20694174791518466,0.14927691673506546
95228.0,0.10809791017014724,0.02838666252592288,3.298402403449217e-05,0.8634824432798952,0.8634824432798952,0.46867979814863847,0.33808101027694054
95231.0,0.8817558492457452,0.054711281064714075,7.439614069476181e-06,0.06352543007547022,0.8817558492457452,0.44511793805706523,0.3210847209228244
95232.0,0.009446710316028045,3.567928379750666e-05,1.3759994902275341e-06,0.990516234400685,0.990516234400685,0.05386401374879811,0.03885467275888299
95233.0,0.00011888265872755244,0.009277737773753684,0.00046754347702568887,0.9901358360904932,0.9901358360904932,0.05789595999194336,0.04176310718394126
95236.0,6.187989332904084e-05,0.9988054528284563,0.0008648714535389708,0.0002677958246769404,0.9988054528284563,0.010096043797717492,0.007282756159782401
95237.0,0.9699676967227983,0.02954225379024627,2.8142168934619665e-06,0.00048723527006255596,0.9699676967227983,0.13737460568589488,0.09909483118355868
95238.0,0.0014865966869463691,0.9978384316027558,0.0006561423878765235,1.882932241967614e-05,0.9978384316027558,0.01685267627589432,0.01215663624446991
95239.0,0.0005555783971868119,9.228513296990008e-05,0.055973989124519445,0.943378147345325,0.943378147345325,0.22137505055671805,0.15968834380736036
95242.0,3.0036924244540753e-10,0.5731350384262612,0.4268649581517835,3.1215863370523435e-09,0.5731350384262612,0.6824113055894906,0.4922557032102605
95244.0,0.11026947324453786,0.1907191012867735,0.0006006439265328403,0.6984107815421561,0.6984107815421561,0.8142862625233769,0.5873833764032422
95247.0,0.004636831593786033,0.004654800949434634,0.002937545284088212,0.9877708221726912,0.9877708221726912,0.07919317998508804,0.05712580401835682
95249.0,0.0009354264968190391,0.9808200027160451,0.0008443440010065614,0.017400226786127643,0.9808200027160451,0.10198744634122742,0.07356839153470902
95252.0,0.9765819150218851,2.520551664884256e-06,0.02341556405502017,3.7142775491038155e-10,0.9765819150218851,0.11108454104713075,0.08013055824406103
95255.0,0.9892908066986927,0.0004920517152450952,3.68294212134898e-06,0.010213458643940188,0.9892908066986927,0.061264640590660724,0.04419309658099546
95256.0,0.2070920799932427,0.5125714594172982,0.00019990162843831213,0.28013655896102063,0.5125714594172982,1.0268150814590027,0.7406905129654501
95257.0,0.86705838429183,0.0035684051557834215,3.520581715395627e-07,0.12937285849421565,0.86705838429183,0.4083752728423908,0.2945804904756973
95258.0,6.67398721517067e-05,0.9943427589339793,0.00018124487825408055,0.00540925631561416,0.9943427589339793,0.03607882795744345,0.02602537308764488
95259.0,0.9985388523073029,2.805939974114237e-05,0.0014330760517345968,1.2241220275516457e-08,0.9985388523073029,0.011138083147916792,0.008034428661254246
95260.0,0.020623382810724324,0.9439232247045602,0.00016353619762457915,0.03528985628708967,0.9439232247045602,0.2539610817760832,0.18319419662857586
95261.0,5.8478475181175317e-08,4.357231956826176e-06,0.000133053332152944,0.9998625309574148,0.9998625309574148,0.0013796869036600246,0.0009952337269448833
95262.0,0.805241025061725,0.008786619677070152,6.218223106963638e-06,0.18596613703809808,0.805241025061725,0.5289317058113253,0.3815435744714696
95266.0,0.038507364233833906,0.00014067726358030937,0.0050624465934087145,0.9562895119091768,0.9562895119091768,0.19616309675092458,0.14150176344399043
95272.0,0.8299533743713834,0.0020801941317409875,0.1679664314709218,2.5953700426874318e-11,0.8299533743713834,0.4671879218303762,0.3370048489939522
95273.0,0.5732204154440897,0.27418663502902146,1.1313113330097687e-05,0.15258163641355763,0.5732204154440897,0.9607621103052741,0.6930433660057171
95274.0,3.726020747871967e-05,0.0004219125253777967,0.00010456607640031343,0.9994362611907437,0.9994362611907437,0.0051805253387552435,0.0037369591077109038
95275.0,0.6080368665812274,0.18143526339578586,0.001259593127186413,0.2092682768958022,0.6080368665812274,0.9479290649104228,0.6837862805303897
95276.0,0.9998116111701957,0.00013415336465033247,2.853492817080123e-05,2.570053698389969e-05,0.9998116111701957,0.0019547824887570764,0.00141007750127321
95278.0,0.13216937567195863,0.05937415286319394,0.005653470093463831,0.8028030013713824,0.8028030013713824,0.6407256467026965,0.46218585653417715
95279.0,0.36710095236012774,0.30783622525039367,3.2204827532887814e-06,0.32505960190672495,0.36710095236012774,1.095892759200943,0.7905195245226618
95280.0,0.38097640971750485,0.07466687739518152,0.00017197180084313477,0.5441847410864694,0.5441847410864694,0.8939974309492242,0.6448828300989596
95281.0,8.44848742197219e-22,2.4404212921066477e-07,0.9999997559578708,1.1551216255803802e-22,0.9999997559578708,3.9598093185611076e-06,2.856398633377008e-06
95284.0,0.00014773673884671887,0.002906007037285515,4.4613926423393045e-05,0.9969016422974434,0.9969016422974434,0.021817436212622363,0.015737953514430785
95287.0,0.1599197815983023,0.7169539080283384,7.957349212473643e-05,0.12304673688123324,0.7169539080283384,0.7902656386133031,0.5700561589061811
95288.0,0.5700489116843098,0.3829091011057114,0.005450541326745455,0.04159144588323174,0.5700489116843098,0.848626333398931,0.612154501381211
95289.0,9.395800885841656e-10,0.9824907813270841,0.017273772512285037,0.00023544522105229253,0.9824907813270841,0.08942871150297643,0.06450917929921696
95296.0,0.4553743228770614,0.23606007575965599,4.201561819506296e-05,0.3085235857450877,0.4553743228770614,1.0622400912117256,0.7662442559122984
95298.0,0.23898954198340627,0.7578991345005722,0.0003718936974950546,0.0027394298185256572,0.7578991345005722,0.571267078225496,0.41208209038952537
95302.0,0.9980189404351532,0.0004389705238950577,5.049191979831248e-06,0.0015370398489710719,0.9980189404351532,0.015391178482652243,0.011102388435179656
95308.0,0.0021192125423358126,0.9901001623646529,0.007611989663646066,0.0001686354293638795,0.9901001623646529,0.06149463549871364,0.04435900283763429
95312.0,0.3140715399260622,0.2836761391501193,0.0003134756076309057,0.4019388453161876,0.4019388453161876,1.0900252600806928,0.7862870185810591
95313.0,0.8473493604856969,0.14947208790503227,0.00015232997871294604,0.0030262216305585853,0.8473493604856969,0.4433425972501689,0.3198040832338258
95315.0,1.3032143241811331e-05,8.932982718760866e-05,6.680251717680293e-06,0.999890957777852,0.999890957777852,0.0011680648910553496,0.0008425807128810301
95316.0,0.00896967618751133,0.017603059732465627,7.003245355309304e-05,0.9733572316264708,0.9733572316264708,0.14034760508851962,0.10123939693092496
95318.0,0.8216656824304833,0.0855460691862928,0.00020926108607565138,0.09257898729714927,0.8216656824304833,0.5938075131394253,0.4283415772244284
95319.0,0.00037352856929690305,0.9908753386095144,0.00018078239591141015,0.008570350425278712,0.9908753386095144,0.05437913221086969,0.0392262521842335
95321.0,0.014545727750451069,0.12976020155443446,0.00015731029655570252,0.8555367603985599,0.8555367603985599,0.4613779089584228,0.33281381061501814
95323.0,0.9970361652787173,0.0014800551086329324,7.948765112339925e-06,0.0014758308475366303,0.9970361652787173,0.02231658982528486,0.016098016735245784
95325.0,0.22996287530300313,0.5726276412378185,0.001615799056359168,0.19579368440282044,0.5726276412378185,0.9869249596088006,0.7119158724785786
95326.0,0.0011241354036012373,0.9834532432336343,6.166128136629365e-05,0.015360960081399097,0.9834532432336343,0.08878677906468405,0.06404612292656185
95329.0,0.2936541508436977,0.5996640301733871,4.2993351538739273e-05,0.10663882563137798,0.5996640301733871,0.905612264703899,0.6532611616282692
95330.0,0.00012965621292403414,0.9618306075066405,0.03801837411954272,2.136216089371272e-05,0.9618306075066405,0.16312985680553968,0.11767331771713942
95333.0,0.988091380864824,0.008123938545285843,0.0031096115573579107,0.0006750690325331995,0.988091380864824,0.07381852042119923,0.0532488066687124
95334.0,0.01534282432536931,0.5401659789205718,0.0009236762812957849,0.4435675204727635,0.5401659789205718,0.7637976368392432,0.5509635314553428
95338.0,0.04652931323021666,0.6978837547296785,2.145908750476981e-05,0.25556547295259907,0.6978837547296785,0.7426600778302441,0.5357160056759525
95342.0,0.9905825901626537,0.008305938981812002,1.7830353979854833e-06,0.0011096878201367582,0.9905825901626537,0.05673844911938754,0.04092813958613559
95346.0,0.04335549301116964,0.9523200628507954,0.0005870197776309611,0.0037374243604036345,0.9523200628507954,0.2078457291406865,0.14992900135060958
95348.0,0.009904505546208973,0.003473531504333306,0.0013888006928184625,0.9852331622566376,0.9852331622566376,0.08917075694768004,0.06432310442036654
95351.0,0.03152309867980923,0.001495500697899447,5.153729327359332e-05,0.9669298633290182,0.9669298633290182,0.15173114684682426,0.10945088655215422
95352.0,0.9124547239172529,0.03836022889480629,0.0005408068068495058,0.04864424038109032,0.9124547239172529,0.3598092207405197,0.25954748921423504
95353.0,0.009026558515549855,0.006052573424572173,1.683732724238987e-05,0.9849040307326346,0.9849040307326346,0.08857194236162817,0.06389115100351203
95356.0,0.02719201148163756,0.9543701298184045,0.0005704661603614019,0.01786739253959654,0.9543701298184045,0.2187683865701745,0.15780803320403522
95357.0,0.23469948789720532,0.7064143883373578,0.003381120568533413,0.05550500319690392,0.7064143883373578,0.7654193177149913,0.552133326934016
95358.0,6.9309044987114365e-06,0.3746179871661641,0.6251701895294968,0.00020489239983905114,0.6251701895294968,0.6633026361987807,0.4784717119262786
95360.0,0.9678744543973589,0.031825927109596225,0.00023154633277636458,6.807216026987422e-05,0.9678744543973589,0.14391432064512427,0.10381223835381248
95362.0,0.9956680382966107,0.004152149133760265,1.0061452543434811e-05,0.0001697511170843783,0.9956680382966107,0.028682902190810256,0.02069034037449257
95366.0,2.976712773805803e-08,1.7933829322994185e-06,5.2942103043799664e-06,0.9999928826396361,0.9999928826396361,9.568098863393713e-05,6.901924390476719e-05
95367.0,0.0012269284919912858,0.003407745505357862,1.8803121560778268e-05,0.9953465228810895,0.9953465228810895,0.03243343910612905,0.02339578087869328
95372.0,1.2927739671643156e-08,0.5230590048136992,0.4769409147159531,6.754260928835398e-08,0.5230590048136992,0.6920847387418241,0.49923361022888174
95374.0,0.7800101671176702,0.0025561247567151505,0.00023167976013950968,0.21720202836547434,0.7800101671176702,0.5426413134327405,0.3914329659354442
95375.0,0.9380740803135718,0.05809531382558417,0.0036426960051438853,0.00018790985570112676,0.9380740803135718,0.24735379893294532,0.178428049532803
95377.0,0.027134880546679434,0.619572213332789,0.3357230911669978,0.017569814953533967,0.619572213332789,0.831919993910071,0.6001034248152181
95380.0,0.13701902572700214,0.7235453298647723,0.13585400946562776,0.003581634942597083,0.7235453298647723,0.7978372556411278,0.5755179260749577
95382.0,0.003642355773641,0.11190149849061932,0.8844386687069612,1.747702877808187e-05,0.8844386687069612,0.3743341993999601,0.2700250465547314
95385.0,0.8157309422874072,0.02956119689049197,0.0003490446863884015,0.15435881613571176,0.8157309422874072,0.561428280195521,0.4049848978264488
95389.0,0.018641869824703287,0.9309112289753582,0.049773402323877614,0.000673498876060625,0.9309112289753582,0.2951360074697546,0.21289562718219152
95391.0,0.8005818238691561,0.006646019609879817,0.0001141746288379496,0.19265798189212568,0.8005818238691561,0.5296971189214156,0.3820957033205489
95392.0,0.3935764129174651,0.1541201419648686,0.00011296512971009257,0.4521904799879545,0.4521904799879545,1.0151187869443596,0.732253419918924
95393.0,0.00028861939020522994,0.023175577245293167,0.0001035230668037107,0.9764322802976972,0.9764322802976972,0.11383813738239255,0.08211685813280713
95394.0,0.5809442830883937,0.32186714244087616,2.9042159929656287e-05,0.09715953231080028,0.5809442830883937,0.9072061908944005,0.654410936333559
95397.0,1.3402509273630186e-10,0.24058401783751437,0.7594159820057732,2.2688366707163283e-11,0.7594159820057732,0.5517521827469448,0.3980050689243392
95402.0,0.7250914213083044,0.2411488568231228,0.00015092361489994782,0.033608798253674105,0.7250914213083044,0.691443469313258,0.4987710321166487
95405.0,1.454596730188503e-06,0.9761740528590309,0.023822277731147076,2.214813091190856e-06,0.9761740528590309,0.11261526270174589,0.08123474051410833
95406.0,0.6718621817817058,0.32039647532840154,0.007463036215840032,0.0002783066740532806,0.6718621817817058,0.670705815356049,0.48381197685478033
95410.0,0.5180917682655466,0.4314857006375249,0.003918029234174562,0.046504501862755496,0.5180917682655466,0.8677711680327819,0.6259645803736589
95411.0,1.0289427869445147e-27,2.103277786569334e-09,0.9999999978967224,9.62536825605225e-23,0.9999999978967224,4.412635309047268e-08,3.183043538807016e-08
95412.0,0.13894355926808283,0.8258830122387554,0.013302306286910872,0.021871122206252248,0.8258830122387554,0.5732921888449294,0.4135428989134794
95413.0,0.9630090963651661,0.0028621534922346065,0.034110757049074146,1.7993093524143425e-05,0.9630090963651661,0.16848701509940014,0.12153769056904425
95415.0,0.9956942778197236,0.00024942726328376386,7.658789226009642e-07,0.004055529038068374,0.9956942778197236,0.028713091085149682,0.020712117058569277
95416.0,0.9999477326084948,4.5652134308795255e-05,2.780569375011779e-06,3.834687820762701e-06,0.9999477326084948,0.0005919298973230126,0.0004269871637109118
95417.0,0.058605616504810075,0.8836366679413524,0.0010646436965290184,0.05669307185730712,0.8836366679413524,0.4455763852167125,0.3214154206446908
95418.0,0.017580071196224033,0.9802052844907643,0.0017873333648285182,0.0004273109481820667,0.9802052844907643,0.10526196519557826,0.07593045759094372
95419.0,0.8411459677267227,0.15105089659939033,8.42528411186014e-05,0.007718882832769815,0.8411459677267227,0.46935274586085657,0.3385664394405379
95421.0,4.988667313276523e-07,1.9699029845986802e-05,0.9999798021034086,1.6177610122374356e-14,0.9999798021034086,0.0002408745412577684,0.00017375425307449325
95422.0,0.19720522784771524,0.009724026604658365,2.4864334435230707e-05,0.7930458812131908,0.7930458812131908,0.5493681449475335,0.3962853491690879
95423.0,0.9780915539660208,0.0017948921267550728,1.0545827482370169e-06,0.02011249932447646,0.9780915539660208,0.11159770497054668,0.08050072776779865
95424.0,0.41178162729667156,0.2504105801473873,0.00012740398565247606,0.33768038857029015,0.41178162729667156,1.0798372140045838,0.7789378968058837
95425.0,0.8980002279544754,0.017636079670033136,0.00015373260841540764,0.08420995976707629,0.8980002279544754,0.377544913635475,0.2723410873073759
95427.0,8.868153195907578e-06,0.020077805703117298,0.9799133232083411,2.9353460768363614e-09,0.9799133232083411,0.09845367726780137,0.07101931597576976
95431.0,4.5206975303674045e-21,1.6182955462063887e-07,0.9996938697690083,0.00030596840143746275,0.9996938697690083,0.002784518945431529,0.0020086058369177162
95436.0,0.9867629517769824,0.004916543072622962,8.57075196783192e-07,0.008319648075198402,0.9867629517769824,0.07913710501064858,0.057085354474585924
95437.0,0.03162027200008635,0.9039987245809493,0.016022646099860583,0.048358357319102895,0.9039987245809493,0.41316996480660895,0.29803912963538115
95442.0,0.903627404833611,0.004852988576897452,2.2618799600779986e-06,0.09151734470953313,0.903627404833611,0.33629757363129037,0.24258742087042684
95444.0,0.9833307875291635,0.00012873969193683137,4.3247297597760223e-07,0.016540040305923594,0.9833307875291635,0.0855358221030965,0.061701053183248956
95445.0,0.28152276500600815,0.0109693057676473,2.8592165045109978e-05,0.7074793370612985,0.7074793370612985,0.651462745225261,0.4699310359301972
95446.0,0.26727019314902967,0.4153580725350061,0.0020355538516243065,0.3153361804643404,0.4153580725350061,1.0941500972380838,0.7892624596367803
95447.0,7.012780434786327e-08,0.0007763344696041459,0.9992235908216759,4.580916485963236e-09,0.9992235908216759,0.00633662541834065,0.0045709090335055045
95448.0,8.763782672747898e-12,0.94101154449521,0.05898845509166172,4.04364257134349e-10,0.94101154449521,0.22417511106353633,0.16170816051104822
95449.0,0.45856264705269506,0.012056472879276315,0.0007734813869738188,0.5286073986810536,0.5286073986810536,0.7533233650790672,0.5434079414926781
95450.0,0.20743062823528713,0.6946246282850279,0.09639134942151895,0.001553394058164953,0.6946246282850279,0.8149279229139903,0.5878462365349787
95452.0,5.579341708990854e-05,0.9237656389195694,0.06940487426210476,0.006773693401235526,0.9237656389195694,0.29278898606840775,0.21120260911389985
95453.0,0.00031054867451051895,0.9868830082463513,0.0003349934071397219,0.012471449671999615,0.9868830082463513,0.07289809828113933,0.05258486244021799
95454.0,0.07844484196329268,0.861377981625384,0.00012154742653138295,0.060055628984790436,0.861377981625384,0.4982080295913033,0.3593811268112176
95455.0,0.08417906257999691,0.3793932014944885,0.00015629479129807843,0.5362714411342164,0.5362714411342164,0.9115566380832922,0.6575491206260907
95459.0,0.10318621674571449,0.8957333879487752,0.00064962292583511,0.0004307723796769296,0.8957333879487752,0.3410961286061028,0.2460488466032243
95465.0,0.8581268746052505,0.13391687711232594,0.0004450460842664287,0.007511202198155726,0.8581268746052505,0.44071552111592166,0.3179090483783677
95466.0,0.05211547860337657,0.47544469344328555,0.0005844359185407274,0.47185539203479715,0.47544469344328555,0.8662132537455677,0.6248407827655119
95467.0,0.002326373084109271,0.05892671900854909,0.9387454565746829,1.4513326598299773e-06,0.9387454565746829,0.2403129917405973,0.17334918072267508
95468.0,0.004915108091706292,0.9935486733661827,0.0005014427470790023,0.001034775795030542,0.9935486733661827,0.043479018583513815,0.031363482246577236
95469.0,0.9747028366267407,0.024982491876462603,1.363643111998978e-05,0.0003010350656768946,0.9747028366267407,0.1197430038183972,0.08637631889497492
95471.0,0.03080517987778548,0.9679376806370893,0.000339769925145055,0.0009173695599819714,0.9679376806370893,0.14787690456765845,0.10667063844088567
95472.0,0.7082075646166313,0.025764101698826605,0.00020291532791657434,0.2658254183566244,0.7082075646166313,0.6925309540745519,0.49955548655272924
95473.0,0.7657749430919605,0.20615813856134485,1.7937948280692496e-05,0.028048980398415743,0.7657749430919605,0.6303443354002539,0.4546973233671979
95474.0,4.1724565699971956e-05,2.513519856195535e-05,9.318606088099906e-06,0.9999238216296483,0.9999238216296483,0.0008710985392506616,0.0006283647713512748
95479.0,0.9623949479629691,0.03692230506897201,3.476022294274808e-06,0.0006792709457645537,0.9623949479629691,0.16369202445818232,0.11807883595944728
95480.0,0.18280653716461842,0.8138371280341868,0.001827127826710592,0.0015292069744859058,0.8138371280341868,0.499728372547417,0.36047782243283544
95484.0,2.617455343746202e-32,5.1522927323902445e-08,0.9999999484770696,1.1015448421208403e-26,0.9999999484770696,9.161415513040917e-07,6.608564364093675e-07
95486.0,0.04788343470542289,0.8570636863073632,5.49037000810811e-05,0.0949979752871316,0.8570636863073632,0.5018674957561808,0.3620208736554025
95488.0,1.7004896891346774e-06,0.0005390883663043242,0.011973243798171992,0.987485967345834,0.987485967345834,0.06949754520727984,0.050131881912249585
95493.0,0.3872757434230319,0.2769641633939626,1.1194266611931964e-05,0.3357488989163927,0.3872757434230319,1.0895232445016187,0.7859248908878695
95495.0,0.4804960594350524,0.4279533745549516,0.003287684156649199,0.08826288185334705,0.4804960594350524,0.9484446015588839,0.6841581616134553
95499.0,0.05195431315800313,0.9316027353980402,0.0011531495505259042,0.015289801893431076,0.9316027353980402,0.2913735642504318,0.21018159809511988
95501.0,0.005271249929281706,0.16884281758034186,8.366484351899778e-05,0.8258022676468583,0.8258022676468583,0.48682968884835,0.35117338892951583
95503.0,0.0020885675783503914,0.5352967965504767,3.858080597769014e-05,0.4625760550651958,0.5352967965504767,0.7044267139704177,0.5081364634574149
95504.0,2.4978451793628324e-12,4.7833580662513985e-06,0.853190701061001,0.1468045155784329,0.853190701061001,0.4171885386218638,0.3009379178927383
95505.0,0.9889161438467154,0.010853219801792893,8.445015603913994e-05,0.0001461861954512768,0.9889161438467154,0.062197504064723984,0.04486601533492422
95506.0,0.520712595727241,0.03609297789994675,6.59053281131138e-05,0.44312852104469774,0.520712595727241,0.8209779259350047,0.592210391212869
95508.0,0.0004587860996169992,0.995167477477963,0.002180463346091888,0.0021932730763265084,0.995167477477963,0.03513784450906947,0.025346597010381007
95509.0,0.2975347922001655,0.6979115776313276,0.00012268515777692142,0.004430945010730489,0.6979115776313276,0.6368085369717752,0.4593602591424681
95510.0,0.7347922516644178,0.19642469303157345,0.047364202826023334,0.02141885247798533,0.7347922516644178,0.7728941273707064,0.5575252623449605
95514.0,0.24259853541914775,0.13090150306419043,4.2934133200619045e-05,0.6264570273834601,0.6264570273834601,0.9031772276805459,0.6515046537092829
95515.0,0.00938444873303669,0.8239920387460614,0.14255503875309228,0.02406847376780841,0.8239920387460614,0.5707341730172386,0.4116976805389169
95519.0,2.617744657934454e-13,2.702593929666086e-09,0.9999999875054543,9.791692620902244e-09,0.9999999875054543,2.4639751959853713e-07,1.7773823980607535e-07
95522.0,0.9781901271254646,0.014721004762850999,1.0665889759253926e-05,0.007078202221925261,0.9781901271254646,0.11883496608284605,0.08572130812596508
95524.0,0.2714646489617982,0.6055839724483125,6.765745297186598e-05,0.12288372113691712,0.6055839724483125,0.9159843896743973,0.6607430682574784
95525.0,0.8290966699609077,0.12700300923010047,0.0032646057270208843,0.04063571508197136,0.8290966699609077,0.5663136278191813,0.40850893122128545
95531.0,0.8576306501728549,0.08968044876337994,0.0001107658390077516,0.05257813522475656,0.8576306501728549,0.5038564348678687,0.36345558995193356
95533.0,0.03016404882936634,0.9673817123584719,0.000753687018247154,0.0017005517939152764,0.9673817123584719,0.1539514126946992,0.11105246981624638
95534.0,0.00903077427755007,0.983582168464836,0.00033819292579322747,0.007048864331820022,0.983582168464836,0.09642036862437717,0.06955259382753737
95535.0,0.43158135718836466,0.13628219013774942,0.00027054397624428256,0.43186590869764135,0.43186590869764135,0.9991061447685418,0.720702740189633
95537.0,0.31182741265322955,0.20233955454413532,0.0001948094060775302,0.48563822339655793,0.48563822339655793,1.0391105651424106,0.749559829633142
95539.0,0.0001967695220657948,0.9842866552315924,0.014288406411011232,0.0012281688353288696,0.9842866552315924,0.08620137216951132,0.06218114607338895
95540.0,0.37856916789440803,0.4087963016550807,2.423662189282542e-05,0.2126102938286176,0.4087963016550807,1.0628504626076558,0.7666845458053029
95541.0,0.00023538891896363861,0.2191106435713898,0.0014468069132786512,0.7792071605963669,0.7792071605963669,0.538470664802805,0.38842447888759507
95542.0,0.9899040638242805,0.00596996244993711,0.0026481603688210333,0.0014778133569618194,0.9899040638242805,0.06596215050118105,0.04758163370721268
95544.0,0.006371504838973598,0.05920885855897715,0.0008456611750352107,0.9335739754270136,0.9335739754270136,0.2697312162009608,0.19456994399303748
95547.0,0.002121912200041344,8.669553971031854e-06,0.9670333886042667,0.030836029641719893,0.9670333886042667,0.15286023999625165,0.11026535509584452
95548.0,0.7391069175199783,0.016023128573923278,0.008125027857750355,0.23674492604834668,0.7391069175199783,0.669876199851794,0.48321353576786374
95549.0,0.00014889447074459673,0.009781704298009071,0.018042685039945355,0.9720267161913005,0.9720267161913005,0.1465943885577099,0.10574549869717893
95550.0,0.022827438255029763,0.9483749943200492,8.14418912469989e-05,0.02871612553367488,0.9483749943200492,0.23926944659539828,0.1725964220197139
95553.0,0.728637537306681,0.2340009183785753,3.4987002379744e-05,0.03732655731236388,0.728637537306681,0.6936318423971091,0.5003496096144922
95556.0,0.9683482941913215,0.015877115926167865,3.297089660766746e-05,0.015741618985901512,0.9683482941913215,0.16261310580220673,0.11730056066219799
95557.0,2.5986311232234597e-05,0.00029438517647970437,0.9996796285122819,6.666985182453658e-15,0.9996796285122819,0.0029882165474382624,0.002155542597045761
95559.0,0.38111953714810387,0.09664328673261816,1.2813373670773151e-05,0.522224362745608,0.522224362745608,0.9328846795840071,0.6729340504785684
95561.0,0.17605283925201295,0.26238056095943363,0.0009415512285977344,0.5606250485599553,0.5606250485599553,0.987849294876197,0.7125826394317744
95563.0,0.9095309158880674,0.022005475238710895,0.06844492850733504,1.86803658880526e-05,0.9095309158880674,0.3539844701080106,0.2553458197882672
95565.0,0.0060856549493207394,0.9563273666082601,1.7108728627948886e-05,0.03756986971379065,0.9563273666082601,0.1972280100738204,0.1422699360289496
95566.0,2.0819149980253723e-05,0.0319763456205523,0.6892591722995739,0.2787436629298936,0.6892591722995739,0.7228953750548083,0.5214587863365696
95568.0,0.9961215739356374,0.00041592598308490476,1.389610100232953e-06,0.0034611104711760694,0.9961215739356374,0.026738847080100304,0.019288001040774525
95569.0,0.1488424919914371,0.08168320344384225,0.0001689538260309123,0.7693053507386907,0.7693053507386907,0.6913650762589785,0.49871448348132413
95571.0,0.0029387871713305296,0.03413184868330744,0.008305136696794592,0.9546242274485661,0.9546242274485661,0.21653284909603004,0.1561954337902004
95572.0,0.00447271821173914,0.9950001455135288,0.00012415345265439924,0.0004029828220790386,0.9950001455135288,0.0334502591401823,0.024129261488995864
95573.0,0.02066644952789288,0.32264639880564816,0.002041762041329082,0.6546453896251311,0.6546453896251311,0.735141906304793,0.5302927912877919
95574.0,0.5699782840017038,0.034441230854775406,3.5618790359521942e-06,0.3955769232644858,0.5699782840017038,0.8033392924276059,0.579486806668278
95576.0,0.6818361714336266,0.31670134174294834,0.0013815798402565349,8.09069831701557e-05,0.6818361714336266,0.6351213184121517,0.4581431882180358
95577.0,0.8352341755035023,0.06720166921668194,1.612093381015255e-05,0.0975480343460071,0.8352341755035023,0.5590387438039757,0.40326121167539575
95578.0,0.8741343658310484,0.1236740244323754,0.0017339425707568411,0.00045766716581791526,0.8741343658310484,0.39062387106996815,0.28177556082274646
95581.0,0.0006842643065918282,0.9793335109434246,1.6546403901459117e-05,0.019965678346081473,0.9793335109434246,0.10376044866505944,0.07484734236474756
95583.0,0.4091863571137638,0.47122260519203624,0.0003712049622828385,0.11921983273191696,0.47122260519203624,0.9766892839025503,0.7045323931878011
95586.0,0.9962713408501117,0.00010200973058544107,6.940021948366272e-08,0.0036265800190844514,0.9962713408501117,0.02503979782111801,0.01806239607069461
95587.0,1.3088082868681544e-06,0.0030456041500673127,0.12250790309525555,0.874445183946393,0.874445183946393,0.3921997647472113,0.2829123278193099
95588.0,3.012746663813289e-07,0.33622628780899605,0.6637734108604769,5.5860837319927004e-11,0.6637734108604769,0.6385053107993457,0.4605842227357412
95589.0,0.5768150614002666,0.3313503238745559,6.592362164415012e-05,0.09176869110353215,0.5768150614002666,0.9032083606485082,0.6515271113985266
95590.0,0.5459100606055977,0.4346713476007757,0.0001143185198267106,0.01930427327380175,0.5459100606055977,0.7698327644477985,0.5553169557913402
95591.0,0.9987215017832959,0.0009057618148798736,4.656122575366019e-05,0.00032617517607098917,0.9987215017832959,0.010707108187597842,0.0077235459422545115
95593.0,0.26179942948468266,0.7291452818212463,0.00023778249777910236,0.008817506196292506,0.7291452818212463,0.6248814012915833,0.4507566493935568
95594.0,0.49036009527208924,0.14742642543253415,5.257012192994509e-06,0.36220822228318533,0.49036009527208924,0.9995744840913565,0.721040575598872
95595.0,4.399365193295225e-11,3.197898546080371e-07,0.00026974737939835787,0.9997299327867535,0.9997299327867535,0.0024916050588816383,0.0017973131311511967
95597.0,0.9185344212341613,0.06745970898637599,0.00017968681361422217,0.013826182965848808,0.9185344212341613,0.32068203111093574,0.23132318799297363
95598.0,0.5180794409266499,0.207250189973718,4.019378816931908e-05,0.27463017531146333,0.5180794409266499,1.0221987577832254,0.737360539328359
95599.0,0.2512848407979419,0.3544368190029283,0.0020256030430878974,0.39225273715604214,0.39225273715604214,1.09434927159137,0.7894061335626595
95601.0,0.0003046206714888837,0.9627969060256534,6.493607230285075e-05,0.03683353723055658,0.9627969060256534,0.16119504781456467,0.1162776480489659
95602.0,0.00022011781485052918,0.8321531879801837,1.8819722626553576e-06,0.16762481223270384,0.8321531879801837,0.4541597232369107,0.32760699024269757
95607.0,0.9468891564345683,0.013599060841104689,2.0210215206050013e-06,0.039509761702807504,0.9468891564345683,0.2378109724563055,0.1715443553158469
95609.0,0.24049695747885283,0.0405202147633682,0.0013190613193851922,0.7176637664383926,0.7176637664383926,0.719460009630505,0.5189806940059277
95610.0,0.11284026208562963,0.1724256076980807,1.7649610007415365e-05,0.7147164806062839,0.7147164806062839,0.7895252932886562,0.5695221126419744
95611.0,0.8898803463036608,0.0006982993431605322,0.10719966486838257,0.0022216894847970252,0.8898803463036608,0.3618521424646865,0.261021145734425
95615.0,2.362480322191696e-07,0.9939152955744592,0.006083312333889161,1.1558436204845527e-06,0.9939152955744592,0.03712387320442338,0.026779213885306144
95622.0,0.9571617216598033,0.03602547575992414,9.443776102530299e-05,0.006718364819247523,0.9571617216598033,0.19612562625997065,0.14147473419825096
95625.0,0.9987096685502151,0.0009016270270986847,0.0003886346698686597,6.975281909514036e-08,0.9987096685502151,0.010664132123886496,0.007692545265257869
95626.0,3.34979952781862e-35,1.6342271864251016e-16,1.0,4.020756924463467e-42,1.0,1.067249536536822e-13,7.698578068763589e-14
95630.0,2.844101508091428e-07,0.7734532973369799,0.22650422427516329,4.219397770708176e-05,0.7734532973369799,0.5354786152481016,0.3862661713602627
95633.0,0.7698715298814549,0.0230950625577975,0.0028464978317241417,0.20418690972902523,0.7698715298814549,0.6294520370486913,0.45405366616380155
95636.0,0.6855231326918234,0.11240046461370064,4.579657546798258e-06,0.20207182303693075,0.6855231326918234,0.8277031448501027,0.5970616112017213
95637.0,0.00029375300869913343,0.9688697065714885,0.019176477940297,0.011660062479515699,0.9688697065714885,0.160760584521903,0.11596424903008026
95639.0,0.9879957409853131,0.0026583975495563044,1.826654451598184e-05,0.009327594920613394,0.9879957409853131,0.07150003202160755,0.05157637081048765
95641.0,3.201655034234265e-19,0.0004646493711794967,0.9995353506284984,3.183948850285266e-13,0.9995353506284984,0.004030366386060568,0.0029072947990675772
95643.0,0.009909716756800597,0.01118029218529578,0.0028033202929298477,0.9761066707649743,0.9761066707649743,0.13604615546961038,0.09813655691400791
95644.0,0.2873725897219199,0.5803663542891905,7.381127877259492e-05,0.13218724471011625,0.5803663542891905,0.9423093541434208,0.6797325161029976
95645.0,0.0003934864272942337,0.9954298638900972,0.00044029345581767714,0.0037363562267916633,0.9954298638900972,0.03193231421762626,0.023034295682938775
95648.0,0.0007197796402112536,0.9967646964974703,0.0002452239328421446,0.00227029992947702,0.9967646964974703,0.02429865663341504,0.0175277757126458
95649.0,0.4070946399300159,0.5446681244676222,0.0014110369845406734,0.046826198617820024,0.5446681244676222,0.8493994291117593,0.6127121720567259
95652.0,0.9769835264268546,0.016608214085421028,5.2423590647401125e-06,0.0064030171286595895,0.9769835264268546,0.12321292980489455,0.08887934140146067
95654.0,0.0014738927206028407,0.9871531921777797,0.01059120126818009,0.0007817138334374036,0.9871531921777797,0.07613182831410434,0.05491750558128415
95655.0,0.1280340460303324,0.5073021266960653,8.800408764825967e-05,0.3645758231859532,0.5073021266960653,0.9761349458244403,0.7041325227896685
95656.0,2.0892703424926683e-37,1.4330572480507017e-09,0.9999999985669419,1.5922084377414125e-29,0.9999999985669419,3.061512636769855e-08,2.2084145493433823e-08
95657.0,0.9939256254932531,0.003669055340422649,0.00010470874239841552,0.0023006104239244964,0.9939256254932531,0.0415661229374079,0.029983619715389685
95658.0,0.0013606870418224933,0.00499438005849927,0.9588112773567361,0.034833655542941135,0.9588112773567361,0.19271876468595311,0.13901720304933582
95662.0,0.8899533841018196,0.05896034054216543,1.53369796711104e-05,0.051070938376344875,0.8899533841018196,0.4227490783506095,0.3049489994384021
95663.0,0.005809781128990322,0.9668782115508112,0.006408875343820776,0.020903131976377512,0.9668782115508112,0.1756926795315448,0.12673547874032678
95664.0,0.03354050956766401,0.003439179704407465,0.01174142870338554,0.9512788820245425,0.9512788820245425,0.23307971054307586,0.1681314712661653
95665.0,0.08371983819978476,0.2174018830107703,0.08109303068575854,0.6177852481036853,0.6177852481036853,1.0406583017926154,0.7506762856280683
95666.0,0.0014919649007563134,0.006555171356588268,2.164330905442125e-05,0.9919312204336007,0.9919312204336007,0.050933938753324484,0.036741070426181716
95668.0,0.7052557647673918,0.0535784594573181,8.267440661167738e-05,0.2410831013686782,0.7052557647673918,0.7468200555002612,0.5387167952533236
95669.0,0.31088466395791065,0.6634408792102587,0.0026687028702006943,0.023005753961630678,0.6634408792102587,0.7380301236747389,0.5323761997261071
95671.0,0.45212852700684497,0.5054842284171756,0.0005086247550145361,0.041878619820965426,0.5054842284171756,0.8404926525418402,0.6062872908628618
95672.0,1.1352922127167932e-05,0.9989917606413066,0.0009583927977826625,3.849363878228044e-05,0.9989917606413066,0.008189356471523114,0.005907371984769168
95673.0,2.827690620797972e-06,0.8919064634119264,0.10808795481686616,2.754080588103293e-06,0.8919064634119264,0.34257530702470557,0.2471158482877784
95674.0,0.02871191703635033,0.7250164124710008,0.00046117958442831573,0.24581049090822063,0.7250164124710008,0.6835395767524339,0.49306957881603874
95675.0,4.16558684456323e-06,0.9638605986627449,0.03610087566590268,3.436008450660343e-05,0.9638605986627449,0.15578996722235217,0.11237870656597082
95676.0,0.40812500469600543,0.1320452409471888,1.1324734219603085e-05,0.4598184296225854,0.4598184296225854,0.9904671482597956,0.7144710214789205
95678.0,0.14724048990491317,0.7779312690515792,0.07286710868163951,0.0019611323618686912,0.7779312690515792,0.6804923987994551,0.49087150455530437
95680.0,0.046460326434094604,0.6351200091734562,0.0001754955797756589,0.31824416881267353,0.6351200091734562,0.7967882104663029,0.5747611999392634
95684.0,0.9784806608749362,0.009976887940075908,0.0036213068143009213,0.0079211443706871,0.9784806608749362,0.12593378433931474,0.09084202307335479
95685.0,0.0018910554573928816,0.003747394041664508,0.0004798760238387079,0.9938816744771031,0.9938816744771031,0.04256041113343571,0.030700847040201568
95687.0,4.5716138788170225e-30,4.575376284993091e-06,0.9999954246237132,1.897444111015156e-21,0.9999954246237132,6.082880113244624e-05,4.387870486850058e-05
95689.0,0.00022207352618560714,0.9546698275808774,0.0009976985031956624,0.04411040038973994,0.9546698275808774,0.19072041657696018,0.13757569959592886
95690.0,0.003464873365128781,0.6339397487453968,0.0003265116236173607,0.36226886626585736,0.6339397487453968,0.6790367449952461,0.48982147229301265
95694.0,0.9904357507692979,3.1631814622715445e-07,0.0095639312212562,1.6912981479735946e-09,0.9904357507692979,0.05399308422886749,0.038947777429643615
95699.0,0.9882624598045524,6.343450593572451e-05,1.9984287105574494e-07,0.011673905846639502,0.9882624598045524,0.06423813447968271,0.04633801902489829
95700.0,3.848561162123768e-08,0.2742198457020578,0.7095521362660683,0.01622797954626153,0.7095521362660683,0.6651314417199171,0.4797909162543255
95703.0,0.24073093181657954,0.010474001889659388,0.008254351301351317,0.7405407149924098,0.7405407149924098,0.652604418683689,0.4707545792485915
95704.0,0.45479834117394025,0.4962876795157731,7.693003454694556e-05,0.04883704927573978,0.4962876795157731,0.8542158266326385,0.6161864684658871
95708.0,0.7079180540121123,0.28602022612400374,0.0004565402562358739,0.005605179607647664,0.7079180540121123,0.635112649479351,0.4581369349048551
95710.0,0.19574889481500782,0.42765175669108646,0.00010738263174599633,0.37649196586215883,0.42765175669108646,1.0512791830409194,0.7583376319814676
95711.0,0.6445737929181865,0.30751902329249053,0.0001319765304073404,0.04777520725891542,0.6445737929181865,0.7921821482099342,0.571438628351619
95713.0,0.013553485729358803,0.8950552165450009,0.0008912232567206782,0.09050007446891804,0.8950552165450009,0.3812064887870361,0.2749823554638756
95714.0,1.2528294706097541e-08,1.1733149601405051e-05,6.829289922249636e-06,0.9999814250321826,0.9999814250321826,0.00023323983675818316,0.0001682469779143911
95716.0,0.995207755280319,0.004125979876867952,0.0005517802614322142,0.00011448458138009218,0.995207755280319,0.0326128470954357,0.02352519638692756
95718.0,0.006979102510918886,0.9715547348352385,4.525015405811882e-05,0.021420912499782806,0.9715547348352385,0.1454684200333154,0.10493328409400843
95719.0,0.9969884222594347,0.0023722041703309353,1.7273038100639955e-05,0.0006221005321326695,0.9969884222594347,0.022126510810235957,0.01596090370905173
95720.0,0.763136227222802,0.23384762559519728,1.1574735053130799e-05,0.00300457244694883,0.763136227222802,0.5636715963953765,0.40660310840478747
95722.0,0.2352277503805899,0.019452771779085644,7.138746063691078e-05,0.7452480903796884,0.7452480903796884,0.6368741213892419,0.45940756829938756
95723.0,8.846506316379167e-07,0.08733119530676048,0.9126679185667059,1.4759013791634303e-09,0.9126679185667059,0.29633247259931034,0.21375869433669484
95725.0,2.09502785749368e-05,0.9793768023997169,0.013774669455339967,0.006827577866369325,0.9793768023997169,0.11370584274417489,0.08202142772356072
95726.0,0.8998929890248174,0.009160698621098027,1.8679165275338517e-06,0.09094444443755761,0.8998929890248174,0.35597435335417027,0.2567812171338585
95727.0,0.5264110520823344,0.45044341702433754,0.001184610333248527,0.02196092056007951,0.5264110520823344,0.7888624887758743,0.5690440002501397
95731.0,0.6322881026533271,0.015092591728625766,2.8198898813502006e-06,0.35261648572816423,0.6322881026533271,0.7207332101692308,0.5198991140575662
95734.0,0.12985039439904028,0.7174465548951027,0.0008198945835154085,0.15188315612234066,0.7174465548951027,0.7953781101139796,0.5737440275465372
95736.0,0.05016841637869432,0.1305999423148244,0.0016074195852653966,0.8176242217212148,0.8176242217212148,0.5909452012719304,0.4262768556560722
95744.0,0.21518826960100917,0.4575643244854745,0.00046176020509686497,0.32678564570841995,0.4575643244854745,1.0573625493084278,0.7627258531544904
95745.0,0.23268122489832008,0.715178254154379,0.0008298523032990476,0.05131066864400244,0.715178254154379,0.7372862590640724,0.5318396148336564
95748.0,0.3025099611116622,0.26944625306613273,0.0004558341755456791,0.427587951646658,0.427587951646658,1.081825080593387,0.7803718394406912
95752.0,0.9861735969557285,0.01186972864384902,0.0019565233018653035,1.5109855671893986e-07,0.9861735969557285,0.07856234875728829,0.05667075547636452
95754.0,0.5542430485278468,0.04740681022387443,0.007053869694627088,0.39129627155365326,0.5542430485278468,0.8737261096136539,0.6302601627174127
95756.0,0.9907138990783575,0.008637106172978703,9.750703698686036e-06,0.000639244044964228,0.9907138990783575,0.055097970643309936,0.03974478450507447
95761.0,0.6832678344468659,0.23217601815147093,3.247250095405367e-05,0.08452367490071022,0.6832678344468659,0.808442575504941,0.5831680472622399
95762.0,0.662311048387543,0.02734930624079537,0.00681607815521583,0.3035235672164457,0.662311048387543,0.7672090357176692,0.5534243355775424
95763.0,2.0449635624424282e-17,0.0011500354830359498,0.9988499645169595,3.288200055080494e-15,0.9988499645169595,0.00893277094119538,0.006443632169129807
95765.0,7.795590211572393e-07,0.8616422864382203,0.13703737001708802,0.0013195639856684073,0.8616422864382203,0.4094337927896032,0.29534405121496
95767.0,2.2493610191377e-12,8.055441382182941e-07,0.0001566997265025755,0.999842494727111,0.999842494727111,0.0015416704980990886,0.0011120801911461867
95768.0,0.4797439241517444,0.5062510956015368,0.013943213164563513,6.176708215464902e-05,0.5062510956015368,0.7571644615577551,0.5461787069133677
95770.0,0.00269208119961946,0.6611066745513555,0.0010610102456943022,0.33514023400333187,0.6611066745513555,0.6631664172078766,0.47837345069495246
95771.0,0.0011979893996503202,0.19726074452070924,0.0009391596494506153,0.8006021064301895,0.8006021064301895,0.5128516386795142,0.36994425791735686
95772.0,0.00436086483882513,0.9730251170704993,0.001219687696854515,0.02139433039382025,0.9730251170704993,0.1407457656437509,0.10152660906017984
95773.0,0.0009196469952228274,0.9558982528842371,0.0015582271405758627,0.04162387297996502,0.9558982528842371,0.19194275890147366,0.138457433200851
95775.0,0.6700654798089156,0.06523866712276799,7.146431861921569e-06,0.2646887066364542,0.6700654798089156,0.7982720180447087,0.5758315408567632
95777.0,6.855727109947444e-05,0.9940092773706075,0.005719351926264706,0.00020281343202803925,0.9940092773706075,0.037888786735875035,0.027330982364573226
95780.0,1.0592025193997467e-06,0.9473631226525193,0.05230167454302169,0.0003341436019380945,0.9473631226525193,0.20824358519479597,0.15021599382873527
95785.0,0.10519998982175532,0.1200892254953983,0.0008664156263866405,0.7738443690564605,0.7738443690564605,0.6959414945969639,0.5020156715019466
95787.0,0.0011747769755078184,0.16351550531948428,9.064263634602355e-05,0.8352190750686603,0.8352190750686603,0.45526180118058535,0.32840197143470384
95788.0,0.9867074431231206,0.00996979598462251,6.1581531782040205e-06,0.003316602739079698,0.9867074431231206,0.07815433535288661,0.056376436018791255
95789.0,0.9529265861353382,0.020063099429429774,0.00012132114984137275,0.02688899328539237,0.9529265861353382,0.22269735160657417,0.1606421823909552
95791.0,0.0014263634669418603,0.0733516736908919,0.0003762277375338637,0.924845735104634,0.924845735104634,0.27620026447114565,0.199236375922371
95792.0,0.029783277300236655,0.029494819116733836,0.005610773827652238,0.935111129755379,0.935111129755379,0.30039644656816855,0.21669023188228162
95793.0,0.08768034529596327,0.010798189166596608,0.0004345769658516059,0.9010868885715888,0.9010868885715888,0.35953282790743224,0.2593481139294188
95794.0,0.0004783987341223246,0.9423364252504518,0.05705557765690592,0.00012959835852114726,0.9423364252504518,0.22417729160372774,0.16170973343830852
95798.0,0.21716732206216166,0.6001183598787432,0.00013392691359178196,0.18258039114550292,0.6001183598787432,0.9497550494969491,0.6851034499842502
95799.0,0.9908608189810773,0.007990804832850747,0.0011463634019753229,2.0127840964049715e-06,0.9908608189810773,0.05547720388965186,0.04001834346699333
95802.0,0.0005247127547983739,0.9932977537266003,0.004932857338640463,0.0012446761799608675,0.9932977537266003,0.045170735664576016,0.03258379816829503
95803.0,0.0071501738725524636,0.9808675216344813,0.005602081778400313,0.006380222714565608,0.9808675216344813,0.1155683736985942,0.08336495980928219
95807.0,7.385132888981068e-06,0.0016647487691430062,0.0017919492020394992,0.9965359168959301,0.9965359168959301,0.0255296323109949,0.018415736965395495
95809.0,8.078781761376731e-05,8.836771588522033e-05,0.999788245490436,4.259897606617392e-05,0.999788245490436,0.002226578061757231,0.001606136563924659
95811.0,0.9619625710946537,0.0009760312557817696,7.942981056113605e-07,0.03706060335145963,0.9619625710946537,0.16620380477099847,0.11989070245999847
95812.0,0.3186641985458693,0.6466939257580598,0.00026104082773500763,0.034380834868334514,0.6466939257580598,0.7643382887839385,0.5513535293950722
95813.0,3.308666853935086e-07,5.3572010493746044e-05,0.9999441482818799,1.948840942126542e-06,0.9999441482818799,0.000613264170705385,0.0004423765889157709
95814.0,0.0006611395729700186,0.13718705098125755,0.001896952100291696,0.8602548573454806,0.8602548573454806,0.4187306750802233,0.302050334203163
95822.0,0.0006874050318891932,0.9931296010832569,0.0008368650904485292,0.005346128794403728,0.9931296010832569,0.04575037390472309,0.033001918775579925
95824.0,0.8693800969670779,0.12334265749797117,0.00014021922643772054,0.007137026308514922,0.8693800969670779,0.41634003203572834,0.3003258497707487
95825.0,0.8049854823694198,0.030448955134503332,3.769014384348781e-05,0.16452787235223254,0.8049854823694198,0.5782483621131129,0.4171180222113768
95828.0,3.6868069336389845e-13,0.9484574786721568,0.05154252132047193,7.001978883702235e-12,0.9484574786721568,0.20303229772211961,0.14645684453199678
95829.0,0.0017658591944208599,0.9575423761622256,0.015367811228977823,0.02532395341437693,0.9575423761622256,0.20999621330138724,0.15148024776768618
95831.0,0.8669286239157394,0.04296992747729769,5.2888088378659716e-05,0.09004856051858529,0.8669286239157394,0.4763377986348129,0.34360508993920513
95833.0,0.003291554292955824,0.16434090858561326,0.0013277221082205661,0.8310398150132111,0.8310398150132111,0.4781867086339918,0.3449387965826378
95836.0,0.00047703295773956274,0.08738725558931124,0.0017039236086533684,0.9104317878442956,0.9104317878442956,0.31294027741023017,0.22573869315707779
95838.0,1.3909476850484969e-08,0.5890578349730399,0.410942150391577,7.259057206575128e-10,0.5890578349730399,0.6771998963424453,0.48849646607188296
95839.0,0.6073465672080701,0.30798257273522767,0.001176699153437009,0.08349416090326409,0.6073465672080701,0.8808227221002267,0.6353792865381573
95841.0,0.0006641996981592659,0.7948061700493043,0.0004042231965772379,0.20412540705595875,0.7948061700493043,0.5149106255209268,0.37142950297003763
95843.0,0.05783294128261923,0.7179126269381598,0.010303229078556493,0.21395120270066334,0.7179126269381598,0.7798114853946192,0.5625150814035368
95844.0,5.861191529557851e-09,0.830334608594071,0.16955438160260128,0.00011100394213602483,0.830334608594071,0.45628020861768404,0.32913659711425725
95846.0,7.826185959087887e-05,0.9996886089495823,0.00021707058763480757,1.6058603191651542e-05,0.9996886089495823,0.003059671783210632,0.0022070866541929355
95848.0,0.5694033203405306,0.3109515979050828,5.396571543721401e-06,0.11963968518284443,0.5694033203405306,0.9379898025994349,0.6766166183073112
95849.0,0.9996002400775151,0.00016225047331088686,8.492746429937185e-07,0.0002366601745320583,0.9996002400775151,0.0038032581199646215,0.0027434708144468208
95850.0,0.007472088703605928,0.001787884519532884,0.0007229687553146895,0.990017058021545,0.990017058021545,0.06306069435904464,0.045488675513404166
95851.0,0.37524023327116207,0.06773462280955779,7.168076727577756e-06,0.5570179758425539,0.5570179758425539,0.8761868886426705,0.6320352395683556
95853.0,2.332202696437876e-06,0.00030883770296600714,0.0015658377212860247,0.9981229923730518,0.9981229923730518,0.014516000747818123,0.010471081146208846
95854.0,0.003090556291263394,0.0001915330610405182,0.0006059439495567483,0.9961119666981384,0.9961119666981384,0.027870919150614272,0.020104618421804225
95858.0,0.24560239411489004,0.114532262839932,1.3846167945046764e-05,0.6398514968772337,0.6398514968772337,0.8788765880467,0.6339754475641932
95860.0,0.7979710187830908,3.528310646604179e-05,0.20199369434963044,3.760811595968569e-09,0.7979710187830908,0.5035430033717937,0.3632294969194107
95862.0,0.003447278567539918,0.025841322367989767,0.9699200513892671,0.0007913476752038568,0.9699200513892671,0.14929142361742012,0.10769099825005274
95863.0,0.0007149407628518927,0.9961757539398933,0.002915351723998337,0.0001939535732554522,0.9961757539398933,0.02767249432881781,0.01996148516860671
95865.0,0.00501057287053048,0.1266130226115349,0.0004124963678466638,0.8679639081500883,0.8679639081500883,0.4143208712873786,0.2988693331715478
95866.0,4.9443501341729586e-05,0.9979322167896436,0.0017360232956738204,0.000282316413341247,0.9979322167896436,0.015897524973609106,0.011467640220917154
95867.0,8.011816672834778e-10,1.3707730806741284e-06,0.0004122910311284017,0.9995863373946079,0.9995863373946079,0.003645405472956717,0.002629604198932071
95869.0,0.07539873247367594,0.8248024250072595,0.0930131655593559,0.006785676959709001,0.8248024250072595,0.608557503444231,0.43898144615738016
95870.0,0.00086545831381909,0.00137796171111269,0.00037036799156246823,0.9973862119835076,0.9973862119835076,0.020716921482816716,0.014944099942872853
95873.0,0.9991915980703038,5.7173023939099614e-05,0.0007499987056353433,1.230200122177326e-06,0.9991915980703038,0.006779933815628334,0.004890688446681193
95875.0,0.0401232307334011,0.29704091902467444,0.0008142159745313037,0.6620216342673925,0.6620216342673925,0.7684491406413835,0.5543188821893548
95877.0,0.2678454190026718,0.725351728681881,0.005635778571742635,0.0011670737437047963,0.725351728681881,0.6228214196658245,0.44927068675565446
95880.0,9.686295037127696e-06,0.07225101623018768,0.9244673975927986,0.003271899881977339,0.9244673975927986,0.28128766007505296,0.20290615612676968
95881.0,0.01266938386338385,0.9855002684089936,0.0018283269328266212,2.020794796045504e-06,0.9855002684089936,0.08129406674221722,0.058641273471346594
95882.0,0.9313671546679886,0.06834479108312794,0.00028549145339071936,2.562795492413937e-06,0.9313671546679886,0.2519668311460126,0.1817556488814296
95883.0,1.604534987655872e-05,0.003371836286960294,0.00013733470897692447,0.9964747836541851,0.9964747836541851,0.024110963689532923,0.01739238387297151
95896.0,0.9494536477847022,0.02355376072935423,8.076151731809734e-07,0.026991783870771908,0.9494536477847022,0.23504902706177666,0.16955203285390047
95899.0,0.0007709823515599687,0.9663911379602755,6.347636256767825e-05,0.032774403325596356,0.9663911379602755,0.15120385199538355,0.10907052371852433
95900.0,0.8895879025060475,0.07214864837438355,8.36156843523624e-06,0.038255087551134354,0.8895879025060475,0.41870222664293877,0.3020298129934673
95902.0,0.0025841773699893087,0.1580634223820084,0.002973527418583838,0.8363788728294197,0.8363788728294197,0.4737251380579949,0.34172045371035437
95903.0,0.6890087396575642,0.17771327666070616,0.00011535784990815713,0.13316262583182076,0.6890087396575642,0.8331976302456172,0.6010250446178941
95904.0,0.9773520421645091,0.022308634715543098,0.00010612128983439995,0.00023320183011397367,0.9773520421645091,0.11014591371289496,0.07945348174388862
95908.0,0.5213691413108786,0.407003890487482,7.24687928063123e-05,0.07155449940883366,0.5213691413108786,0.8948363629361358,0.6454879916075399
95910.0,0.19661632441704568,0.028769725128626692,0.0002952575370309703,0.7743186929172976,0.7743186929172976,0.6223326544472607,0.44891811717716396
95911.0,0.9820402095173787,0.006102017013950214,4.3702364242678124e-06,0.011853403232245131,0.9820402095173787,0.10153799086738349,0.07324417794310151
95912.0,0.04166106403707591,0.8854032435141848,0.00017783531166765622,0.07275785713707053,0.8854032435141848,0.4323771140189333,0.3118941590944985
95913.0,0.0010663972805845226,0.030406564114099175,0.9685270386052943,2.1978783805120978e-14,0.9685270386052943,0.1444833364525602,0.1042226964956001
95914.0,3.7166464518934655e-08,0.0035346871162550897,4.763441973294951e-05,0.9964176412975487,0.9964176412975487,0.024004395843641353,0.017315511421578514
95915.0,0.03157946118273283,0.052717228904344826,0.0028324789675845566,0.9128708309453366,0.9128708309453366,0.3640869679715866,0.2626332315724534
95917.0,9.837223181513933e-08,0.8711746445340955,0.12061527820855954,0.00820997888511471,0.8711746445340955,0.4146946984962724,0.299138992501758
95919.0,3.046958037121196e-07,0.940054998258944,0.01972371740243613,0.04022097964281717,0.940054998258944,0.2647946060889389,0.19100893252932935
95922.0,0.7528330587930683,0.24504351366035498,7.764343334270104e-05,0.002045784113233151,0.7528330587930683,0.5717498496633553,0.41243033636916654
95924.0,3.0830852695702134e-05,0.2756644099669477,0.0003625848346972047,0.7239421743456589,0.7239421743456589,0.5922709106858361,0.427233152854623
95928.0,0.6620510151994587,0.3301080470514441,0.00043412875624514587,0.007406808992853426,0.6620510151994587,0.6786027419200092,0.48950840525082523
95931.0,4.639220474323072e-05,0.7804185847165034,0.0003965455344380668,0.2191384775443165,0.7804185847165034,0.5297175939071772,0.38211047290075917
95936.0,0.0029461083779039844,0.004124073576567559,1.6248672540534204e-06,0.992928193178276,0.992928193178276,0.04688110434894073,0.0338175683778074
95939.0,0.08742131188941217,0.8552483063396759,0.00018436985566879893,0.05714601191524186,0.8552483063396759,0.511922242430384,0.36927384023753634
95944.0,0.0015210680294497133,0.5939276371000499,0.0014973728888122986,0.40305392198168866,0.5939276371000499,0.6952921973215324,0.5015473025222826
95945.0,0.9709695562272233,0.0009250548852803208,0.028105245705897928,1.4318159689822797e-07,0.9709695562272233,0.13545558519308912,0.09771055050939109
95950.0,0.9575497790929738,0.02222210400628068,5.953957332607432e-06,0.02022216294341372,0.9575497790929738,0.2050861603041358,0.14793839321286784
95951.0,0.47079006269323626,0.08886829619769164,2.6505668544096433e-05,0.44031513544052703,0.47079006269323626,0.9312352209688934,0.6717442175964803
95952.0,0.5723848770295279,0.42354693976071,0.004061897858853047,6.2853509087618615e-06,0.5723848770295279,0.7056643618131274,0.5090292376599371
95955.0,0.00025071070648486374,0.01725689385398321,0.00010041080361522746,0.9823919846359161,0.9823919846359161,0.09051029016656931,0.06528937338636533
95962.0,1.3262452538937738e-14,1.6800877677580983e-07,0.0001994545089894052,0.9998003774822191,0.9998003774822191,0.0019015607355432659,0.0013716861215587197
95964.0,7.02061802363086e-10,0.9941933084279817,0.005806673068595562,1.780136259461065e-08,0.9941933084279817,0.035687225865542474,0.02574289188965124
95966.0,0.004550516718402464,0.01534232067145641,0.0004597183424148945,0.979647444267725,0.979647444267725,0.11230266276121499,0.08100924732211527
95968.0,0.9992794245989014,0.00015555917397532318,4.978040904091449e-07,0.0005645184230317577,0.9992794245989014,0.006313895304827979,0.004554512722483718
95969.0,0.004684255482165079,0.04488457437309986,0.00029096026010321375,0.9501402098846324,0.9501402098846324,0.215395431821235,0.15537496065931627
95971.0,5.097879251458266e-10,0.0015290454710882564,0.12406747451252113,0.8744034795066018,0.8744034795066018,0.3861897136677735,0.2785769923754128
95973.0,0.9995997522029684,8.018958504941943e-05,2.0519125058286275e-05,0.0002995390869236533,0.9995997522029684,0.0038081718002716666,0.002747015285552565
95976.0,1.2697546599489338e-05,0.9500492916007146,0.04975702954196168,0.00018098131072434844,0.9500492916007146,0.19968567402878162,0.14404276582894668
95977.0,0.3137252007883393,0.0002607103943419756,0.6859705294760485,4.355934126997613e-05,0.6859705294760485,0.6248273582985447,0.450717665614531
95978.0,0.006493735838825391,0.8937133772286266,0.0004147034015864575,0.09937818353096108,0.8937133772286266,0.3658114188141835,0.2638771599118891
95979.0,0.6032166953794549,3.296134397803057e-05,0.39675034327531383,1.2525472451623578e-12,0.6032166953794549,0.6720284918456964,0.48476608626093765
95981.0,0.006640668584616394,0.9791514723311762,0.009472563719108889,0.004735295365098578,0.9791514723311762,0.12341229860761851,0.08902315559295958
95983.0,0.0003821216412073986,0.9743832181393304,0.024618268732528936,0.000616391486933234,0.9743832181393304,0.12404180838497081,0.08947725090994822
95985.0,0.04485342189539188,0.9119078715839057,0.0357487734995546,0.007489933021146654,0.9119078715839057,0.3790786589178247,0.2734474506637923
95986.0,0.0037721359905662187,8.73793075353456e-05,0.2865868439337659,0.7095536407681314,0.7095536407681314,0.6234784906175577,0.4497446632574433
95988.0,6.661844029019763e-09,0.9551499205024232,0.04485006017547517,1.2660257153859247e-08,0.9551499205024232,0.1830631755287414,0.13205216775235054
95990.0,0.9811796757538486,0.005134560384004097,6.493135715015687e-06,0.013679270726433044,0.9811796757538486,0.10449753671513051,0.07537903900201559
95991.0,0.20044200425483716,0.10857667849019378,0.00011226287824345796,0.6908690543767245,0.6908690543767245,0.8197369270890773,0.5913151997724848
95992.0,9.835779522944897e-06,0.014593276450812424,0.9853585038294692,3.8383940193893254e-05,0.9853585038294692,0.07672608300894439,0.05534616973191951
95993.0,4.035707179139182e-06,0.9971992701007933,0.0025094215436582278,0.0002872726483681597,0.9971992701007933,0.020215331021789112,0.014582278907531988
95997.0,0.025203037767282,0.8837420577582812,0.0008561859730690684,0.09019871850136711,0.8837420577582812,0.4250307637783761,0.30659488756415587
95998.0,2.7836523777078356e-05,6.0482460470940784e-05,0.0012537118843762077,0.9986579691313743,0.9986579691313743,0.010597447156511163,0.007644442229390751
96000.0,0.9967983414577694,0.003080044950149754,3.1211350614260284e-05,9.040224146682187e-05,0.9967983414577694,0.022173412241781137,0.01599473594040214
96001.0,7.66199657817741e-09,0.0046763790166624575,0.00173790463676098,0.9935857086845806,0.9935857086845806,0.042528187849783065,0.03067760285443815
96003.0,4.389610818962539e-15,0.9804510337206638,0.0195489583505866,7.92874501682504e-09,0.9804510337206638,0.09627866748510369,0.0694503780620783
96004.0,0.07747401630788905,0.2957300950586325,0.0013056623398674265,0.6254902262936105,0.6254902262936105,0.8606176055267697,0.6208043757976024
96008.0,0.5359384174635063,0.4475905790473089,0.00010103234368266347,0.01636997114550282,0.5359384174635063,0.7623394210442832,0.5499116511073755
96011.0,0.8200046877845849,0.09194370175525314,4.333414315512391e-06,0.0880472770458475,0.8200046877845849,0.596154856249653,0.43003482735662363
96014.0,0.8877140898935444,0.034036140903786594,0.001459000887760204,0.07679076831490902,0.8877140898935444,0.42740905818953945,0.3083104643405355
96016.0,4.9450314490493796e-70,2.3093169059029497e-34,1.0,2.8270616340613088e-86,1.0,1.067249536536822e-13,7.698578068763589e-14
96017.0,0.9575574629917111,0.04174668308124171,2.874887925298915e-06,0.0006929790391223214,0.9575574629917111,0.17919971109726834,0.129265267264382
96020.0,0.04965639096379372,0.9269653271270019,0.001076089063575946,0.022302192845629194,0.9269653271270019,0.31157116436853316,0.22475108685924144
96022.0,0.0005303020316526797,0.9518976203457538,2.5825669874260727e-06,0.0475694950556047,0.9518976203457538,0.19583517332083222,0.14126521669079764
96023.0,2.8780660099270663e-05,0.9981624326832741,0.0017292242674130825,7.956238921307005e-05,0.9981624326832741,0.013885798690431684,0.010016486454734127
96025.0,5.014912040272506e-19,5.336686446965497e-10,0.9999999994663327,3.279257238251404e-23,0.9999999994663327,1.1928230248086982e-08,8.604399312748409e-09
96027.0,0.0004559692249631041,0.8916339252768154,0.10790691111126846,3.1943869542848082e-06,0.8916339252768154,0.34607157756317997,0.24963787437151
96029.0,0.0262009668624673,0.05664998738176815,0.0001485052431310031,0.9170005405126346,0.9170005405126346,0.33882183054801335,0.24440828733826978
96030.0,0.08781262951183201,0.8916650809907365,0.0034406545614384717,0.01708163493599228,0.8916650809907365,0.40488482592724767,0.2920626652482157
96031.0,0.9836954643394045,0.0008655761182615688,3.2494363290710663e-07,0.015438634598701002,0.9836954643394045,0.08667261123793488,0.06252107320693284
96033.0,1.886022612528719e-05,0.9823646982702223,0.01743805631754741,0.0001783851861038888,0.9823646982702223,0.08983223041763187,0.0648002566677561
96034.0,0.007360526685213948,0.9916888625317966,0.0004989862016362995,0.00045162458135161493,0.9916888625317966,0.051701110341992235,0.03729446774942265
96035.0,0.9994880436845129,0.0002907894129570367,1.564446201863327e-05,0.0002055224405118509,0.9994880436845129,0.004797686085530045,0.0034607989616680895
96037.0,0.00021165700092387724,0.10136486475446724,0.0012466828340937338,0.8971767954105139,0.8971767954105139,0.3395005080188432,0.2448978496490344
96038.0,3.084828640789165e-06,0.023894486385637632,0.007183684254861421,0.9689187445308597,0.9689187445308597,0.1553151302349538,0.11203618408249567
96041.0,3.1868303691881703e-12,0.9454119403659322,0.05458803117100451,2.8459875394360214e-08,0.9454119403659322,0.21180950392859177,0.1527882604654654
96044.0,0.0009235251901145328,0.01163689083806536,0.005759086860745259,0.9816804971110752,0.9816804971110752,0.10612886634729701,0.0765557945872065
96048.0,0.005981821722937632,0.9202124931750785,1.92355138403914e-06,0.07380376155059977,0.9202124931750785,0.2995208302658125,0.2160586082337163
96049.0,8.554343634606414e-07,0.9958537662896045,0.0041449073931277974,4.7088290493335825e-07,0.9958537662896045,0.026894881296070927,0.01940055593556943
96050.0,0.9806770315658928,0.01162090948168065,0.001799738868218285,0.005902320084206591,0.9806770315658928,0.11257330732925544,0.08120447611019302
96061.0,0.005929663969192182,0.9922737961521378,0.0011164919802364843,0.0006800478984353319,0.9922737961521378,0.05065158857733781,0.03653739782683666
96063.0,0.9981435495816594,0.0018341058428558447,2.2290573947398426e-05,5.400153777974266e-08,0.9981435495816594,0.013651456314229815,0.00984744416272584
96064.0,0.401742919019002,0.29814073201320446,4.7015165893068396e-05,0.30006933380189976,0.401742919019002,1.088847913880432,0.7854377428187961
96066.0,6.168730841578245e-09,1.6078092062088213e-07,0.999999830191147,2.859202329410186e-09,0.999999830191147,2.8578012390586116e-06,2.061467837718097e-06
96067.0,1.298394836882882e-20,1.7869808566872904e-10,7.180481913787091e-07,0.999999281773109,0.999999281773109,1.0880270884427171e-05,7.848456424245827e-06
96070.0,0.6196834113179285,0.35749835017729026,6.919982433987308e-05,0.022749038680442233,0.6196834113179285,0.7510066680986667,0.5417367978702451
96074.0,0.015880219615234527,0.17162863381243326,0.0029966168947549183,0.8094945296775781,0.8094945296775781,0.5567627975302722,0.4016194634741949
96077.0,0.0004909818630691804,0.8582773536779327,0.00017804301839626174,0.14105362144060068,0.8582773536779327,0.41271652622063976,0.2977120428357184
96079.0,0.00042918093825155564,0.9860063962150437,0.00041918137996237425,0.013145241466743821,0.9860063962150437,0.07742418738920251,0.05584974559563014
96082.0,0.02409608534323535,0.10936402639054037,1.978439996700648e-05,0.8665201038662568,0.8665201038662568,0.4561661159870258,0.3290542966780309
96084.0,4.980257572590601e-11,7.0069787004745775e-06,0.0003545468774218521,0.9996384460940738,0.9996384460940738,0.0032614107094422855,0.002352610528407271
96085.0,0.003604611191272856,0.9877541432468017,0.0003389896223205102,0.008302255939604541,0.9877541432468017,0.07493483030028959,0.054054054032041915
96086.0,0.5730277050367779,0.17783830563865405,0.24725635357608267,0.001877635748486285,0.5730277050367779,0.9834654274024679,0.7094203474996427
96087.0,0.9999889599598559,1.1731134209831685e-06,9.861569812165321e-06,5.3569103373300894e-09,0.9999889599598559,0.00014083484680193521,0.00010159086753275441
96089.0,0.0033394897441776294,0.9613273749196795,0.03533309675672489,3.857941452504264e-08,0.9613273749196795,0.17507348000371217,0.12628882069626432
96090.0,0.030551752999107448,0.7671599233654386,0.0006303997520336181,0.20165792388341902,0.7671599233654386,0.6374547453085212,0.45982639992387037
96091.0,3.348294178524398e-06,3.918345846054639e-06,0.905812317642642,0.09418041571733199,0.905812317642642,0.312202085862936,0.22520620051482407
96092.0,0.9987681729581297,0.0006725105249199598,1.5141767014243365e-06,0.0005578023402487845,0.9987681729581297,0.010342486766661087,0.00746052718436084
96093.0,3.3182579363190925e-06,2.1343697707214193e-06,0.0003393099047695779,0.9996552374675258,0.9996552374675258,0.00312504564525813,0.0022542439274827776
96096.0,0.013931864727797177,0.4880719773962028,0.0012765335758508657,0.49671962430014854,0.49671962430014854,0.7657049228657189,0.5523393475013194
96097.0,0.006074270695963219,0.002147372379704922,0.05339032683012667,0.9383880300942036,0.9383880300942036,0.260307713017238,0.18777232333755836
96098.0,3.108435258247675e-70,2.08992228081283e-37,1.0,2.5445400817248463e-80,1.0,1.067249536536822e-13,7.698578068763589e-14
96099.0,0.01765875772968977,0.6141348304246945,7.644067555372829e-06,0.36819876777806154,0.6141348304246945,0.738665126260559,0.5328342572668643
96100.0,0.9996981575173769,6.384761939433868e-06,0.0002954197930651545,3.7927617782880334e-08,0.9996981575173769,0.002779727055745253,0.002005149219174278
96103.0,9.151531228395884e-10,6.149960622904347e-07,6.474503470329588e-06,0.9999929095853143,0.9999929095853143,9.32599218884768e-05,6.727281341109879e-05
96108.0,0.0016862725144212057,0.06262310700498534,0.00015619430627322305,0.9355344261743189,0.9355344261743189,0.24798260910891823,0.17888164019407132
96111.0,0.00024013497126354382,0.00010485404579445439,2.581925178481805e-06,0.9996524290577635,0.9996524290577635,0.003342862708822142,0.0024113657261951756
96112.0,0.007374015370695571,0.3163382567750877,0.00013089243831178508,0.6761568354159049,0.6761568354159049,0.6660631887269158,0.4804630296475056
96116.0,0.8993159648482143,0.08797362702952319,2.6417182660682605e-05,0.012683990939601191,0.8993159648482143,0.3649499897781845,0.26325577021273233
96117.0,0.01395406091803966,0.9836849565726482,0.0001171261754740585,0.0022438563338384137,0.9836849565726482,0.09053954946093717,0.06531047950580754
96121.0,0.7033005827039145,0.12755585729291768,1.820763848416109e-05,0.16912535236468257,0.7033005827039145,0.8109584131525713,0.5849828405111989
96123.0,0.30215696110330886,0.004041596637959186,4.957135038241785e-05,0.6937518709083511,0.6937518709083511,0.6380531991811118,0.460258093140964
96124.0,0.00732521968632211,0.9041059247342536,0.028621632437686614,0.059947223141736575,0.9041059247342536,0.3975742665882168,0.28678921139594354
96125.0,0.9998291701271647,2.8494272309929565e-05,1.2831609584113458e-07,0.0001422072844279759,0.9998291701271647,0.0017307711626898435,0.0012484874866631312
96130.0,0.5937118376070496,0.13066709236269097,8.216176882433677e-06,0.2756128538533771,0.5937118376070496,0.930753742851014,0.6713969045499997
96133.0,7.695996682902092e-07,8.365864118220168e-05,0.001174755374299638,0.9987408163848502,0.9987408163848502,0.009980392476852283,0.0071993313662401534
96134.0,0.41828422249845043,0.5768734543149129,0.004203248819216832,0.0006390743674194834,0.5768734543149129,0.7096312712046988,0.511890757913375
96135.0,7.10812089809339e-06,0.661745638765011,0.24354796302720313,0.09469929008688738,0.661745638765011,0.8405099165311082,0.6062997441987132
96137.0,0.004897268777445585,0.003087882277317968,3.37722244163598e-05,0.9919810767208186,0.9919810767208186,0.05223214526487176,0.03767752847431122
96138.0,0.09422795147831287,0.8677332397629194,0.0013899380725802023,0.03664887068618597,0.8677332397629194,0.47599469724525123,0.34335759460258375
96139.0,0.8382410873698003,0.0543069005009521,1.8119808251413854e-06,0.1074502001484228,0.8382410873698003,0.54582499479419,0.3937295065914111
96140.0,0.21717065188718337,0.3783129594645708,0.00014273653253697532,0.4043736521157073,0.4043736521157073,1.066758264528217,0.7695034290310878
96141.0,0.002248734554409505,0.8022962876545638,0.00010249037580872216,0.19535248741521735,0.8022962876545638,0.5103813096305976,0.36816229218323887
96143.0,8.926736514670828e-07,0.9971233567846979,0.0028517396278000752,2.4010913850647115e-05,0.9971233567846979,0.019851038166748512,0.014319497159832809
96145.0,0.0006477848076031749,0.9323195390701692,0.06624716654288779,0.0007855095793404192,0.9323195390701692,0.2555272284797627,0.1843239326699274
96149.0,0.5313575510477542,0.45675226894214477,0.0006645887353536174,0.011225591274746162,0.5313575510477542,0.7491659162380143,0.5404089760798099
96150.0,0.010869627749022339,0.0004583980808059718,0.9747368348819041,0.013935139288266446,0.9747368348819041,0.1371650966126118,0.0989437023330353
96151.0,0.9978290817855785,4.319061021309099e-06,0.0021663633905859548,2.3576281250544745e-07,0.9978290817855785,0.015515510125730275,0.011192074757626782
96152.0,0.6652824182680238,0.03363457745627477,0.0003911444361864429,0.3006918598395144,0.6652824182680238,0.7496281070475086,0.5407423762742108
96156.0,0.9443807988253399,0.05458499443401462,2.7496240059043616e-05,0.0010067105005874366,0.9443807988253399,0.2200120392386489,0.1587051389727334
96159.0,1.7074764323385787e-07,7.909322284199738e-06,1.912474316077281e-06,0.9999900074557568,0.9999900074557568,0.00013074954727234562,9.431586172414506e-05
96160.0,0.9927388451935034,0.005576544469440689,0.000619101985461076,0.001065508351593536,0.9927388451935034,0.048038572456186195,0.03465250512696249
96162.0,0.2082100258027174,0.0420048987717801,0.0031136062625486114,0.7466714691629522,0.7466714691629522,0.6959758428089978,0.502040448499529
96163.0,0.0004256324414083059,7.990915705833295e-06,0.0007121562484598065,0.9988542203944263,0.9988542203944263,0.009703793233327795,0.0069998071877669455
96164.0,0.4107934160027278,0.18634029828454,5.1562122962325304e-06,0.40286112950043457,0.4107934160027278,1.044883189650675,0.7537238980086355
96165.0,3.750927660156183e-08,0.9252275181346664,0.07477244116310691,3.1929500208268984e-09,0.9252275181346664,0.26581313372340837,0.19174364491295806
96169.0,2.630167745923865e-07,0.9933683150723072,0.006629842276664002,1.5796342528342917e-06,0.9933683150723072,0.03989117697448285,0.028775401598155205
96170.0,0.000743370725897752,0.9681815906092501,0.029424540075357088,0.001650498589496388,0.9681815906092501,0.15098519641912997,0.10891279706076244
96171.0,0.08344451396098335,0.8812137896876967,0.0003805400948906864,0.034961156256429815,0.8812137896876967,0.43891367286292116,0.3166092896088486
96172.0,0.00021190546441354237,0.997180933560601,0.0015980410512411326,0.0010091199237435527,0.997180933560601,0.02185901718460647,0.015767947845469192
96175.0,0.05944157270445393,0.5620759230442234,0.0002934794453507012,0.37818902480597016,0.5620759230442234,0.8617350150377319,0.621610416377656
96178.0,0.16789091891204935,0.7946981382773444,0.004111492146875027,0.03329945066373,0.7946981382773444,0.6180877064296249,0.44585603445022665
96179.0,0.10633921193479318,0.8289742936399634,0.005856842873872128,0.058829651551372035,0.8289742936399634,0.5905824135950198,0.42601515966488496
96181.0,1.6064021257338537e-29,4.696970972868588e-06,0.9999953030290275,9.793664470585027e-23,0.9999953030290275,6.232218394806596e-05,4.495595285962226e-05
96184.0,1.4222204540058053e-07,0.8305610562341211,0.16943876135413988,4.0189692285346665e-08,0.8305610562341211,0.45499825577867314,0.32821186361251
96185.0,3.791853813804257e-05,0.9951501459068809,0.004692785078834681,0.00011915047614495378,0.9951501459068809,0.0314620691638566,0.022695085579400746
96186.0,0.011236857353534106,0.8130676562602378,0.00017526501543236252,0.17552022137079432,0.8130676562602378,0.5256155300139207,0.37915145928265376
96188.0,0.05241003910330584,0.2918948354973569,3.865683731104098e-05,0.6556564685620262,0.6556564685620262,0.7911247339321648,0.5706758651842674
96189.0,5.071854201932332e-05,0.38883669172753155,4.237863889326573e-05,0.6110702110915561,0.6110702110915561,0.6692004010712975,0.48272604999323315
96190.0,0.9618482839397784,0.02765816322896238,6.18761146292215e-05,0.010431676716631243,0.9618482839397784,0.18484579843783658,0.13333805836771387
96191.0,0.010308927035498298,0.0003146034091099791,0.0028045542714141645,0.9865719152839779,0.9865719152839779,0.07951625186973199,0.05735885112127006
96196.0,1.7724953099479564e-14,6.747638517651988e-09,3.4681047541931586e-06,0.9999965251475883,0.9999965251475883,4.720247161325837e-05,3.404938585707496e-05
96198.0,0.9975027994504911,3.960643661412957e-05,1.3683248645379812e-06,0.002456225788029811,0.9975027994504911,0.01767380480442856,0.01274895527249431
96205.0,0.5910910761849195,0.2762323162026282,0.00012147363947313305,0.13255513397298083,0.5910910761849195,0.9351202457651201,0.6745466706001038
96210.0,2.8663522994054e-05,0.9443047595314329,0.000638947375054474,0.0550276295705177,0.9443047595314329,0.21869006787782547,0.1577515382095048
96216.0,0.9437640959393375,0.03280555343436645,0.0002736279478164802,0.02315672267848056,0.9437640959393375,0.2561666247580565,0.18478515958985606
96217.0,0.1936146243353405,0.7876223864877202,0.0009195243770245487,0.017843464799913646,0.7876223864877202,0.5841961666900211,0.42140845629501783
96219.0,1.5575776142346087e-06,9.136238871780944e-06,0.12221551202871016,0.8777737941548059,0.8777737941548059,0.3714522641257792,0.2679461696906195
96221.0,0.004229825625231189,0.760068908257024,7.904922003399185e-05,0.23562221689771198,0.760068908257024,0.5729850992191992,0.4133213805734047
96222.0,0.9906186978597318,0.0036187705378850537,2.1916116945699526e-06,0.005760339990686908,0.9906186978597318,0.05941375814369543,0.04285796711724283
96224.0,0.9682165667985062,0.01764887916806649,1.1870445766902672e-06,0.01413336698885184,0.9682165667985062,0.16273616261414323,0.11738932738836218
96226.0,0.09295848933005041,0.8994622667629799,0.005237698214398959,0.0023415456925700118,0.8994622667629799,0.3578281137667845,0.2581184226109959
96229.0,0.9953921499506506,0.0006881025845407529,2.6153154249420574e-07,0.003919485933266074,0.9953921499506506,0.03133263712484926,0.02260172009899673
96230.0,0.017226032000601205,0.4657267543886569,0.0002565938062378366,0.5167906198045032,0.5167906198045032,0.7691126815970473,0.5547975258124362
96234.0,0.00019707468746817667,0.2707647993136214,0.021071978939769843,0.707966147059142,0.707966147059142,0.6812732595779313,0.4914347765416705
96236.0,1.12395030438009e-12,0.9925476673515182,0.00745233169706795,9.50290839129586e-10,0.9925476673515182,0.04393518902263496,0.031692539661737344
96237.0,0.0006521405584166278,2.7828112760208264e-05,0.9993200313288173,4.8335603248706445e-15,0.9993200313288173,0.005755253738925265,0.004151538014102572
96239.0,5.636096086875628e-08,0.9993986120375749,0.0003552753240505991,0.0002460562774124217,0.9993986120375749,0.005468679280826569,0.003944818239330357
96240.0,0.10680546679532152,0.020127536130404217,9.088165018881135e-05,0.8729761154240854,0.8729761154240854,0.43694515977061404,0.31518930757075037
96243.0,1.0037571877907515e-15,1.625484647697215e-11,0.9999999999808367,2.9070928194421003e-12,0.9999999999808367,5.00234434798765e-10,3.608428691830359e-10
96244.0,0.7210682947692887,0.23289242600338642,0.00021799918742329205,0.04582128003990185,0.7210682947692887,0.7182759122632647,0.518126548306104
96245.0,0.0015539486068239523,0.6048031604744867,0.19231869021237155,0.20132420070631848,0.6048031604744867,0.9539230301922534,0.6881100125240684
96249.0,0.4109544072811252,0.20122398810020412,0.0006967709698159708,0.38712483364885514,0.4109544072811252,1.060529905914015,0.7650106179882942
96250.0,0.5826017903926517,0.08734555675519098,3.2830308907434235e-05,0.3300198225432484,0.5826017903926517,0.893889432783274,0.6448049258897389
96253.0,0.48706898508237906,0.3143300411932443,0.0003685313629991085,0.19823244236137857,0.48706898508237906,1.0378668252464622,0.7486626609431217
96257.0,0.0012100387644997878,0.01529001777944057,0.028662310788658017,0.9548376326674017,0.9548376326674017,0.21798901988286484,0.1572458389766274
96265.0,4.800137242678297e-06,0.8712993585636116,0.1281053882177477,0.0005904530813961384,0.8712993585636116,0.3877312222360108,0.2796889557588547
96266.0,0.05326371026276861,0.74143843270743,0.004676522744427683,0.20062133428537388,0.74143843270743,0.7253626555378323,0.52323855299524
96269.0,0.14188512872739326,0.004792033772278458,0.00015249777407188935,0.8531703397262564,0.8531703397262564,0.43947799844183244,0.31701636446591963
96270.0,0.9605169232139873,0.016948605113551445,9.462918578522884e-06,0.022525008753881404,0.9605169232139873,0.19335200776341024,0.13947399137309816
96271.0,0.6258534986397936,0.36765230292369266,6.68044821265158e-05,0.006427393954386376,0.6258534986397936,0.6942612001177534,0.5008035952457516
96272.0,0.06869701384655508,0.8911918568546008,9.971746798471902e-05,0.04001141183086089,0.8911918568546008,0.4163344071372641,0.3003217922641888
96275.0,0.8388776585645955,0.003378416066176958,2.853046854348037e-06,0.15774107232237214,0.8388776585645955,0.45795981299742106,0.3303481755689082
96276.0,0.026393769421558556,0.030706449685528527,0.00031048100190223205,0.942589299891009,0.942589299891009,0.26112886172917293,0.18836465692482882
96279.0,0.011937255348547957,0.7723415812429612,0.004734011478974828,0.21098715192951628,0.7723415812429612,0.6060052259282245,0.43714036709972265
96282.0,0.0448225389680791,0.06469578704569738,2.9241571035522606e-05,0.8904524324151873,0.8904524324151873,0.4199374100187677,0.30292080945891575
96283.0,8.311979307614505e-05,0.852445799790675,0.005344534774093036,0.1421265456421567,0.852445799790675,0.4421253062903877,0.31892599341832817
96284.0,0.0008180123707476466,0.9926498125621003,0.0013726850325543954,0.00515949003459815,0.9926498125621003,0.04936001535839349,0.035605724687878676
96287.0,0.0002468141247980339,0.8716025856709966,0.10485510256281295,0.023295497641393877,0.8716025856709966,0.44587337800489935,0.32162965565603924
96290.0,4.970140430310725e-14,0.010196459575170944,0.9898033787087829,1.61715997739966e-07,0.9898033787087829,0.05690504173264934,0.04104831075463636
96291.0,1.4647842362976628e-11,2.1056761973871e-07,8.686525961046299e-05,0.999912924158121,0.999912924158121,0.0009025998478936958,0.0006510881622316838
96293.0,0.005683216485471787,0.9767257432240732,0.000405804906163424,0.017185235384293007,0.9767257432240732,0.12538977737004633,0.09044960499496851
96295.0,0.02481183711933453,0.8510768803767832,0.0029325200577963563,0.12117876244608702,0.8510768803767832,0.5018023923227193,0.3619739114551026
96296.0,0.0007541373904757931,0.9955416514179297,8.633447616937299e-05,0.0036178767154248196,0.9955416514179297,0.031017676128477136,0.022374523765226972
96297.0,0.8688001373436195,0.020016644082312244,0.0001141915493262863,0.11106902702474146,0.8688001373436195,0.44560112032209825,0.32143326325162874
96299.0,0.923004966370344,0.0002721289963462477,0.0001981857951776969,0.07652471883813157,0.923004966370344,0.2745548872022796,0.19804948710927878
96301.0,0.05033503153164653,0.9042565151562525,0.0037160469053187976,0.04169240640678112,0.9042565151562525,0.39472709387929494,0.28473541042208556
96302.0,0.00039974078023283666,0.9965832474289165,0.002504633973150594,0.0005123778176998562,0.9965832474289165,0.025422549629299965,0.018338493138472307
96304.0,0.03160250945230177,0.4295988646016064,0.43435660610838334,0.10444201983770969,0.43435660610838334,1.0702937568638935,0.7720537476609786
96306.0,0.1377924948333482,0.8413757489627398,0.004826578846659411,0.016005177357251058,0.8413757489627398,0.5103474622097919,0.3681378764301672
96308.0,0.02648391328423623,0.938922450853443,0.0006638670787449481,0.03392976878357749,0.938922450853443,0.27499989447345236,0.198370492000919
96309.0,0.8687517494021993,0.13083977493778012,2.132140052822322e-05,0.00038715425949222893,0.8687517494021993,0.39160215050725494,0.28248124026913507
96310.0,0.10528420133719145,0.5145992823026592,0.0021080196816731546,0.37800849667847597,0.5145992823026592,0.9596179678422356,0.6922180416769691
96312.0,0.4360691943885752,0.27705066426060393,4.654583064340064e-05,0.28683359552017895,0.4360691943885752,1.0762045618253484,0.776317492163755
96313.0,0.00035650365782722784,0.005797199726423592,0.7226372309334566,0.27120906568229414,0.7226372309334566,0.6213266369378807,0.448192428941249
96317.0,0.0071193504554236476,0.6687469181670364,0.0007648150961946867,0.32336891628134484,0.6687469181670364,0.6748340598068849,0.48678987575317956
96319.0,0.05075203822165103,0.4561954700894592,0.0019026528938197635,0.49114983879507057,0.49114983879507057,0.8704491988353276,0.6278963712527492
96320.0,0.39090089807208317,0.2764979962751208,0.0004930116662475157,0.3321080939865488,0.39090089807208317,1.092461447378478,0.7880443562476547
96322.0,0.9736431369331651,0.0044627289788517705,2.797785065969137e-06,0.02189133630291746,0.9736431369331651,0.133855807917109,0.0965565551380994
96323.0,0.8644557749981157,0.0765180295680596,0.008009236550596977,0.05101695888322798,0.8644557749981157,0.5130490534586921,0.3700866625788159
96325.0,0.009429084656006139,0.00018443827157084818,5.767129401787137e-05,0.9903288057784068,0.9903288057784068,0.0557498665810131,0.040215028023324474
96329.0,0.983592197161938,0.0034564153791013905,7.6833890763689e-05,0.012874553568198142,0.983592197161938,0.09262620761219037,0.0668156851892293
96330.0,6.184779858950115e-07,0.05275633597464677,0.9472428460480118,1.9949935318005593e-07,0.9472428460480118,0.20656518203697544,0.14900528187253523
96332.0,0.6396673573568378,0.10211341972182689,1.896724233423027e-05,0.2582002556790008,0.6396673573568378,0.8686115772398342,0.6265708074713248
96333.0,0.7365210431167665,0.06695191826696702,1.7077669453303352e-05,0.19650996094681378,0.7365210431167665,0.7261817629451315,0.523829414092473
96335.0,0.0001179484477716016,0.8745755526482382,0.0007639942338201839,0.12454250467016993,0.8745755526482382,0.3831931742823974,0.2764154461198575
96337.0,0.0026917078816751545,0.8175697967813724,0.0006346158531534594,0.17910387948380022,0.8175697967813724,0.4932957777039657,0.3558376860924879
96339.0,4.900620684199625e-11,0.8925671162645106,0.10743175738533674,1.1263011454575167e-06,0.8925671162645106,0.3411283131952955,0.246072062876835
96340.0,0.0002595840176278238,0.9901875253068098,0.0013901502816018047,0.008162740393958859,0.9901875253068098,0.060300184406374,0.043497388503882885
96342.0,1.7040305760804168e-10,0.0036970221162436743,0.9963029776592635,5.4090365655074766e-11,0.9963029776592635,0.02439435038323308,0.017596804161799075
96344.0,0.006427848463481509,0.009811747582971077,0.004106621667556529,0.979653782285991,0.979653782285991,0.12051766568983086,0.08693511931511648
96346.0,0.03131577369728898,0.11086306333537697,0.0022573855785456404,0.8555637773887875,0.8555637773887875,0.4995240260604756,0.36033041760116874
96348.0,0.4070777350185308,0.4880568145559778,0.0032325012987550897,0.10163294912673758,0.4880568145559778,0.9668652496334781,0.6974458504270442
96349.0,6.031157299703594e-05,0.9991544273586098,0.0004940906652953734,0.00029117040309638433,0.9991544273586098,0.0075632042077511275,0.005455698601876547
96351.0,0.9614591133497584,0.03548412926508574,0.0030495270552069126,7.230329950495512e-06,0.9614591133497584,0.17400903794779066,0.1255209880585685
96352.0,0.11509285792748841,0.8030336916854023,0.0003487842509483337,0.08152466613615972,0.8030336916854023,0.6321317277821906,0.45598665442996933
96355.0,0.9997956347619817,1.0117446244854192e-05,1.2511673314485861e-05,0.00018173611846018987,0.9997956347619817,0.0020272349873714304,0.0014623409314986815
96357.0,8.09812798720372e-06,0.9785103954226141,0.020032546008410677,0.001448960440986403,0.9785103954226141,0.1091589032818913,0.07874150421683129
96358.0,0.20268103928431563,0.08470789640130047,0.00018045427989433116,0.7124306100344905,0.7124306100344905,0.7757303324126235,0.5595711518194195
96360.0,0.004210768112565823,0.9919082207678945,0.0007488517231330177,0.003132159396405267,0.9919082207678945,0.054541913992931075,0.039343674419097016
96362.0,0.555783196238227,0.35277674333293657,3.4000449997479403e-05,0.0914060599788384,0.555783196238227,0.9130530345597765,0.6586285425140045
96365.0,0.8987245718447012,0.05062387111444339,0.00028193458954494624,0.05036962245131143,0.8987245718447012,0.39981983087825956,0.28840904362856457
96366.0,4.6439567861041524e-08,8.12520943275042e-05,3.6749599191152516e-05,0.999881951866915,0.999881951866915,0.0012593180273296031,0.0009084059364652453
96367.0,0.734376152775965,0.25939074756256747,6.447517065621215e-05,0.006168624490811389,0.734376152775965,0.6087636217883713,0.4391301291138439
96368.0,0.0002967204667773644,0.018367043617459708,0.00013443649729216116,0.9812017994184704,0.9812017994184704,0.09564569492740459,0.06899378487707264
96370.0,2.0805659750597364e-16,3.062481620140854e-05,0.9999693751835163,2.8337615958296075e-13,0.9999693751835163,0.0003489295045685216,0.0002516994329304245
96372.0,1.4071795591503356e-06,0.9983762634216892,7.216020172058483e-08,0.0016222572385498092,0.9983762634216892,0.01206384234322214,0.008702222761316438
96373.0,0.16127990097602735,0.12435829585219908,0.11050405199079277,0.603857751180981,0.603857751180981,1.101512913582616,0.7945736089503967
96377.0,0.9425539149872788,0.05009030996432987,2.189019919688061e-05,0.007333884849193908,0.9425539149872788,0.24201303655691292,0.17457550383556886
96379.0,0.7755754155082756,0.05052203471797284,0.0002931323775651209,0.17360941739618704,0.7755754155082756,0.6543037999259953,0.471980423694019
96380.0,0.1822613380287066,0.17511145721731394,0.00019247890731715348,0.6424347258466626,0.6424347258466626,0.901286113830754,0.6501405034228572
96382.0,0.862136248382285,0.0285629151966527,0.10929990536100358,9.310600601817062e-07,0.862136248382285,0.4714163289050233,0.3400549999526788
96385.0,0.3848393105372365,0.5497313818513078,6.995611765218985e-05,0.06535935149380454,0.5497313818513078,0.8753728202915952,0.6314480133818351
96389.0,0.009200875607646038,0.9288563940572435,0.0004202628614142137,0.06152246747369604,0.9288563940572435,0.2865022963807582,0.20666772109590995
96390.0,0.6888787332745306,0.2852194329611759,0.0022655801099027346,0.02363625365438993,0.6888787332745306,0.7168593584537652,0.5171047207280455
96392.0,0.16017344479499818,0.2797299650295193,7.318075362154532e-05,0.5600234094218624,0.5600234094218624,0.9750992859285853,0.7033854520917697
96393.0,0.004017941979653014,0.9892773860007287,0.0005136590595190737,0.006191012960100528,0.9892773860007287,0.0682014507686442,0.04919694740267789
96396.0,0.9079742927146129,0.0350956510784291,5.040563668599591e-06,0.056925015643290514,0.9079742927146129,0.3684239961706477,0.26576173610994397
96398.0,0.857356120813038,0.13287208256863775,0.0002880242602406473,0.009483772358081862,0.857356120813038,0.4466587125737876,0.3221961548000261
96399.0,0.1816545993126113,0.531331139583395,0.0006785996576700847,0.28633566144632516,0.531331139583395,1.0088759986727496,0.7277502000785382
96403.0,0.907720836892675,0.00010471559057755892,0.09217334833014472,1.0991866017984444e-06,0.907720836892675,0.3086078268702621,0.22261349070262348
96404.0,0.6930934359710392,0.27624520397380015,0.0018778749647741413,0.028783485090385846,0.6930934359710392,0.7233726530438734,0.5218030696305445
96405.0,0.6645669168086784,0.07578964413097232,3.0466625746556238e-05,0.2596129724346025,0.6645669168086784,0.81749812852035,0.5897002479761587
96408.0,3.844665818118574e-07,0.0031640412431760585,0.9733539915868454,0.023481582703397067,0.9733539915868454,0.13259747869426697,0.09564886247329947
96411.0,0.00048375032259269666,0.9967512571785558,0.0027600215360327387,4.970962818986852e-06,0.9967512571785558,0.023260559812153997,0.016778947144647845
96413.0,0.336075477684179,0.5308378829811317,0.001376586289718905,0.13171005304496988,0.5308378829811317,0.9787076474978228,0.7059883347626064
96415.0,0.8819037184873556,0.017628526533658442,2.8081429091163844e-06,0.10046494683607757,0.8819037184873556,0.41291807456346796,0.29785742923306724
96416.0,0.8466159531413926,0.018951254019520025,2.1594003410460337e-05,0.13441119883567584,0.8466159531413926,0.4861022237372583,0.35064863377542
96417.0,0.8971308290619006,0.005963300047852657,3.304181870808708e-06,0.09690256670837513,0.8971308290619006,0.3541486300996335,0.2554642361911806
96420.0,0.000385175503383281,0.9959979692257461,0.002676886396073372,0.0009399688747959477,0.9959979692257461,0.029428924534206022,0.021228481742097287
96422.0,6.633802777319135e-05,0.9973921642918574,0.0007708583912319687,0.0017706392891388492,0.9973921642918574,0.019987675890512736,0.01441806044306931
96428.0,0.9135401487533161,0.0312623644307048,7.3361645103400596e-06,0.05519015065147021,0.9135401487533161,0.35091528473856176,0.2531318705322308
96431.0,0.16193011450252723,0.14963141116494727,0.00012816176119120572,0.6883103125713345,0.6883103125713345,0.8372884816329147,0.603975970122628
96432.0,0.8584023901602672,0.04847485522156692,1.261455124544624e-05,0.09311014006691953,0.8584023901602672,0.4989653693022051,0.35992743193381077
96433.0,0.02691852691793797,0.17512204270264703,0.0004798284685926419,0.7974796019108226,0.7974796019108226,0.5865548754546834,0.4231099050138577
96436.0,0.05962680848904934,0.8042267704674304,5.3721045434603063e-05,0.13609269999808482,0.8042267704674304,0.615300868494496,0.4438457558158408
96441.0,0.08859151012668114,0.7355386273717164,4.1622706203238387e-05,0.17582823979539852,0.7355386273717164,0.7466961428363275,0.5386274111604433
96443.0,0.9977505862184092,0.001451599442355338,0.0007957464023389997,2.0679368951507014e-06,0.9977505862184092,0.01743891038723555,0.012579514767085881
96445.0,0.8317247155761694,0.1325919891491238,0.002495345982950755,0.03318794929175629,0.8317247155761694,0.5491269473952093,0.39611136191278157
96446.0,0.8791401822455254,0.10316942486014472,0.016630934228397544,0.001059458665930857,0.8791401822455254,0.42296586019414734,0.3051053744837155
96448.0,0.9594754637280762,0.024800255094946124,1.5116141764793832e-06,0.01572276956280151,0.9594754637280762,0.19668753605747197,0.141880066437392
96449.0,2.5459041925892003e-26,1.0266326246318427e-07,0.9999998973367371,2.2922813533395067e-23,0.9999998973367371,1.7547011961118878e-06,1.2657493569362765e-06
96450.0,0.08861887336596275,0.5683195585172016,0.016923097902340638,0.3261384702144953,0.5683195585172016,0.9703480194478848,0.6999581377969455
96452.0,0.9708736756460248,0.019573738323204505,6.555380055609308e-06,0.009546030650714892,0.9708736756460248,0.15017541599798476,0.10832866396186486
96453.0,0.7503113497090999,0.1553426252966226,2.719742610979896e-06,0.09434330525166722,0.7503113497090999,0.7275685882639705,0.5248297970975072
96455.0,1.3188104555855149e-05,0.06172948928386728,0.012273230125960887,0.9259840924856165,0.9259840924856165,0.29727726460977333,0.21444021771077806
96456.0,4.771137678219938e-11,0.99528293028655,0.004717069555344819,1.1039455484843122e-10,0.99528293028655,0.029973232083329072,0.021621116643016414
96457.0,0.1856863913759461,0.2078436843754112,7.074718192319329e-05,0.6063991770667196,0.6063991770667196,0.9431625822538223,0.6803479900848093
96462.0,0.010466631770439477,0.02768645489350593,0.9607368670056923,0.001110046330362995,0.9607368670056923,0.19306345810203376,0.13926584679033915
96463.0,0.8720778090649064,0.12484974492540075,0.00018897875399654645,0.0028834672556971057,0.8720778090649064,0.39761997460564114,0.28682218276097704
96465.0,0.9855881448888637,0.0038458533282679434,5.5202259687123684e-05,0.010510799523180155,0.9855881448888637,0.0841149910798962,0.06067614024769282
96468.0,0.0015182256126318335,0.9919621755403332,0.001225056261863362,0.005294542585170974,0.9919621755403332,0.05382187479730615,0.03882427593071013
96469.0,0.94384325977894,0.02251101325715798,1.7118926683621402e-06,0.033644015071232825,0.94384325977894,0.2540912884537185,0.18328812089263338
96470.0,0.0007875444176417746,0.9644620743875885,0.0002536729162660706,0.034496708278504415,0.9644620743875885,0.15877404043718005,0.11453126038031171
96471.0,0.0037135454386072303,0.9509995886463448,0.008983308548927284,0.03630355736612094,0.9509995886463448,0.23126952481573732,0.16682569828020566
96473.0,0.6843443945858269,0.22923049199432047,0.016441572376175106,0.06998354104367742,0.6843443945858269,0.8508923998344222,0.613789122785615
96475.0,0.008800940480108774,0.8846718516740533,8.839174032009632e-05,0.10643881610551922,0.8846718516740533,0.38932795586250024,0.2808407556011332
96477.0,0.029846606747435132,0.587591232241779,0.0007299623024399224,0.3818321987083456,0.587591232241779,0.7901383652190016,0.5699643505587831
96479.0,0.4412941388249906,0.22690612131444618,0.0001862400236625003,0.3316134998369018,0.4412941388249906,1.0651788881667166,0.7683641498088709
96480.0,0.2813861751485715,0.7073386639528305,3.9612649424842183e-05,0.01123554824917467,0.7073386639528305,0.6525525468835496,0.4707171616541799
96481.0,0.9209159381206662,0.042702180816631206,1.049247775878925e-05,0.03637138858494287,0.9209159381206662,0.3311867003513097,0.23890070510260683
96483.0,0.6748101543812344,0.31154671970596853,6.315684746701718e-06,0.013636810228049108,0.6748101543812344,0.687392068392318,0.4958485641080022
96484.0,0.4780905305590949,0.4604972612614014,0.012824683294106635,0.04858752488539804,0.4780905305590949,0.9127180194841938,0.6583868802199214
96485.0,0.502223352345544,0.0007435435900067694,3.656132390841291e-05,0.4969965427405406,0.502223352345544,0.6991026624372276,0.5042959720852297
96486.0,0.005349467202504585,0.9687975692781592,0.0003578732033063489,0.025495090316029752,0.9687975692781592,0.1550804582430519,0.11186690402301946
96488.0,0.03647336069317731,0.8714785933016158,0.00043981129139675923,0.0916082347138104,0.8714785933016158,0.4630181749121091,0.33399701239357926
96489.0,0.0001580457199430976,0.0025043419380196205,0.0003164611834743052,0.9970211511585617,0.9970211511585617,0.021908195306447803,0.015803422361719555
96490.0,0.9970129846944699,0.00014863391049221153,2.954209527281784e-05,0.002808839299764526,0.9970129846944699,0.021102613423346524,0.015222317867829451
96491.0,0.2090341605159256,0.6974515961843848,0.004646251702682418,0.08886799159700826,0.6974515961843848,0.8185719691749467,0.5904748602697045
96495.0,0.009286223820141977,2.9071607933388315e-08,0.05972224152946422,0.9309915055787864,0.9309915055787864,0.27832379280113,0.20076817781779882
96497.0,7.89169037279201e-06,0.0001910474041398433,0.007342482516251736,0.9924585783892368,0.9924585783892368,0.04532310897227411,0.03269371227598497
96500.0,0.9906149269233548,0.00804002815680344,3.552735007781306e-05,0.0013095175697649321,0.9906149269233548,0.05717723417079529,0.04124465609497667
96501.0,0.06776963279919306,0.001026351422577125,0.10609034072796417,0.825113675050264,0.825113675050264,0.5860995023192507,0.42278142273173624
96502.0,0.8850548751597737,0.10901761516563574,5.434907297778458e-05,0.005873160601614385,0.8850548751597737,0.38038628181452283,0.2743907011980019
96503.0,5.201868250039062e-05,0.9944216517959366,0.001633452742075745,0.003892876779487376,0.9944216517959366,0.0381578735414969,0.02752508746459288
96505.0,3.109048327340443e-06,0.0026877324388997264,0.0005822235634029224,0.9967269349493697,0.9967269349493697,0.023552754817504348,0.016989721287243582
96508.0,0.9067790945409533,0.05473686035190101,3.91415930321231e-06,0.03848013094784169,0.9067790945409533,0.3731587786924463,0.2691771597418872
96509.0,0.9620792536693182,0.020491765625848708,0.0023308140314511985,0.015098166673381442,0.9620792536693182,0.19429666347614963,0.14015541642915644
96510.0,0.6036353566257208,0.013779511265461127,1.1928062485964043e-05,0.38257320404633244,0.6036353566257208,0.731470422908943,0.5276443758438425
96511.0,0.23124063324196445,0.7620543529596785,0.0032760127999530496,0.003429000998404139,0.7620543529596785,0.5838872320437589,0.42118560705395724
96512.0,0.023699729241330163,0.7889807269224886,0.002411058648861342,0.18490848518732056,0.7889807269224886,0.6023293739304152,0.4344888003755821
96513.0,0.9984791122266887,0.0013591728155820304,0.00015684103464804993,4.873923081274581e-06,0.9984791122266887,0.011925052880770332,0.008602107326713003
96514.0,0.23304767537529253,0.7630235052417855,0.003913682489861956,1.5136893061153768e-05,0.7630235052417855,0.5676716613186306,0.40948854531879375
96515.0,0.2227006744710693,0.7736178328869213,0.0036063463592252687,7.514628278563409e-05,0.7736178328869213,0.5540497171231737,0.3996623896497679
96517.0,0.07572570440725467,0.9136746998799997,0.009010459622800091,0.001589136089946222,0.9136746998799997,0.3305826453956527,0.23846497155813143
96519.0,0.994592935521071,1.4603659163576563e-05,1.5272815618269157e-05,0.005377188004146985,0.994592935521071,0.033823365764918525,0.02439840102761075
96522.0,0.8635145928390063,0.08686828245255435,3.874326014864945e-05,0.04957838144829229,0.8635145928390063,0.4883036569322077,0.3522366321520209
96523.0,0.02184178682859895,0.07284861190070765,0.009006816396063825,0.8963027848746289,0.8963027848746289,0.4148836709407654,0.2992753073060254
96525.0,1.124698281315857e-07,0.9953864023952887,0.004613367655537324,1.1747934565861438e-07,0.9953864023952887,0.02942098168466751,0.021222752187277417
96529.0,1.8588400673124477e-06,0.9829549826724686,0.017033739913311557,9.418574152899537e-06,0.9829549826724686,0.08640336072915164,0.06232685002004364
96532.0,0.0006285517905665894,0.04291396279335464,0.0006943125232221436,0.9557631728928565,0.9557631728928565,0.1880439161785823,0.1356450126700903
96534.0,0.0004622286143497202,0.9965881152930143,0.0029106134656161266,3.904262701814632e-05,0.9965881152930143,0.024348246935467638,0.017563547554069532
96537.0,0.8341904334084693,0.1587807716197316,0.00044730700115018306,0.006581487970650485,0.8341904334084693,0.47993844624994814,0.3462024081683773
96538.0,0.004241119081085294,0.7341876418864695,0.0032567392256375926,0.2583144998068061,0.7341876418864695,0.6183261581443469,0.4460280410033871
96540.0,0.0006216747701207051,0.9907806438703497,0.00032404567099683575,0.00827363568853163,0.9907806438703497,0.056039641248772865,0.0404240562614006
96543.0,0.5844219706760733,0.4093424095364584,6.813514319584374e-05,0.006167484644271559,0.5844219706760733,0.7115744444903278,0.5132924611447575
96547.0,0.843293305274336,0.14460833370392315,0.0029399750969343595,0.009158385924807378,0.843293305274336,0.48348347767095884,0.3487596077938211
96548.0,0.639694908536594,0.13774841131277532,5.500922235501882e-06,0.2225511792283937,0.639694908536594,0.8933265307713119,0.6443988779191568
96551.0,0.0004516130149940511,0.04019341222635744,0.0031591170660685993,0.9561958576925794,0.9561958576925794,0.19368127243882624,0.13971150563027945
96552.0,0.4276305526662351,0.12608150628577305,0.00034283777822720124,0.44594510326976483,0.44594510326976483,0.987225661158566,0.7121327827958956
96553.0,0.8653337851764866,0.019025281729995874,0.00011066898644324946,0.11553026410707326,0.8653337851764866,0.45088788654407697,0.3252468589570227
96554.0,0.0023866023900492965,0.5869923760743994,0.0008205492523777278,0.409800472283174,0.5869923760743994,0.6985336238157698,0.5038854974866039
96555.0,0.6970008947591048,0.04085706669344013,0.256658247226496,0.005483791320958288,0.6970008947591048,0.7598492031459753,0.5481153386010645
96557.0,0.03793460321346349,0.8809369787601218,0.00012106740520887731,0.08100735062120591,0.8809369787601218,0.440474421286564,0.31773513161428096
96558.0,9.545890128175012e-06,0.053918753774028085,0.5214907433667575,0.4245809569690867,0.5214907433667575,0.8608101308975807,0.6209432534964596
96560.0,0.0038697257983927777,0.016339771667978054,0.9797845710421065,5.9314915225616974e-06,0.9797845710421065,0.10880008551849442,0.07848267191291351
96561.0,3.6275931135849734e-09,1.521657649082993e-11,0.9999999963565571,6.355182647551803e-13,0.9999999963565571,7.454148863824959e-08,5.3770317999441845e-08
96566.0,0.6461897583953644,0.3207463133157383,0.0009235583821721147,0.03214036990672396,0.6461897583953644,0.7638289796817581,0.5509861405370746
96568.0,0.029701254945809004,0.9510817346138938,0.0192141596204168,2.8508198805282894e-06,0.9510817346138938,0.22812101679506558,0.1645545298263945
96569.0,0.028843662054287286,0.9419792636262697,0.029164368747813883,1.2705571628816358e-05,0.9419792636262697,0.26181340004644665,0.18885844694264345
96573.0,0.9634206965370917,0.03276604964987539,3.3331149165151945e-06,0.0038099206981159384,0.9634206965370917,0.1691720558107603,0.12203184298758743
96574.0,0.9840097144435821,0.011142553770295627,1.0156820410738418e-06,0.0048467161040816956,0.9840097144435821,0.09181400449900924,0.0662298044874388
96576.0,0.3645291496454229,0.046518919043945506,0.006501436440274701,0.5824504948703564,0.5824504948703564,0.858139794499014,0.6190170129566008
96578.0,0.10141215550613586,0.6225520094271249,0.0007117178112520745,0.27532411725548567,0.6225520094271249,0.8874061126618557,0.640128198995906
96580.0,0.5931942804404405,0.3549867754409075,3.049292102192771e-05,0.05178845119763101,0.5931942804404405,0.8310779886078286,0.5994960463782444
96582.0,0.034037326454957835,0.9575759880953584,0.0009997719042197858,0.0073869135454656286,0.9575759880953584,0.19972911483494998,0.14407410174676233
96585.0,0.45566478007927946,0.1465829145690803,0.00021804338170334993,0.397534261969938,0.45566478007927946,1.0081681548162196,0.7272395986677683
96586.0,6.794361701029769e-22,0.06112975468852169,0.9388702452894387,2.2041043223045368e-11,0.9388702452894387,0.23006483372527214,0.16595669734919705
96587.0,4.690632722563911e-18,2.011195622756592e-10,6.253154217395918e-06,0.9999937466446642,0.9999937466446642,8.118577483024051e-05,5.856315736915801e-05
96588.0,0.7386562193801941,0.019549567820610073,6.451819468369452e-05,0.24172969460451207,0.7386562193801941,0.6445423857587732,0.4649390517884617
96590.0,0.0012425131254385645,0.00017255889701933895,2.2313553297244838e-06,0.9985826966222134,0.9985826966222134,0.011253700644046313,0.008117829055407274
96592.0,0.0004855491781523416,0.9981471959583742,0.001015234497377163,0.00035202036609751855,0.9981471959583742,0.015352783061641867,0.0110746919934374
96593.0,0.4252427104167558,0.28846938586786297,4.106586916943074e-05,0.28624683784621296,0.4252427104167558,1.080719588254849,0.7795743952834165
96595.0,3.15564199945992e-06,0.9762471434690572,9.572180723440791e-05,0.023653979081709433,0.9762471434690572,0.11296007761292363,0.08148347189529867
96596.0,0.18056627272214615,0.05268768440487331,0.00015203037011489692,0.766594012502865,0.766594012502865,0.6692428055081978,0.482756638328647
96598.0,1.9450773975009698e-05,0.9909481179802232,0.0048274113588360375,0.0042050198869652425,0.9909481179802232,0.05797618322366217,0.04182097601322367
96599.0,0.9991189238120234,0.0002162343597773035,0.00016716306914574586,0.0004976787590545555,0.9991189238120234,0.00794438562740829,0.005730662873785749
96600.0,5.404739874507604e-06,4.689500741972207e-06,1.1657847041249626e-05,0.9999782479123431,0.9999782479123431,0.0002772705165696264,0.00020000839961986059
96602.0,0.000615653946415431,0.9977119507671108,0.0016630992297491803,9.296056725601784e-06,0.9977119507671108,0.017586847631261792,0.0126862289312456
96603.0,0.00016178048932627328,0.9624421657697285,0.006387408246922723,0.031008645494021114,0.9624421657697285,0.1782422602867312,0.12857461249625346
96607.0,0.02516021836360789,0.9678458745413916,0.0003066834914993359,0.006687223603502564,0.9678458745413916,0.16025145772720084,0.11559699167913001
96609.0,0.6773596482246802,0.008141599529691306,2.1569774302425213e-05,0.31447718247132456,0.6773596482246802,0.6670674885750222,0.4811874788527199
96615.0,0.6321964739863462,0.0951300585704237,0.0004627226752790249,0.2722107447679529,0.6321964739863462,0.8714391202586579,0.6286104486169034
96616.0,0.025562161463504998,0.8294179685163455,0.0013776492342313532,0.14364222078591818,0.8294179685163455,0.5366569431861155,0.38711615529661947
96618.0,0.17884813782667358,0.0001788514341627969,0.2644789984486175,0.5564940122905491,0.5564940122905491,0.9872958167556081,0.7121833893618673
96619.0,0.9987408903776498,0.0012370880228119434,4.3274627887844454e-06,1.7694136749801333e-05,0.9987408903776498,0.009787675380071876,0.007060315366330348
96622.0,5.332907564005115e-09,1.3322311047792389e-06,2.279483324231779e-05,0.999975867602746,0.999975867602746,0.0002859104307452558,0.000206240780287304
96623.0,0.38342867977232364,0.1102415174107076,3.4267348723376004e-05,0.5062955354682461,0.5062955354682461,0.9556015500034458,0.689320808627889
96624.0,0.0036620775585075776,0.9790305162813846,0.0013351684136341665,0.01597223774647305,0.9790305162813846,0.11620399557744784,0.08382346407553352
96625.0,0.08084386078322577,0.03970022684474844,0.0004212627922518858,0.8790346495797726,0.8790346495797726,0.44803905148700046,0.3231918588524453
96626.0,0.44460882667300056,0.027624816161752004,6.203465212616081e-05,0.5277043225131223,0.5277043225131223,0.7974485983840007,0.5752375691262263
96628.0,0.42681407226848894,0.08617771295399639,0.0003601455553732388,0.48664806922214,0.48664806922214,0.9279899713767588,0.6694032648499705
96629.0,0.9797457447586512,0.009706656575029584,0.0003494104110218271,0.010198188255296182,0.9797457447586512,0.11458284510640429,0.08265405120297885
96630.0,0.03892941565259276,0.008508712326579048,0.0005330281088304564,0.9520288439119982,0.9520288439119982,0.217742347096556,0.15706790217386235
96631.0,0.013167992554091188,0.0008504584259296428,0.0006907549608493245,0.9852907940591288,0.9852907940591288,0.08265709456429206,0.05962449021109713
96633.0,1.956909792094744e-08,0.983473472176422,0.016526375379577646,1.3287490084725718e-07,0.983473472176422,0.08419603178238232,0.06073459875748626
96634.0,0.7414296314382608,0.23627230924319778,5.0460951649817734e-05,0.02224759836689184,0.7414296314382608,0.6478668776164429,0.46733716574672957
96636.0,0.3060615692047075,0.23964221399452357,7.74742775827672e-06,0.45428846937301104,0.45428846937301104,1.0632574222742535,0.766978105151724
96638.0,0.06750062308788861,1.1746885180034556e-05,0.8888094677329089,0.043678162294021314,0.8888094677329089,0.4236076345305818,0.3055683168099874
96639.0,0.011014955448803697,0.9804823583518046,0.008469089215013471,3.35969843795966e-05,0.9804823583518046,0.10974178652336308,0.07916196559777561
96641.0,0.848710660538452,0.13342687748846516,2.2368635680368763e-05,0.017840093337402652,0.848710660538452,0.48003776187119684,0.3462740492455064
96642.0,0.314377173897753,0.6820971633996044,0.002134931993012087,0.0013907307096320395,0.6820971633996044,0.6470206586354598,0.46672674778304435
96644.0,0.8950824471627599,0.07420162584816123,0.0296407908003076,0.0010751361887728766,0.8950824471627599,0.403849672606911,0.291315959967311
96646.0,0.7972820186123771,0.08970743604443378,6.466205656033382e-06,0.11300407913753426,0.7972820186123771,0.6433880166475154,0.4641063504923782
96649.0,3.8891722864420105e-15,2.6609057108029533e-05,0.9999733909380945,4.791673653924987e-12,0.9999733909380945,0.00030691552975573033,0.00022139275637520062
96651.0,0.00031786539859126586,0.10900535437647296,0.0019299900487634637,0.8887467901761725,0.8887467901761725,0.36103925386874103,0.2604347705613421
96652.0,0.24490703062172708,0.18398327403910858,0.00011606854642483537,0.5709936267927402,0.5709936267927402,0.9770447382319541,0.7047887992869478
96654.0,0.00014670513146286356,0.9782954786418026,0.0009140341875244741,0.02064378203920956,0.9782954786418026,0.10926323498251822,0.07881676363038227
96658.0,0.8624960996154225,0.071015591704329,0.00040795050031547337,0.06608035817993436,0.8624960996154225,0.49812688143728456,0.35932259079152756
96659.0,0.9920510145295726,0.007761991816723052,0.00018672475136815095,2.6890233605594725e-07,0.9920510145295726,0.04723633556962494,0.034073813538032426
96660.0,0.8626702164797797,0.08690584976436952,9.345062536686673e-06,0.0504145886933126,0.8626702164797797,0.49046148871714834,0.3537931787596241
96661.0,0.999055578476337,0.00037648895215352363,2.9665564034701513e-07,0.0005676359158682593,0.999055578476337,0.008159435433616372,0.005885788518266015
96663.0,0.9870657960839353,0.008609645744003216,6.040152841322878e-07,0.004323954156776059,0.9870657960839353,0.07733441971167537,0.055784991904029885
96667.0,1.7124693178156172e-06,0.9833882094969927,0.000777724607797004,0.01583235342589313,0.9833882094969927,0.0876998031786663,0.0632620355664
96669.0,0.9964755927317764,0.001977702538997639,2.8353649897866284e-06,0.00154386936423631,0.9964755927317764,0.02586140711874222,0.01865506190030997
96671.0,0.9720816266782245,0.025827737585339405,2.157448688969609e-06,0.0020884782877460565,0.9720816266782245,0.1348759102767066,0.09729240344579469
96672.0,0.9925921844524499,0.00383577130373451,0.00017414858903897325,0.003397895654777495,0.9925921844524499,0.04954321615993774,0.03573787613181607
96674.0,0.3823295840244543,0.02842132612865452,0.007511304872657198,0.5817377849742338,0.5817377849742338,0.8206850886133175,0.5919991537369763
96677.0,0.29172542725475287,0.015540200916729434,0.0007066030337387656,0.6920277687947775,0.6920277687947775,0.6839853830090988,0.49339116005388256
96679.0,0.9963266228745833,0.001421561692152944,6.205274514312454e-05,0.0021897626881195007,0.9963266228745833,0.026997540641907306,0.019474609000138955
96681.0,0.18709954108992757,0.042711247021390654,5.936481480645828e-05,0.7701298470738744,0.7701298470738744,0.6500140044495287,0.46888599036385586
96688.0,0.8005507147366524,0.18663398210884544,0.010534015967318065,0.0022812871871832154,0.8005507147366524,0.5532117419169467,0.39905791831256204
96692.0,0.36251979594002953,0.0071123737171778926,8.403681182239175e-05,0.630283793530971,0.630283793530971,0.6947356614441285,0.501145846747079
96694.0,0.155865695159137,0.09605638881120755,0.00015182459787055173,0.7479260914317833,0.7479260914317833,0.733330753050901,0.528986320378952
96697.0,0.9999993088378617,3.69690806905532e-08,6.537572511091358e-07,4.35807021520695e-10,0.9999993088378617,1.064306345494844e-05,7.677347433160335e-06
96698.0,0.02021566858178123,0.04653060683218245,5.744947271929562e-05,0.9331962751133176,0.9331962751133176,0.28668862561268293,0.20680212922534516
96699.0,0.0032765041251085073,0.04040029998292572,7.255818932206724e-05,0.9562506377026451,0.9562506377026451,0.19185571164605483,0.13839464187899314
96700.0,0.06922488250449114,0.9264043139953477,0.0006631473103445859,0.0037076561898162904,0.9264043139953477,0.2812826242967441,0.2029025235805731
96701.0,3.389052893906537e-09,0.6281914536340469,0.37178919015812284,1.9352818777472695e-05,0.6281914536340469,0.6601215092369817,0.47617701388016576
96704.0,9.908254775328742e-21,1.9983413076930105e-05,0.9999800165869225,4.843428686464932e-21,0.9999800165869225,0.0002362158923796063,0.00017039374825760954
96705.0,0.7508177033719013,0.21408915100765558,5.526946262206598e-05,0.03503787615782201,0.7508177033719013,0.6631328429012321,0.4783492319521038
96706.0,0.0015471218315972672,0.9827923577839316,0.003617169976974795,0.012043350407497325,0.9827923577839316,0.10062916079739269,0.07258859562560827
96708.0,0.44051540047631044,0.01315053837621061,0.5460217679021032,0.00031229324537722386,0.5460217679021032,0.7510142256723618,0.5417422495072906
96711.0,0.8885725178972582,0.009688207683895092,7.758822175427535e-05,0.10166168619709416,0.8885725178972582,0.38304137779879477,0.27630594810279857
96712.0,7.698353417858145e-06,0.9948302512501328,0.004752742656370954,0.000409307740079656,0.9948302512501328,0.03386261352875862,0.024426712304739792
96718.0,0.013379475464337636,0.9849528011201081,0.0007427939639563146,0.0009249294515966535,0.9849528011201081,0.08446618656042247,0.06092947423676175
96720.0,0.9871887108128288,0.010718760455056932,0.00026390997009017794,0.0018286187620227114,0.9871887108128288,0.07504915478903076,0.054136521718521444
96721.0,1.7662776421274766e-11,2.060752782239755e-06,6.782768131430634e-06,0.9999911564614226,0.9999911564614226,0.00011654679047481823,8.407073832477267e-05
96722.0,1.6721421978234946e-10,0.0002679631037071744,0.006476137990769015,0.9932558987383093,0.9932558987383093,0.0415625633964967,0.02998105204937947
96723.0,0.9919652500083203,0.0010152915289619224,1.1930202861994241e-06,0.007018265442432206,0.9919652500083203,0.04982189073903246,0.035938897348456955
96725.0,0.9293278272313277,0.008024878342297738,0.00019126778476652722,0.06245602664160744,0.9293278272313277,0.28168204385764883,0.20319064389044875
96727.0,1.578424604166469e-10,0.24335869507155505,0.7566413047157169,5.488738009254451e-11,0.7566413047157169,0.554920606668078,0.40029060366356556
96730.0,0.07590375631458338,0.01435770891764382,2.4364471086311516e-05,0.9097141702966856,0.9097141702966856,0.3429686653712103,0.24739959635567574
96731.0,0.12171847383243023,0.017354257596464178,0.00014560090275673332,0.8607816676683475,0.8607816676683475,0.45702713590011945,0.32967539125739437
96732.0,1.787296339917007e-05,0.9982551649262568,0.0011440567749050525,0.0005829053354378072,0.9982551649262568,0.014028778811458939,0.01011962481050999
96736.0,0.34844939004384495,0.2252531080950781,0.0004427659553874537,0.42585473590568884,0.42585473590568884,1.0700568127247136,0.7718828285936973
96737.0,0.9938768419038001,0.005715813434467497,1.0588065032996726e-05,0.0003967565967008975,0.9938768419038001,0.03885256497747798,0.028026201409411852
96740.0,0.0001269053950038197,0.00024687984515561024,0.00799579180179143,0.9916304229580478,0.9916304229580478,0.05013419070695564,0.03616417415595323
96743.0,0.0027113941363054684,0.0029083431071487806,0.001492099742080954,0.9928881630144658,0.9928881630144658,0.049806787813905525,0.03592800289086518
96744.0,1.1664834023565168e-07,6.914600582481054e-05,2.4048354070146064e-05,0.9999066889917632,0.9999066889917632,0.001013303423972395,0.0007309439123403906
96745.0,7.432103767786086e-11,6.0546146860538464e-06,0.999963048530522,3.089678047175262e-05,0.999963048530522,0.00043055553306010246,0.000310580166186557
96748.0,2.7241353966972333e-05,7.172163009730402e-06,2.317093377106234e-06,0.9999632693896455,0.9999632693896455,0.00043807884997752207,0.00031600709219045567
96750.0,0.0003283840170551163,0.6710350321951329,0.0003791733426529534,0.32825741044515766,0.6710350321951329,0.6389843682403142,0.4609297896329343
96753.0,3.427997696207202e-09,0.8212038808315362,0.1787961126918594,3.0486061798016506e-09,0.8212038808315362,0.46956318883105236,0.33871824195528355
96754.0,0.012176178028387595,0.9806030481804122,0.006834927036577362,0.00038584675462005694,0.9806030481804122,0.10999327312219108,0.0793433748322652
96756.0,0.8702128281753462,0.01874477871632828,0.00074872290573033,0.11029367020259578,0.8702128281753462,0.4440628239162512,0.32032361695356226
96758.0,0.007195145965832587,0.325560585795579,0.0006499021583666112,0.6665943660802208,0.6665943660802208,0.6759721134849367,0.48761080795197487
96760.0,0.006095693127149452,0.04675098590675547,5.716372439813671e-05,0.9470961572416985,0.9470961572416985,0.22632116338207792,0.16325621002977234
96764.0,0.9928535648902886,0.0025703660581422464,0.0018789782465480145,0.0026970908050204133,0.9928535648902886,0.05019900632275366,0.03621092873969521
96766.0,0.024730414866215574,0.08122871066809553,8.388039477134268e-05,0.8939569940709179,0.8939569940709179,0.3964169822283979,0.285954407192539
96768.0,0.665740153108481,0.30800057727929947,0.00015610169507385482,0.026103167917147105,0.665740153108481,0.730110782347435,0.5266636024961029
96770.0,0.0003943932172823826,0.9943515692097974,0.0016025261814645178,0.003651511391454129,0.9943515692097974,0.03953242804452915,0.028516618947070995
96771.0,0.009182202441352157,0.989134918113992,0.0006881063571492057,0.0009947730875064158,0.989134918113992,0.06576220893096686,0.047437406351304896
96774.0,0.9846786239861827,0.015053646257728164,4.4296827270115845e-05,0.00022343292881791873,0.9846786239861827,0.08069285649437441,0.058207591949799374
96777.0,7.010046943420377e-05,0.006085251103365276,2.8062338872025892e-05,0.9938165860883269,0.9938165860883269,0.03817519772912213,0.02753758422438006
96780.0,0.08852580078047514,0.8702110831231757,0.000589165429131944,0.04067395066721622,0.8702110831231757,0.4702299654268351,0.33919921959934185
96783.0,0.4646735501302676,0.43202367155456795,1.8291925134947323e-05,0.10328448639003007,0.4646735501302676,0.9534048219425744,0.6877362042880886
96784.0,0.061865915009011355,0.8815670659904068,0.00017840470640809576,0.05638861429417219,0.8815670659904068,0.446969502561148,0.3224203423867875
96787.0,9.486241796270748e-32,3.885003282859737e-08,0.9999999611499683,3.085400818741553e-22,0.9999999611499683,7.017698495039216e-07,5.062199408623509e-07
96788.0,0.0026215752253207106,0.002905563065931307,7.36773365908688e-05,0.9943991843721581,0.9943991843721581,0.03884055811301105,0.02801754028750032
96789.0,1.3537739132723279e-05,0.9935654366742983,0.006360042876594051,6.098270997328141e-05,0.9935654366742983,0.03932472483762431,0.02836679275378182
96792.0,0.6471560663482483,0.2080136597477063,2.5026708232012304e-06,0.1448277712332219,0.6471560663482483,0.8881043981183279,0.6406319054784947
96793.0,0.678355215014133,0.13679194732109579,0.005358321222872506,0.17949451644189696,0.678355215014133,0.8716992782002201,0.6287981129029733
96795.0,0.009199900087865259,0.0002812805632174315,0.0005198779040106365,0.989998941444907,0.989998941444907,0.0593162560417614,0.042787634217774595
96798.0,8.947273559245112e-27,6.186647213872295e-09,0.9999999938131339,2.1863051772860443e-13,0.9999999938131339,1.2312630515573549e-07,8.88168549255804e-08
96799.0,0.040905159279032884,0.9432226534754768,0.015870335794049235,1.8514514413036428e-06,0.9432226534754768,0.25166747262464834,0.18153970735431957
96804.0,0.00010276077881204614,0.0904224819248035,0.0008174751340010278,0.9086572821623831,0.9086572821623831,0.31110208978088294,0.22441272106853644
96805.0,0.00010056401091698392,0.914208518328813,0.017530644771094825,0.06816027288917352,0.914208518328813,0.3368887867619047,0.2430138909962497
96809.0,0.000992750325905385,0.8300656207258288,0.0029156649934891756,0.1660259639547775,0.8300656207258288,0.4766037691818619,0.3437969471338302
96810.0,0.7978465195233507,0.06378555553827925,2.8283756124920292e-05,0.13833964118224618,0.7978465195233507,0.6296753532473909,0.45421475475000855
96812.0,5.187133459981965e-07,0.9944294416876365,0.005569990590773373,4.9008244910240924e-08,0.9944294416876365,0.034473612533731386,0.02486745492197094
96815.0,0.045724861261265966,0.9107224249883161,1.486819465382424e-05,0.04353784555576506,0.9107224249883161,0.3628528249031714,0.2617429855301784
96816.0,0.0004315073425405886,0.9900800822475265,0.009308040025035,0.00018037038489958045,0.9900800822475265,0.058301406678866456,0.04205557514622566
96818.0,0.7299482620336928,0.2692313490775147,0.0005312421167532809,0.00028914677204040047,0.7299482620336928,0.5894172847963998,0.42517469689500187
96820.0,0.08197546801829798,0.07477941435050628,0.06730602325378081,0.775939094377415,0.775939094377415,0.7774339255047628,0.5608000344722806
96826.0,0.7430551590353381,0.11711492305308659,1.0668067158766951e-05,0.13981924984441776,0.7430551590353381,0.74704403890094,0.538878365124024
96829.0,0.23513043309664916,0.25575744447440213,1.1270241251337723e-05,0.5091008521876986,0.5091008521876986,1.032937226505953,0.7451067071148693
96830.0,0.18759286625869787,0.005189760874288619,0.00010380553009025522,0.8071135673369226,0.8071135673369226,0.5151461252246564,0.3715993800973884
96833.0,6.245781733506602e-15,2.5712954889641674e-08,2.9208353645304917e-05,0.999970765933394,0.999970765933394,0.00033464905646427896,0.000241398267099593
96834.0,1.0582910998745517e-11,0.007332890510893182,0.9926634992911031,3.610187418102776e-06,0.9926634992911031,0.043398748465865826,0.031305579596246066
96835.0,0.8412139682802067,0.14913667014282947,2.8660718769721588e-05,0.009620700858194945,0.8412139682802067,0.4742214260640045,0.3420784498329158
96838.0,0.9341401654082748,0.02589578484542852,0.00030549357623059953,0.039658556170064224,0.9341401654082748,0.28872510252131395,0.2082711367938286
96839.0,1.1549828661231573e-05,0.0002922946001773098,9.378371846610399e-05,0.999602371852697,0.999602371852697,0.0037772760458146025,0.0027247287096827002
96840.0,0.6593511709263934,0.11709111124274436,0.00021516227172856586,0.22334255555913268,0.6593511709263934,0.8623746541993361,0.6220718185008585
96841.0,0.010579675576554492,0.9664339923198796,0.002104348489718664,0.02088198361384645,0.9664339923198796,0.1748816293025459,0.1261504296686825
96842.0,0.7705352009416827,0.2209346640090745,0.006771852306021838,0.0017582827432223254,0.7705352009416827,0.5794208122429698,0.4179637662053939
96844.0,0.012377488086545707,0.8889812506399034,0.00017109449291992018,0.09847016678063038,0.8889812506399034,0.3887128980397858,0.28039708516578815
96847.0,0.026440629329844135,0.9665794266445132,0.006608494444699579,0.0003714495809445937,0.9665794266445132,0.16501512842984895,0.11903325372869925
96848.0,1.6578609509153298e-08,0.000724201409054348,0.0013319980075022983,0.9979437840048337,0.9979437840048337,0.016109952089615028,0.011620873994323197
96851.0,0.05392506921684989,0.7531447402265573,0.0002449654743820445,0.19268522508221086,0.7531447402265573,0.6903157298099205,0.49795754002220893
96852.0,0.03796695953653328,0.00016620466059530153,0.0005264797735749108,0.9613403560292948,0.9613403560292948,0.167514857945452,0.12083642741656139
96860.0,0.7460450866208415,0.01623724885715849,6.978523781096697e-06,0.23771068599821968,0.7460450866208415,0.6270750154395841,0.4523390075200291
96862.0,0.1501616509271229,0.07734259129209915,0.00017948981626025694,0.7723162679645164,0.7723162679645164,0.683756785480484,0.49322626179343654
96863.0,0.32370520645029444,0.3586873667542008,0.00017172833741737275,0.31743569845808717,0.3586873667542008,1.0986178003756173,0.7924852262171221
96865.0,0.9808403447271865,0.004603156906075959,1.5740328127316983e-06,0.014554924333925804,0.9808403447271865,0.10533040025384524,0.07597982305053608
96866.0,1.796536791747094e-24,4.962796538595452e-07,0.9999995037203485,1.3405022951378294e-21,0.9999995037203485,7.700337713006139e-06,5.554619515862109e-06
96869.0,9.686931336177955e-11,0.16783320958177972,0.8321623043053398,4.486016012030182e-06,0.8321623043053398,0.452492704793645,0.3264044906221127
96871.0,0.0012088645251018123,0.9846382086912571,0.014152746302621566,1.8048102100191221e-07,0.9846382086912571,0.08362745618408889,0.06032445815947206
96874.0,0.2788179081415959,0.6858138870168652,0.00019158319086447605,0.03517662165067585,0.6858138870168652,0.7341485165991075,0.5295762120867606
96875.0,3.3123881159000007e-08,0.00013594597371907507,0.08542467157233732,0.9144393493300633,0.9144393493300633,0.29315713886862554,0.21146817522348163
96876.0,0.00015529702468416597,0.08831935600769637,0.9106732637341901,0.0008520832334292435,0.9106732637341901,0.30693011816133403,0.2214032796854101
96877.0,6.482445078935188e-09,0.9871431065545531,0.01285140833263006,5.4786303716177755e-06,0.9871431065545531,0.06879929243878039,0.04962819900904901
96878.0,0.0030163651142454616,0.5086320941963062,0.48809419662866815,0.0002573440607831899,0.5086320941963062,0.7135678128265244,0.5147303724514054
96884.0,0.04358948145249068,0.9039179014172322,0.00017485230763589126,0.052317764822641694,0.9039179014172322,0.38374613317705114,0.2768143216474237
96885.0,0.36184562498668366,0.52745576094594,0.036599571801167824,0.07409904226620986,0.52745576094594,1.0191309411099114,0.7351475773778857
96887.0,0.14630676893119368,0.8120983198958112,0.001494450282687911,0.0401004608903077,0.8120983198958112,0.5889347480848606,0.42482662023460965
96890.0,0.9809641107523681,0.016178991452729243,7.274244945097182e-05,0.002784155345453169,0.9809641107523681,0.10265095719832149,0.07404701344626183
96891.0,0.927762523848352,0.0448553955295358,1.3508356317009122e-05,0.02736857226579432,0.927762523848352,0.3074416990606735,0.22177230729865535
96892.0,0.8710789605247287,0.05038612857403025,0.0013468794695892673,0.077188031431651,0.8710789605247287,0.4774051706610778,0.3443750361037431
96895.0,0.3952148558584236,0.028865225119791196,0.00016846779974034223,0.5757514512220443,0.5757514512220443,0.7885429262906849,0.5688134846438213
96896.0,1.6311687148697495e-09,0.9972444406886899,0.002755040535998285,5.171441438007105e-07,0.9972444406886899,0.01899837703915958,0.013704432169667137
96898.0,0.0023470816414356017,0.006830075341309612,0.9908226863516116,1.5666564445349912e-07,0.9908226863516116,0.05740574849630633,0.041409494337070106
96899.0,0.9783357771573858,0.008253665500883823,0.00012561633007059122,0.013284941011659874,0.9783357771573858,0.11955568169336331,0.08624119454455734
96901.0,0.9987993516850813,0.0001898153388779792,1.731784376024485e-07,0.0010106597976040966,0.9987993516850813,0.009799912330425523,0.007069142460125753
96902.0,0.012231016590633512,0.9824568573037326,0.00213510145273266,0.0031770246529018564,0.9824568573037326,0.10265395907656645,0.07404917884369051
96906.0,0.002846587252320386,0.9934819444323826,0.0003418440588438938,0.0033296242564545995,0.9934819444323826,0.04490589088219992,0.032392753041225374
96907.0,0.048859555112187765,0.12853430411645075,0.000634725935283855,0.8219714148360782,0.8219714148360782,0.5770135212118048,0.4162272727890748
96908.0,0.002714448784612473,0.9718135397411132,0.005495517285363944,0.019976494188910867,0.9718135397411132,0.15059525935728085,0.10863151692806818
96912.0,0.03813390836348036,0.1218643901391644,0.0012191086717794535,0.8387825928255748,0.8387825928255748,0.5367168946892795,0.3871594011647738
96913.0,0.971525219180432,0.005803127527710325,2.3764831730082762e-06,0.022669276808684812,0.971525219180432,0.14382139268574354,0.10374520500073323
96915.0,0.11308070748457448,0.8294864974279761,0.0016126404896705036,0.05582015459777767,0.8294864974279761,0.5729928304534423,0.41332695748005593
96916.0,0.0529314445627898,0.007152465960052715,0.0029214400184694764,0.936994649458689,0.936994649458689,0.2689140526805629,0.19398048511380078
96921.0,0.00020624543211569918,0.17847973086031813,0.0020492057377779465,0.8192648179697865,0.8192648179697865,0.48532481209810013,0.3500878498171485
96922.0,0.039907505469496236,0.6572292283295056,0.0018236154548447907,0.3010396507461543,0.6572292283295056,0.7773070593007725,0.560708519850604
96925.0,0.00011164118328944197,3.942798718528086e-07,0.00016572605537354586,0.9997222384814639,0.9997222384814639,0.0027421706763297803,0.0019780580180060545
96926.0,0.999079846090428,0.0008509125820454443,6.699428774793873e-05,2.2470397781997633e-06,0.999079846090428,0.007608103030886233,0.00548808625661593
96927.0,0.5517677164917936,0.3564262943954249,0.00042636846960068787,0.09137962064318114,0.5517677164917936,0.9177516019312232,0.6620178424370389
96928.0,0.004677368168519986,0.9844441202595384,0.010878292274389703,2.192975522934997e-07,0.9844441202595384,0.08971239666819573,0.06471381488973478
96930.0,4.690108062908544e-07,0.9967189979184553,0.0032805259952830446,7.075455009339026e-09,0.9967189979184553,0.022046374704814374,0.01590309772810779
96933.0,8.75385935262443e-05,0.9973017447017211,0.002206096825734159,0.0004046198790170752,0.9973017447017211,0.020167299061571813,0.014547631172127151
96934.0,3.0418563892601593e-21,5.477741386859981e-25,0.9999999999996021,3.965330226944971e-13,0.9999999999996021,1.1791051384234453e-11,8.505445679450996e-12
96935.0,0.024477565310494324,0.36942825755808406,9.136702759897585e-05,0.6060028101038226,0.6060028101038226,0.7630667060984488,0.5504362763778542
96938.0,0.006471098722415573,0.9928150631282789,0.0003582696870489111,0.00035556846225824834,0.9928150631282789,0.0454424929632821,0.03277982962187935
96939.0,0.8952799101483753,0.0003432703247514196,4.784010310874054e-06,0.10437203551656207,0.8952799101483753,0.33769096103991075,0.24359253742265372
96940.0,0.7265321967838264,0.2727610540319696,5.6533781417072544e-05,0.0006502154027859797,0.7265321967838264,0.5917914085438786,0.4268872651734741
96941.0,0.0012403152552922108,0.05896921818869005,0.00033738808382379165,0.9394530784721924,0.9394530784721924,0.2366001544424659,0.1706709347438542
96944.0,0.013166384036173083,0.2953777288161923,0.6911871378428217,0.000268749304813593,0.6911871378428217,0.6747207067253268,0.48670810878886284
96946.0,0.9992498214511566,2.7409017853681147e-09,0.0007501747281710437,1.0797691195756418e-09,0.9992498214511566,0.006147633935480278,0.0044345804959590495
96951.0,0.03408677676497848,0.7740305383536056,0.00012293233143780742,0.1917597525499772,0.7740305383536056,0.6312375969834756,0.4553416753953632
96952.0,0.9511509230650684,0.048297133748171614,1.8226654370743384e-05,0.000533716532388288,0.9511509230650684,0.19821565978527872,0.14298237469937777
96953.0,0.16395865061019313,0.7154443438668969,1.1746862114806128e-05,0.1205852586607957,0.7154443438668969,0.7912471433428722,0.5707641649091603
96954.0,0.3496791222814105,0.03184346892376775,0.0003296304776864731,0.6181477783171346,0.6181477783171346,0.7771726397750904,0.5606115566590539
96955.0,0.9865138731613985,0.009602197723497144,0.00385477912718569,2.914998791811171e-05,0.9865138731613985,0.07973529451230268,0.05751685698836003
96958.0,0.002237378020239475,0.025480194827510575,0.00021851616695392842,0.9720639109852945,0.9720639109852945,0.13654606636178768,0.0984971663965232
96959.0,0.5463943619959287,0.41658500140851784,0.0010883259432944007,0.03593231065226045,0.5463943619959287,0.8219782535539987,0.5929319750604625
96960.0,0.00026926626857306623,0.00354822903908045,0.0004122109584881677,0.9957702937338572,0.9957702937338572,0.029663476086990746,0.02139767492311495
96962.0,0.9762319821140807,0.014722527135127745,0.008973334801289118,7.215594950214831e-05,0.9762319821140807,0.12857237921900558,0.09274536694727728
96964.0,0.058720116592476855,0.8050736216030339,0.0002087516939716536,0.1359975101105193,0.8050736216030339,0.6141274643659522,0.44299932365723643
96965.0,0.19589914903032063,0.7579157855875588,0.004646418952867791,0.04153864642925276,0.7579157855875588,0.6865262605907344,0.49522401579714836
96966.0,0.7931120275177249,0.0005131014119913664,0.00018698832089579742,0.20618788274938651,0.7931120275177249,0.51489198593531,0.37141605735117084
96967.0,0.9986904765354507,0.00010849193902335971,6.08280961330102e-07,0.0012004232445650758,0.9986904765354507,0.01038072039030288,0.007488106913972455
96969.0,0.17239254991197817,0.4209021900839831,2.1367463091651357e-05,0.4066838925409457,0.4209021900839831,1.0334236136149841,0.745457561249945
96970.0,0.9921673531643226,0.003246883617943958,7.977179414748484e-07,0.004584965499793184,0.9921673531643226,0.05110784319593138,0.03686651596465048
96976.0,0.0476406123299194,0.9391096709927579,0.0001307140964693489,0.013119002580854008,0.9391096709927579,0.2620416878998841,0.18902312181966813
96978.0,0.18508984206995907,0.804945886125552,0.00586143693673251,0.0041028348677557185,0.804945886125552,0.5395615091101101,0.3892113567238606
96979.0,0.4428539320222558,0.1265944743270921,5.91693670558307e-05,0.43049242428359785,0.4428539320222558,0.9857585415785073,0.7110744797246248
96983.0,0.16027315634993414,0.6030723950744821,3.786267014259147e-05,0.23661658590544177,0.6030723950744821,0.9398491629660692,0.6779578632973957
96984.0,0.010958943044495614,0.0003429816887220466,0.00011954402754348104,0.9885785312392393,0.9885785312392393,0.06463622486217177,0.04662518053521957
96985.0,0.0024386042530081665,0.9861830912480813,0.0005619856580350469,0.01081631884087412,0.9861830912480813,0.08156060174470549,0.05883353783450317
96992.0,0.8630739401588726,0.11083150270951035,3.3091966881547305e-05,0.026061465164734156,0.8630739401588726,0.4662881367959149,0.33635579129041054
96993.0,3.1422542898935604e-05,0.0009894931326255272,0.06509702170815393,0.9338820626163221,0.9338820626163221,0.24889075345507727,0.1795367278663788
96994.0,5.4772588798603784e-06,0.05363671570700154,0.003650607038757285,0.942707199995363,0.942707199995363,0.23309136563483887,0.1681398786377091
97000.0,0.0061070753112564095,0.6141843767696161,0.001207152238991151,0.37850139568013813,0.6141843767696161,0.7063651278886856,0.5095347335309526
97003.0,0.9985022560405487,0.0010806889018745124,2.271303332520676e-06,0.00041478375424425484,0.9985022560405487,0.01213764565485608,0.00875546059716417
97011.0,0.970068144935009,0.000446087402930396,3.95071518600173e-06,0.029481816946873185,0.970068144935009,0.13686345509667386,0.09872611397345035
97013.0,0.21157157011829167,0.07120778125443118,0.6817945197385465,0.03542612888873161,0.6817945197385465,0.8962329020996087,0.6464953816703147
97015.0,1.0411759037801328e-06,0.9571734268402807,0.022848592584939802,0.019976939398875803,0.9571734268402807,0.20642553654041523,0.14890454893985028
97017.0,0.08880048805215804,0.8874159913198914,0.00021018618480297602,0.023573334443147593,0.8874159913198914,0.41113655887945133,0.2965723373117689
97018.0,0.8434998141241801,0.14785157060525186,1.2426677888308427e-05,0.00863618859267979,0.8434998141241801,0.4673628498178823,0.3371310328639961
97021.0,0.9178127974699045,2.985653004144551e-05,0.0752674631796817,0.006889882820370899,0.9178127974699045,0.308015063653015,0.2221859024256516
97022.0,0.023463332621788468,0.8294211219069852,0.0004759473790099333,0.14663959809221633,0.8294211219069852,0.5283226944683893,0.38110426564932015
97023.0,5.246765497933555e-09,0.9989331534071617,0.0010663369776069851,5.043684640206299e-07,0.9989331534071617,0.008371195377243505,0.00603854102853091
97024.0,0.049774065577517096,0.08563659596833915,0.0011087082632819758,0.8634806301908621,0.8634806301908621,0.4940885923488061,0.3564095809707156
97025.0,0.873789643398791,0.042659297953557294,0.0031160795492854864,0.08043497909836757,0.873789643398791,0.4731612760046847,0.34131371321632636
97026.0,7.703537757323319e-16,0.0058498415650399885,0.994150158434959,5.556708698381011e-17,0.994150158434959,0.035908726312551556,0.025902670687878583
97027.0,0.973580084309738,0.0016743137937140753,4.0972198177553235e-06,0.024741504676730443,0.973580084309738,0.12834700720826364,0.092582795406151
97029.0,0.012077667589331102,0.7366816727091337,0.0002362619756478019,0.25100439772588773,0.7366816727091337,0.6274017471678492,0.4525746946420637
97030.0,0.07405202311527377,0.5965788170646839,9.207294757751956e-05,0.32927708687246654,0.5965788170646839,0.8675505888297369,0.6258054661124808
97031.0,0.4676496235642496,0.08286846601415312,5.6731568984891445e-05,0.4494251788526138,0.4676496235642496,0.9218130803931275,0.6649475798548722
97032.0,0.12239764438784495,0.8361050499871148,0.0018554625459877491,0.03964184307905139,0.8361050499871148,0.5463863520066303,0.3941344402246886
97034.0,0.973721248038247,0.0026198807921605496,5.265858682557963e-06,0.02365360531091124,0.973721248038247,0.13013338473909805,0.09387139440859614
97035.0,0.6201696996091893,0.11878713942820136,0.00043037977797753276,0.2606127811846321,0.6201696996091893,0.9031472600745137,0.651483036650978
97039.0,0.545512226144022,0.00027542364038119133,0.45421234511885505,5.096743776578001e-09,0.545512226144022,0.6913146618508106,0.49867811717299754
97040.0,0.061759793461155614,4.5266031927837344e-05,0.9381932573246197,1.683182295012543e-06,0.9381932573246197,0.23230157614095898,0.16757016594462573
97041.0,0.22430339420438972,0.0004909861961581231,2.476043572343422e-06,0.7752031435558806,0.7752031435558806,0.5364417142917778,0.386960900467361
97042.0,0.9988706781990006,0.0010971480796351859,4.70660809218262e-06,2.7467113274001212e-05,0.9988706781990006,0.008952000904190483,0.006457503655254563
97044.0,0.9925946521708802,0.004956690467793633,4.488424217354971e-05,0.002403773119152825,0.9925946521708802,0.04862892822977402,0.03507835680042015
97046.0,0.03400982304431426,0.9483108379844145,0.002339877262272003,0.015339461709000649,0.9483108379844145,0.24357257361302964,0.17570047202403993
97048.0,0.08887180028910226,0.007817798506251842,1.6278286676263758e-06,0.9033087733759774,0.9033087733759774,0.3449263807022916,0.24881178945548738
97049.0,0.7878977558338705,0.11605999796694544,5.030955628720153e-06,0.09603721524355655,0.7878977558338705,0.6628553699633103,0.47814907753634345
97051.0,0.0025632020359598077,0.958187752440123,0.0005263476686688729,0.03872269785524947,0.958187752440123,0.18609294203791377,0.13423768231126776
97054.0,8.964405903321437e-08,0.12006329468601633,0.8799365891693387,2.6500587113537346e-08,0.8799365891693387,0.36705310086112675,0.264772844177632
97055.0,0.10657479937538393,0.8266366380052005,0.0026035029761405475,0.06418505964327592,0.8266366380052005,0.5877389644637856,0.4239640446845591
97056.0,7.539091133176018e-109,7.605254286943053e-61,1.0,1.0300093886893884e-125,1.0,1.067249536536822e-13,7.698578068763589e-14
97059.0,0.07062062295192757,0.6300747195035571,0.00012057363743396593,0.29918408390708173,0.6300747195035571,0.8403296451056794,0.6061697058529731
97060.0,0.9974051772700102,1.004613295599875e-05,6.406767888369437e-05,0.0025207089181510816,0.9974051772700102,0.018407621058581056,0.013278291807889071
97063.0,0.3061802357574418,0.6685395296480046,0.004162956009248055,0.0211172785853052,0.6685395296480046,0.735865903017066,0.530815044521
97064.0,0.5277589378397832,0.09349901450999543,1.5902951071620785e-05,0.3787261446991478,0.5277589378397832,0.9267701719870847,0.6685233655847894
97065.0,0.28995773534119657,0.08782271057917897,0.0006557995112086278,0.6215637545684154,0.6215637545684154,0.8729673413437529,0.6297128271073277
97067.0,0.5408796095843617,0.4512339080463695,0.004514861442577613,0.0033716209266917885,0.5408796095843617,0.735054799762657,0.5302299571996076
97071.0,0.16916822239133145,0.16009052185208755,0.00015021517283672793,0.6705910405837459,0.6705910405837459,0.8631646813815641,0.6226417026498424
97077.0,1.5923914129654496e-08,0.00028165208634618494,3.736110732344233e-05,0.9996809708824175,0.9996809708824175,0.0030026163346172237,0.0021659298478222326
97078.0,0.999829391806294,0.000114753533190959,5.473901836358726e-05,1.1156421516325323e-06,0.999829391806294,0.0017641622084956683,0.001272574034760211
97088.0,0.005815176390487116,0.977465642245938,0.0036365688484556367,0.013082612515117517,0.977465642245938,0.12936883773483357,0.0933198903228067
97092.0,2.953149463762526e-14,2.841538777665193e-09,3.4587419722634376e-07,0.9999996512842348,0.9999996512842348,5.550271436596431e-06,4.003674538582667e-06
97093.0,0.010100902169788857,0.0006483138018110418,2.3986893655738857e-05,0.9892267971347446,0.9892267971347446,0.06214445863988316,0.044827751149244366
97094.0,0.9919146121161592,0.007554118990677182,1.0724835349551988e-05,0.0005205440578126938,0.9919146121161592,0.049017854961814385,0.03535890813421204
97095.0,0.8305464048856249,0.04665010168364543,0.0001248831400683821,0.12267861029065961,0.8305464048856249,0.5557202425797614,0.40086741904571677
97096.0,2.1274150118950695e-09,0.25987203020904476,0.7400264557978007,0.00010151186574161624,0.7400264557978007,0.5739274584749917,0.41400114908593855
97099.0,0.09303912653218971,0.5214734834166103,0.0003524843007907601,0.3851349057504075,0.5214734834166103,0.9307563951759732,0.6713988177980325
97100.0,0.003489995639440439,0.044080733406887194,7.348384641689206e-05,0.9523557871072562,0.9523557871072562,0.204544357692809,0.14754756524261692
97102.0,0.12357891216273995,0.8493124936082198,0.021374275861701316,0.0057343183673384595,0.8493124936082198,0.5088973605598274,0.36709184920057286
97104.0,0.16591573060375428,0.454161411946664,0.0010721828948956251,0.37885067455468585,0.454161411946664,1.031550207686763,0.7441061845288367
97105.0,0.37331714577995695,0.5498451192295022,0.0005440239612019746,0.07629371102933813,0.5498451192295022,0.8971175204786576,0.6471334989445812
97106.0,0.8116231746200296,0.017066522059909408,1.5758370933413946e-05,0.171294544949128,0.8116231746200296,0.5412742179949492,0.3904468150311825
97108.0,0.8441593095554507,0.12784890838231547,0.0012107869733990974,0.026780995088834643,0.8441593095554507,0.5110667620966477,0.36865674162000667
97111.0,0.03134918606876703,0.02512324800906289,0.0002858070482297471,0.9432417588739402,0.9432417588739402,0.25855010159814634,0.18650447469849168
97115.0,0.0024614691659522194,0.6381913633979835,0.3588839371641804,0.00046323027188322386,0.6381913633979835,0.672733595283488,0.48527471087744556
97116.0,0.08617353052685042,0.1976531212382365,6.179099429271704e-05,0.7161115572406194,0.7161115572406194,0.7714109498508115,0.5564553759186053
97117.0,0.28363286087649686,0.3918161265469258,1.0294630245468042e-05,0.324540717946331,0.3918161265469258,1.0898538919894876,0.7861634026333849
97118.0,0.002118722739063801,0.9886662037505735,0.004370459922140185,0.004844613588223647,0.9886662037505735,0.07387963930239629,0.05329289462211624
97121.0,0.09082119876555315,0.02327376944019438,0.00030755188065264573,0.8855974799135997,0.8855974799135997,0.4154677130308998,0.2996966046195791
97122.0,0.0005124629620386682,0.030366853058375033,0.0006125633841387047,0.9685081205954491,0.9685081205954491,0.14551898375109182,0.10496975810645091
97123.0,0.9892083939562462,0.008983423139213919,1.3563382402680219e-05,0.0017946195221363599,0.9892083939562462,0.06456574987988661,0.0465743435814948
97124.0,4.522847284037381e-07,0.9051878363771586,0.09480946182643388,2.2495116801269794e-06,0.9051878363771586,0.3135644493823838,0.22618893806152177
97125.0,0.9582646834690799,0.02154833568692548,0.0009312137862975095,0.019255767057696684,0.9582646834690799,0.20610100367423823,0.14867044796153076
97129.0,0.9595654075501993,0.025061588626350863,2.4658852996220656e-07,0.015372757234918337,0.9595654075501993,0.19618083047954898,0.14151455562516185
97131.0,0.03534228589709378,0.8884670755817361,0.0002627824144245015,0.07592785610674403,0.8884670755817361,0.4211121298101942,0.3037681906676783
97133.0,0.00012784793603274664,0.17985078975416519,0.8200048798520804,1.6482457723122682e-05,0.8200048798520804,0.47261049750639494,0.3409164105122709
97137.0,1.571708995044919e-05,2.653185288696811e-13,0.9999842829097869,9.137133328988994e-18,0.9999842829097869,0.00018955996421360285,0.0001367386101610271
97138.0,0.9857361772826949,0.008943727810240184,2.019863024802956e-06,0.005318075044041393,0.9857361772826949,0.0842227581008228,0.06075387772102392
97139.0,0.8759693662823107,0.025048779932720026,2.035329109454343e-06,0.09897981845586003,0.8759693662823107,0.4373036955678304,0.31544793647906294
97142.0,0.45772913531849424,0.06655208704190073,2.3930753331099287e-05,0.4756948468862741,0.4756948468862741,0.8917317497421444,0.643248486578115
97143.0,0.54091798077896,0.34702869475236015,0.0005373929179603435,0.11151593155071789,0.54091798077896,0.9483303625200266,0.6840757555660376
97145.0,3.625030957423724e-46,7.514261617702156e-30,4.354699314233183e-13,0.9999999999995666,0.9999999999995666,1.2901003307932035e-11,9.30610674742283e-12
97147.0,0.957162649877165,0.000633179936992071,1.3400779705638466e-06,0.04220283010787246,0.957162649877165,0.18017104618814994,0.12996593742371015
97149.0,0.7590309446275677,0.1900352570093595,6.021810048679466e-06,0.05092777655302502,0.7590309446275677,0.6765387522076272,0.4880195513895755
97150.0,0.8437125181538816,0.001600908542956703,0.1546861861338883,3.871692732229541e-07,0.8437125181538816,0.442394102757018,0.3191198890830362
97153.0,0.002503849738231176,0.6518875877172539,0.00017955980228505082,0.34542900274222826,0.6518875877172539,0.6626583154985285,0.4780069327867806
97155.0,0.06981507250251145,0.199576818041688,0.0009064345927196499,0.7297016748630818,0.7297016748630818,0.7437640416217115,0.5365123472195878
97156.0,0.17136829270192563,0.6082552624215528,0.002558525690938326,0.21781791918558338,0.6082552624215528,0.9519294991106841,0.6866719838214494
97157.0,0.9998257980550797,5.3912215963980404e-05,0.00011134562427026158,8.944104686126578e-06,0.9998257980550797,0.0018215800960507825,0.0013139922855772528
97163.0,0.0002569220579490976,0.8361453134187403,1.3312424954117166e-06,0.16359643328081558,0.8361453134187403,0.4479397519335788,0.3231202293658033
97164.0,1.3016098337572323e-05,0.9940831954287663,0.005648603165836208,0.0002551853070588366,0.9940831954287663,0.037396098854968085,0.02697558318332795
97166.0,0.8168154625390154,0.12636580150780644,3.764397168613137e-06,0.056814971556008675,0.8168154625390154,0.5896630237545986,0.4253519600831752
97168.0,0.1159199958046488,0.8580527311184158,0.02071741016456969,0.005309862912365812,0.8580527311184158,0.48928076575886603,0.3529414671813353
97169.0,0.026076852507772603,0.8966818520456872,0.0013343463941930139,0.07590694905234678,0.8966818520456872,0.3974208570581369,0.28667854981180785
97171.0,7.64296344280297e-19,1.4311591132462542e-05,0.999985688408857,9.432734313877014e-15,0.999985688408857,0.00017394928483002468,0.0001254778852952292
97174.0,0.021498637600099298,0.8646197210715807,0.005680751862435044,0.10820088946588649,0.8646197210715807,0.4783087980884101,0.3450268655078549
97177.0,0.006052057080698112,0.0040902189322586805,0.0003791700751999129,0.9894785539118419,0.9894785539118419,0.06685559412532839,0.048226117050148294
97180.0,2.053718168632119e-05,0.984592927241352,0.01538532132410951,1.2142528523522086e-06,0.984592927241352,0.07974955626863785,0.057527144670929585
97181.0,0.2993760855930424,0.4928203620180071,4.391367569070235e-05,0.20775963871325842,0.4928203620180071,1.0366973960082335,0.7478190960617902
97186.0,0.9996087959879697,2.892704645097181e-05,0.0003480233579194573,1.4253607658465406e-05,0.9996087959879697,0.0036238790834373607,0.0026140761912281612
97189.0,0.009022639705666257,0.01678944416484918,8.91431385193072e-05,0.9740987729909653,0.9740987729909653,0.1374914336232388,0.09917910472648035
97191.0,0.010233744655195547,0.007945362081328462,2.5111939706007124e-05,0.98179578132377,0.98179578132377,0.10361232916639086,0.0747404967316535
97192.0,0.6376394403431037,0.3450108366845151,0.01707922573123824,0.0002704972411444481,0.6376394403431037,0.7258127158699091,0.523563202899834
97193.0,0.00214648877116326,2.510035196130457e-06,0.9942863982393852,0.0035646029542567032,0.9942863982393852,0.03901008153161534,0.028139825585167793
97194.0,0.2247781287079764,0.771651896592447,0.0022008681482984923,0.00136910655127702,0.771651896592447,0.5580363387172242,0.40253812925158666
97198.0,0.01895971441552371,0.9583185785544696,0.00013333138805118557,0.022588375641955722,0.9583185785544696,0.20279085298545346,0.1462826789698783
97200.0,0.05036691679367652,0.9201726775545661,0.01910870530282165,0.010351700348934187,0.9201726775545661,0.3500086785495339,0.2524778924057559
97201.0,0.997505409862212,0.0018267695984011596,0.0005645978124604934,0.00010322272692594755,0.997505409862212,0.019179928385773152,0.013835393783380194
97204.0,3.977878208009985e-24,0.0008392335610327201,0.999160766438968,6.957846201054449e-17,0.999160766438968,0.00678319067075908,0.004893037771054203
97206.0,0.6968032439080534,0.30153850680879507,0.001009006809032819,0.0006492424741191481,0.6968032439080534,0.6249495926563479,0.4508058390654454
97208.0,0.9586056402485935,0.037547379297226485,1.3777971859232136e-05,0.003833202482319708,0.9586056402485935,0.18524409273475925,0.13362536697120622
97209.0,0.42520502095603263,0.5067147555394311,0.00015299017692503632,0.06792723332761026,0.5067147555394311,0.892118704572653,0.6435276154856263
97210.0,2.747944982413962e-06,0.8425678449096382,0.0005726733127072397,0.15685673383267537,0.8425678449096382,0.43920802584428775,0.31682162040209283
97215.0,8.325706358510513e-15,2.2865044062295623e-05,0.9999771349559308,1.0873536222529191e-20,0.9999771349559308,0.0002671983864396344,0.00019274289352499667
97216.0,2.7362421278739795e-18,4.707081755994404e-09,6.740714160655034e-05,0.9999325881513108,0.9999325881513108,0.0007149292205952906,0.0005157124205697188
97217.0,0.996882437382039,0.0023920535791882385,5.319955049320164e-07,0.0007249770432667592,0.996882437382039,0.02279899706699116,0.016446000002895086
97223.0,0.9124869865521834,0.08699889178382862,0.0005098125951622599,4.309068825976625e-06,0.9124869865521834,0.2999243560902538,0.21634969058661238
97224.0,0.015549977845229409,0.9538113546411339,5.799723499308019e-05,0.030580670278644858,0.9538113546411339,0.21706292482648634,0.15657780260401286
97228.0,0.00011657620585161843,0.11200675420159606,0.0009955833725665373,0.8868810862199873,0.8868810862199873,0.35960730972221217,0.2594018412018285
97229.0,1.9840322488725257e-06,0.9548502082031634,0.04514780775930835,5.278424658381506e-12,0.9548502082031634,0.18400038639759997,0.13272822248873528
97231.0,0.03334199920714667,0.4219128727449382,0.0013196588838871653,0.5434254691640289,0.5434254691640289,0.8176512613193587,0.5898107099410224
97233.0,0.24045276042483416,0.743514171422409,0.0012098917875575986,0.014823176365198075,0.743514171422409,0.6336101420042711,0.45705310486325695
97234.0,0.0489854526147878,0.35902200490526176,0.00037228734895800237,0.5916202551309929,0.5916202551309929,0.8289986926357285,0.5979961513844998
97235.0,0.26827621790593614,0.10582457467638846,0.000230482927523295,0.6256687244901509,0.6256687244901509,0.8859882051020191,0.6391053948933985
97236.0,0.9367166814538295,0.021360238586248192,1.5903569414095814e-05,0.04190717639050826,0.9367166814538295,0.276511342812373,0.19946077151247932
97245.0,0.058065596246795886,0.8968309273345285,0.00016649635574257952,0.0449369800629335,0.8968309273345285,0.40378463520843777,0.29126904540118614
97247.0,0.7340766452438653,0.25835746497631323,8.825132478523272e-05,0.0074776384550376334,0.7340766452438653,0.6140308322559622,0.44292961832429983
97248.0,0.0011014586398279754,0.8982072092839147,0.0010898385673775452,0.09960149350887841,0.8982072092839147,0.3411019509143425,0.24605304651083626
97249.0,0.013460332422256478,0.048498787721535916,0.00022305850318174697,0.9378178213530265,0.9378178213530265,0.2668380467582799,0.19248296338933388
97250.0,0.8315980923155919,0.15619289761446856,4.7605363310797146e-05,0.012161404706627407,0.8315980923155919,0.49744870810857983,0.3588333921424348
97251.0,0.03430599753458148,0.8104757099151549,9.310316319897157e-05,0.15512518938706396,0.8104757099151549,0.5759466722811464,0.41545770395825543
97252.0,0.003759339586337907,0.8992472931255348,0.0756124244358413,0.02138094285228441,0.8992472931255348,0.39394451366060135,0.28417089812178203
97253.0,0.00022178751143640336,0.9329572441464584,0.06500972445608139,0.001811243886025348,0.9329572441464584,0.25573098787818954,0.18447091400674984
97255.0,0.0011496140191450206,0.0025585267240158466,0.9955614551617393,0.0007304040950996209,0.9955614551617393,0.03275467602746244,0.023627504335372338
97256.0,8.784603214486411e-05,0.03556080680967041,0.9582263836239721,0.00612496353421435,0.9582263836239721,0.19156722584465108,0.1381865433614671
97257.0,1.219351219928275e-05,8.991393431709829e-05,1.5575221733782206e-05,0.9998823173317498,0.9998823173317498,0.001265752923660748,0.0009130477329780339
97259.0,0.0008348888292217105,0.00018188386264000016,0.9989832273081345,3.4021241512567073e-15,0.9989832273081345,0.008500534292601933,0.006131839334421691
97260.0,0.7553991280910034,0.04197401327529926,0.00017649304817272143,0.20245036558552484,0.7553991280910034,0.669874739366484,0.4832124822504067
97264.0,1.7489298678091528e-05,0.0008443333874585974,0.8270871723204627,0.1720510049934011,0.8270871723204627,0.46598903461772745,0.33614003467581544
97266.0,0.9885980362841691,0.008344635819355196,0.00014355446979480595,0.0029137734266800924,0.9885980362841691,0.06955706384647245,0.050174815535051404
97268.0,0.04570172302675571,0.9253168963344303,0.0031560336039311294,0.025825347034882096,0.9253168963344303,0.3254418949145288,0.23475670394534892
97270.0,0.7973297337781721,0.009527101694480445,9.415453355932912e-06,0.19313374907399103,0.7973297337781721,0.5426130134078901,0.39141255178268985
97272.0,9.289874319760311e-31,1.5567269675525242e-08,0.9999999844327335,2.132850350373892e-30,0.9999999844327335,2.954371973734717e-07,2.1311288977242076e-07
97275.0,0.9989102930600684,0.000980898182100137,1.1201989965724467e-06,0.00010768855883561949,0.9989102930600684,0.008883056214884572,0.0064077705745759295
97277.0,0.019659395359193598,0.2127664658835749,0.0002993506563450099,0.7672747881008862,0.7672747881008862,0.6122024693407138,0.4416107332689127
97278.0,0.13982918973835795,0.00903343924129551,1.143449026079124e-05,0.8511259365300842,0.8511259365300842,0.45493697105792696,0.32816765603115855
97280.0,0.003316189844458176,0.20063983786872594,0.7503357147245128,0.04570825756230369,0.7503357147245128,0.6977625157248621,0.503329260577233
97284.0,0.45748059100198246,0.5406546251162099,0.0009906685202345712,0.0008741153615728751,0.5406546251162099,0.703256575553189,0.5072923870115702
97289.0,0.9972507390664463,0.0026116640460773152,0.00013302456089943717,4.572326576515567e-06,0.9972507390664463,0.01952250939701533,0.014082513746391103
97293.0,0.31368058548156813,0.06139133797131905,0.00022711848230484093,0.6247009580648091,0.6247009580648091,0.8308029366388785,0.5992976383224489
97297.0,0.018720872312219417,0.29378744209961366,0.003604012396632902,0.683887673191535,0.683887673191535,0.714459849819862,0.5153738411246942
97299.0,0.2961875730610508,0.31037926699873886,1.300264165093331e-05,0.393420157298559,0.393420157298559,1.0906802525137271,0.7867594957485383
97301.0,0.8137436258133914,0.15502711807618885,0.008689319344572668,0.022539936765847524,0.8137436258133914,0.5834337620493032,0.42085849759786065
97304.0,0.004793060831182536,0.053855996926568596,4.6950316848817924e-05,0.9413039919253988,0.9413039919253988,0.24034149446527492,0.17336974109244718
97305.0,0.8583130683617909,0.020282711109791563,2.7751487429677753e-06,0.12140144537967411,0.8583130683617909,0.4662292340234897,0.33631330192157427
97306.0,0.004666303744026332,0.00010948972008836218,6.811115386437857e-05,0.9951560953820224,0.9951560953820224,0.03153001147216513,0.02274409559503238
97307.0,0.00021018613313676608,0.12934292249318574,0.3451732931242059,0.5252735982494704,0.5252735982494704,0.9716771834723161,0.700916926970233
97308.0,0.031155828670854743,0.8654710031338104,0.00024761995688505804,0.10312554823845,0.8654710031338104,0.46945397093581864,0.33863945789736855
97316.0,0.004382006609610085,0.011729759671228156,9.287026105868216e-05,0.9837953634581026,0.9837953634581026,0.0928763731890162,0.06699614150777318
97319.0,0.08015109033409477,0.6455170864208328,0.0010995940094021502,0.27323222923567153,0.6455170864208328,0.8468257159568234,0.6108556304540775
97320.0,0.9696228325895146,0.01924707510903951,0.011114907998930822,1.518430251377107e-05,0.9696228325895146,0.1561242555197032,0.11261984460037858
97321.0,0.5452140190661338,0.11789334892084934,0.00021851190401174253,0.33667412010900577,0.5452140190661338,0.9511258480850988,0.6860922721468409
97322.0,1.5374991549125643e-06,2.616239519149899e-08,0.9911253498241438,0.008873086514304887,0.9911253498241438,0.05077915105031197,0.03662941470041834
97323.0,0.0007614309301205764,0.9980411160444556,4.842787992171051e-05,0.0011490251455006817,0.9980411160444556,0.015682996058611964,0.01131289032002032
97325.0,0.9184000191366394,0.003675720687305713,0.0013277998478075624,0.07659646032824788,0.9184000191366394,0.3043699905667202,0.21955653799301392
97326.0,0.0007898262434486161,0.9789303734775783,0.01696748815377598,0.00331231212519588,0.9789303734775783,0.1145692516153112,0.08264424557188467
97327.0,0.0003198977197250831,0.9935186217039702,0.006159234203211986,2.2463730941678872e-06,0.9935186217039702,0.04041321291452468,0.029151970929087286
97330.0,0.0012491960618666886,0.8552568939740764,0.0013831516188626913,0.14211075834519557,0.8552568939740764,0.428458538385344,0.30906750427753465
97332.0,9.416916035358686e-09,0.9874110191518374,0.01258885262559806,1.1880564934971148e-07,0.9874110191518374,0.06758699331160864,0.04875371003962666
97333.0,0.9392768852744421,0.03751829033151198,1.2049100631350993e-06,0.023203619483982977,0.9392768852744421,0.26935278490705367,0.194296963517519
97334.0,0.013826501582105449,0.8670230486765397,0.1188315058835303,0.00031894385782442236,0.8670230486765397,0.4385934037274856,0.3163782642621273
97336.0,0.13364452472537924,0.8629823073810641,0.0011052507431147526,0.0022679171504404122,0.8629823073810641,0.4174725178168635,0.3011427655809092
97337.0,0.0017126619519478245,0.9101961355371396,0.08806660919488685,2.4593316026168992e-05,0.9101961355371396,0.31078730159664547,0.22418564939237154
97338.0,0.519701668341517,0.084358520811446,0.00013185012569577552,0.3958079607213414,0.519701668341517,0.9167595938473017,0.6613022598654412
97339.0,0.5395351110355178,0.45904514572961835,0.000827309238543672,0.0005924339963220828,0.5395351110355178,0.700608605806634,0.5053822806006807
97343.0,0.18285946896294628,0.6066178684768143,0.0004016625438698194,0.2101210000163687,0.6066178684768143,0.9448515777308881,0.6815663427842327
97348.0,0.03351234405751839,0.9411742526643616,0.00011749540261435848,0.02519590787550643,0.9411742526643616,0.26467437977066904,0.19092220757275322
97349.0,0.16954925452776404,0.07018662790205514,0.002086894031979741,0.7581772235381995,0.7581772235381995,0.7101145554189794,0.5122393737830163
97352.0,0.4306912085193614,0.5683669012114013,0.0006005230727290209,0.00034136719650782864,0.5683669012114013,0.6910987574923013,0.4985223750993337
97353.0,2.8609425793825564e-12,0.8296551690399182,0.17034483095721686,3.010864784561256e-15,0.8296551690399182,0.4564325653371659,0.3292464992560785
97354.0,0.022170000838867374,0.0050699385572634354,3.743806602516509e-05,0.9727226225378441,0.9727226225378441,0.1385211084556689,0.09992185811371788
97356.0,0.09618354637437626,0.015011920405203657,5.68474873901226e-05,0.8887476857330298,0.8887476857330298,0.3936234801251726,0.283939321377021
97357.0,0.00025280333082194624,0.22640827870736702,0.011363561037041258,0.761975356924768,0.761975356924768,0.596419037827242,0.4302253940825646
97360.0,0.003604534595665972,0.5703101173056451,0.00022879162147830285,0.42585655647721016,0.5703101173056451,0.7060009349097699,0.5092720238286484
97361.0,0.46151028800358046,0.465099060310679,3.07128476319029e-05,0.07335993883810725,0.465099060310679,0.9048618229876499,0.6527198323570148
97362.0,0.9953522303620317,0.002546042704193392,4.5844529029808564e-05,0.002055882404743792,0.9953522303620317,0.03302285848971333,0.023820957089543713
97364.0,0.8607438326814322,0.006839740067204119,3.794235266942671e-06,0.13241263301609824,0.8607438326814322,0.430935348206812,0.31085414490086316
97365.0,0.8285556018072773,0.02454954155954659,2.1910103973196107e-07,0.1468946375321353,0.8285556018072773,0.5285873377516781,0.3812951654255228
97367.0,0.43599283589721627,0.3516609718097805,0.00023918958334985887,0.21210700270965283,0.43599283589721627,1.0603482643333522,0.7648795912844735
97370.0,0.11813957039042866,0.30451080242236384,0.0021181116989584304,0.5752315154882481,0.5752315154882481,0.9455459035485625,0.6820671929911927
97371.0,0.06729387560762623,0.8886411309935556,5.3521297920900065e-05,0.04401147210089832,0.8886411309935556,0.42450727026253426,0.30621726681453454
97373.0,0.23909815909722829,0.195102469125496,2.708547850718567e-05,0.5657722862987695,0.5657722862987695,0.9834915657514455,0.7094392023328662
97374.0,2.7028003632552436e-06,0.8610139403996344,0.0020529052672641833,0.1369304515327378,0.8610139403996344,0.41384149922716706,0.29852353932454384
97375.0,0.009916892410650241,0.9858460107452758,0.0007617431991375845,0.0034753536449376337,0.9858460107452758,0.08495198245755647,0.06127990190260147
97379.0,0.3611840285178091,0.07903971357194535,6.260321093820157e-05,0.5597136546993061,0.5597136546993061,0.893830026659376,0.6447620734295659
97381.0,0.013041863143706294,0.9315534742409665,0.006331825565533411,0.04907283704979551,0.9315534742409665,0.3026254112144344,0.21829809000302391
97383.0,0.8798443217197354,0.11749590776461082,1.5726911092844156e-05,0.0026440436045620996,0.8798443217197354,0.38009672050891985,0.27418182686818854
97384.0,0.698753273572634,0.16710126261376562,1.5238809593936414e-05,0.134130225004008,0.698753273572634,0.8190726586974566,0.5908360314152796
97386.0,3.85604808581924e-05,0.995704367657851,0.0009321447566312262,0.0033249271046606552,0.995704367657851,0.03015587753459601,0.021752867486408284
97389.0,5.625922599712172e-05,0.6455996769034873,0.34916211702335814,0.005181946847157122,0.6455996769034873,0.6777146090949622,0.48886775283965217
97390.0,0.1452166627423911,0.6123244506307036,0.001524375153522623,0.24093451147338324,0.6123244506307036,0.9333331395159481,0.6732575459384927
97391.0,0.09046200865957582,0.7461137730115954,3.781050093109908e-05,0.16338640782789626,0.7461137730115954,0.7322660310470526,0.5282182858015132
97396.0,0.19033362362183798,0.48285456869144905,0.000462056680070084,0.3263497510066444,0.48285456869144905,1.0362866723230528,0.7475228215498972
97397.0,0.02633087899445209,0.6296553986444179,0.3440069915156496,6.730845480984911e-06,0.6296553986444179,0.7542010870968205,0.5440410840938241
97398.0,0.00612276218839941,0.9890582423104551,0.0010751743541751251,0.0037438211469699397,0.9890582423104551,0.07034995945736794,0.05074676881794218
97402.0,0.001296279575878855,0.982899719968208,0.014682717102643666,0.001121283353268782,0.982899719968208,0.09516540766434362,0.06864733085076255
97403.0,3.003854655362683e-11,0.9814662389065231,0.018533757076661106,3.986778262483597e-09,0.9814662389065231,0.09227663424989073,0.06656352131112102
97407.0,2.4862545630343035e-05,0.0019254195072928644,0.0023140909093345356,0.9957356270377427,0.9957356270377427,0.030601376220756867,0.022074226859031692
97408.0,0.00017567676976712641,0.985538846056133,0.01285044529980369,0.001435031874297657,0.985538846056133,0.08122535215404543,0.05859170637355051
97409.0,0.8320861837003547,0.06315237146089983,5.160857463118165e-06,0.104756283981281,0.8320861837003547,0.5637986977848233,0.40669479267691
97410.0,0.9974770704175028,0.0006254651218592439,5.802474775202248e-07,0.0018968842131603524,0.9974770704175028,0.01903094480359454,0.013727924845788716
97412.0,3.5849305214891937e-09,0.9938334159712386,0.006166521679182271,5.876464804675953e-08,0.9938334159712386,0.03752766726460025,0.027070489729384938
97415.0,0.8012454131755832,0.19267185914060778,0.0008543067257241867,0.005228420958084371,0.8012454131755832,0.5283361138167847,0.3811139456630111
97417.0,0.0018947483521687737,0.9920649843892015,0.0016322318529680825,0.004408035405662793,0.9920649843892015,0.05416697128105448,0.0390732104235761
97418.0,0.4723437003506056,0.2840325302846686,8.782993797114058e-05,0.24353593942675367,0.4723437003506056,1.0565954624309453,0.7621725169374529
97419.0,0.9893108523700022,0.00795841167077029,6.700451950086973e-06,0.0027240355072775894,0.9893108523700022,0.06526600259955195,0.0470794691445099
97422.0,2.8928252275235295e-11,0.754135936463472,0.2458640635075285,7.026245181525786e-14,0.754135936463472,0.5577455694304551,0.4023283835475543
97424.0,7.778319133363167e-05,0.061816708157649516,0.00420785841142484,0.9338976502395918,0.9338976502395918,0.2596959542280102,0.18733103265183876
97428.0,0.002214786902835424,0.9295071448296082,0.06710477036535759,0.0011732979022004736,0.9295071448296082,0.2706866933254375,0.19525917504762016
97429.0,0.1127825546935691,0.8149735453085523,0.05051872462536078,0.0217251753725177,0.8149735453085523,0.6468789548953566,0.46662453014148325
97430.0,0.8919164967472932,0.019607910272397996,0.001611290858717796,0.08686430212159214,0.8919164967472932,0.4017213927428921,0.28978073056458903
97436.0,0.8827631511534605,0.10924050886268649,0.00023568232536293608,0.007760657658488577,0.8827631511534605,0.3916350793330179,0.28250499339595037
97437.0,0.09453739908075634,0.646586874671338,5.706459660471538e-06,0.25887001978824664,0.646586874671338,0.8548471435046456,0.6166418673261241
97441.0,8.87634582893182e-07,1.2884890422087956e-13,0.9999991123652907,4.924597493953061e-25,0.9999991123652907,1.3256564845595618e-05,9.562590180981882e-06
97443.0,0.8629904667790989,0.13633368839934082,0.0006056285894020044,7.021623215885024e-05,0.8629904667790989,0.40398714678239017,0.291415126622918
97445.0,0.01454288122545888,0.8590424354185389,0.001779295527736757,0.12463538782826546,0.8590424354185389,0.4628479473245366,0.3338742191453726
97446.0,0.24716919556249373,0.7014009344934078,0.00098208368783863,0.050447786256260445,0.7014009344934078,0.7517138069258915,0.5422468907098738
97449.0,0.9485041883046902,0.03997689337083257,0.00020812775504536386,0.011310790569431033,0.9485041883046902,0.23130960893507038,0.16685461286029576
97450.0,6.94850182757506e-13,1.437238942462911e-12,2.6935297882845896e-07,0.9999997306448883,0.9999997306448883,4.3439817161911165e-06,3.133520439830626e-06
97451.0,0.8967283534497386,0.006400753586879111,2.3551258293196835e-06,0.09686853783755302,0.8967283534497386,0.35623831731448147,0.25697162688211567
97452.0,0.9230723273436623,0.013341192250506187,4.6242737253144956e-05,0.06354023766857833,0.9230723273436623,0.30706605827598465,0.22150133975004227
97455.0,3.7029920176056806e-08,0.9949303618220285,0.005019205676887989,5.039547116359714e-05,0.9949303618220285,0.03213019540900562,0.023177036789682876
97456.0,0.949734547568995,0.04386334264228976,5.9950525120586175e-05,0.006342159263593157,0.949734547568995,0.218804467826049,0.15783406032849484
97458.0,0.1973966780082796,0.06927439399436794,5.5257360037600065e-05,0.7332736706373136,0.7332736706373136,0.7332542809284454,0.5289311574030355
97460.0,0.03636791231924663,0.9627485084569036,8.63817774708604e-05,0.0007971974463789225,0.9627485084569036,0.16357040819419433,0.11799110836897382
97463.0,0.9998512820554896,0.0001011125590511381,6.125681404717872e-06,4.1479704055409697e-05,0.9998512820554896,0.001570938844396578,0.0011331928401753912
97464.0,0.0024815600527504996,0.5018230097432825,8.232746532732082e-05,0.4956131027386396,0.5018230097432825,0.7095721206141878,0.5118480897815771
97465.0,0.9866789448665904,0.012074315696367112,4.526459002377837e-06,0.0012422129780395809,0.9866789448665904,0.07492743336608991,0.05404871827189808
97468.0,0.9942537614770368,0.0019015580019693266,0.0002638689198855364,0.0035808116011073047,0.9942537614770368,0.03998513333806252,0.02884317678805338
97471.0,5.404619923579813e-13,0.9982096313359289,0.0017901672959580188,2.013675723734092e-07,0.9982096313359289,0.013115476647496078,0.0094608165591188
97472.0,0.9660011873013311,0.011036740041230165,1.2510193782165484e-05,0.022949562463656314,0.9660011873013311,0.16991489084751213,0.12256768519944763
97473.0,0.9920511669459358,0.00787342099212082,6.072811356466377e-05,1.4683948379667382e-05,0.9920511669459358,0.04681110570134729,0.03376707502693141
97474.0,0.04134532613644881,0.0008879766603357236,3.667541226255926e-05,0.9577300217909528,0.9577300217909528,0.1796955189647066,0.12962291704017545
97478.0,0.8754176186147798,0.038485797661289026,0.00018343961194664015,0.08591314411198306,0.8754176186147798,0.4542892439935313,0.327700419719332
97481.0,2.4626683059856345e-05,0.9782040015319642,0.021753646063545292,1.772572143104716e-05,0.9782040015319642,0.1052843688773783,0.075946618431259
97482.0,2.87495024514622e-10,0.0001702711159131705,0.5773862277503912,0.4224435008462009,0.5773862277503912,0.6826228638630792,0.49240831024634324
97484.0,0.0073018771343141475,0.9864844973014649,0.0008003056691955995,0.005413319895023686,0.9864844973014649,0.0833043715072875,0.06009140182896777
97485.0,0.9999771948675759,1.7071776401753462e-05,5.05825996509251e-06,6.750960573913456e-07,0.9999771948675759,0.00028149519974785225,0.00020305586435513732
97486.0,2.542616193164823e-12,0.926131022952891,0.07332838426162323,0.0005405927829438775,0.926131022952891,0.26673063656658474,0.1924054833138841
97487.0,0.8883782860868559,0.03618157347710092,0.0009166474453488814,0.07452349299069475,0.8883782860868559,0.4251629194895349,0.3066902177587128
97488.0,4.956388033501846e-06,0.0044625134507630644,0.0006733517494725634,0.9948591784117318,0.9948591784117318,0.034257092778257926,0.024711268933232916
97492.0,0.9951371514743323,0.003863922654777358,0.00036405691768657324,0.0006348689532040572,0.9951371514743323,0.03387587882451066,0.02443628119293849
97495.0,3.287709932523626e-23,2.2834176599500864e-12,3.7948000644983297e-07,0.9999996205177101,0.9999996205177101,5.989951926930839e-06,4.320836970073206e-06
97497.0,0.8980601051621364,0.036042698457338124,0.0008488382819886995,0.06504835809853535,0.8980601051621364,0.4000850080207118,0.288600328502751
97501.0,0.206056129738051,0.07020182488263824,0.0005943835331006812,0.7231476618462083,0.7231476618462083,0.7507879175123048,0.5415790026771772
97505.0,0.34163718317105335,0.5806124747591798,0.07772315646597765,2.718560378834678e-05,0.5806124747591798,0.8814205023419691,0.6358104938333089
97506.0,7.075556210953728e-10,0.9952149001428265,0.004785081814953081,1.7334663624789896e-08,0.9952149001428265,0.030337071292507702,0.021883571154397898
97507.0,0.9999822818389983,3.3102983776758853e-10,1.771592293584712e-05,1.9070366935580566e-09,0.9999822818389983,0.00021159425952533325,0.0001526329944488853
97509.0,0.00020625663553329064,0.0003672581041281964,1.7963061355150318e-05,0.9994085221989845,0.9994085221989845,0.005442770823949388,0.00392612923820346
97510.0,0.013246631077430286,0.6277995098518846,0.00023639566898082384,0.3587174634017055,0.6277995098518846,0.7192791676974859,0.518850244125952
97512.0,0.009128394747485532,0.1847905525752851,0.5856853526976374,0.22039569997959144,0.5856853526976374,1.0015318705508767,0.7224525314679985
97513.0,0.060051133951996266,0.3142121805004465,0.0045910420900769,0.6211456434574798,0.6211456434574798,0.8531563474165504,0.6154222157603995
97516.0,0.008875292501825074,0.437308965253231,0.00040977607374372796,0.553405966171202,0.553405966171202,0.7342624065874067,0.5296583663474237
97518.0,0.010021630370578358,0.979459231826262,0.010385374406287113,0.00013376339687141484,0.979459231826262,0.1150848112147516,0.08301614321058234
97520.0,5.1004439507313836e-08,0.001252019396124408,0.00038418036906232836,0.9983637492303754,0.9983637492303754,0.013024357807852832,0.009395088210076365
97521.0,0.00010310375186452134,0.08043524649909649,0.0016284038653811832,0.9178332458836574,0.9178332458836574,0.29281686548243097,0.21122271986007693
97522.0,0.9996443524654975,0.00016652800233528335,0.00018142077453557707,7.698757632284227e-06,0.9996443524654975,0.003457968357339754,0.002494396900342509
97523.0,0.3007862595737604,0.6932564346672511,0.0035148118764839233,0.0024424938825031114,0.6932564346672511,0.6498817113517377,0.46879056106579237
97524.0,0.37142485772699413,0.05407842238429178,1.568567126937903e-06,0.574495151321586,0.574495151321586,0.8440692032487045,0.6088672268470022
97527.0,0.00024851981322264585,0.9881094300047545,0.006419934970298257,0.0052221152117234255,0.9881094300047545,0.0737338145351572,0.053187704287848935
97532.0,0.9121697140233384,0.08121136821004868,2.7539359362252526e-05,0.0065913784072501,0.9121697140233384,0.3211434474343058,0.23165602951372924
97533.0,0.9756830032105208,0.00800136783625095,5.600179497058721e-06,0.016310028773731486,0.9756830032105208,0.12985005247502285,0.09366701338244357
97535.0,0.5080202530916988,0.4791012150034779,0.001953957364835576,0.010924574539987741,0.5080202530916988,0.7581240921817322,0.5468709340845161
97538.0,0.05005877745834399,0.009594004391300192,0.0013745271993050995,0.9389726909510514,0.9389726909510514,0.26266725506648847,0.18947437314416968
97539.0,0.01151765880081551,0.6877099195388215,0.005933097830082656,0.2948393238302816,0.6877099195388215,0.6993986173513447,0.5045094584286913
97548.0,0.9650216462682147,0.008532566376585613,1.1725423481734413e-06,0.026444614812852672,0.9650216462682147,0.17108878359322474,0.12341446982083519
97550.0,0.999498836847878,0.0002464367607328208,7.75702029641662e-06,0.0002469693710916643,0.999498836847878,0.004691198585561128,0.0033839844676071796
97554.0,2.0986283757069008e-05,0.1492037573452557,0.8383172229003306,0.012458033470655971,0.8383172229003306,0.486555480384237,0.35097558933384304
97555.0,0.4713141537003351,0.0469244149643482,2.9329116832155112e-05,0.481732102218483,0.481732102218483,0.8502362127375738,0.6133157838503557
97557.0,1.3803957430176375e-07,0.9361180356216172,0.06374554764593447,0.00013627869287430552,0.9361180356216172,0.23849409929684673,0.1720371271684204
97558.0,0.35710078427345604,0.5715807915283393,0.014256411964045286,0.057062012234159375,0.5715807915283393,0.9114346664409645,0.657461136684333
97560.0,0.009093245952852987,0.9676134143173689,6.507781380621586e-05,0.023228261915973582,0.9676134143173689,0.16261769443071683,0.117303870657996
97563.0,0.003501215450075116,0.9892819148376037,0.00016424435917633708,0.007052625353145717,0.9892819148376037,0.06683103388631786,0.04820840058263653
97568.0,7.785874190379248e-05,0.8650004688361529,0.0006768921184385822,0.13424478030350526,0.8650004688361529,0.4006990994512806,0.28904330183351806
97569.0,0.42928813480949374,0.42091619661752794,3.126482197702929e-05,0.14976440375100067,0.42928813480949374,1.0119262222989052,0.7299504713280667
97570.0,0.18720923969779074,0.5103154989687819,0.0002873995714006714,0.302187861762027,0.5103154989687819,1.0209507415049763,0.7364602858805697
97571.0,6.832967292596907e-05,0.005215290378072861,0.9232896007638576,0.07142677918514138,0.9232896007638576,0.2902588193895713,0.20937747965380993
97572.0,0.7089380574785298,0.06848571446612463,7.975861042345728e-05,0.22249646944492305,0.7089380574785298,0.7626148097627359,0.5501103020765896
97573.0,0.0012729753839453226,0.9252093512579966,2.594763943612687e-06,0.07351507859411482,0.9252093512579966,0.2723347248063226,0.19644797846997109
97574.0,0.6326357455149689,0.10168975555639759,9.418186536485682e-05,0.2655803170632701,0.6326357455149689,0.8750938204481585,0.6312467575365677
97575.0,0.9847059719874884,0.004023204910216667,2.236007374534e-05,0.011248463028551219,0.9847059719874884,0.08808435233604084,0.06353942914756115
97576.0,0.0005896464788867875,0.02019092925895564,0.00029902206494740187,0.9789204021972088,0.9789204021972088,0.10646255314006084,0.07679649872777176
97577.0,2.930080018261904e-10,0.0016454625652713819,0.9983545370587412,8.29766917490772e-11,0.9983545370587412,0.012191093703696943,0.008794015214668122
97578.0,0.8502572210860561,0.05379167062324319,3.758075267951621e-06,0.09594735021543267,0.8502572210860561,0.5200824213769242,0.3751601650870064
97580.0,0.9739844754149527,0.010070196371815693,4.517894555141243e-05,0.015900149267679277,0.9739844754149527,0.13827998730180593,0.09974792596725213
97582.0,0.15297763156806582,0.7866215606042137,0.0002252163240674328,0.060175591503651524,0.7866215606042137,0.6470196785300402,0.46672604078643015
97585.0,0.9999389248984721,2.966154406070554e-06,5.673074192980511e-05,1.3782051926341697e-06,0.9999389248984721,0.000672093166179502,0.0004848127389312648
97588.0,0.7850685474689694,0.033110733303166134,0.06518627043133714,0.11663444879652776,0.7850685474689694,0.7314174191278899,0.5276061416978056
97591.0,0.9446748442673262,0.052032191012019544,9.482800750189188e-05,0.003198136713150982,0.9446748442673262,0.22681958833806606,0.16361574763590203
97592.0,0.6775481847255079,0.2900556294855743,2.1862277023148963e-05,0.03237432351189462,0.6775481847255079,0.7340402373633426,0.529498105128526
97593.0,0.0001486427830350191,0.043904497850955404,0.0017901168022928812,0.954156742563717,0.954156742563717,0.19464346923128456,0.14040558390069888
97594.0,0.9683882684801228,0.002087810778543648,6.68152552500031e-05,0.029457105486084975,0.9683882684801228,0.14846527787097366,0.10709506006432783
97595.0,0.0022751799028574945,0.053820323372471786,6.919566108744552e-05,0.9438353010635849,0.9438353010635849,0.22633451381192932,0.16326584032924252
97597.0,6.654322046035379e-05,0.9777830145370343,0.021761930290800015,0.00038851195170387485,0.9777830145370343,0.10895520219640736,0.0785945649439056
97598.0,0.2584348919636822,0.0067660215334901215,3.503691108705924e-06,0.7347955828117194,0.7347955828117194,0.6099739725054528,0.4400032126024789
97600.0,0.008352357706811702,0.011556275399998482,0.8947546617868559,0.0853367051063345,0.8947546617868559,0.4010431916280709,0.2892915118720501
97602.0,0.2733522557847761,0.009244942960884052,0.00010154656951523168,0.7173012546848245,0.7173012546848245,0.6371003579490193,0.4595707634808168
97605.0,0.0002439058156684551,0.9806070666756743,0.0008589186305956691,0.018290108878061612,0.9806070666756743,0.10048242184250619,0.07248274584434827
97606.0,4.596317285267562e-14,0.18674395414188544,0.8132560458580685,1.2958132668541975e-15,0.8132560458580685,0.48146706912916293,0.34730507649199355
97608.0,0.0010194972996824233,0.977759863742775,0.0006395420679000264,0.020581096889643765,0.977759863742775,0.11364166566332555,0.08197513374542069
97609.0,4.807200860776476e-06,0.9969100966430532,0.003028937766825174,5.615838926195431e-05,0.9969100966430532,0.021260087407199344,0.015335911335616197
97610.0,0.7058255849225048,0.2352610829229505,2.0543343094188513e-05,0.058892788811450165,0.7058255849225048,0.7533455599146437,0.543423951682288
97611.0,4.520909823209706e-05,0.9934456022977374,0.006496965350905116,1.2223253123987556e-05,0.9934456022977374,0.03984487024192924,0.02874199835144777
97617.0,0.9976338931377242,0.00099398943763001,0.0009967913145695123,0.0003753261100751066,0.9976338931377242,0.019084793160645472,0.013766768224627414
97618.0,0.15080127590663572,0.829454779542749,0.002359102836496474,0.017384841714119165,0.829454779542749,0.5250991349771622,0.3787789590033182
97619.0,0.00042081006591712753,0.9881365601197797,0.0001608417411509833,0.011281788073151751,0.9881365601197797,0.0670627693339603,0.04837556237319249
97620.0,1.6845218751104465e-09,0.017387580765105146,0.027054874743477994,0.9555575428068934,0.9555575428068934,0.21155949222411602,0.1526079151423597
97623.0,0.00019030628483621915,0.9931129766425819,0.005930327183017035,0.0007663898895662558,0.9931129766425819,0.04440032196692286,0.03202806215777646
97624.0,0.9980954647602698,0.0015763949804052544,2.8589975649239725e-06,0.0003252812617599241,0.9980954647602698,0.014723360465095061,0.010620659564106634
97626.0,0.005074043246467539,0.9908061422377209,0.0013781206407809765,0.002741693875031828,0.9908061422377209,0.06121223895832445,0.04415529679344245
97627.0,1.568664986643701e-08,8.258029668241899e-06,8.198853583845781e-05,0.9999097377478418,0.9999097377478418,0.0009586192208594479,0.0006914975980173838
97630.0,7.01353932891042e-10,0.9967306275326342,0.003264868213106556,4.503552906462214e-06,0.9967306275326342,0.022009333886138873,0.015876378425400985
97635.0,0.0626209234767145,0.20167837970014194,4.494112286833121e-05,0.7356557557002765,0.7356557557002765,0.722695483653788,0.5213145951700855
97638.0,0.9933044122249234,0.00637188051392634,0.00028103188878089355,4.2675372368329016e-05,0.9933044122249234,0.04161586653152167,0.03001950213366165
97640.0,0.9489564238187647,0.04373123961518536,8.563628684908746e-05,0.007226700279200236,0.9489564238187647,0.22301289314216302,0.16086979749524946
97641.0,0.913439588552867,0.06318510806242186,3.46295705850914e-05,0.023340673814125433,0.913439588552867,0.3452581001127471,0.24905107442970276
97642.0,1.0699419977603407e-08,0.9969883938382691,0.003009613949269612,1.9815130412488686e-06,0.9969883938382691,0.02050693205872493,0.014792624592484678
97643.0,0.005587704273632759,0.007162214956023284,0.001310680874797383,0.9859393998955454,0.9859393998955454,0.08701873243688572,0.06277074687556931
97644.0,7.61759102521498e-12,2.1493052914345676e-09,0.9999385678808455,6.142996223460398e-05,0.9999385678808455,0.0006571973148819059,0.00047406765353283413
97648.0,5.75542020043045e-06,0.0004100515440581507,4.022382767531441e-05,0.9995439692080658,0.9995439692080658,0.004130560827716715,0.0029795698111185582
97650.0,7.249765281873315e-05,0.958179088050001,0.041680834031065934,6.758026611292194e-05,0.958179088050001,0.1747236931989603,0.12603650285197238
97656.0,0.08492709290359568,0.46961913893415047,9.627407762005732e-05,0.4453574940846327,0.46961913893415047,0.925510991531137,0.6676150588850994
97657.0,0.9962507674529657,0.0033565697434840436,4.8573087334915007e-05,0.0003440897162147423,0.9962507674529657,0.026090451810255388,0.018820282720603963
97659.0,0.12507073145677639,0.8349537031959525,0.0011238695061575063,0.038851695841114364,0.8349537031959525,0.5444372567663496,0.3927284652060019
97662.0,0.013005000014095446,0.9403229822257826,0.01548360862207928,0.031188409138041558,0.9403229822257826,0.28702060364476073,0.20704160075562653
97666.0,0.17008747792822534,0.7554205722770204,0.017991050840228746,0.05650089895452672,0.7554205722770204,0.7478221714692395,0.5394396691227439
97667.0,5.237750995802308e-07,0.6399147172313657,0.00651508218148131,0.3535696768120535,0.6399147172313657,0.686070536093836,0.49489528006130484
97670.0,8.180665974113028e-05,0.044922499387895116,0.005463235175542107,0.9495324587768202,0.9495324587768202,0.21779013530970992,0.15710237408292743
97671.0,1.8016684364628266e-05,5.2284340901573513e-05,5.018833753320136e-06,0.9999246801409792,0.9999246801409792,0.0008488380612070946,0.0006123072307106389
97672.0,0.17999775427314277,0.0070507425065014055,1.748523009438457e-05,0.8129340179902632,0.8129340179902632,0.5121503833057969,0.36943840909232745
97675.0,0.803702845952751,0.023698561602702558,0.00023412738771108924,0.17236446505683511,0.803702845952751,0.5693165844934553,0.4106751065722753
97676.0,0.8740430033749127,0.11395169834538628,5.890580781426568e-05,0.011946392471887552,0.8740430033749127,0.4186338233363788,0.30198047043789006
97684.0,6.271165632077993e-10,0.0051406758525380574,0.002515948748488426,0.9923433747718559,0.9923433747718559,0.049779765305532186,0.03590851027145388
97685.0,2.5234207829923413e-05,4.2551468038820955e-08,0.011830139995913253,0.9881445832447883,0.9881445832447883,0.06454431708887753,0.046558883090844196
97688.0,2.790990799004296e-13,0.9829416722895464,0.016093692423373548,0.0009646352868011088,0.9829416722895464,0.09006632887148991,0.06496912300698648
97689.0,0.7421324303492899,0.17302877945759906,0.00013193933212977477,0.08470685086098126,0.7421324303492899,0.7351507606052785,0.5302991783154924
97691.0,0.13290637808278258,0.048348830268321756,4.691440019608612e-05,0.8186978772486995,0.8186978772486995,0.5789235409163086,0.41760506076691867
97692.0,0.9140744821727679,0.05042795683002351,9.50619691300862e-05,0.035402499028080285,0.9140744821727679,0.35192142576081675,0.2538576478638519
97695.0,1.674763462493562e-06,0.9875435147812435,0.012429480809714451,2.5329645579873513e-05,0.9875435147812435,0.06720556618898693,0.04847856853049322
97699.0,0.09248682144316585,0.8819501176611362,1.8788193543049816e-05,0.02554427270215669,0.8819501176611362,0.42485679567705803,0.3064693961056336
97701.0,0.0028186663229953636,0.14670833820644544,0.0006318358230272424,0.8498411596475325,0.8498411596475325,0.44105713374991473,0.31815546980485115
97702.0,0.4063821110548022,0.04754281631343013,3.130154130563035e-05,0.5460437710904629,0.5460437710904629,0.8414645375223193,0.6069883576836876
97703.0,0.00887868148739625,0.001241465185703814,3.519465903220095e-05,0.989844658667869,0.989844658667869,0.060715525351628045,0.04379699366488096
97704.0,0.0072261785278542245,0.002533981465436622,0.00012239643461862731,0.9901174435720903,0.9901174435720903,0.06170957304098006,0.044514047500798605
97705.0,0.792496723934548,0.07721682271318657,5.031764459099551e-06,0.13028142158780678,0.792496723934548,0.6476539759506905,0.46718358965804063
97706.0,0.5643613337037221,0.3255646177225588,0.00016255085011063184,0.10991149772360932,0.5643613337037221,0.9323071669839142,0.6725174631964659
97708.0,0.6349427908126056,0.3533720467563489,0.00010658434374602532,0.011578578087299791,0.6349427908126056,0.7085926218959071,0.5111415308098668
97709.0,0.1424757004950617,0.1523013981123592,0.00037329974960012243,0.7048496016429778,0.7048496016429778,0.8137232402143122,0.5869772416566434
97711.0,2.8939786496315116e-35,5.958173329082776e-10,0.9999999994041815,1.4609710267919853e-33,0.9999999994041815,1.325169626622612e-08,9.55907824332561e-09
97712.0,8.174352449805177e-07,0.18897994350284752,0.8110170699126678,2.169149241442802e-06,0.8110170699126678,0.4847825945502944,0.3496967225334974
97713.0,0.05382623063576777,0.5117654220531997,0.43440820240963435,1.449013991451878e-07,0.5117654220531997,0.8623050100446865,0.6220215808625885
97714.0,0.0789241954573956,0.1440538654720231,0.00011004442686460895,0.776911894643715,0.776911894643715,0.676641380706791,0.4880935822029743
97716.0,0.9947105361590958,0.004394965174785486,2.959306276757762e-05,0.0008649056033528225,0.9947105361590958,0.03553690519681643,0.02563445844799415
97719.0,5.016668250210971e-06,0.986657922605178,0.013314643423170066,2.2417303402737042e-05,0.986657922605178,0.07105837443910551,0.051257782208464296
97722.0,0.954710997886018,0.0006465468370924307,2.1375615952981838e-06,0.04464031771529433,0.954710997886018,0.18781568151449263,0.13548037616106973
97726.0,0.7330018306728203,0.08039928059833314,9.330686886893715e-06,0.18658955804196126,0.7330018306728203,0.7437048693702815,0.5364696634627397
97727.0,2.964652818906737e-14,0.06678779721201956,0.9296479246110595,0.003564278176889829,0.9296479246110595,0.2686517707129617,0.19379128866681436
97735.0,0.015919474544628238,0.9335218590713638,0.0010153877467540553,0.04954327863725267,0.9335218590713638,0.28599938241450706,0.20630494535335778
97737.0,0.999951895066452,2.653385913439517e-05,2.156323317106131e-05,7.84124121022681e-09,0.999951895066452,0.000559526366582893,0.00040361295715788
97739.0,0.8779074488189488,0.029069234591803456,7.880163388665882e-06,0.09301543642585988,0.8779074488189488,0.4381683748066158,0.3160716707039406
97741.0,0.7255353538130808,0.007948905298848213,0.0002577024254448813,0.2662580384626277,0.7255353538130808,0.6256814859977815,0.45133378851251843
97744.0,0.8995171862878727,0.09354652975893678,0.0001046524537759083,0.006831631499414975,0.8995171862878727,0.3519186780464189,0.2538556658068841
97745.0,0.0005569584035494608,0.9978586382014841,0.0008411235661618334,0.0007432798288033437,0.9978586382014841,0.017623085498604293,0.01271236902699931
97746.0,0.047018239765838715,0.8935549330613507,0.007582514409475714,0.051844312763335544,0.8935549330613507,0.4347633506426831,0.3136154649662342
97747.0,0.8088597236631191,0.1841549354562172,0.00020538893373307852,0.006779951946931244,0.8088597236631191,0.5187707980003617,0.37421402881656607
97748.0,0.6829269208939533,0.3094380873721315,0.00012222804917848184,0.007512763684736534,0.6829269208939533,0.6612634010389699,0.4770007147001458
97751.0,0.9606336651358401,0.030037855780340086,5.841497225686752e-05,0.009270064111563375,0.9606336651358401,0.187834979790827,0.1354942969248524
97752.0,4.589991817164634e-07,0.960408837357914,0.039528683728804595,6.20199140994751e-05,0.960408837357914,0.16711088397472518,0.12054502179445348
97753.0,0.9967717059252419,0.002058077680757126,0.00021549745981286643,0.0009547189341897023,0.9967717059252419,0.024412866195467935,0.017610160497043705
97756.0,4.173875712208784e-20,1.3135506285642044e-13,2.042625043197646e-06,0.9999979573748241,0.9999979573748241,2.8803619006823676e-05,2.0777419150399804e-05
97760.0,6.002652723588591e-05,0.0036219192770754163,0.00042415278501909954,0.9958939014106682,0.9958939014106682,0.028332788627182803,0.020437786823495927
97761.0,7.225669467907354e-05,0.9968693068803856,0.0030364675436044823,2.196888133071882e-05,0.9968693068803856,0.021652997108416963,0.01561933577434811
97762.0,0.06418258928487669,0.1841635524808766,2.7020874951971286e-05,0.751626837359293,0.751626837359293,0.7027241129494961,0.5069082964326669
97765.0,0.0020381452548304795,0.9873190631791715,6.405007849387036e-05,0.010578741487503806,0.9873190631791715,0.07396814700371118,0.05335673943299998
97766.0,0.0014046916926332782,0.033312414296216446,0.1367010423825951,0.8285818516285569,0.8285818516285569,0.5503846362548406,0.39701859265316725
97768.0,0.8830066563698242,0.008913175522789859,0.00014478270306920237,0.10793538540431573,0.8830066563698242,0.3935062265323402,0.2838547407885681
97769.0,1.092341310768574e-06,0.9810241436958863,0.01897457230344753,1.9165935694962143e-07,0.9810241436958863,0.09404026663892166,0.06783571316192406
97770.0,1.7229599495089253e-06,0.20358328536280498,0.0004656796990217338,0.7959493119782244,0.7959493119782244,0.5092864010515598,0.3673724825946365
97771.0,2.7979604433798356e-09,0.00013228929826651875,0.011828953218550618,0.9880387546852223,0.9880387546852223,0.06555838136278967,0.047290375840402056
97774.0,0.6643178748480602,0.3318632489191227,0.00023439772888204954,0.003584478503935277,0.6643178748480602,0.6599021694254957,0.4760187936510156
97775.0,0.5412528580722961,0.4468002733350288,0.000348945421318931,0.011597923171357208,0.5412528580722961,0.7466889154599219,0.5386221977103939
97776.0,5.050173147522983e-05,0.9862255035860045,0.0007261444812335028,0.012997850201285464,0.9862255035860045,0.07587651805930357,0.05473333816203957
97777.0,0.14440543473903436,0.8351658146699499,0.00031729205535569653,0.020111458535660764,0.8351658146699499,0.5109983116332381,0.36860736504795283
97782.0,0.6794779075864121,0.06326516601748251,9.504168677672127e-05,0.25716188470932855,0.6794779075864121,0.7873282485635658,0.5679372798772248
97783.0,6.854823091821004e-08,1.067731457413508e-05,0.00015739073925728056,0.9998318633979371,0.9998318633979371,0.0016697165245225711,0.0012044458748095344
97784.0,0.003021129816399628,0.3985100273284423,0.0001622833726544535,0.5983065594825051,0.5983065594825051,0.6929046915071394,0.49982508112302354
97787.0,0.7591022512985083,0.13842106532642293,0.00012171929392549533,0.10235496408114163,0.7591022512985083,0.7173399679137126,0.5174514071702806
97788.0,0.19160579587147455,0.6438004410251293,0.00021621137949719865,0.16437755172389756,0.6438004410251293,0.8987243128256914,0.6482925546199833
97794.0,0.9907793491378418,0.006238931725154066,1.1274007140665624e-06,0.002980591736291009,0.9907793491378418,0.058202200157231876,0.04198401276783264
97795.0,0.6214466038039749,0.1043199288647264,5.610648470549956e-05,0.2741773608465942,0.6214466038039749,0.8867482535566142,0.6396536539615383
97801.0,0.0227936555493545,0.976698046013056,0.0004294593344491595,7.883910313954033e-05,0.976698046013056,0.11329183613973383,0.08172278508599952
97802.0,2.635782606706297e-05,0.9932505486748633,0.006722179753002043,9.137460692591412e-07,0.9932505486748633,0.04064388640408901,0.02931836667881679
97809.0,5.20754707724487e-09,0.969496366747984,0.0305019211957156,1.7068487559457066e-06,0.969496366747984,0.13650701715141572,0.09846899834544608
97810.0,0.5218762980120016,0.3577008640479466,3.3550106760518485e-05,0.12038928783329282,0.5218762980120016,0.9623391050498278,0.6941809272544549
97811.0,0.9455046237296681,0.007886170041089359,0.0002589154496114243,0.04635029077963248,0.9455046237296681,0.23567727754886486,0.1700052197849796
97813.0,0.0356854500581123,0.8330731224849103,0.0020436730929335152,0.12919775436404346,0.8330731224849103,0.5481355959394536,0.3953962529982832
97817.0,0.9976314662200998,0.0023354889709152143,2.58051837475223e-06,3.0464290609538263e-05,0.9976314662200998,0.016867703083983453,0.012167475795225202
97823.0,0.982817074398561,0.007965587768548114,0.0009835092048911173,0.00823382862799928,0.982817074398561,0.10185763099832146,0.07347474955898817
97827.0,0.019556590956769652,0.7952213944974881,0.051187951687054284,0.13403406285868638,0.7952213944974881,0.680663637714373,0.49099502732198397
97830.0,0.530312471770175,0.4373616758134624,0.013121714070089708,0.01920413834627436,0.530312471770175,0.8308367494398017,0.599322029102554
97832.0,1.164594223120056e-08,0.9833800185746021,0.016617909216585947,2.0605628689480537e-06,0.9833800185746021,0.08459642100653582,0.06102341853154208
97840.0,0.5844810834092208,0.21430436061005467,0.00012625499860789572,0.20108830098211763,0.5844810834092208,0.9676711186137372,0.6980271620177573
97841.0,0.20053823581547867,0.49216230416562573,8.010105059693728e-05,0.3072193589683002,0.49216230416562573,1.034465484891291,0.7462091125117313
97845.0,2.8215527207697127e-15,3.774639113733465e-14,0.9999999786468197,2.1353140669141464e-08,0.9999999786468197,3.9849504343002194e-07,2.8745341148766237e-07
97847.0,0.9264662053413926,0.07335120619366907,0.0001093775243952177,7.321094054260703e-05,0.9264662053413926,0.2640858505774055,0.19049767349848337
97848.0,0.9866368282391136,0.0006353932297160521,9.116533868404752e-08,0.012727687365832012,0.9866368282391136,0.07349557740174398,0.05301585252238351
97850.0,1.1871347861392716e-07,0.9557137358014327,0.04391347152039547,0.00037267396469502353,0.9557137358014327,0.18348795831914771,0.13235858376493762
97851.0,0.3234610611427016,0.3575184240944116,0.0030851363308384188,0.31593537843204966,0.3575184240944116,1.1146770220410647,0.8040695059457609
97859.0,0.8474720956692307,0.1364347118769818,4.54499022602773e-06,0.016088647463562717,0.8474720956692307,0.4785161952655053,0.3451764709472997
97866.0,0.027478831378978205,0.1069559611541384,0.00014629209192428103,0.8654189153749586,0.8654189153749586,0.46423175524306715,0.334872425556176
97869.0,1.199620479700292e-14,0.9349945627191332,0.06500543727773163,3.1233486234922885e-12,0.9349945627191332,0.24052359804520304,0.17350110105829242
97871.0,2.0485367436407813e-10,1.2060835909483423e-13,0.9998830446607452,0.00011695513428350861,0.9998830446607452,0.001175832130916697,0.0008481835920957106
97876.0,0.9069246629737286,0.053035812855061315,0.03980898835235886,0.0002305358188514857,0.9069246629737286,0.3746192547871346,0.2702306705514591
97877.0,0.8726602851560248,0.006456268202311251,9.113403600500044e-06,0.12087433323806306,0.8726602851560248,0.40693487376721216,0.29354146217436666
97878.0,0.4265717323341571,0.5679048194097572,0.004124278861363347,0.0013991693947233389,0.5679048194097572,0.7165907308994859,0.516910946907843
97883.0,0.03323638163594753,0.7971786018490304,1.3785010067557733e-05,0.1695712315049556,0.7971786018490304,0.594897398160455,0.42912776308191775
97891.0,0.6204520790249572,0.3219881503537258,0.057514749755749814,4.5020865565324045e-05,0.6204520790249572,0.8257323396645765,0.5956399757678629
97894.0,1.6044888543275894e-06,0.994223608627464,0.005516016112842175,0.0002587707708381695,0.994223608627464,0.03660225086038881,0.02640294290082837
97895.0,0.0004166511954447881,0.9559237888811802,0.04264610039264451,0.0010134595307291063,0.9559237888811802,0.18786109303352366,0.13551313364772238
97896.0,4.124357671989427e-05,0.9822287240960623,0.016938063711370344,0.0007919686158459656,0.9822287240960623,0.0927609319633564,0.06691286826588641
97897.0,0.030323170861825604,0.06841912737173841,5.716134892875897e-05,0.9012005404175057,0.9012005404175057,0.38382024395923653,0.27686778127639133
97901.0,0.08547913699217162,0.8862913799611929,0.0001556104447138234,0.028073872601921852,0.8862913799611929,0.41888828203878287,0.30216402359192474
97902.0,0.712087221542069,0.20211166895756758,7.456117666419536e-06,0.08579365338269626,0.712087221542069,0.7757370541973887,0.5595760005621929
97903.0,5.358182607481625e-12,0.2079120500352298,0.7920878370024215,1.1295698905019416e-07,0.7920878370024215,0.5111790151150798,0.36873771505651504
97904.0,0.9925601226047542,0.0055185083191233554,0.0003094936577868258,0.0016118754183337628,0.9925601226047542,0.04897225196960527,0.03532601252885715
97905.0,0.037650493087029085,0.9456391005886319,0.010441653934053994,0.0062687523902859804,0.9456391005886319,0.255757748655262,0.18449021782693623
97908.0,0.392728478827978,0.6059299889435487,0.0003385730114659897,0.0010029592170087644,0.6059299889435487,0.6802545487840206,0.490699932036433
97909.0,0.21494520307644505,0.18670975765033707,6.668672979427081e-06,0.5983383706002369,0.5983383706002369,0.9511724541758156,0.686125891334817
97915.0,0.5590585935395886,0.008652805801138171,0.00015529798069256702,0.4321333026785801,0.5590585935395886,0.7301238210161061,0.5266730079074187
97919.0,0.01713467209522415,0.9672883341441395,0.00039806262734444877,0.015178931133290198,0.9672883341441395,0.1685348770000123,0.12157221563237458
97923.0,7.635732649243238e-07,6.291146477026791e-10,0.9999985688583175,6.66939304565911e-07,0.9999985688583175,2.168384994531104e-05,1.564159139174033e-05
97926.0,0.07685016335641812,0.9168864636349018,0.0023470587604720546,0.003916314248208487,0.9168864636349018,0.3126664507400859,0.22554116896753768
97928.0,0.026298589663019158,0.9685395121889441,0.000589330105271215,0.004572568042763811,0.9685395121889441,0.15565901595750048,0.11228424519577099
97929.0,3.067572129621583e-06,0.9992035189865959,0.000529103649856792,0.00026430979141936424,0.9992035189865959,0.0070043227431220495,0.005052550843143981
97930.0,0.7107596314630026,0.19917110140824898,0.0001969020609697443,0.08987236506777904,0.7107596314630026,0.7822643861856383,0.5642844753070347
97934.0,0.706119679745641,0.09447595903326668,9.169999122139173e-05,0.19931266122987226,0.706119679745641,0.7909363992312056,0.5705400104147169
97937.0,0.9863375329839751,0.013081885373485804,0.0005098603401590908,7.072130237867984e-05,0.9863375329839751,0.07483996263483896,0.053985621476798744
97940.0,0.6421659511229214,0.08396561720502288,0.0002191883918088956,0.27364924328024653,0.6421659511229214,0.848903880975352,0.6123547096372676
97941.0,0.7781476301162674,0.053235968118029324,0.0338803121251259,0.13473608964057807,0.7781476301162674,0.7360842310738324,0.5309725349233919
97944.0,0.3178673203091307,0.07799217131277449,2.186004913451307e-05,0.6041186483289619,0.6041186483289619,0.8679850697078928,0.6261188778166191
97945.0,0.7484527698282898,0.0026252501720639343,8.870072213242669e-05,0.2488332792775142,0.7484527698282898,0.5794105990186342,0.4179563989213437
97947.0,0.00791171676833893,0.9194457677175712,8.327180341378836e-05,0.07255924371067458,0.9194457677175712,0.3066376127975038,0.22119228166649443
97948.0,0.952318164641931,0.0021055690854718664,2.551777700751497e-07,0.045576011094827625,0.952318164641931,0.20026315572095055,0.14445933081569481
97949.0,0.994321548621229,0.002486954930095076,1.1491310373224478e-07,0.0031913815355733284,0.994321548621229,0.03891947932669004,0.02807446990929813
97950.0,0.018992365359926395,0.8877572851336932,0.0031493044581617485,0.0901010450482199,0.8877572851336932,0.4159731297410385,0.30006118571022883
97951.0,0.99994061562986,3.9234998015548266e-05,1.4019751069674567e-06,1.8747397018990866e-05,0.99994061562986,0.0006804091085932903,0.0004908114233716101
97952.0,0.12401368464260176,0.4869044702294314,0.0007322281125157901,0.38834961701545,0.4869044702294314,0.9818870649218723,0.7082817996379024
97954.0,1.8959958172219647e-11,0.2301507024574664,0.7661367806504179,0.003712516873156083,0.7661367806504179,0.562966288742556,0.406094336478275
97955.0,0.0022864232707319994,0.0001122180869820611,0.9975207588303631,8.05998119244336e-05,0.9975207588303631,0.018159737429194217,0.013099481566472096
97956.0,1.5051164881703935e-10,0.847226149288315,0.15277384736155714,3.1996165564388735e-09,0.847226149288315,0.42749065341948805,0.30836932285733903
97958.0,0.033362060873866436,0.014116541413017457,6.367408296451682e-06,0.9525150303048194,0.9525150303048194,0.21999989945540804,0.15869638197019387
97963.0,0.9999900873264669,6.348733410067562e-08,9.845710039838475e-06,3.476159277457179e-09,0.9999900873264669,0.00012453848919976326,8.98355303841511e-05
97964.0,0.00015340490922035943,0.9800729967062134,0.019718808048751042,5.479033581544254e-05,0.9800729967062134,0.09903163552438354,0.07143622473107572
97965.0,1.5175026968498459e-06,0.0146785119495037,0.0004581155556971939,0.9848618549921011,0.9848618549921011,0.08052892269872436,0.05808933871279016
97966.0,0.5565695366888287,0.3479925744744082,8.171243165005671e-05,0.09535617640511371,0.5565695366888287,0.9183303091386916,0.6624352914462096
97967.0,0.9106952360973066,0.0016834043283254622,7.989858640623099e-07,0.0876205605885035,0.9106952360973066,0.30928904876400043,0.2231048884265441
97969.0,0.46190998894087293,0.17307635980526692,0.0006093698903938462,0.36440428136346487,0.46190998894087293,1.032726459504068,0.7449546708606679
97971.0,0.0776385878086818,0.8856497640133196,0.022378852330260896,0.014332795847738604,0.8856497640133196,0.45184516412829945,0.3259373887687787
97972.0,7.705798748871472e-09,3.596858173642068e-07,1.450413647183527e-07,0.9999994875670203,0.9999994875670203,8.277274982328903e-06,5.970791784540096e-06
97973.0,0.011944558556962354,0.9147990003995667,0.0011143087527700991,0.07214213229069978,0.9147990003995667,0.3315948461829361,0.23919512008623028
97974.0,0.9998227478452574,8.655093702123594e-05,3.855906730973982e-05,5.214215040986837e-05,0.9998227478452574,0.00189299105134382,0.0013655044011104572
97978.0,6.965030376594415e-05,0.2452693133096146,0.016624116455411564,0.7380369199312067,0.7380369199312067,0.6376623090539864,0.45997612551699585
97980.0,4.870755782982775e-50,1.5609951477412084e-09,0.9999999984390016,3.478424168048694e-33,0.9999999984390016,3.3214835728167954e-08,2.3959439394484734e-08
97983.0,0.14942763634149253,0.7333336738673676,0.0008184324787598996,0.11642025731238156,0.7333336738673676,0.7676850901148686,0.553767736236559
97986.0,1.888352288529599e-06,0.0006512716669369754,2.821050406041232e-05,0.9993186294767139,0.9993186294767139,0.005779663601877224,0.004169146008217358
97987.0,0.7930613314775442,0.20154474759401242,0.00020683204204778743,0.005187088886393842,0.7930613314775442,0.5357450501936221,0.3864583635475737
97996.0,0.8012263560358865,0.01441716766638117,0.18376466476023262,0.0005918115375002341,0.8012263560358865,0.5543945414937107,0.39991112785444355
97997.0,0.003247078766887555,0.9083259304457489,0.00039247347111001494,0.08803451731625482,0.9083259304457489,0.3229475023316802,0.23295738004069597
98005.0,0.0006551848822233091,0.9662776408630035,0.0010611600261851931,0.0320060142285889,0.9662776408630035,0.15537669947581087,0.11208059690172358
98006.0,0.8354879556308882,0.15953561495761437,0.002715242728414577,0.002261186683083369,0.8354879556308882,0.47281465282384627,0.3410636774443
98008.0,0.0046468991808401115,0.8892502871451727,0.003853321910117563,0.10224949176386819,0.8892502871451727,0.38392167357928736,0.27694094728131463
98009.0,0.12298728110680156,0.843822154011566,0.00011947153884018973,0.03307109334279218,0.843822154011566,0.5148553430034359,0.3713896250631217
98010.0,0.9736381980357526,0.015575413840174832,0.0001686607757071921,0.010617727348366648,0.9736381980357526,0.1405623447679182,0.10139429886620017
98014.0,1.1768213138737824e-05,0.9428423185467005,0.03697791881411357,0.02016799442604599,0.9428423185467005,0.2562869273830063,0.18487193959006654
98015.0,0.13439629263973674,0.10484324401745584,0.08541656567720621,0.6753438976656022,0.6753438976656022,0.9814181844646834,0.7079435738827243
98018.0,1.07649055987023e-09,0.04756253300001922,0.9524371093834626,3.565400264869534e-07,0.9524371093834626,0.19128039996746732,0.13797964222616127
98019.0,0.0007571509429843341,0.9929524134850429,0.0014326978936463368,0.004857737678326892,0.9929524134850429,0.04772318245395682,0.03442499933088135
98023.0,0.15084354968208769,0.11606798307510144,0.033646900656104255,0.6994415665867068,0.6994415665867068,0.8994401944749404,0.6488089540726006
98028.0,0.002534001570101213,0.10559057766807134,0.0002197595307066186,0.8916556612311194,0.8916556612311194,0.3566372879703871,0.2572594233754833
98029.0,0.033900995569019106,0.9628155127172009,0.00017824355554643375,0.0031052481582327014,0.9628155127172009,0.170686340837532,0.1231241687368954
98030.0,0.9960054466797027,0.00011117383116048953,4.803145477157241e-07,0.003882899174590794,0.9960054466797027,0.026560371030044667,0.019159257784608166
98031.0,0.9562366055717193,0.0014516727887168626,0.028861590486504524,0.013450131153060022,0.9562366055717193,0.21255307444355312,0.15332463321270837
98032.0,0.21741245783577406,0.7778078037164022,0.00193516532893698,0.0028445731188876805,0.7778078037164022,0.5559727218072449,0.4010495443104257
98033.0,0.8935698639166989,0.0037295769220005194,6.102398723679785e-07,0.10269994892142832,0.8935698639166989,0.35515590416068743,0.25619083083752986
98035.0,0.5872766566058387,0.00981641163256306,9.987595353428715e-07,0.4029059330020643,0.5872766566058387,0.7242478887896688,0.5224344187655784
98036.0,0.0033870298074712654,0.07949899435921057,2.7423764754360785e-06,0.9171112334568436,0.9171112334568436,0.2999466328538778,0.21636575987481607
98040.0,0.03922300779411684,0.9204923019440114,0.007736753855151278,0.03254793640672052,0.9204923019440114,0.35237545183342606,0.2541851584455458
98041.0,6.5623282943046026e-06,0.9829582366900208,0.00021523043681230284,0.016819970544873792,0.9829582366900208,0.08750414757811119,0.06312089988407851
98043.0,0.42895541751934047,0.15647733207518302,4.09838770907811e-05,0.4145262665283863,0.42895541751934047,1.0187636192532787,0.7348826106673987
98045.0,0.9989323603025466,0.0010308205083997726,1.3888114682345871e-05,2.2931074369865515e-05,0.9989323603025466,0.008556739093634308,0.00617238252828347
98046.0,0.10022731952033855,0.03691141892466747,0.0002042617042463802,0.8626569998507482,0.8626569998507482,0.481516525349992,0.34734075161425915
98049.0,0.956975741841296,0.04251381106831237,0.00016880139399225597,0.0003416456963994594,0.956975741841296,0.18053389740961756,0.13022767925260606
98052.0,0.9532693573730183,0.0017856838361755612,2.621329531611927e-07,0.04494469665785314,0.9532693573730183,0.1963579906332699,0.14164234966277
98056.0,0.11158054540834479,0.4228828113420738,0.00039410797604464673,0.4651425352735371,0.4651425352735371,0.9677702518875972,0.6980986715590498
98057.0,3.9098451816053466e-07,0.3416718579969442,0.0013882826549941412,0.6569394683635423,0.6569394683635423,0.6520850943505598,0.4703799659285823
98060.0,0.0010073971993180284,0.9950812706936031,0.000347957580011231,0.003563374527068105,0.9950812706936031,0.03471588782339657,0.025042219601435888
98062.0,0.0010340259068457867,0.9004510674052018,0.004364901423791836,0.09415000526415947,0.9004510674052018,0.3477124225680932,0.2508214938472379
98065.0,0.9947672679956036,0.0050627795700289545,5.021676592108266e-06,0.00016493075777654942,0.9947672679956036,0.03347787580298121,0.02414918270022881
98071.0,0.779224385636804,0.07497077407223442,2.044490987607883e-05,0.14578439538108512,0.779224385636804,0.6695529868802756,0.48298038689228345
98075.0,0.0009517452778651255,0.9947326243278334,0.0005156840950937706,0.0037999462992088736,0.9947326243278334,0.03695493076420006,0.02665734767495321
98081.0,0.8974032607932021,0.02758996994230446,1.943141473106137e-05,0.07498733784976103,0.8974032607932021,0.39066091523708796,0.2818022825408453
98082.0,0.051793385165368425,0.024964125404618533,0.3676060781833664,0.5556364112466484,0.5556364112466484,0.9398535950156282,0.6779610603453555
98083.0,1.7419144580775967e-12,1.6171962999483818e-25,0.9999999999982592,3.1728360277910074e-31,0.9999999999982592,4.8977155055414097e-11,3.532954935764787e-11
98087.0,0.0029431858627722214,0.9939201449934051,0.00032196986385963505,0.0028146992799624793,0.9939201449934051,0.042334418970096765,0.03053782815353713
98088.0,0.9984558647324194,0.0007277792267509804,0.0002554275596176735,0.0005609284812116304,0.9984558647324194,0.013113627545453553,0.009459482713945375
98092.0,0.0902301084072169,0.023070306912690304,0.00075353876341644,0.8859460459166759,0.8859460459166759,0.41670147193836865,0.30058657354830803
98094.0,2.559724853939448e-05,0.04642593912404582,2.6482034820272715e-05,0.9535219815925928,0.9535219815925928,0.18845336585362996,0.13594036817793273
98096.0,0.45360993892656104,0.05084659779118956,9.353024280091903e-05,0.4954499330394472,0.4954499330394472,0.8588724425101462,0.6195455067827896
98097.0,0.07984540660297153,0.09923557065618024,0.0013268601095111096,0.8195921626313372,0.8195921626313372,0.6029290588214969,0.4349213815848119
98099.0,0.8618906403055588,0.13426308113745108,0.00020215223603415878,0.0036441263209573103,0.8618906403055588,0.4198742841362555,0.3028752737600897
98100.0,0.10939140211466866,0.6555070534522379,0.017120451251806466,0.21798109318128686,0.6555070534522379,0.9206126847144379,0.6640816774084972
98102.0,0.07955905312058663,0.02245113013494186,0.0007873786568955149,0.8972024380875753,0.8972024380875753,0.3895682606367952,0.28101409885422185
98103.0,0.8125730622230155,0.022683356845777776,0.00042023106263476973,0.1643233498685733,0.8125730622230155,0.5545529429190064,0.40002539032981543
98106.0,0.00045301291919716037,0.058255202796708254,0.0003690368174056976,0.9409227474666907,0.9409227474666907,0.22931687218808375,0.16541715714895835
98107.0,0.07668465601886211,0.6654605039044634,0.22006183593172415,0.03779300414494714,0.6654605039044634,0.9248922265384215,0.6671687142918662
98109.0,1.8649574163320794e-07,0.8894910750814166,0.11050844252550034,2.958973402823293e-07,0.8894910750814166,0.3475848040123417,0.25072943651848384
98113.0,1.838774076082931e-05,0.010732413571578003,0.27779576645667814,0.711453432230982,0.711453432230982,0.6468974815783957,0.4666378943183555
98119.0,0.12810595156926285,0.07234919916337598,9.764381813597005e-05,0.7994472054492258,0.7994472054492258,0.6330975158928128,0.45668332328884137
98121.0,0.0345554102820093,0.9621773273939982,0.00038279281019250566,0.0028844695138004863,0.9621773273939982,0.17326515660885808,0.12498439109922459
98124.0,0.2627647126791883,0.42259749381090317,5.656463134998631e-05,0.31458122887855994,0.42259749381090317,1.0795525927009524,0.7787325859342435
98125.0,0.003870918740392868,0.9946566704585448,0.0009768979866933288,0.0004955128143683843,0.9946566704585448,0.03737094761097586,0.026957440395838066
98130.0,0.00045027875659021,0.9663341825075114,0.0010887894733268768,0.03212674926257053,0.9663341825075114,0.15444470808558652,0.11140830722330963
98133.0,2.195437095140851e-05,0.9953244968827107,0.004650841768910458,2.706977427405359e-06,0.9953244968827107,0.029913061666991436,0.021577712862387147
98134.0,0.4902179159280764,0.3826474052222086,0.0002661316320657217,0.12686854721764843,0.4902179159280764,0.9811897931641129,0.7077788243843668
98135.0,4.254505051104582e-09,0.00032922849032853015,0.0006055106653438733,0.9990652565898236,0.9990652565898236,0.0080608861434137,0.005814700232136754
98137.0,0.23532193506504895,0.7309578639834148,0.00011052274583187426,0.03360967820570334,0.7309578639834148,0.6845883140433092,0.4938260828604093
98138.0,0.0004253697810825559,0.8506643188219545,0.013392598097092496,0.1355177132998719,0.8506643188219545,0.4695022914655716,0.33867431379169244
98139.0,0.8642558580037868,0.1335091088429072,1.343507143730741e-05,0.0022215980818699774,0.8642558580037868,0.4086388368159624,0.2947706116945117
98141.0,0.01233944436762151,0.9572389436987289,0.000281276929405978,0.030140335004242076,0.9572389436987289,0.2039127140519241,0.14709193066846007
98143.0,0.7657706963336184,0.19578842916456146,0.038440829932990694,4.4568828142195595e-08,0.7657706963336184,0.6489047707365626,0.4680858473754143
98144.0,0.18211756565824158,0.7439587807667142,0.00010625613684574369,0.07381739743819817,0.7439587807667142,0.7235575866960045,0.521936471061956
98145.0,0.9973157203212464,0.0012383843714514906,8.651318898467723e-07,0.0014450301754118347,0.9973157203212464,0.02043238709895348,0.01473885177059191
98147.0,0.333031848677135,0.0019057834016295448,0.00012198219418161528,0.664940385727055,0.664940385727055,0.6505433168520964,0.4692678085529886
98148.0,0.5293654147266114,0.20041781312681461,2.7694606008645845e-05,0.270189077540567,0.5293654147266114,1.012727635680359,0.7305285688836294
98152.0,0.0071548633510191305,0.9863465627606235,0.0009363293696318098,0.0055622445187247195,0.9863465627606235,0.0843118980611597,0.06081817861038546
98153.0,0.32167666339223155,0.6630061352385557,0.00015216007968223125,0.015165041289529198,0.6630061352385557,0.7021850177379507,0.5065194214385351
98156.0,0.002915254731372095,0.5381313870904735,4.958678966151143e-05,0.4589037713884932,0.5381313870904735,0.7084115515863044,0.5110109161910088
98158.0,0.40733591914019973,0.43240260663482977,9.710340378177618e-05,0.1601643708211871,0.43240260663482977,1.0226079096464518,0.7376556800103826
98161.0,0.07230986502374692,0.14847356172976556,0.0003334894796771114,0.7788830837668115,0.7788830837668115,0.6704423265044994,0.48362190982505027
98162.0,0.010473591330008688,0.9869652348673942,0.00013173573416062605,0.002429438068437134,0.9869652348673942,0.07649994838805455,0.05518304808385397
98165.0,0.015788065210062444,0.7897152257034125,0.00022826234855941036,0.19426844673796614,0.7897152257034125,0.5721606600667448,0.4127266734350244
98168.0,0.16854103799934222,0.004488753618646906,0.00017718841901014288,0.826793019963002,0.826793019963002,0.48315451716168056,0.34852231294612906
98169.0,0.14836747604992054,0.05369871541966999,0.008410822696297893,0.7895229858341126,0.7895229858341126,0.6669031863899743,0.48106895987893195
98172.0,0.9935344882975861,0.004186197704386201,0.0016445813020306967,0.0006347326959964636,0.9935344882975861,0.04458333242964706,0.03216007630127796
98173.0,0.00024515330332120053,0.1450907864650788,0.00022588355976504074,0.8544381766718356,0.8544381766718356,0.4184297695137726,0.30183327671891585
98174.0,4.396864498963377e-09,0.0006107752191801887,0.9978084484382364,0.0015807719457205216,0.9978084484382364,0.01690517619299986,0.012194506929497532
98175.0,4.704839563573169e-05,0.9684431743406001,0.028316472642189366,0.0031933046215749084,0.9684431743406001,0.15080208463284994,0.10878070982776519
98187.0,0.8286849504847903,0.10760182402494582,0.0016953947131820378,0.062017830777082034,0.8286849504847903,0.5788477623126662,0.4175503980590785
98189.0,0.9423879563701802,0.0038988143918780587,3.0866264382699156e-05,0.05368236297356031,0.9423879563701802,0.23487050446900953,0.16942325602426458
98195.0,0.9846346403987096,0.011650114584161007,3.8072301968560126e-05,0.0036771727151622,0.9846346403987096,0.08811835561253752,0.06356395732674902
98197.0,1.2521446578357273e-06,0.9905033631822616,0.0008931771427208313,0.008602207530360789,0.9905033631822616,0.05664900109323868,0.04086361647426445
98198.0,0.0009175690864993011,0.9927923500236214,0.0003399836924918229,0.0059500971973860525,0.9927923500236214,0.04680457619787285,0.03376236498579039
98202.0,0.008571087973251255,0.8263144750968338,0.0023076251339914458,0.1628068117959232,0.8263144750968338,0.5079733431513864,0.3664253115341464
98203.0,0.2326913223169575,0.41956670264163354,4.1490468138981794e-05,0.3477004845732716,0.41956670264163354,1.0714155110187238,0.7728629222391137
98204.0,0.9997462018600408,2.6279650378278926e-05,0.0002274386112659383,7.987831521137654e-08,0.9997462018600408,0.002440133765465607,0.001760184441271472
98205.0,1.619305035756762e-17,0.014228635685124108,0.9857713643140011,8.730276072472519e-13,0.9857713643140011,0.07463418054960153,0.053837181079860824
98207.0,0.015365257642831018,0.14686632433677266,0.00031771694027869394,0.8374507010801168,0.8374507010801168,0.4970004289321761,0.35851002707006907
98208.0,0.09133630055991972,0.8912278172096658,0.0013223027817659049,0.016113579448648385,0.8912278172096658,0.39649926564108523,0.28601376212825474
98209.0,0.9993864130603076,0.00025910339405403225,0.00021826754967765446,0.0001362159959614569,0.9993864130603076,0.005805592471756169,0.004187849734212462
98211.0,0.3062390906913482,0.6808407062744807,0.0006654320351715848,0.012254770999001003,0.6808407062744807,0.6829447293839878,0.49264048714176717
98215.0,0.7878963694347533,0.14690852747525626,3.093796120647423e-05,0.06516416512878369,0.7878963694347533,0.6478626127004701,0.4673340892601677
98216.0,0.8367758509971026,0.15989689798904363,0.0005846590060968525,0.0027425920077571763,0.8367758509971026,0.46277044470843354,0.3338183128254187
98220.0,2.6906942902074673e-05,0.01340326311851746,5.309293504765135e-05,0.9865167370035341,0.9865167370035341,0.07199603253329633,0.051934159549733544
98222.0,0.9869810615865853,0.001506958082421143,4.6962032525498606e-05,0.011465018298468677,0.9869810615865853,0.07442447370086247,0.053685909564502685
98223.0,0.26191502099729697,0.06931097810174815,5.584744918915951e-05,0.668718153451766,0.668718153451766,0.8055324464846485,0.5810688329092784
98225.0,0.00034340052335606107,0.9164870312274669,0.021206463583713097,0.06196310466546353,0.9164870312274669,0.3367144087217615,0.24288810382937243
98227.0,0.0002952774539984916,0.9920222259669587,0.00013986783298349894,0.007542628746059355,0.9920222259669587,0.04844928146626183,0.03494876905300476
98228.0,4.559302216209555e-27,4.069854564216523e-18,7.880624677833815e-09,0.9999999921193741,0.9999999921193741,1.549241576772156e-07,1.117541569974094e-07
98236.0,3.2954053186475273e-06,0.9867963959820487,0.013199518166940812,7.904456926336738e-07,0.9867963959820487,0.0702906585791995,0.050703992276515196
98238.0,6.240911390444959e-09,6.646786821581311e-05,0.9998885911003599,4.493479051443373e-05,0.9998885911003599,0.001200671844248052,0.0008661016577158353
98241.0,0.8386795445075936,0.002453090151528105,1.031430538239459e-05,0.15885705103549635,0.8386795445075936,0.4546658787091443,0.32797210423755274
98242.0,0.5790414841421958,0.0012877318347925663,0.10032763698277214,0.3193431470402396,0.5790414841421958,0.9201585035635182,0.6637540549614487
98243.0,0.00020482600111744047,0.004962304542360708,0.001271109110891279,0.993561760345629,0.993561760345629,0.04296213028063267,0.030990626150947165
98244.0,0.0957117564058974,0.061198067864675604,0.8430014277079984,8.874802142800187e-05,0.8430014277079984,0.540346132265292,0.3897773426913344
98250.0,2.7872933972029134e-05,0.9792947118171976,0.020677397050919307,1.8197910574060824e-08,0.9792947118171976,0.10098380196814691,0.07284441515477935
98256.0,0.5626287467685382,0.22829269719969608,7.079817240256497e-05,0.20900775785936185,0.5626287467685382,0.9886587933097417,0.7131665691196155
98257.0,0.7953265016157247,0.20273696674447547,6.2705006250087e-05,0.001873826633550192,0.7953265016157247,0.5180427577829239,0.3736888588109334
98258.0,0.12259120894011402,0.8762498349127829,0.0006798010402334654,0.0004791551068711831,0.8762498349127829,0.3816835049323647,0.27532644987752036
98259.0,3.72060235690782e-38,6.369203283575097e-21,1.2765790036975263e-05,0.9999872342099662,0.9999872342099662,0.00015662009810530838,0.00011297751942003567
98262.0,0.8321000042295584,0.14231481180542072,0.0001096098616842122,0.025475574103335414,0.8321000042295584,0.5249110605725021,0.37864329199785757
98264.0,0.5861402246706787,0.291256696298348,0.0046382828010779285,0.11796479622989436,0.5861402246706787,0.9494513794103268,0.6848843983202321
98266.0,0.08052308442286772,0.06357659084859357,2.2472330918463463e-05,0.8558778523976196,0.8558778523976196,0.511479348420249,0.36895435974150576
98267.0,0.6382719592462406,0.3352681426335239,0.00010349820872899172,0.0263563999115052,0.6382719592462406,0.7497502657376934,0.5408304951424764
98269.0,0.6084924069699565,0.34694569163863237,4.602843059406794e-05,0.04451587296081762,0.6084924069699565,0.8085425103379477,0.5832401350062353
98270.0,1.586127551486249e-08,0.00022658394856905282,0.0020864978481457395,0.9976869023420113,0.9976869023420113,0.017090711752899373,0.012328342545585324
98271.0,0.22520758127893442,0.6940490354236267,0.00037132593682796014,0.08037205736061073,0.6940490354236267,0.7947577859210391,0.5732965582280878
98272.0,0.0003846410119631171,0.10378617833378007,0.0003936284927634729,0.8954355521614922,0.8954355521614922,0.3401265432294835,0.24534943859594074
98274.0,2.4127107367803275e-05,0.013499586895437576,1.0893691574715178e-05,0.986465392305618,0.986465392305618,0.07194062840659296,0.05189419392031368
98280.0,0.18524588678721207,0.5158441595204425,0.0002922376875621361,0.29861771600478176,0.5158441595204425,1.0170860135773703,0.7336724739727986
98284.0,7.128904578554031e-15,8.817860101224921e-10,2.0891041109537505e-06,0.9999979100140974,0.9999979100140974,2.9431291489968545e-05,2.1230189139767587e-05
98285.0,0.9379481835385701,0.011601478079825122,1.6806308180248041e-06,0.05044865775078713,0.9379481835385701,0.26249126310243914,0.18934742177728456
98287.0,3.8766435169134175e-05,0.948255225904778,0.0047503565271804615,0.046955651132873866,0.948255225904778,0.2198045817864359,0.1585554900539818
98288.0,0.17228401502717608,0.8064995054071452,9.947929352736531e-05,0.021117000272150625,0.8064995054071452,0.5587991973103793,0.4030884154062088
98289.0,0.16985628797548416,0.8210534118819989,0.0007756356210327444,0.00831466452148591,0.8210534118819989,0.5083863992998751,0.3667232685626631
98293.0,0.0011531970266147398,0.9554722834699365,0.00222214584025756,0.04115237366319281,0.9554722834699365,0.1961942152817137,0.14152421071901503
98295.0,0.7026075523287237,0.015543816057599276,1.1928114603845872e-05,0.28183670349907386,0.7026075523287237,0.6697769523960282,0.4831419438617366
98298.0,1.4078209436529275e-05,0.00013951007770213476,9.615866270352599e-06,0.9998367958465897,0.9998367958465897,0.0016700233649751747,0.001204667213409192
98300.0,0.6796169741921008,0.10032572505349523,4.461379521137231e-05,0.22001268695919243,0.6796169741921008,0.8267294909429714,0.596359268370041
98301.0,0.23296856674757055,0.15560133105543822,1.3333085052384522e-05,0.6114167691119402,0.6114167691119402,0.9298427351788019,0.6707397514245436
98302.0,0.6420085730932976,0.2252034406571417,0.005227687720514871,0.1275602985290444,0.6420085730932976,0.910363697908189,0.6566885961887414
98303.0,0.9542766673157549,0.008150508269037175,1.1694760778213549e-05,0.03756112965443019,0.9542766673157549,0.20726339317216047,0.14950893474364768
98304.0,0.9565367226071956,0.0416758928447546,0.0017841833212372106,3.2012268109996518e-06,0.9565367226071956,0.1862759948000504,0.13436972696734553
98308.0,0.5600532258733013,0.10238390614284389,1.1803351551250664e-06,0.3375616876486988,0.5600532258733013,0.9246220176569016,0.6669737997851798
98309.0,8.31573265236958e-05,0.9989000218901829,0.0010122934261776306,4.527357116499894e-06,0.9989000218901829,0.008916634778105809,0.006431992387895657
98310.0,0.001647567971075336,0.0016649287103970031,7.692604308471923e-06,0.9966798107142207,0.9966798107142207,0.02461578784643047,0.01775653752681003
98314.0,0.3019388840514084,0.0013003923301643495,0.00017749871161007233,0.6965832249068163,0.6965832249068163,0.6236174733978428,0.44984491814138644
98316.0,0.9672215834224658,0.002994574880545498,0.0297185732360996,6.526846089031362e-05,0.9672215834224658,0.15475556292047962,0.11163254158767795
98318.0,9.729756338876113e-06,0.008015267067362707,4.8237609899072515e-05,0.9919267655664004,0.9919267655664004,0.04731723633195048,0.03413217110233802
98322.0,1.70764991999709e-07,0.0016625872656663625,0.036279488743912354,0.962057753225428,0.962057753225428,0.16817637253982268,0.12131360932894851
98323.0,0.9944641908493562,0.002950902292920321,1.033778543844622e-06,0.0025838730791807826,0.9944641908493562,0.03812153255054641,0.02749887298088025
98326.0,0.8325666103091244,0.16619116977600898,0.0010195658083204783,0.0002226541065463038,0.8325666103091244,0.45970628272209835,0.33160798717433554
98328.0,1.4739601295371692e-24,4.530778152197639e-14,0.9999999999998579,9.542813687308505e-14,0.9999999999998579,4.4293833212394776e-12,3.1951246758742403e-12
98331.0,0.04238390818874108,0.9299521664086386,0.00014754121849657205,0.027516384184122576,0.9299521664086386,0.3016772317418375,0.2176141230915298
98332.0,0.0003033998333873854,0.00348600016037197,9.289145763315965e-05,0.996117708548609,0.996117708548609,0.02692211103269417,0.019420198038564963
98334.0,0.7149144176728941,0.23418343310253042,0.0004708668223379051,0.05043128240223838,0.7149144176728941,0.7341251503343791,0.5295593568896367
98336.0,0.0013544750554750642,0.024025164289799793,0.026102319606773308,0.9485180410479506,0.9485180410479506,0.2438223839456765,0.17588067208807617
98338.0,0.0006945941352030488,6.912559132182264e-06,0.9992984926200892,6.855783212276328e-10,0.9992984926200892,0.005834627504870825,0.0042087940833557425
98339.0,0.0008822668771820142,0.9970463587065055,0.001516944549010527,0.0005544298673031705,0.9970463587065055,0.023157722634058558,0.01670476580121919
98341.0,0.027731198423851786,0.9048092573606923,0.05792953101514242,0.009530013200311877,0.9048092573606923,0.39929088938623325,0.28802749299483116
98343.0,0.006418939203216996,0.0069300726584271295,0.9784180508850848,0.008232937253269686,0.9784180508850848,0.12772382731276877,0.09213326613374492
98345.0,0.0038439697085229673,0.20967209975842616,0.25591207899872614,0.5305718515343263,0.5305718515343263,1.033993622643988,0.745868735849648
98347.0,6.957452332358494e-09,5.614307569651795e-05,0.9999438499646995,2.1513736239153566e-12,0.9999438499646995,0.0006057855736782116,0.0004369819214938158
98350.0,0.0001926491516155512,0.0023016193574538304,0.023655027804230212,0.9738507036867008,0.9738507036867008,0.13000146390091397,0.0937762336390771
98351.0,0.25496265578041355,0.7228396733462875,0.0003424085774564413,0.021855262295843156,0.7228396733462875,0.6693439813901954,0.48282962130025475
98353.0,0.6023587349410089,0.26108389566407403,2.9582165069368343e-05,0.1365277872298469,0.6023587349410089,0.9281163200207297,0.6694944061310105
98354.0,3.603989552130199e-05,0.05512666747751165,0.05037408315636435,0.8944632094706014,0.8944632094706014,0.41042512801712594,0.2960591484232628
98355.0,0.9708722545319092,0.0286843081386041,0.00043313363524850597,1.0303694237840656e-05,0.9708722545319092,0.13404165528652615,0.09669061567720959
98357.0,0.9989033533952824,4.185062397330019e-05,0.0010543080669952118,4.87913749505759e-07,0.9989033533952824,0.008752194381208916,0.006313373715333177
98360.0,1.1215998214438588e-05,0.9640738427382779,0.035894795804666875,2.01454588393862e-05,0.9640738427382779,0.15504644296973014,0.11184236718995158
98364.0,0.7687288722553941,0.10928948943562532,1.9431726038480233e-05,0.12196220658294125,0.7687288722553941,0.7009535415287751,0.50563109912856
98368.0,0.03605465706482695,0.9284662417886386,4.966248127774889e-05,0.03542943866525828,0.9284662417886386,0.30754544548436324,0.22184714452413895
98369.0,0.6701790842886427,0.29670355461336834,0.0005004214055306053,0.03261693969245945,0.6701790842886427,0.7441623812870831,0.5367996885494984
98372.0,0.00048096855537887827,0.9958479701977209,0.003505648533271285,0.0001654127136291222,0.9958479701977209,0.02907687978719242,0.02097453513675352
98373.0,0.9361995368648525,0.059923737913559046,0.0015990945198372855,0.0022776307017517297,0.9361995368648525,0.2545407892603167,0.1836123671849108
98374.0,0.006707234052665614,0.11509670141505624,0.0019122744590241265,0.8762837900732544,0.8762837900732544,0.4101003540276331,0.29582487351123726
98379.0,0.009495553172861023,0.1756533817856042,0.0007145738436556212,0.8141364911978786,0.8141364911978786,0.5223088881684065,0.3767662213863941
98381.0,0.25300313750752185,0.37925590804485015,0.00017600761626677242,0.3675649468313614,0.37925590804485015,1.084821930548764,0.7825336097251467
98383.0,9.633815570523568e-08,1.2012410536532017e-08,0.9999998915868945,6.25385144001479e-11,0.9999998915868945,1.8853382709613617e-06,1.3599840869570646e-06
98384.0,0.7390740902055456,0.23513774616638766,0.014908393674038645,0.01087976995402871,0.7390740902055456,0.6757338834573531,0.48743896131228204
98385.0,0.13540586351766973,0.05260320872732503,0.002846028451836333,0.8091448993031677,0.8091448993031677,0.6136978631639523,0.4426894318953938
98390.0,0.1019325379671457,0.17523825441300775,0.0002838979005295878,0.7225453097193167,0.7225453097193167,0.775081566017582,0.5591031657890086
98391.0,0.2004933922202166,0.7952262444979419,0.0013568140652081109,0.0029235492166324525,0.7952262444979419,0.5304140646168701,0.38261287032025837
98392.0,0.7328015164058072,0.21549808430703649,0.00038945216646828657,0.05131094712068708,0.7328015164058072,0.7140041627127325,0.5150451323598678
98393.0,0.00020683626272663825,0.9868645436819173,0.0017994899066134204,0.011129130148743706,0.9868645436819173,0.07623768217470187,0.054993863001155656
98394.0,0.9990564191705208,0.0009247660518977672,9.284373209230324e-06,9.530404373221226e-06,0.9990564191705208,0.007621284111103911,0.0054975943961477316
98399.0,0.6534767258042891,0.06730795045687014,0.00025474597241437343,0.2789605777664264,0.6534767258042891,0.8179023685475331,0.5899918455174317
98401.0,0.8068877133837209,0.18980747978231763,0.0023880235593982217,0.0009167832745645906,0.8068877133837209,0.5093758958105579,0.36743703941713257
98403.0,0.4020094351197848,0.47088059859287246,7.308297814132556e-05,0.12703688330920007,0.47088059859287246,0.9837955280440946,0.7096584647789773
98412.0,6.3659742209156255e-06,0.004569900191490464,0.9953805144139591,4.3219420330493773e-05,0.9953805144139591,0.02974311505229105,0.02145512229326509
98413.0,1.3768623170026033e-05,0.002408088184644461,0.9975780893668539,5.382533048703582e-08,0.9975780893668539,0.017092166315807587,0.012329391790932495
98416.0,0.9966026289195183,0.00033249823522063445,6.462360700737619e-08,0.0030648082216522075,0.9966026289195183,0.023794006375426485,0.017163747500354085
98417.0,9.412877804833319e-11,0.8577389100276672,0.14226108983204097,4.61623282791811e-11,0.8577389100276672,0.40904688561853864,0.29506495668647037
98420.0,0.9949409331606047,0.005020276996933278,2.736554230331344e-05,1.1424300157867089e-05,0.9949409331606047,0.03204246531990528,0.023113752907441974
98421.0,0.011728854299300474,0.8279412090463271,0.00013793418949926042,0.16019200246487184,0.8279412090463271,0.5030680149325175,0.36288686518649904
98422.0,0.9857802183574593,0.014089712997748,3.2437110136293465e-05,9.76315346563312e-05,0.9857802183574593,0.07540976360720356,0.0543966459953608
98423.0,4.5717840109913747e-07,0.9996028553424398,0.00034014570019499246,5.6541778964469364e-05,0.9996028553424398,0.0036731983630952543,0.0026496525313194907
98424.0,0.0003309420296180875,0.8653640608345362,0.13430435113965533,6.459961921575375e-07,0.8653640608345362,0.39743288461719073,0.28668722586170836
98426.0,0.9731063276127463,0.01628420228274523,0.002404083206466621,0.008205386898042741,0.9731063276127463,0.1474881417624404,0.1063902053553006
98428.0,0.8554229613881714,0.002847218964162433,3.158157931696951e-05,0.14169823806834864,0.8554229613881714,0.42748443389710067,0.3083648364202865
98431.0,3.667295866251633e-08,0.9971096811769286,0.002874556928253001,1.5725221860349996e-05,0.9971096811769286,0.0198821858105709,0.014341965435471777
98433.0,0.5887385649264395,0.06449176242566797,0.0006670121394700614,0.3461026605084225,0.5887385649264395,0.8607832458047036,0.6209238600013758
98435.0,0.8324303408325742,0.005354393877080246,7.738451893118554e-05,0.1621378807714139,0.8324303408325742,0.47638646232572035,0.3436401933719769
98436.0,0.0017268540913413907,0.9649686900840194,0.028361457291619627,0.0049429985330204365,0.9649686900840194,0.17268602349044965,0.12456663486025338
98437.0,0.9514927628311441,0.012104173753116143,3.65495921728005e-05,0.0363665138235655,0.9514927628311441,0.22163750196428908,0.15987766247944887
98441.0,3.314517895347639e-11,5.8225894680523884e-06,0.0008617366252253463,0.9991324407521612,0.9991324407521612,0.007018264689649191,0.005062607831701504
98442.0,0.0008627497202163859,0.5394228020534687,0.4436726173453778,0.016041830880934107,0.5394228020534687,0.7659012205953528,0.5524809463818597
98443.0,0.9425299598439842,0.005613280227793626,5.533792460986426e-07,0.051856206548975686,0.9425299598439842,0.2383426000985444,0.1719278435973757
98444.0,3.132167566180032e-05,0.916777013587248,0.010249902671820318,0.07294176206527131,0.916777013587248,0.31790245175235066,0.22931814531477962
98445.0,0.8974926404804296,9.971048678365113e-05,4.195975986349284e-06,0.10240345305679921,0.8974926404804296,0.33139531672887557,0.23905119000928807
98447.0,3.296307830227325e-10,0.00023043348309833802,7.204046659013409e-05,0.9996975257206804,0.9996975257206804,0.00291958482315555,0.0021060352729105965
98452.0,2.6377682586513627e-20,3.9214027508755717e-25,1.0,7.686286974214687e-41,1.0,1.067249536536822e-13,7.698578068763589e-14
98454.0,0.015824212640026408,0.8257612621495314,0.019404263000728086,0.13901026220971546,0.8257612621495314,0.574495009624004,0.414410550700004
98456.0,0.6478563312892289,0.0017055159781539182,0.0001698263548553573,0.35026832637776345,0.6478563312892289,0.6610215634479122,0.47682626575348613
98458.0,0.13623889175157197,0.028621192222879028,0.0004428286688721729,0.8346970873566777,0.8346970873566777,0.5275177295564273,0.38052360620603154
98460.0,0.17540515216156893,0.027961370130368833,0.003320172027686473,0.7933133056803751,0.7933133056803751,0.6079681709040266,0.43855633259078647
98461.0,1.5974088097428607e-68,1.7104098783994753e-42,1.0,2.842591337211472e-67,1.0,1.067249536536822e-13,7.698578068763589e-14
98462.0,0.6977409064758298,0.26219792846079265,0.0006877804810375511,0.039373384582338515,0.6977409064758298,0.7344830331805781,0.5298175147933519
98463.0,0.3370370211049856,0.5246008584250792,6.462160504521096e-05,0.13829749886489093,0.5246008584250792,0.9792020586911425,0.7063449770509875
98469.0,0.0025827172763847983,0.7101846274170261,5.3813766016635825e-06,0.2872272739299887,0.7101846274170261,0.616812884254948,0.4449364446355158
98470.0,0.8012931063965287,0.010496555944407055,3.477063077923777e-06,0.18820686059598504,0.8012931063965287,0.5397283420588507,0.389331701257763
98473.0,0.002243960820962932,0.7456575059667448,0.0016246969994997294,0.25047383621279135,0.7456575059667448,0.5897199534273957,0.4253930261614871
98474.0,0.9823740839314083,0.015047604766104379,3.3061488345060646e-05,0.002545249814142116,0.9823740839314083,0.09616269795295612,0.06936672372761654
98475.0,0.4790470417051328,0.034287745124428864,0.0030550382799034138,0.4836101748905349,0.4836101748905349,0.8372320737609595,0.6039352804440596
98479.0,0.5528603396899748,0.00558654435308374,0.003157270095959433,0.4383958458609834,0.5528603396899748,0.7363276125906127,0.5311480975770434
98483.0,0.9974972740648054,0.00024714419518295674,2.522639683350492e-06,0.0022530591003288017,0.9974972740648054,0.01831822050863677,0.013213802942860387
98485.0,0.9449086903791626,0.0491427377689474,3.5048336405145386e-05,0.005913523515484955,0.9449086903791626,0.2323124434456987,0.16757800504795364
98489.0,0.03424578171716876,0.6931895731968027,0.26923718019563775,0.003327464890389082,0.6931895731968027,0.7418403311828365,0.5351246834644523
98490.0,0.03319733696343454,0.6414476533427068,0.0001508841124604394,0.32520412558139794,0.6414476533427068,0.764497083149201,0.5514680753167149
98494.0,0.9407189615268691,0.04978985792897226,7.935925542529535e-05,0.009411821288733536,0.9407189615268691,0.2515177560206615,0.1814317096532643
98495.0,0.9015814597473205,0.042368025962703074,2.131462480236307e-06,0.056048382827495385,0.9015814597473205,0.3888823671933217,0.2805193313194831
98498.0,0.001887698897478057,0.9975498373335354,7.443841356186872e-05,0.0004880253554244354,0.9975498373335354,0.018716395329912743,0.013501025362891234
98500.0,0.8571799600670781,0.010107414427270875,6.210985829132782e-06,0.1327064145198207,0.8571799600670781,0.4466266069659671,0.32217299549943246
98501.0,0.05526385154383415,0.8029318670256463,0.03247684771374991,0.10932743371676895,0.8029318670256463,0.6895476117472589,0.49740345996229934
98502.0,3.07614356181652e-05,0.9695440636425647,0.001107103294812013,0.029318071627005993,0.9695440636425647,0.1413215495587709,0.10194194935959133
98508.0,0.8247826455366828,0.08987416516335157,0.00046870473362094477,0.08487448456634446,0.8247826455366828,0.58836290230165,0.42441412069681406
98509.0,0.009582178209229434,0.36940864292367526,0.0015912001308552091,0.619417978736239,0.619417978736239,0.7193510420128284,0.5189020904851079
98512.0,4.120016833928289e-05,0.0029947634367374376,0.0019524568158748425,0.9950115795790488,0.9950115795790488,0.03497492694146438,0.025229076826952232
98514.0,0.004487400174920328,0.0006286018044457299,4.659828550213469e-05,0.9948373997351321,0.9948373997351321,0.03450912751551538,0.02489307356601946
98517.0,6.397932529833928e-07,0.42324981153624874,0.5767495486012408,6.925899382254071e-11,0.5767495486012408,0.6813287047882295,0.4914747718066396
98521.0,0.004723925783111978,0.7500064983630073,0.007094963912071307,0.23817461194181022,0.7500064983630073,0.6178839114630086,0.4457090274563789
98524.0,0.0166009377453791,0.10609717489194546,3.957257050684638e-05,0.8772623147921672,0.8772623147921672,0.4213319293526754,0.30392674252264196
98526.0,0.08408327963759377,0.914501822674807,0.0011420050978644862,0.00027289258973575323,0.914501822674807,0.299896662989966,0.21632971423738634
98527.0,0.9844693552996323,0.0062160532450260654,7.5079118031943935e-06,0.009307083543538933,0.9844693552996323,0.09060844898848812,0.06536018000916621
98528.0,0.10176933699317453,0.5855540990896784,0.000740787581002248,0.31193577633614367,0.5855540990896784,0.914665793861175,0.659791902437142
98529.0,1.5237878543072674e-07,0.9957703557368109,0.004113591871470917,0.00011590001293132891,0.9957703557368109,0.02787130222968135,0.020104894754939397
98530.0,0.028289261959021057,0.5132501308310393,0.00040280806571046636,0.458057799144228,0.5132501308310393,0.8039745904313265,0.579945077308005
98531.0,0.993498852848881,0.00628476949518959,0.00021433066913700846,2.0469867926092877e-06,0.993498852848881,0.04017887753453202,0.028982933683777162
98535.0,8.354749423697019e-07,0.9998257338034839,0.00016329621060365122,1.0134510969249068e-05,0.9998257338034839,0.0017264200992458774,0.0012453488578365297
98536.0,3.559650643258606e-06,0.994442032149545,0.005546998267436543,7.40993237688272e-06,0.994442032149545,0.034488557066135066,0.02487823512336454
98537.0,0.005808320610108908,0.5302964249469586,0.011362274291310892,0.4525329801516196,0.5302964249469586,0.7759661614578375,0.5597412665164334
98541.0,0.0014158786890815722,0.9964411080866343,0.0006188563670110218,0.0015241568572725223,0.9964411080866343,0.027298768978529602,0.019691899313849067
98542.0,0.1983297876434758,0.668451493740597,0.0001696000502645036,0.1330491185656624,0.668451493740597,0.8599467028647932,0.6203204218259261
98545.0,0.9905352472740119,0.005178726513461024,3.680223057734769e-06,0.004282345989470464,0.9905352472740119,0.06007524372878435,0.04333512810385649
98548.0,0.6550869975076195,0.148806353034247,7.136830462398835e-05,0.1960352811535106,0.6550869975076195,0.8806989995383849,0.6352900395749497
98549.0,0.0002511697291724455,0.9750065412406406,3.437787933145015e-05,0.02470791115085385,0.9750065412406406,0.11854874970446083,0.08551484665110631
98550.0,0.005542313927677178,0.03148977763813501,0.0009956004231097715,0.9619723080110766,0.9619723080110766,0.18186583024260222,0.13118846569907816
98551.0,0.439910341953919,0.004372341460562544,5.515664436745019e-05,0.5556621599411498,0.5556621599411498,0.7120450620531875,0.5136319399568039
98554.0,0.0636667344689704,0.7865072500648289,8.290102518627795e-05,0.1497431144410154,0.7865072500648289,0.6493428672158166,0.46840186718443966
98556.0,0.002486818392661812,0.8743588210528837,0.023832570236758527,0.09932179031769515,0.8743588210528837,0.45073612056855966,0.3251373829468955
98557.0,2.4823052128868444e-13,0.9647016992550201,0.035298300410944415,3.3378822997138505e-10,0.9647016992550201,0.15270256979788255,0.11015162008920298
98558.0,0.36251614788155384,0.5544486634524881,4.6129931066769376e-05,0.0829890587348898,0.5544486634524881,0.9018676634905499,0.6505600028279664
98561.0,7.5689837993097405e-06,0.9924173868640778,0.007559177388595729,1.5866763525742475e-05,0.9924173868640778,0.044744917519828294,0.03227663530542099
98562.0,0.023104912308240667,0.954433205290113,0.00030951965164671994,0.022152362750000203,0.954433205290113,0.21846248815578914,0.15758737414131047
98564.0,0.9982492381020153,0.001685535491108293,7.3673724869213045e-06,5.785903439055297e-05,0.9982492381020153,0.01316413565583323,0.009495916614130092
98565.0,0.369847874860663,0.2669633440174552,6.30312236032596e-06,0.36318247799952275,0.369847874860663,1.0883625055505264,0.7850875947236157
98568.0,0.10837658194387903,0.8840246758381467,0.00045192621621432217,0.007146816001761554,0.8840246758381467,0.3885960603767772,0.28031280460728236
98569.0,1.1662907706834195e-13,0.02304626785649171,0.9769537320274193,1.1597228920999067e-10,0.9769537320274193,0.1096688659823508,0.07910936454632692
98571.0,0.9606413773935732,0.007876871475557679,1.7175380669929925e-05,0.03146457575019751,0.9606413773935732,0.1857489362266955,0.13398953457232696
98574.0,0.32597573971779825,0.6623664390129635,0.009397649290555251,0.002260171978684103,0.6623664390129635,0.6958808365628338,0.5019719159794318
98581.0,0.0017267725823863556,0.005332520634204811,0.9929202531938099,2.045358959861029e-05,0.9929202531938099,0.046170382787591176,0.03330489114180147
98585.0,0.03696007640810657,0.886773713302103,0.037904979378309195,0.038361230911481185,0.886773713302103,0.47758618489662774,0.34450561027372223
98586.0,0.07543458795144052,0.23062171945752333,0.6934063757545496,0.0005373168364862575,0.6934063757545496,0.7912051011018635,0.5707338378428547
98589.0,2.986793757410913e-12,6.410463187843573e-09,1.3405360549972081e-06,0.9999986530504946,0.9999986530504946,1.9595283078137684e-05,1.413500886082233e-05
98592.0,0.27537537626073416,0.7154146120016587,0.003932120881571419,0.005277890856035037,0.7154146120016587,0.6441738060820619,0.4646731777525797
98594.0,1.007666605752888e-05,0.001587439167358458,1.357376698559487e-05,0.9983889103995988,0.9983889103995988,0.012109902810799596,0.00873544836539395
98595.0,0.7308396048192588,0.012831764595508846,1.2700970338799644e-06,0.2563273604881972,0.7308396048192588,0.6340116477275182,0.45734273002116543
98597.0,0.0018723862344351026,0.6477086635158109,0.000724161827074129,0.3496947884226813,0.6477086635158109,0.6657271727084954,0.48022064532578834
98598.0,0.0019695877244466087,0.021890885551662406,0.819221810289935,0.1569177164339548,0.819221810289935,0.5499005209209249,0.396669377257438
98599.0,2.205256654092152e-05,0.9490932857999856,0.05077453942184957,0.00011012221162378733,0.9490932857999856,0.20215491571836897,0.14582394719910863
98600.0,1.3031340774742376e-06,0.40469889106502954,0.5952997735635387,3.223735512791576e-08,0.5952997735635387,0.6748898207413151,0.4868300987649684
98601.0,1.7814217078654753e-06,0.5079918302988695,0.004414742113018504,0.48759164616640105,0.5079918302988695,0.718247486590077,0.5181060435172332
98602.0,1.0014880553860429e-09,0.20584788669287052,0.7941521121147065,1.909357479773098e-10,0.7941521121147065,0.5084032427961512,0.36673541857693753
98603.0,0.0007885731701757976,0.9850028590498155,0.0020227599879581986,0.012185807792049811,0.9850028590498155,0.08677521366772713,0.06259508521525506
98609.0,0.9944627773668994,0.004432282993634236,1.3579603274190697e-05,0.001091360036190768,0.9944627773668994,0.037135320437326966,0.026787471318377092
98610.0,0.0039842552845372305,0.9500783705894077,7.115492836318612e-05,0.045866219197690704,0.9500783705894077,0.21270937349215266,0.1534373791438635
98611.0,0.2550281168858298,0.7421708869809168,0.001156982570867591,0.0016440135623845722,0.7421708869809168,0.5881256449723681,0.4242429757106293
98615.0,0.0025190819428507435,0.6805313355834408,0.00023952180480015585,0.31671006066890933,0.6805313355834408,0.6431378268180177,0.4639258766792296
98616.0,0.997990876389842,0.0014532299611208883,7.300579639016185e-07,0.0005551635910723587,0.997990876389842,0.015674419686620932,0.01130670377535018
98617.0,0.8997764310502163,0.09973979446171916,0.00041081831347450023,7.295617459098575e-05,0.8997764310502163,0.32884193373104503,0.23720931351505792
98622.0,2.0263658813948934e-05,0.9960734122956646,0.003816982946565947,8.934109895417749e-05,0.9960734122956646,0.026224869846730267,0.018917244837918134
98624.0,0.8122774451608696,0.1839808290927774,0.0007123489962448626,0.0030293767501078646,0.8122774451608696,0.5030797209351103,0.3628953092824437
98627.0,0.3793808675781442,0.005914580062356827,0.002063872974103567,0.6126406793853965,0.6126406793853965,0.7109861979150353,0.5128681309362603
98628.0,0.4044819213524962,0.18714216933616723,0.0032263495447824447,0.40514955976655515,0.40514955976655515,1.0643050333573811,0.7677337968089283
98629.0,0.13899129481359632,0.36288671099429654,7.296780521034477e-05,0.4980490263868974,0.4980490263868974,0.9899865363099576,0.7141243332406088
98630.0,0.0018003050641406885,0.9727935466075813,0.004985633322158113,0.020420515006120767,0.9727935466075813,0.14410095445805254,0.10394686619199939
98631.0,0.970313172409865,0.0033721297396479217,7.428748393944539e-07,0.02631395497564625,0.970313172409865,0.14416821734499982,0.10399538610871674
98634.0,1.1401111983359287e-05,0.998092968126059,0.0017536460834358767,0.00014198467852065256,0.998092968126059,0.014421672214958405,0.010403037492923322
98638.0,0.11337064500722051,0.8739511227388883,0.000814120355957328,0.01186411189793484,0.8739511227388883,0.42296602445144593,0.30510549297031053
98641.0,9.504512642031658e-07,0.9843047597282499,0.01569427750741324,1.2313074341724922e-08,0.9843047597282499,0.08078605838061653,0.058274822899340877
98645.0,0.004634136530438331,0.9183818113935279,0.0002962833139525792,0.0766877687620797,0.9183818113935279,0.30244043699194223,0.21816465930628304
98646.0,0.1773285415877229,0.7191998148506763,3.2669216303302786e-05,0.1034389743452988,0.7191998148506763,0.7788110869026335,0.5617934464318864
98649.0,0.00022275157010466355,0.9990412442331368,0.0007137848056139165,2.2219391145375744e-05,0.9990412442331368,0.00824090590396697,0.0059445570400428645
98650.0,0.9306879163148793,0.06752872914262605,0.0014619089802647962,0.00032144556223016586,0.9306879163148793,0.26098471668976536,0.1882606782580678
98653.0,0.00019663658578760265,0.9828625581614868,0.005765934438799037,0.011174870813925705,0.9828625581614868,0.09861666186563109,0.07113688451128486
98656.0,0.043278033721841164,0.9280726148753422,0.000820235341587729,0.02782911606122936,0.9280726148753422,0.3106773538585627,0.22410633886412704
98657.0,0.9999122245538583,6.35208943379399e-07,8.713379391434454e-05,6.443285292826082e-09,0.9999122245538583,0.0009114895454803203,0.0006575007235432968
98661.0,0.9963387952565588,0.00010657728962804974,1.4003647851998861e-07,0.0035544874173355336,0.9963387952565588,0.02467721807159686,0.01780085006741415
98662.0,0.017296447664649092,0.7529673033804272,0.00028079606658421035,0.22945545288834043,0.7529673033804272,0.6238834969136837,0.4500368135449182
98666.0,0.026207691702537877,0.1540392296267354,0.003686060772625858,0.8160670178981004,0.8160670178981004,0.5701049057678579,0.4112437601688792
98667.0,0.39447389653917964,0.6034500190116608,0.0005489535387852703,0.0015271309103750922,0.6034500190116608,0.6857620834090901,0.494672778481989
98669.0,0.0023166548783543775,0.9298824406085429,0.015184492750068649,0.05261641176303397,0.9298824406085429,0.3001821192115636,0.21653562737503124
98673.0,0.6438411848891636,0.20415838888852503,4.9883831686464764e-05,0.15195054239062517,0.6438411848891636,0.894663637119921,0.6453633962682966
98675.0,0.9950984975154836,0.004773531605899381,0.00012021508743530956,7.755791180828503e-06,0.9950984975154836,0.03157876795271889,0.022779265961385433
98677.0,0.029656122899668777,0.0347670560858769,6.503778100634013e-05,0.9355117832334496,0.9355117832334496,0.2841079608591467,0.20494057310428332
98679.0,0.015345567473101927,0.9682781341195855,0.008384784689318943,0.007991513717992527,0.9682781341195855,0.17399515597738482,0.1255109743336374
98680.0,0.0003536997517879205,0.005957082584106955,1.0438471471738414e-05,0.9936787791926318,0.9936787791926318,0.039750976067585056,0.028674268021600415
98681.0,2.9173520543023403e-05,0.991394336746932,0.008574016304437167,2.473428088815425e-06,0.991394336746932,0.049709003323904155,0.03585746629146476
98682.0,0.7088857608353449,0.03488023564669635,0.0001927885426046199,0.25604121497535454,0.7088857608353449,0.7114361436363739,0.5131926981666824
98684.0,0.15868846198186742,0.29391999636070615,5.0612246540902794e-05,0.5473409294108857,0.5473409294108857,0.9823792502156649,0.708636836279179
98685.0,5.260967746675775e-07,0.9959188204188855,0.004025247828599073,5.540565573952958e-05,0.9959188204188855,0.026823388985090152,0.019348985134312605
98687.0,0.9421839239000612,0.026262437286877147,1.1963402281597794e-05,0.03154167541077988,0.9421839239000612,0.26085440184464426,0.18816667596766257
98689.0,0.5278871766764294,0.3979952194119259,0.0007439546136358712,0.0733736492980105,0.5278871766764294,0.9009568270191526,0.6499029731977936
98690.0,0.0076158481576801326,0.8874637818900458,0.10467542631346873,0.0002449436388047543,0.8874637818900458,0.3813762198959711,0.27510479057844817
98691.0,0.08511466428872792,0.527227890641275,0.00024317494002626757,0.3874142701299706,0.527227890641275,0.9165854995279529,0.6611766773598555
98692.0,0.9975813635298411,0.0013994878238101167,1.3562561714411514e-05,0.001005586084633639,0.9975813635298411,0.018705404690498043,0.013493097292401342
98693.0,8.44698783332496e-13,0.9974683850517034,0.0025316068491507827,8.09830154677439e-09,0.9974683850517034,0.01766478548430523,0.012742449208287251
98694.0,0.06736778338712222,0.2023348709073549,0.0005630756398297378,0.7297342700656915,0.7297342700656915,0.739161397317413,0.5331922411631943
98698.0,0.46254948678647495,0.37332022815842564,2.4705839782135787e-05,0.16410557921531643,0.46254948678647495,1.0213069838161444,0.7367172603884081
98699.0,0.11640929103595135,0.6404576191326241,0.17632109466541804,0.06681199516600807,0.6404576191326241,1.022505948183904,0.7375821303621929
98701.0,0.009465822805429515,0.984477221496668,0.0017965070241990598,0.004260448673704235,0.984477221496668,0.09412555459498159,0.06789723541755166
98707.0,0.8127485766683525,0.021751570561306176,0.00014061043309497337,0.16535924233724764,0.8127485766683525,0.5506099210531505,0.397181101283822
98708.0,0.006443755059408792,5.223301589708181e-11,0.9935562448883584,3.4756572515242463e-22,0.9935562448883584,0.03892939979167654,0.028081626012117795
98710.0,0.00030606410856410946,0.0006771414980616247,0.0002544644261065723,0.9987623299672663,0.9987623299672663,0.010761052480873428,0.007762458524450986
98711.0,0.279833241558768,0.3730634110182112,7.875882589267385e-05,0.34702458859712687,0.3730634110182112,1.0922489274650493,0.7878910555350579
98713.0,1.6390941595474846e-06,0.9967924327652146,0.0031991675444363434,6.760596189523319e-06,0.9967924327652146,0.021683517814970615,0.015641351810342798
98714.0,0.0005232511892161812,0.00015566514369903334,0.0003152211658204575,0.9990058625012644,0.9990058625012644,0.008853269633981212,0.006386284098298772
98716.0,2.589317690949735e-06,0.029892447133275914,0.047632439902268314,0.9224725236467634,0.9224725236467634,0.3244063036349023,0.23400968274359643
98717.0,0.823309217267598,0.1725186070492487,0.0020150401945034126,0.0021571354886505936,0.823309217267598,0.48897914226341616,0.35272389182078473
98718.0,0.9999850184493383,5.98031488970429e-08,1.1425189346171783e-05,3.4965581676836853e-06,0.9999850184493383,0.00018992102815676944,0.00013699906274115223
98721.0,7.218716202753599e-07,0.9858772041073963,0.009715395477032351,0.004406678543949962,0.9858772041073963,0.0829589882608487,0.059842260480546076
98722.0,4.3896433909956663e-07,0.02355324940143208,0.008143830321763301,0.9683024813124651,0.9683024813124651,0.1586611917450342,0.1144498572560469
98724.0,0.0003611615633794263,0.17992015830379768,0.00015173273231154722,0.8195669474005096,0.8195669474005096,0.4758802754172453,0.34327505670066694
98726.0,0.8514420845121996,0.14829742276568156,0.00020426297548983054,5.6229746629966735e-05,0.8514420845121996,0.4222487383943096,0.30458808045154584
98728.0,0.18612524457048646,0.17618989853867967,9.794667841027768e-06,0.6376750622229914,0.6376750622229914,0.9058584607640674,0.6534387545458149
98729.0,0.9344178745776991,2.486313998141522e-06,0.065579639104424,3.87741496967579e-12,0.9344178745776991,0.2420861581198559,0.1746282498936888
98732.0,2.0434067130061562e-64,1.0402059327736817e-40,1.0,1.0655973594511603e-81,1.0,1.067249536536822e-13,7.698578068763589e-14
98733.0,0.705956537114392,0.11319742360712388,1.6979914497759662e-05,0.18082905936398555,0.705956537114392,0.8018705022965569,0.5784272985491924
98734.0,0.01250597293319898,0.8844583463731693,0.008145584202313632,0.09489009649131872,0.8844583463731693,0.4260413258974429,0.30732385404299983
98740.0,0.9455763927694861,0.03255335343831132,0.017486608853010406,0.0043836449391924225,0.9455763927694861,0.2589652394276422,0.18680393334244125
98741.0,8.338430764537009e-05,0.0023485419224697486,0.00020400441301012963,0.9973640693568744,0.9973640693568744,0.01936708417509923,0.01397039814794739
98742.0,9.405291856207428e-15,4.9088082680231085e-05,0.9999509111809102,7.36399926144082e-10,0.9999509111809102,0.0005361498666209785,0.00038675037687368243
98743.0,0.1388669794821086,0.8189091819637739,0.00011421995000845131,0.04210961860410953,0.8189091819637739,0.5721781200781,0.4127392681709223
98745.0,0.0032158848695293825,0.8954042027833059,0.02019901785821593,0.08118089448894918,0.8954042027833059,0.40005271471862325,0.2885770338093625
98746.0,2.3103894475656262e-05,0.9957503547871752,0.0031852385872369413,0.0010413027311137566,0.9957503547871752,0.029950831886695766,0.02160495831671751
98747.0,0.8762809770844715,0.01890439507792383,0.0008195578636704088,0.10399506997393587,0.8762809770844715,0.4319566222196043,0.31159083837768525
98748.0,0.7239938318248716,0.15580842357359576,0.0004552417212299658,0.11974250288030142,0.7239938318248716,0.781143668910823,0.5634760486797273
98749.0,0.8932543204600372,0.014401707197613082,0.0001042081596502434,0.0922397641827,0.8932543204600372,0.38269962054174533,0.27605942235283204
98751.0,0.5377817972570902,0.36827193392964247,6.123066035782092e-05,0.09388503815291016,0.5377817972570902,0.9241629075994597,0.666642621883633
98752.0,0.010980695724651894,0.8959153703247938,0.00044578583729568686,0.0926581481132602,0.8959153703247938,0.37186843651755186,0.2682463746135022
98755.0,0.5107817990566536,0.3376904200794649,6.804240458544445e-05,0.15145973845929633,0.5107817990566536,0.996278520914796,0.7186630407339838
98757.0,0.7197704101929797,0.15873712289610684,4.228356641945135e-06,0.12148823855427282,0.7197704101929797,0.784975622758449,0.5662402190861701
98759.0,0.0407822883640443,0.9584171616081079,0.000722450602111387,7.809942573537253e-05,0.9584171616081079,0.17715327898941294,0.12778907853762253
98762.0,0.0015104164095840597,0.6809424366101003,8.605914732763193e-05,0.31746108783298854,0.6809424366101003,0.6365419883337935,0.4591679849433822
98767.0,0.9893707558502159,0.0009942413274023783,0.00961005200497888,2.4950817403099617e-05,0.9893707558502159,0.06234888338708073,0.044975212433752826
98768.0,0.0025735478825754136,0.9713101321201377,0.01759975159516521,0.008516568402122244,0.9713101321201377,0.15530750502184903,0.1120306836539297
98769.0,0.9347831155670707,0.06013215255386505,5.1675669818576814e-05,0.005033056209246265,0.9347831155670707,0.2592302379348296,0.18699508935852235
98770.0,1.105697638316406e-13,6.498822860669025e-08,5.8526009793694205e-05,0.9999414090018679,0.9999414090018679,0.0006300615699951902,0.0004544933512433877
98772.0,0.005154281559907256,0.0601118188329447,0.01037533488213515,0.9243585647250129,0.9243585647250129,0.31626321619975273,0.22813568681348867
98775.0,0.5315802909357978,0.05750339539614212,0.00011559688435101388,0.41080071678371055,0.5315802909357978,0.8666463084055096,0.6251531656706779
98776.0,0.0011032078192034585,0.002027227761011527,2.6319107164206823e-05,0.9968432453126215,0.9968432453126215,0.023512651546497836,0.01696079289214132
98778.0,0.9940292527626151,0.005316961265578324,1.2300213176369173e-06,0.000652555950490586,0.9940292527626151,0.03860001756749631,0.027844026961426897
98780.0,0.2200180547309443,0.02183738566071389,0.00021258552567296398,0.7579319740826694,0.7579319740826694,0.6284937531495874,0.4533624104493011
98781.0,0.07334647555805122,0.4207494026751388,7.122112889981018e-05,0.5058329006379099,0.5058329006379099,0.9013024025277425,0.6501522532340412
98782.0,5.008861678470945e-06,0.9959244677636276,0.0040297334550083545,4.078991968415105e-05,0.9959244677636276,0.026760784499530465,0.019303825543885423
98783.0,0.00020792887430839493,0.012962139481639264,0.00038088800939512077,0.986449043634658,0.986449043634658,0.0745502056818597,0.053776606017235606
98784.0,0.1555800952091689,0.1240293148996079,0.0005896018478483773,0.7198009880433749,0.7198009880433749,0.7893909538838775,0.5694252072454392
98788.0,0.02463216793546889,0.013674896031551833,0.00025885829561473586,0.9614340777373652,0.9614340777373652,0.18987598966592664,0.1369665743374582
98790.0,0.36824668861736964,0.09281650461102212,0.00021599143825735422,0.5387208153333519,0.5387208153333519,0.9235692243510301,0.6662143699444488
98791.0,0.9131261954072485,0.04763508744445099,0.00027876732552928254,0.03895994982277209,0.9131261954072485,0.3567114412660729,0.2573129136714591
98793.0,0.7860432645190695,0.1395857403780794,1.2039775921417383e-05,0.07435895532692911,0.7860432645190695,0.6574739633714252,0.47426721323478355
98796.0,0.9613455621940356,0.016661958508179787,1.9543754889088006e-06,0.02199052492229425,0.9613455621940356,0.19008872791279444,0.13712003254434002
98797.0,0.06636285544173146,0.8193227784510224,0.0002116741926390191,0.11410269191460837,0.8193227784510224,0.5927579816449966,0.4275845002832939
98799.0,1.0065904525008933e-07,1.1170638167684556e-05,8.630576760901888e-06,0.9999800981260261,0.9999800981260261,0.0002495277854735289,0.00017999624933333266
98803.0,4.771426338450889e-06,0.0035618562896185817,0.00034327361592148634,0.9960900986681214,0.9960900986681214,0.026778869261941556,0.019316870942408488
98804.0,0.3864915076979689,0.18417147907798193,0.002542249013004223,0.4267947642110444,0.4267947642110444,1.057598341659242,0.76289594138209
98806.0,0.0008501013412754657,0.819938337378638,0.0024968567071903276,0.17671470457289506,0.819938337378638,0.49003773899676994,0.3534875079495401
98807.0,0.3146433941364488,0.20972752001442285,3.882371388336487e-06,0.47562520347773923,0.47562520347773923,1.044907484014039,0.7537414226874091
98810.0,0.0005305802442320123,0.02229062265427983,0.009442426995672869,0.9677363701058166,0.9677363701058166,0.16454894747282772,0.11869697525127354
98812.0,0.7842949541800447,0.012921158556780549,0.000456122124401888,0.20232776513877368,0.7842949541800447,0.5735544691781619,0.413732094181518
98813.0,0.3987301010121026,0.5653430814985876,0.0005385332976578996,0.035388284191653414,0.5653430814985876,0.8113473283542121,0.5852633835275657
98814.0,0.07645816917703988,0.012431121238361037,0.8761451057644906,0.03496560382010904,0.8761451057644906,0.4842173681756929,0.34928899788968876
98815.0,0.00026644465188455855,0.30600242164318,0.6928443277435352,0.0008868059614009591,0.6928443277435352,0.6250210057628066,0.45085735273271665
98817.0,0.9906568007506229,0.00017862898061380363,0.007954163854242316,0.0012104064145206487,0.9906568007506229,0.057421978653769655,0.0414212019209127
98819.0,1.4313101228118254e-10,0.01924984679153207,0.008543787648139487,0.972206365417196,0.972206365417196,0.14413573815910183,0.10397195732850317
98820.0,0.20547328234465115,0.30179126329250455,1.666365141176786e-05,0.4927187907114329,0.4927187907114329,1.035638776186515,0.7470554632783001
98822.0,0.637437477227693,0.28714580463022843,3.925164389056549e-05,0.07537746649818959,0.637437477227693,0.840595632043626,0.6063615748711315
98823.0,1.6871358026028306e-07,0.0015175338123131169,0.3453883822914166,0.6530939151826894,0.6530939151826894,0.6552703420248165,0.47267763644040883
98824.0,0.032266726895505714,0.0030918750149644177,0.00020246233162215973,0.9644389357579083,0.9644389357579083,0.1653058118720826,0.11924293750898875
98827.0,0.2647576695288685,0.2288282554014368,0.00013643977741779081,0.5062776352922772,0.5062776352922772,1.0351415851937595,0.7466968157884887
98828.0,5.687418156165913e-05,0.0007301343971413742,7.955969742184705e-05,0.999133431723874,0.999133431723874,0.007446319682697244,0.005371384239550597
98830.0,0.05776798752563243,0.4633012821497827,0.00022687905659762438,0.47870385126798803,0.47870385126798803,0.8757207624884438,0.6316990006227898
98832.0,0.890079282308052,0.002363421936615697,5.823376535878774e-05,0.10749906198997265,0.890079282308052,0.3582582983861498,0.25842873521950843
98833.0,2.6921674933796063e-24,1.0059517930991347e-05,0.9999899404820698,7.803338909697192e-17,0.9999899404820698,0.00012581425285823747,9.075579933586465e-05
98834.0,0.00032375408908112154,0.9792691058099865,0.02019837616756606,0.00020876393336801864,0.9792691058099865,0.1037023282284818,0.07480541733193513
98838.0,0.0026900314445804743,0.9965346481075956,0.0006850000744202372,9.032037340390509e-05,0.9965346481075956,0.025211541088974006,0.01818628265111557
98840.0,0.003467143503199114,0.002016316267759653,0.005290676830172166,0.9892258633988681,0.9892258633988681,0.07060220835121704,0.05092872793205509
98842.0,0.5162918536540619,0.415716934390063,0.06791504206729007,7.616988858340516e-05,0.5162918536540619,0.8895872662835838,0.641701568752648
98843.0,0.2234173497054625,0.6254052904013521,2.728033370454388e-05,0.1511500795594803,0.6254052904013521,0.9142580425137382,0.6594977720137106
98844.0,3.286441541295431e-07,0.8871241580782148,0.11285942382529889,1.6089452331895093e-05,0.8871241580782148,0.3526491491620196,0.254382589334879
98845.0,0.3574209045464544,0.04598000379590614,8.972746590500554e-05,0.596509364191733,0.596509364191733,0.818355884358311,0.5903189880230186
98846.0,0.0021525321817645604,0.007863604256360745,0.007282596430608349,0.9827012671312652,0.9827012671312652,0.10431724210071078,0.07524898392895442
98847.0,0.0026150647494967267,0.3810303266201921,0.0005826081769682105,0.615772000453343,0.615772000453343,0.6861114052855933,0.4949247609514416
98848.0,3.520037213017119e-05,0.5729710241533625,0.4219920392010023,0.005001736273506206,0.5729710241533625,0.7100406864575651,0.5121860885908623
98851.0,0.9809529860968681,0.0005653518790721292,1.2619948022507475e-06,0.01848040002925885,0.9809529860968681,0.09686543486238233,0.06987364125475595
98853.0,0.287314069948743,0.6573593224689918,5.06857237065301e-05,0.05527592185855966,0.6573593224689918,0.7946586781673716,0.5732250670957229
98854.0,0.4782579834756033,0.01440363576302482,9.379836359548473e-05,0.5072445823977769,0.5072445823977769,0.7590090979289954,0.5475093307858836
98857.0,0.1536762636308426,0.7260676725596384,2.154270991968337e-05,0.12023452109959852,0.7260676725596384,0.7751699837257562,0.5591669456835635
98864.0,0.0007519554156369757,0.5233977501119352,0.14341048539040419,0.33243980908202353,0.5233977501119352,0.9888877965029546,0.7133317600052135
98865.0,0.9580989509116897,0.04109064119019327,0.0005691661476964247,0.00024124175042098086,0.9580989509116897,0.17843287747341213,0.12871211373121985
98867.0,0.0060629206322321645,0.9826030248919494,0.011332083633852373,1.970841966741495e-06,0.9826030248919494,0.09899434479508813,0.0714093251559629
98868.0,1.3241107113129378e-06,1.3994135681699503e-05,0.9999846810440589,7.095511659861037e-10,0.9999846810440589,0.00018966598554692336,0.0001368150883869321
98869.0,5.6903826936930634e-05,0.9975742122577808,0.0022969097301173643,7.197418516490568e-05,0.9975742122577808,0.01762206736507298,0.012711634598901017
98872.0,0.008229472668530453,0.23284133584988598,0.0007703845195680075,0.7581588069620145,0.7581588069620145,0.5942725118708032,0.4286770029063177
98876.0,0.8034584879249418,0.08346223648407466,0.0027194931034222824,0.11035978248756229,0.8034584879249418,0.642386388368543,0.4633838284169344
98877.0,0.829740483040199,0.0317151563114818,0.000341646478456102,0.1382027141698622,0.829740483040199,0.5405471893288928,0.3899223747056306
98878.0,0.6099108002084543,0.038089299099454334,6.308950610754614e-06,0.3519935917414822,0.6099108002084543,0.7936418462482195,0.5724915779121338
98884.0,0.19413854279019044,0.784649618473676,5.274408623524754e-05,0.02115909464989802,0.784649618473676,0.5906226523165155,0.42604418576686165
98892.0,0.008847203794085108,1.431246613739249e-06,0.9866192842148537,0.004532080744446569,0.9866192842148537,0.07959427877498884,0.05741513563590504
98893.0,0.4007806905067241,0.5569981252641991,0.0006559543473741773,0.04156522988170178,0.5569981252641991,0.8294074255181416,0.5982909898357526
98894.0,3.249575081442803e-07,0.0009517557585127541,0.9966799728571287,0.0023679464268468444,0.9966799728571287,0.024256891570332544,0.01749764858795003
98895.0,0.10852594952444944,0.33919870159742344,0.00011507566632778992,0.5521602732117987,0.5521602732117987,0.9367229838773543,0.6757028017632858
98898.0,0.011291925232318967,0.9725502031238449,0.00010806130118047072,0.016049810342655742,0.9725502031238449,0.1450044475430376,0.10459859868859209
98899.0,2.7703141850585644e-07,0.9965605668217012,0.0033875543590115133,5.160178786745716e-05,0.9965605668217012,0.02321431850131206,0.01674559108972991
98900.0,0.9590703282564227,0.04011203200691903,0.0006300877905932259,0.0001875519460663456,0.9590703282564227,0.17533684239208383,0.12647879650209456
98901.0,6.654011777551848e-25,3.524869697545452e-13,0.9999999999996447,1.2066417777558705e-23,0.9999999999996447,1.0530699503734347e-11,7.596293975564705e-12
98902.0,0.9987371194264396,0.001256037338330096,5.910142545582933e-06,9.330926836063307e-07,0.9987371194264396,0.009736259864740318,0.007023226911833554
98903.0,0.0016019379752142883,0.9360050285647884,0.0005464847190991975,0.06184654874089982,0.9360050285647884,0.24844336121186877,0.17921400258107426
98904.0,0.9991963547095699,0.0007917078889706641,1.156687838855752e-05,3.7052307035288465e-07,0.9991963547095699,0.006594131889981866,0.004756660688322303
98905.0,0.04522941951916004,0.16399719234355684,0.008780541042500612,0.781992847094784,0.781992847094784,0.6703995111252947,0.4835910250574241
98906.0,0.9995489308166755,0.0002490833174810945,2.3192836563382173e-06,0.00019966658218543564,0.9995489308166755,0.004248814801015322,0.0030648720215402164
98907.0,0.6464771219993325,0.3486099213507172,8.676020803130593e-05,0.004826196441919879,0.6464771219993325,0.6759232171300514,0.48757553668761966
98909.0,0.9646406759139353,0.030572569911482012,1.2800465281813652e-05,0.004773953709299781,0.9646406759139353,0.16701215901530864,0.12047380678977238
98910.0,0.9931842973520246,0.0002200569614604339,5.624361850395237e-06,0.006590021324665612,0.9931842973520246,0.041810045860265016,0.030159572910972238
98914.0,0.07088643136024783,0.8626233821595524,0.04608538030673769,0.020404806173463654,0.8626233821595524,0.536321276044215,0.38687402263611487
98916.0,0.9711426617387775,0.02813144252108841,1.3966690401491617e-05,0.0007119290497315503,0.9711426617387775,0.13420641181764786,0.09680946239241128
98917.0,0.0009127482215283263,0.9905436812089631,0.007253901477314323,0.0012896690921943808,0.9905436812089631,0.060114766449142626,0.043363637720188156
98918.0,0.619146491417643,0.319517417555686,1.3777231305986968e-05,0.061322313795365006,0.619146491417643,0.8327207052829041,0.6006810159786029
98920.0,0.706879245124286,0.20134375856749662,0.0002981970731376547,0.09147879923507993,0.706879245124286,0.7891209746758467,0.5692304584131547
98921.0,1.5161126375147608e-07,0.00017203596551610288,0.0012039878810364004,0.9986238245421847,0.9986238245421847,0.010962129428120302,0.007907504881766064
98922.0,0.0004977211953949045,0.9958104406313458,0.003614917033585957,7.692113967434772e-05,0.9958104406313458,0.029020372667299437,0.02093377386593126
98923.0,9.596146934437556e-05,0.026914324667404912,0.0006224646772716792,0.9723672491859784,0.9723672491859784,0.1300280026080533,0.09379537726966786
98924.0,0.620371719913782,0.346275578802209,0.03331249202782371,4.020925618431376e-05,0.620371719913782,0.7771505288105032,0.5605956069695742
98925.0,0.0010964148856595617,0.004162134952690789,0.0005599177026946828,0.9941815324589559,0.9941815324589559,0.040282548285136346,0.029057716322668212
98926.0,0.5039924442155487,0.4936054443978134,1.1321214459966679e-05,0.002390790172176527,0.5039924442155487,0.7083873710012818,0.5109934735859598
98928.0,2.8924990408148204e-06,0.8719535944175016,0.031528090769619786,0.09651542231383879,0.8719535944175016,0.45415799603237206,0.32760574432798634
98929.0,0.00020265848757334415,0.9942809798135871,1.9241428936941932e-05,0.005497120269904089,0.9942809798135871,0.0362394079790019,0.02614120708802899
98931.0,0.2771991711448765,0.6539940859347056,0.00029590780475946576,0.06851083511565893,0.6539940859347056,0.8194406760867544,0.59110149984653
98932.0,0.0013562615868524537,0.013111555703222245,0.0001749005001790467,0.9853572822097477,0.9853572822097477,0.08183243709258196,0.05902962558866303
98933.0,0.9794017432052199,0.01844486567099065,4.507859968589853e-06,0.0021488832638201904,0.9794017432052199,0.10729008747221727,0.07739343856635549
98934.0,4.614814865197732e-96,9.981041659242782e-21,1.0,1.3176395993603809e-72,1.0,1.067249536536822e-13,7.698578068763589e-14
98935.0,0.017244197540271167,0.012833968455651204,6.12462496633443e-05,0.9698605877544152,0.9698605877544152,0.15619137682916567,0.11266826239052834
98936.0,0.000628162751084253,1.0842449021294082e-05,0.9905424421454123,0.008818552654480652,0.9905424421454123,0.05588757630417879,0.04031436459067114
98940.0,0.0006896187070125606,0.9889417699872681,6.78299258188522e-05,0.010300781379900316,0.9889417699872681,0.0637995092222866,0.04602161778307128
98941.0,0.010890929239104672,0.9813020689711933,0.0027173679820936096,0.005089633807609164,0.9813020689711933,0.11067764078788325,0.07983704175098462
98944.0,0.5346542487216639,0.042628979089984115,3.445663438114568e-05,0.4226823155539693,0.5346542487216639,0.833609946487364,0.6013224679165171
98945.0,0.006536614317515462,0.2445649706182347,0.0005966873206896823,0.7483017277435609,0.7483017277435609,0.5986951396329567,0.4318672544763961
98948.0,0.012458582281389852,0.0007710145415134823,8.027696512978471e-05,0.9866901262119655,0.9866901262119655,0.07413958482385738,0.05348040567947285
98951.0,1.0235479944023529e-15,1.2820736328486116e-09,0.9999999986899155,2.8007604088399346e-11,0.9999999986899155,2.8240846230028458e-08,2.0371464403284916e-08
98952.0,2.824242522970064e-06,0.008931539689740548,0.017857186725239647,0.9732084493424977,0.9732084493424977,0.14048739853009104,0.1013402365833769
98959.0,0.0012228547689718578,0.9955298597376505,0.0027251362051904167,0.0005221492881857924,0.9955298597376505,0.03270003973153521,0.023588092578778957
98960.0,0.22941626934667878,0.17701652149222818,2.734846745603536e-05,0.5935398606936376,0.5935398606936376,0.9541647874377244,0.6882844035136384
98961.0,0.7448131839796254,0.253295897048321,0.001243697316108511,0.0006472216559441037,0.7448131839796254,0.5803357388878305,0.41862374627205273
98964.0,1.254103139016046e-06,0.966874710790669,0.03311937347142018,4.661634770442851e-06,0.966874710790669,0.14550355352252772,0.10495862754933631
98965.0,0.00020404899516773185,0.0241649816227536,0.005906765132482126,0.9697242042495969,0.9697242042495969,0.15182073421756617,0.10951551017990203
98966.0,1.3015109144911606e-31,1.387647822230404e-10,0.9999999998612381,2.321861994609603e-18,0.9999999998612381,3.2885525211167243e-09,2.372189206958998e-09
98968.0,0.0318980168306205,0.0005320410472636582,0.00284939453303882,0.9647205475890761,0.9647205475890761,0.16525534094435584,0.11920653043041853
98971.0,0.13268008205539067,0.0436800550001519,0.00721777787214237,0.8164220850723154,0.8164220850723154,0.6059276365982164,0.4370843982289084
98972.0,0.874212359249485,0.08980806021379728,7.3994070797606676e-06,0.035972181129636516,0.874212359249485,0.4536619963974002,0.32724795622115804
98980.0,0.7470270128640853,0.020936040963561227,2.927927758600307e-05,0.2320076668947692,0.7470270128640853,0.6380833532001942,0.46027984466786054
98981.0,0.9897326180892947,0.007837363167486518,5.828949385572505e-05,0.002371729249363746,0.9897326180892947,0.06312009335752172,0.0455315228336725
98982.0,0.9993374036854784,0.0001366007881551375,0.00015351099493573695,0.0003724845314321888,0.9993374036854784,0.006166887857171437,0.0044484692646298
98985.0,0.9889840853090971,0.005248028070521979,3.956287746185215e-07,0.005767490991605501,0.9889840853090971,0.06824689018658012,0.0492297250141364
98988.0,0.001872913702633304,0.070234525416419,0.0006318435526034254,0.9272607173283458,0.9272607173283458,0.2729812393665037,0.19691434014488898
98992.0,0.0013308279141082038,0.0026730599431701277,0.0007949475395673968,0.9952011646031546,0.9952011646031546,0.03511033836795657,0.025326755523692224
98994.0,0.11824043104970472,0.03555376718799319,7.861786262049231e-05,0.8461271838996831,0.8461271838996831,0.5131987347011452,0.3701946347719165
98995.0,0.016674471428369367,0.9773549390405123,0.00032835730883713576,0.005642232222279927,0.9773549390405123,0.12249633593387059,0.08836242818943181
98996.0,1.2424472765214347e-09,0.9914407035456553,0.008558569371432472,7.258404645536185e-07,0.9914407035456553,0.049278673967757376,0.035547049277433816
98997.0,0.00013002178796007503,0.9546660142157466,0.044598205375763415,0.0006057586205312283,0.9546660142157466,0.18864517245140613,0.13607872739164348
98998.0,0.0004289798214129378,0.00030539406110143984,1.7742308666519174e-05,0.9992478838088188,0.9992478838088188,0.0067441103426852935,0.00486484727330002
99001.0,0.30086267880769557,0.47077415703663505,0.00016370568761824028,0.22819945846805,0.47077415703663505,1.0546367219457045,0.7607595843452303
99002.0,0.0006797930442513674,0.7976204706123281,0.20167338023552078,2.635610789871628e-05,0.7976204706123281,0.5084963896143654,0.3668026098032936
99005.0,0.02617774237381223,0.0045468253442024695,2.365156615403941e-05,0.9692517807158317,0.9692517807158317,0.15040649928758215,0.10849535531983209
99007.0,0.9629082253817884,0.00583385698923287,6.675603468126127e-06,0.031251242025511494,0.9629082253817884,0.17479188031977788,0.12608568946250037
99009.0,0.9999678054284444,8.43138094269404e-06,2.381388985081175e-06,2.138180162792955e-05,0.9999678054284444,0.0003914542054967021,0.00028237452050261063
99011.0,0.38824052736300035,0.5911608629675777,0.013061510621115614,0.007537099048304992,0.5911608629675777,0.7715825879234501,0.556579186616717
99012.0,0.0001098475557415306,0.2619186819119559,0.00499310043049611,0.7329783701018051,0.7329783701018051,0.6060530830447142,0.43717488871203813
99014.0,0.8347838041276531,0.021463052666639126,0.1437320878121923,2.1055393514804666e-05,0.8347838041276531,0.5122348410652622,0.36949933248770006
99016.0,0.20442485607168157,0.5477761546085349,2.2724243357377067e-06,0.24779671689544872,0.5477761546085349,0.9999781292438509,0.7213317440287633
99018.0,0.0213614885568293,0.44105355745838803,0.00042164283881972756,0.5371633111459618,0.5371633111459618,0.7802999441503696,0.5628674299158367
99019.0,4.365217617079236e-06,0.0005139089735742775,2.3763572425531484e-05,0.9994579622363842,0.9994579622363842,0.004740856212973879,0.003419804874012523
99023.0,0.9797772290815909,0.019927337532316777,1.7472647427885495e-05,0.0002779607386655836,0.9797772290815909,0.10051299307314311,0.07250479832576515
99024.0,0.9994790717141094,0.00023103702662193574,2.02389252326902e-06,0.0002878673667439121,0.9994790717141094,0.00482876996901475,0.0034832212439455663
99026.0,7.083502919275067e-10,0.9537944650010647,0.04620539108669907,1.4320388631452567e-07,0.9537944650010647,0.18718931134074826,0.13502854558935887
99028.0,0.04959515520393772,0.009959246235710666,3.454893720993597e-05,0.9404110496231417,0.9404110496231417,0.2530138025917221,0.18251087913776834
99029.0,0.00042387179757841584,0.29100093532147825,0.0003534008906356133,0.7082217919903087,0.7082217919903087,0.6096556340819196,0.43977357997000094
99033.0,0.932425076882411,0.0300938267709575,5.659933854934081e-06,0.037475436412776966,0.932425076882411,0.2938105954216339,0.2119395444877124
99036.0,0.7112739664665723,0.14685271440575898,0.00017513410585142134,0.14169818502181614,0.7112739664665723,0.802441668335331,0.5788393077550242
99038.0,0.07305035995736328,0.0062846697211571,3.7480123926597277e-06,0.9206612223090881,0.9206612223090881,0.29915663411729326,0.21579589624502654
99042.0,0.0312269380768045,0.4597580404488404,0.5090149025750178,1.1889933680928247e-07,0.5090149025750178,0.8092330778058996,0.583738274136942
99044.0,2.2003137022953425e-06,0.736646805318981,0.26334752935529576,3.465012019514535e-06,0.736646805318981,0.5766054484606782,0.41593291052188863
99047.0,9.153999863320582e-13,0.1535165401570023,0.8464834594211006,4.209800723247523e-10,0.8464834594211006,0.428760705547736,0.3092854718108859
99057.0,0.9981788808072287,0.0011464629103201264,0.0006724327469335665,2.2235355164240976e-06,0.9981788808072287,0.014523045313793994,0.010476162726408148
99058.0,0.00020585319942017475,0.9928279822429434,0.006676574375277216,0.00028959018235916943,0.9928279822429434,0.044696858614141785,0.03224196813296875
99062.0,0.1543064705369606,7.741960569021122e-06,0.4748302387347297,0.3708555487677409,0.4748302387347297,1.009981311492094,0.7285475147400877
99063.0,0.007431870902521299,0.9665361881998894,0.00021640284309221522,0.025815538054495806,0.9665361881998894,0.1655562084097178,0.11942356043053978
99064.0,0.023203331543541164,0.9690423008025145,0.007639926086849388,0.00011444156709333838,0.9690423008025145,0.15607669775952002,0.11258553892799256
99067.0,0.9973262651229956,0.00042383230161453897,1.2121464928245855e-05,0.002237781110461765,0.9973262651229956,0.01975447915723489,0.014249844557743583
99068.0,1.0071020538777202e-16,0.0033414970997462526,0.996658502900237,1.727636796680221e-14,0.996658502900237,0.022386906911520954,0.01614873979104707
99069.0,7.766689073473969e-08,0.9341776822219068,0.06529169898926315,0.0005305411219404036,0.9341776822219068,0.24578316615700524,0.17729507747434978
99070.0,0.007862925642574374,0.9859417458012902,0.005962871006156984,0.00023245754997933693,0.9859417458012902,0.08454749921380232,0.06098812891765807
99074.0,0.990020104408559,0.003669367404319274,0.006275558198073012,3.496998904833352e-05,0.990020104408559,0.0626895396593948,0.04522094399111044
99081.0,0.0013816890326838031,0.9914885832588558,0.005057700754911596,0.002072026953549448,0.9914885832588558,0.05711555001401395,0.04120016038143175
99083.0,2.566158480823662e-05,0.9966836665438602,0.003238541841147049,5.213003018287165e-05,0.9966836665438602,0.022661547761375408,0.016346851287102344
99084.0,2.0377275565670492e-10,0.9713374496927155,0.028651359153785878,1.1190949727320624e-05,0.9713374496927155,0.13016089545194098,0.09389123919309104
99089.0,0.9914179122695683,0.0002967625966542586,1.1133359068792369e-07,0.00828521380018503,0.9914179122695683,0.050670788698134045,0.03655124778636526
99095.0,0.997850830945431,0.002064939771116882,6.5207365166827865e-06,7.770854693501984e-05,0.997850830945431,0.015726848175435206,0.011344522935757008
99098.0,0.030019844859327325,0.5076769713729644,3.21178617548467e-05,0.46227106590595357,0.5076769713729644,0.8064281489038819,0.5817149456284485
99099.0,0.004128722288380613,0.01358642076758665,0.00020195719200667172,0.9820828997520252,0.9820828997520252,0.10054330632663895,0.07252666471601098
99100.0,4.667044748111513e-10,0.9160653640517156,0.08323738924322013,0.000697246238359099,0.9160653640517156,0.2923100999840425,0.2108571658243676
99101.0,7.921940264609253e-15,0.8996518163013892,0.10034818282632672,8.722753248565113e-10,0.8996518163013892,0.3258473554172362,0.2350491818736151
99102.0,0.7151112679655395,0.018390561331846626,0.00018720183330448765,0.26631096886930816,0.7151112679655395,0.6672365797034185,0.48130945231891775
99103.0,0.0005758704221373445,0.06183375702933857,0.0013112742922131296,0.9362790982563126,0.9362790982563126,0.24674681784322505,0.1779902052287766
99104.0,0.15931119502369936,0.7771431013633979,0.0635138559502286,3.1847662674175016e-05,0.7771431013633979,0.6639852884983175,0.4789641414698752
99105.0,0.6892209389733421,0.11381545276378359,1.8390260794858147e-05,0.19694521800207915,0.6892209389733421,0.8240675569040387,0.5944390888514701
99108.0,0.8381794173554191,0.011738737093263686,0.14946393080600098,0.0006179147453152743,0.8381794173554191,0.4887870752033543,0.35258534472325004
99110.0,0.9901652944184837,0.0017794616151559951,5.789587343340739e-06,0.008049454379015582,0.9901652944184837,0.05993825133217607,0.04323630897824336
99111.0,9.026016728820382e-06,2.1549120720743388e-11,0.9999909739617219,2.2637398430799533e-16,0.9999909739617219,0.0001138673161647677,8.213790617512303e-05
99114.0,0.8905766599077446,0.0030126479981973024,2.9988461186047235e-05,0.10638070363287068,0.8905766599077446,0.3593765477514388,0.25923538162639825
99116.0,0.8538897017056469,0.09848101646757643,1.4446080076540071e-05,0.04761483574670155,0.8538897017056469,0.5082726110886161,0.3666411877186156
99121.0,0.1630908228697758,0.010292277300637026,0.0014156936129863084,0.8252012062166005,0.8252012062166005,0.5106893429964502,0.3683844912879108
99125.0,0.9912768629263071,0.002275219151938642,2.242303473469225e-06,0.006445675618280073,0.9912768629263071,0.055074617347289134,0.03972793866289566
99127.0,0.08597574730727883,0.7387938154491034,0.0004276387138044822,0.1748027985298149,0.7387938154491034,0.7428079106184924,0.5358226444911957
99128.0,0.9659437389746998,0.004349404182746827,1.0249994977592558e-05,0.029696606847575746,0.9659437389746998,0.16167295482455374,0.11662238508562454
99131.0,8.659481566530224e-16,3.441472423390995e-13,0.9999999997427054,2.569494628277241e-10,0.9999999997427054,5.94119985156415e-09,4.285669781390922e-09
99133.0,0.24665121852069016,0.46536360150610484,0.0005660293614690417,0.28741915061173656,0.46536360150610484,1.0638211809797617,0.7673847710960714
99134.0,0.1158372409984313,0.8754361235608179,0.0007450508205239726,0.007981584620227829,0.8754361235608179,0.4100790458538618,0.29580950291292213
99136.0,0.00040812739440957774,0.9189126846450213,0.07578990125334271,0.004889286707225157,0.9189126846450213,0.3024286062027946,0.2181561251958665
99138.0,0.00788252940808097,0.951140695804238,0.0010574300348617607,0.039919344752817824,0.951140695804238,0.2216430953597163,0.15988169726137116
99140.0,0.47144583059283235,0.3290235574258593,1.4219405644224262e-05,0.19951639257566312,0.47144583059283235,1.0420062844656115,0.7516486495868361
99151.0,0.9739779031238274,0.0006529176423301619,1.0955131792873648e-06,0.025368083720663844,0.9739779031238274,0.12369314109632887,0.08922574062582625
99152.0,1.3186600310966434e-16,0.002486938616990702,0.9974861966079507,2.686477505982021e-05,0.9974861966079507,0.017706816448671947,0.012772768140215073
99153.0,0.6718448982328802,0.20239910920175908,0.12571222797547543,4.37645898850499e-05,0.6718448982328802,0.8516829598720898,0.614359391308549
99154.0,0.10819677475037273,0.13874892770215697,1.1763977121543942e-05,0.7530425335703493,0.7530425335703493,0.7283715732864291,0.5254090283524118
99155.0,0.9977803158562043,0.0016308822403451853,2.2553763408427916e-06,0.0005865465271109043,0.9977803158562043,0.017079224484592793,0.012320056233075694
99156.0,1.608557807839644e-10,0.7881494806179522,0.2118504770869424,4.213425056621441e-08,0.7881494806179522,0.5163988680122715,0.37250304300098924
99157.0,0.9636272816775422,0.03450324435252378,1.0955263538793335e-05,0.0018585187063940981,0.9636272816775422,0.1636766485961183,0.1180677446194727
99159.0,3.2535996243337405e-08,0.00033291006384884246,0.9996670573986195,1.5372082919532943e-12,0.9996670573986195,0.002999271500903484,0.002163517060316527
99160.0,0.48935500530411313,0.006351613840084885,1.137353371768666e-06,0.5042922435024321,0.5042922435024321,0.7271127161175894,0.5245009548550755
99167.0,0.6501854140449512,0.2529154814833264,0.003772942861723585,0.0931261616099976,0.6501854140449512,0.8697017563713111,0.627357205484656
99168.0,0.9967788153160597,9.429293067111185e-10,0.0032211837393546603,1.6549627717724344e-12,0.9967788153160597,0.021699183532606352,0.01565265223691532
99169.0,0.41413939331344035,0.5773411277370154,0.0007859367443679975,0.00773354220517627,0.5773411277370154,0.7254521678524148,0.5233031224814134
99171.0,0.7151495789508372,0.10321969319838763,8.43376592678425e-05,0.1815463901915061,0.7151495789508372,0.7847183360251877,0.5660546259390887
99172.0,2.0173106230941196e-06,1.474239240991321e-09,0.9999978974530214,8.376211501822795e-08,0.9999978974530214,2.9951948861572378e-05,2.160576404377515e-05
99174.0,0.028720595133122098,0.7385969634602474,0.00012866796518748534,0.2325537734414446,0.7385969634602474,0.6661226064395508,0.48050589046718534
99175.0,0.9964286757999411,0.0032831777118650595,0.0002848149017864121,3.331586408004548e-06,0.9964286757999411,0.024708400631540672,0.017823343529710732
99176.0,1.2208520660733744e-08,0.9852669041664509,0.014732701590461939,3.820345647381256e-07,0.9852669041664509,0.07676779907855703,0.05537626151529729
99178.0,1.0114157288399007e-58,2.3000152549015002e-23,1.0,9.503073684479008e-61,1.0,1.067249536536822e-13,7.698578068763589e-14
99179.0,7.35618789070208e-06,0.9340774280843537,0.0659144110787825,8.046489744259345e-07,0.9340774280843537,0.24304606365427844,0.17532067537080542
99182.0,0.44108939438305445,0.06753953723216631,4.632624190991571e-05,0.49132474214287036,0.49132474214287036,0.8926792151019349,0.643931938366107
99183.0,0.03643420159312983,0.7548896400733353,0.20759427992738985,0.001081878406144249,0.7548896400733353,0.6667034005657186,0.4809248448699852
99186.0,0.7508845212391885,0.15114839926179421,4.7837341810889654e-05,0.09791924215720538,0.7508845212391885,0.72872705476498,0.5256654540355283
99187.0,0.20623997394641025,0.20131584429205301,0.00011891697319658373,0.5923252647883399,0.5923252647883399,0.9595543271874378,0.6921721346484312
99190.0,0.982002030783113,0.007106099353075021,4.5915055778010384e-06,0.010887278358234711,0.982002030783113,0.10225616926233982,0.07376223414754006
99191.0,0.0012086600768604838,0.9241740266224336,0.0746123595638477,4.953736858692654e-06,0.9241740266224336,0.2747088019578314,0.1981605131365559
99193.0,0.013906095765279531,0.007546572827230912,1.306692972618321e-05,0.9785342644777629,0.9785342644777629,0.11771268324595684,0.08491175218433765
99194.0,0.8531091442815849,0.08281520314542658,8.687182218301773e-05,0.06398878075080582,0.8531091442815849,0.518556669845079,0.37405956800269546
99195.0,7.700456302196639e-07,0.0004714643172643416,1.5397361770451058e-05,0.9995123682753345,0.9995123682753345,0.004280235347695849,0.0030875371549792248
99197.0,0.9560377395133637,0.016235071687677655,1.4224511224428943e-06,0.027725766347835534,0.9560377395133637,0.20930629725250277,0.1509825785365085
99198.0,0.8589060404530031,0.04493292495971687,5.69483928155853e-05,0.09610408619446602,0.8589060404530031,0.49570758067721477,0.35757743418704174
99204.0,0.05919660356265352,0.775204348531824,0.00028721842697928515,0.1653118294785442,0.775204348531824,0.6646222516797005,0.4794236132813802
99207.0,0.8772516926785389,0.09628128540318652,2.542771245677947e-05,0.0264415942058173,0.8772516926785389,0.43655709130494436,0.3149093753452768
99208.0,0.510456528482119,0.18219789865881103,1.2299090383194107e-05,0.30733327376868663,0.510456528482119,1.0162155738285785,0.7330445844183113
99209.0,3.061725300027489e-15,0.2768609348203312,0.7231390651789739,6.911534803451316e-13,0.7231390651789739,0.5899640958986537,0.4255691377277643
99210.0,7.358149367438392e-06,0.058302999683508966,0.9413115514070132,0.00037809076010979014,0.9413115514070132,0.2257010914179991,0.16280892265598695
99212.0,0.9790161989205186,0.01088470258573538,1.6470304342324052e-06,0.010097451463311839,0.9790161989205186,0.11638975115117309,0.08395745839804897
99220.0,2.9962115221741132e-21,0.0022921490529033656,0.9977078509470968,2.247179037366075e-17,0.9977078509470968,0.0162218104654052,0.011701562756340385
99224.0,0.000633939518332574,0.0001075949654735556,2.9869650003032567e-05,0.9992285958661895,0.9992285958661895,0.0067334681699157805,0.00485717056836059
99226.0,0.5820010399194565,0.012738740324891737,3.999178312936571e-06,0.405256220577338,0.5820010399194565,0.7366994096407948,0.5314162924573008
99227.0,0.012573131333089032,0.07927966931162721,0.0003575697370712466,0.9077896296182119,0.9077896296182119,0.3466381395328364,0.2500465624434998
99230.0,0.008543090161722347,0.9813854455923807,0.0010995944033199989,0.008971869842575265,0.9813854455923807,0.10890950377404846,0.07856160050024878
99231.0,0.6130988575808836,0.09591874043748097,1.3002247534831324e-05,0.2909693997341015,0.6130988575808836,0.884162496488986,0.6377884245123329
99232.0,1.8979138142123787e-05,0.7448956996984462,0.18605586430037524,0.06902945686303394,0.7448956996984462,0.7170091262919269,0.5172127553867457
99233.0,0.9775415503295602,0.007995486504293953,5.788841279701546e-07,0.014462384282017956,0.9775415503295602,0.12208750569602864,0.0880675195110818
99234.0,0.3622662986407791,0.5333490609914378,0.00027432582987724,0.10411031453790438,0.5333490609914378,0.9408675129101707,0.6786924475045181
99237.0,0.7260875368713788,0.09882973354738502,3.2411036226233986e-05,0.1750503185450103,0.7260875368713788,0.7665288121157323,0.5529336579689376
99239.0,4.106418234470049e-11,0.19317334971950326,0.8068202245587919,6.425680639103637e-06,0.8068202245587919,0.49087364346395346,0.3540904855642714
99240.0,1.8083197908783813e-06,0.9819761317699168,0.018022056201363292,3.7089294803954495e-09,0.9819761317699168,0.09026387906052138,0.06511162534600767
99241.0,0.5752657727721949,0.365783820693348,0.0006132919285869767,0.05833711460586984,0.5752657727721949,0.856253420874816,0.6176562820201538
99242.0,9.822254908837092e-05,0.8149155853036919,3.182925686478204e-06,0.1849830092215321,0.8149155853036919,0.47989331388719414,0.34616985205041284
99246.0,0.25663925853580016,0.20931754029155897,7.994018450048775e-05,0.5339632609881388,0.5339632609881388,1.0121810110186136,0.7301342625392655
99247.0,0.023976372363203765,0.2924109842981857,0.00029726738126899466,0.6833153759573432,0.6833153759573432,0.7116151371974431,0.5133218147281352
99251.0,0.6389616775963132,0.31492020886504013,3.386644332021837e-05,0.046084247095327276,0.6389616775963132,0.7922308858105698,0.5714737850989898
99255.0,7.346411902470188e-20,4.812028130645055e-06,0.9925857207998843,0.007409467171981751,0.9925857207998843,0.04378905799791511,0.03158712840939567
99256.0,0.0011035580172763782,0.9823035129214562,0.0008011638266090991,0.0157917652346591,0.9823035129214562,0.09627364376243594,0.06944675421218852
99258.0,0.2958333401575713,0.19412032780412122,0.0008660107536982984,0.5091803212846104,0.5091803212846104,1.0283094759076032,0.7417684906955141
99260.0,0.00020171898300374414,0.0007143966949183185,7.70029784302633e-05,0.9990068813436483,0.9990068813436483,0.008613466283056717,0.006213302545715109
99262.0,0.16562360712083468,0.5107069443183034,0.0002351870663173583,0.3234342614945441,0.5107069443183034,1.0080162403676427,0.7271300155569678
99263.0,0.7378476621504422,0.1620447821653902,1.3036027091249208e-05,0.10009451965707727,0.7378476621504422,0.7497495757511764,0.5408299974224132
99265.0,0.010091991642636017,0.0007018395747260617,0.00023221887905761212,0.9889739499035808,0.9889739499035808,0.06438775488338312,0.04644594733211548
99270.0,0.028362595124278314,0.8968936066418021,8.298159220230107e-05,0.07466081664171724,0.8968936066418021,0.39315481127014684,0.2836012482605386
99271.0,0.7963897693808198,0.2018150951234287,0.0017951269774674082,8.518283323169737e-09,0.7963897693808198,0.5156470431072022,0.3719607159699091
99274.0,0.06133924023589524,0.8892328683570211,0.001445717740070469,0.04798217366701163,0.8892328683570211,0.43078296135472416,0.3107442210229613
99277.0,0.0035386768554257963,0.8540321242938639,0.07706000865572726,0.06536919019498619,0.8540321242938639,0.5305527971999705,0.3827129447250827
99278.0,0.4640999430707801,0.026341839478745632,0.001733119663629656,0.5078250977868455,0.5078250977868455,0.8071938603562256,0.5822672896859726
99279.0,0.04225425390804884,0.00299339001865046,4.258225263435881e-06,0.9547480978480378,0.9547480978480378,0.1953551074560847,0.14091892236961198
99280.0,0.05381171523352406,1.3030713784992354e-05,0.001868521188286888,0.9443067328644053,0.9443067328644053,0.2232505772933563,0.16104125036836167
99282.0,0.002639642440716502,0.1200006707528642,0.0028986138959804183,0.8744610729104387,0.8744610729104387,0.40434910989838796,0.2916762278191354
99283.0,0.21363441088430093,0.7107939377657786,0.00012337261440714336,0.07544827873551371,0.7107939377657786,0.7684800093168498,0.5543411492318618
99284.0,0.967264577318033,0.0064128742083768755,3.049080334722119e-07,0.026322243565557,0.967264577318033,0.16032269615569852,0.11564837934288717
99285.0,0.9596028516831632,0.010053167329038123,0.00011324000059964916,0.030230740987199304,0.9596028516831632,0.192616322792167,0.1389433068432636
99287.0,0.0001276082416043281,0.8815358866577147,0.00019792299625990645,0.11813858210442166,0.8815358866577147,0.3663163315351272,0.2642413774511827
99289.0,8.643507867821736e-06,0.5611294998049383,0.43815986996279854,0.0007019867243969766,0.5611294998049383,0.6909779489998487,0.4984352301928544
99290.0,0.005184304078642624,0.9346487931573997,1.597068679804047e-05,0.06015093207716092,0.9346487931573997,0.2597026936090749,0.18733589408765913
99291.0,0.08668961884668963,0.06101701555969351,0.000824284147394244,0.8514690814462218,0.8514690814462218,0.525395696505961,0.3789928829267764
99292.0,0.36718766234964817,0.5955736356594914,2.6607739285098957e-05,0.037212094251573936,0.5955736356594914,0.799272877016282,0.5765535079942222
99293.0,0.0002451806973800786,0.24117585343877238,0.7585789641027377,1.7611127101824423e-09,0.7585789641027377,0.5546473494014286,0.4000934902118246
99297.0,0.04151735461757579,0.43487350517324375,0.00040789339239117087,0.523201246816791,0.523201246816791,0.8363201043614408,0.6032774335789954
99299.0,0.17504677270437188,0.7901451989961805,0.017320018678712402,0.017488009620736673,0.7901451989961805,0.6321728414627434,0.4560163116814924
99303.0,1.0176525207688374e-09,0.39505442701782795,0.6049455718199319,1.4458804657239803e-10,0.6049455718199319,0.6709554080263699,0.48399201990863744
99304.0,0.11332219478815493,0.15813859240410397,6.062257126177368e-05,0.7284785902364783,0.7284785902364783,0.7697823225207027,0.5552805696323032
99305.0,0.07194052946722544,0.6546045363014122,2.993287663985117e-05,0.27342500135472425,0.6546045363014122,0.8215826659908969,0.5926466189527003
99308.0,0.5267130920843626,0.44748198785634474,0.012110064326873043,0.013694855732420023,0.5267130920843626,0.8097155686560321,0.5840863177153223
99309.0,0.01273872362515803,0.9836901406313899,0.001466132748738177,0.002105002994713044,0.9836901406313899,0.09429732080216796,0.06802113854520171
99311.0,0.9502530978292698,0.010242909419792478,0.03945496435857247,4.9028392365309086e-05,0.9502530978292698,0.22344143584500523,0.16117892571134926
99312.0,0.9457922789775235,0.05241877842694052,0.00015017532148463156,0.0016387672740516969,0.9457922789775235,0.2191002979225548,0.15804745663508216
99313.0,0.9685418046611528,0.027586429705114074,6.375533249530256e-05,0.003808010301238754,0.9685418046611528,0.1518342877231002,0.10952528696751235
99315.0,0.9429880117717621,0.002270293425745342,0.05189445279781709,0.002847242004676326,0.9429880117717621,0.23939703196715414,0.17268845541127498
99316.0,0.9982885293547032,0.0007343031083090995,8.399416983670398e-05,0.0008931733671503086,0.9982885293547032,0.014068163044536649,0.010148034529385203
99318.0,0.997009520471227,0.000787743553397357,0.0021342308421144806,6.850513326025763e-05,0.997009520471227,0.022397124164845485,0.016156109981398475
99320.0,0.9991708543360203,0.000758166020395493,6.153915118909605e-06,6.482572846622216e-05,0.9991708543360203,0.006974931762655459,0.005031349732260973
99321.0,0.9564285177342258,0.010497783665757248,0.0001329355840167911,0.03294076301599967,0.9564285177342258,0.20405708049231003,0.14719606904226787
99322.0,0.4451408033161787,0.2896369758740298,0.00013935104968817668,0.26508286976010415,0.4451408033161787,1.0723693513218988,0.773550972576709
99327.0,2.0871949092807e-05,0.6223029525272893,0.006345925357668079,0.37133025016594856,0.6223029525272893,0.6953741284188889,0.5016064033162081
99329.0,0.057993357844969506,0.938622813568139,0.0006773597786164324,0.0027064688082739695,0.938622813568139,0.24552952930180874,0.17711211715776046
99330.0,0.9874935481135484,0.012089786066040699,0.00012051876281416784,0.00029614705759584814,0.9874935481135484,0.06930270901189617,0.04999133730581674
99332.0,6.867427269036848e-08,0.9987687049658306,0.001045911461162887,0.00018531489873517464,0.9987687049658306,0.010002115241169255,0.007215001028417402
99335.0,0.0001496701538242767,0.011625544947958444,0.9882247839093885,9.88828899607008e-10,0.9882247839093885,0.06481036801980711,0.04675079827018219
99338.0,0.4649535790849286,0.10002986822933874,0.00014377393973504714,0.434872778745999,0.4649535790849286,0.949758427112703,0.6851058864189993
99339.0,4.6897570287638797e-07,0.00010937559839326205,0.04593916700339003,0.953950988422514,0.953950988422514,0.18748923425340014,0.1352448942387248
99340.0,0.13248713890155267,0.8432375838848398,1.6963204223158024e-05,0.024258314009383053,0.8432375838848398,0.5019726551306152,0.3620967301094022
99341.0,0.10221018130566856,0.8441758290019216,0.0008473395208416708,0.052766650171566884,0.8441758290019216,0.5373384520279728,0.3876077600098543
99344.0,0.26443297765265894,0.6053573485909044,2.3425462905971093e-05,0.13018624829353187,0.6053573485909044,0.9212630587007216,0.6645508230708645
99345.0,0.9483943148906112,0.0024853383771314946,0.00018418526124903617,0.048936161471007544,0.9483943148906112,0.21439202339076965,0.15465115447600702
99346.0,0.9510874215293891,0.010881675535888757,3.58549207469903e-06,0.03802731744264706,0.9510874215293891,0.22126227155681633,0.15960699095542302
99348.0,0.0004454063973282485,0.9871671699881899,0.006690124420957172,0.005697299193523536,0.9871671699881899,0.0791276904367532,0.057078563295050455
99349.0,0.003335108714779549,0.05250153133220507,0.10017406536126704,0.8439892945917487,0.8439892945917487,0.5473771334532993,0.3948491379645456
99351.0,2.3853138681984982e-09,0.9754701367964685,0.024529851276656297,9.541560504067774e-09,0.9754701367964685,0.11518010339708593,0.08308488199002696
99353.0,4.074963224713742e-09,1.4873141232858555e-05,1.7151599299140054e-05,0.9999679711845031,0.9999679711845031,0.00038564785973665,0.0002781861273857538
99358.0,0.6513552674746046,0.31945667077855466,2.7883216487688426e-05,0.02916017853035356,0.6513552674746046,0.747151026895621,0.5389555406487044
99359.0,0.13675788980205708,0.44715849333817836,0.00911388496920314,0.40696973189056057,0.44715849333817836,1.0406668591123702,0.750682458429455
99361.0,0.7416180426532583,0.07903787293984103,5.616149692441738e-06,0.1793384682572084,0.7416180426532583,0.7305272336388113,0.5269640086025231
99364.0,0.8982763379016018,0.014501349795402069,0.0009832390280998533,0.08623907327489688,0.8982763379016018,0.3759053492477228,0.2711583916016618
99366.0,0.0026913294712581875,0.024020943278154808,0.00020977315099323537,0.9730779540995925,0.9730779540995925,0.13382954998482957,0.09653761404375764
99370.0,0.0045384066843809105,0.07844339230748006,0.0004476187422972853,0.916570582265843,0.916570582265843,0.3074535957166363,0.2217808889219357
99372.0,0.06447484341978131,0.648694598700585,0.006275864976512155,0.2805546929031198,0.648694598700585,0.8459135837099335,0.6101976661194661
99374.0,0.00034155622676662606,0.9858306152593922,0.0025384422230458276,0.011289386290795874,0.9858306152593922,0.08258546481291199,0.05957282026754906
99376.0,0.008976361551521605,0.9803614509457084,0.0010089033949910202,0.009653284107777512,0.9803614509457084,0.11350743753129564,0.08187830861520701
99377.0,6.401573113131425e-13,0.9129576684315799,0.08703696227828418,5.369289496951604e-06,0.9129576684315799,0.2956983327269799,0.21330125911217426
99378.0,0.5542329342577178,0.06966863874857511,1.252612940992887e-06,0.37609717438076606,0.5542329342577178,0.8804947323273178,0.6351426919287383
99385.0,0.8613054927869791,0.1342023433979487,9.238383055812009e-06,0.004482925432014817,0.8613054927869791,0.42247939122839173,0.3047544613014945
99388.0,1.1330988199360531e-07,0.006740378110873021,0.0005617336118957126,0.9926977749673483,0.9926977749673483,0.04518105540677716,0.032591242288743445
99389.0,0.053721598623536364,0.03227652585992734,4.5046689930413495e-05,0.9139568288266048,0.9139568288266048,0.3505787387247129,0.25288910389962543
99390.0,0.9950800026839863,0.0019994716801562244,1.400811179691606e-05,0.002906517524061367,0.9950800026839863,0.03446727478209112,0.024862883200540045
99393.0,0.05261888963930389,0.8201366158969982,0.0002545669754067373,0.12698992748829271,0.8201366158969982,0.5817352814429597,0.4196333028239517
99394.0,0.9621109116892218,0.03134834830383697,7.350363316286098e-06,0.006533389643623549,0.9621109116892218,0.17866390435191074,0.12887876439718085
99396.0,0.02916838736576606,0.0007093434133947738,6.732593627157364e-05,0.9700549432845674,0.9700549432845674,0.138383078144402,0.09982229029093934
99401.0,0.9992699867533614,0.0006687132964598833,1.5600009902435528e-06,5.973994918806139e-05,0.9992699867533614,0.006220004614706185,0.004486784905971541
99402.0,0.02016742688440232,0.24589659584856038,0.0008741866583158723,0.7330617906087203,0.7330617906087203,0.6574723503520012,0.4742660496872217
99404.0,0.9698661617397123,0.02121318692070901,1.0416874484534327e-05,0.008910234465092589,0.9698661617397123,0.15359315131227536,0.11079403885636392
99405.0,7.48036518469281e-05,0.0027686561223669343,0.005499279050098257,0.9916572611756878,0.9916572611756878,0.05393773779849689,0.038907853419330334
99407.0,2.0217754401991646e-10,2.615586972088291e-05,9.497758198472496e-05,0.9998788663461152,0.9998788663461152,0.0012767828258035481,0.0009210041255394881
99410.0,0.013850568797186926,0.016272223239934464,2.6849674460273892e-05,0.9698503582884168,0.9698503582884168,0.15625945599661478,0.11271737112916168
99412.0,4.364223481821516e-06,0.9964147019423848,0.003578813455185853,2.1203789479591255e-06,0.9964147019423848,0.0238188955218072,0.017181701224381795
99415.0,5.3923646006160566e-12,0.004618893067694402,0.9953807969053854,3.100215264115584e-07,0.9953807969053854,0.029451724704173163,0.021244928588168798
99416.0,0.0013878754396290283,0.009271574854358472,0.9883616748076397,0.0009788748983757987,0.9883616748076397,0.07088366485107048,0.05113175588033735
99418.0,0.05855745292558654,0.9376130677556164,0.0011731382454954645,0.0026563410733014678,0.9376130677556164,0.2502409820193613,0.1805107118932584
99419.0,0.05969399185110003,0.002766633802868927,0.00036663671548832396,0.9371727376305428,0.9371727376305428,0.24825622067535558,0.17907900921908582
99420.0,0.07735607081129632,0.08661475468130912,0.0019455488082209965,0.8340836256991719,0.8340836256991719,0.5733298993595076,0.4135701012996651
99421.0,0.01440608520883986,0.0814772798913272,9.64646244515634e-05,0.9040201702753804,0.9040201702753804,0.35749281086253515,0.2578765526924178
99422.0,0.793249749446225,0.17628842743539233,0.0018387515114224812,0.028623071606958882,0.793249749446225,0.6029973952711876,0.4349706759133522
99424.0,9.535690308048278e-06,0.7696161533924132,0.153757255669578,0.07661705524770242,0.7696161533924132,0.6863608495129189,0.4951046969263121
99425.0,0.12802068900463906,0.4003013236740567,0.03620037956686329,0.4354776077544415,0.4354776077544415,1.1118009970428133,0.8019948924445359
99427.0,0.004912521430683714,0.058986673925738344,6.822773980499114e-05,0.9360325769037734,0.9360325769037734,0.2556041853410014,0.1843794453109631
99430.0,0.04267591337329935,0.005585759952208466,0.00014745079296557128,0.9515908758815276,0.9515908758815276,0.21210013888170334,0.1529979092682469
99435.0,0.9993936555657075,2.660416029406178e-06,0.0005902375461548938,1.3446472107039226e-05,0.9993936555657075,0.0051795462965510694,0.0037362528780445123
99436.0,0.0035207742778164907,1.5429887351636233e-06,0.04861858929860427,0.9478590934348443,0.9478590934348443,0.21767749811028908,0.15702112351841538
99437.0,2.933824348121558e-38,3.692966072777917e-07,0.9999996307033896,3.690868046421645e-28,0.9999996307033896,5.839194502072886e-06,4.212088475463327e-06
99438.0,0.00024063780309328012,0.9888801425983731,0.0025173435023326217,0.008361876096200552,0.9888801425983731,0.06813183989021779,0.04914673376812903
99440.0,0.0009319156025126974,0.9635866835379711,0.0007343812657283675,0.03474701959378817,0.9635866835379711,0.16428318460847746,0.11850526786804826
99441.0,0.3010951018877961,0.6886808895480125,0.00010724723341333479,0.010116761330779052,0.6886808895480125,0.6657277780086704,0.4802210819575688
99442.0,0.9893042274662356,0.00012755582050806252,3.035216620969034e-08,0.010568186361089723,0.9893042274662356,0.059866946548736,0.043184873449513037
99443.0,9.68977985732134e-05,0.9082201548546603,0.000640010874063689,0.09104293647270101,0.9082201548546603,0.3112126177930954,0.22449245017608555
99444.0,0.026760889309390207,0.06629911466519971,0.0002574955870848636,0.9066825004383247,0.9066825004383247,0.3677534274160465,0.2652780230015248
99446.0,0.9976365156437426,0.0022805054762870948,1.1312082219247648e-05,7.166679774976145e-05,0.9976365156437426,0.01704661212331281,0.012296531387130537
99448.0,0.14031536481781562,0.7564759001863584,8.090335750311441e-05,0.10312783163832336,0.7564759001863584,0.721727553215893,0.5206163809487472
99449.0,0.11282442910251751,0.2269558368239806,0.002210059957683478,0.6580096741158182,0.6580096741158182,0.8716640522731814,0.6287727027678486
99452.0,5.136279290139153e-05,0.04465359982399791,0.9467923559078777,0.008502681475222276,0.9467923559078777,0.23162909128673737,0.1670850706624965
99453.0,0.09092237195663558,0.8169943983445679,8.47792030392703e-05,0.09199845049575696,0.8169943983445679,0.60344406882283,0.43529288277227757
99454.0,2.006279761979515e-54,2.403951429628556e-31,1.0,2.2274525425634174e-60,1.0,1.067249536536822e-13,7.698578068763589e-14
99456.0,0.02156899321718525,0.0069418100946830735,0.0004530024877268106,0.9710361942004063,0.9710361942004063,0.14927973326888,0.10768256544612019
99457.0,0.04311006103680177,0.9443987547652899,0.00010585676496921446,0.01238532743293822,0.9443987547652899,0.2449199382688895,0.17667239017767897
99459.0,0.006482145693546491,2.5548158902355785e-05,0.18205488596677535,0.811437420180773,0.811437420180773,0.5126008784165171,0.3697633726234179
99460.0,0.09588901845678215,0.18378285253438864,0.00021611544055329012,0.7201120135682775,0.7201120135682775,0.7744177944498684,0.5586243558144969
99461.0,0.9998999292115056,1.7471323421566359e-09,0.00010006904132716659,3.4914758711454296e-14,0.9998999292115056,0.0010217018799236596,0.0007370021177163975
99463.0,0.6748529068606883,0.01961305698960108,0.00026592330339007174,0.30526811284632166,0.6748529068606883,0.7069124834138822,0.5099295670818548
99464.0,0.8656853837419692,0.02698102923607072,1.4564257430210568e-05,0.10731902276453067,0.8656853837419692,0.4620261016845597,0.3332813828307871
99465.0,0.00048791910927481464,0.9572877340304952,3.3392483004544184e-06,0.04222100761192796,0.9572877340304952,0.17917211471970332,0.1292453606858522
99466.0,2.365976454793284e-06,9.111206051015715e-06,7.810186188538355e-06,0.9999807126313072,0.9999807126313072,0.0002475299335369156,0.00017855510379264142
99469.0,0.33571653842735816,0.14401084678246195,0.0011494190150323062,0.5191231957751474,0.5191231957751474,0.9936287317686889,0.7167516219037388
99470.0,2.8799120947700165e-12,8.38928099065165e-07,0.0028213574679045606,0.9971778036011173,0.9971778036011173,0.019392831684306246,0.013988971049871493
99474.0,3.423874655076348e-07,0.9950189619654914,0.004830046577724834,0.00015064906931839652,0.9950189619654914,0.03205765641646197,0.023124710967275974
99475.0,0.036016399569592836,0.18407247241888128,0.7761068869461251,0.0038042410654000464,0.7761068869461251,0.6491514193041107,0.4682637667080363
99477.0,0.8577928899431843,0.08586318203468968,2.3441600227048038e-05,0.05632048642189879,0.8577928899431843,0.5046400844863901,0.36402087366115127
99479.0,5.725401586573695e-16,0.001737355772914591,0.9981421513534323,0.00012049287365281609,0.9981421513534323,0.013985015051746333,0.010088055930955972
99481.0,0.9776459326005483,6.0015241370076657e-05,2.7561635362695167e-05,0.022266490522719704,0.9776459326005483,0.10769180914707199,0.07768321950042074
99483.0,0.0007645192096879388,0.9937825810099027,0.0054475456282431,5.354152166807483e-06,0.9937825810099027,0.040145251141709797,0.02895867736869336
99484.0,0.030510901362083957,0.13925981784670263,0.0035555888430427235,0.8266736919481708,0.8266736919481708,0.5584159489705209,0.40281196016653753
99486.0,0.4164891578614279,0.2948565627362497,0.00108409891887347,0.2875701804834485,0.4164891578614279,1.0906955959267197,0.7867705636814556
99488.0,0.8284437772334359,0.10034617627895238,7.845297596152174e-05,0.07113159351165026,0.8284437772334359,0.5753855071165113,0.4150529088581861
99489.0,0.9364865364316945,0.043263571770688666,0.00012828035364450418,0.020121611443973262,0.9364865364316945,0.27706299313295035,0.1998587031033802
99492.0,6.817875906718856e-06,0.9953358846807325,0.004622603780233948,3.469366312626614e-05,0.9953358846807325,0.029945396996381834,0.021601037872065666
99494.0,0.3903280662039942,0.07961878657843376,1.5139815521200816e-05,0.5300380074020522,0.5300380074020522,0.9053234200591898,0.6530528042600146
99495.0,0.9441733317324285,0.015751203509508666,1.8116885474293295e-06,0.04007365306951415,0.9441733317324285,0.24856157085970582,0.17929927281743413
99496.0,0.1370947273624692,0.831265483477666,5.905743303864778e-05,0.03158073172682714,0.831265483477666,0.5357345643812189,0.3864507996327968
99497.0,0.018341611236170025,0.7058978540145054,0.0001309475872758749,0.27562958716204883,0.7058978540145054,0.6755677954452665,0.4873191541365878
99498.0,0.07534217534902302,0.8523996355005976,0.00020749164348168655,0.07205069750689828,0.8523996355005976,0.5222221750019311,0.37670367105876723
99499.0,0.08385152777285611,0.7707725146492365,0.00145880550115376,0.14391715207675457,0.7707725146492365,0.6970354060582451,0.5028047618221276
99500.0,0.3086137138387765,0.3709612927222066,3.247466588905244e-06,0.32042174597242923,0.3709612927222066,1.0954114185512946,0.7901723106385488
99501.0,0.14157461643386687,0.7651780133862648,0.010750320576293928,0.08249704960357615,0.7651780133862648,0.7361244680775988,0.5310015597862889
99503.0,2.9236736026944496e-08,0.7220976598306199,0.027535211561134372,0.2503670993715133,0.7220976598306199,0.6807413980922824,0.49105111957777775
99506.0,0.000978433453818582,0.9708283474356922,0.021743504147636927,0.006449714962851154,0.9708283474356922,0.15129633022832434,0.10913723266255125
99509.0,0.023588566642387544,0.41879104138537115,0.0010994948901693793,0.5565208970820719,0.5565208970820719,0.7865350165894751,0.5673650839595772
99510.0,0.9955156997453299,0.00411131314206999,0.00035305114474458134,1.9935967854203593e-05,0.9955156997453299,0.030083971841614286,0.021700998493070073
99511.0,0.06339618794176305,0.12347478766924086,4.2162141472078546e-05,0.8130868622475235,0.8130868622475235,0.6018099513877081,0.4341141162123373
99512.0,7.357071724419232e-09,0.9690154725141656,0.030955479972909313,2.9040155853497574e-05,0.9690154725141656,0.13837963249853955,0.09981980478284012
99517.0,1.1465644804340404e-15,9.43842652179057e-06,0.9999905615733679,1.1026473936372342e-13,0.9999905615733679,0.00011864778796652359,8.558628765587441e-05
99518.0,4.1556390575600896e-07,0.9621305338537837,0.03786893142122776,1.1916108271599098e-07,0.9621305338537837,0.16111984941491964,0.11622340386984056
99521.0,4.17418493002824e-06,0.9607691850643306,0.00581587880489354,0.033410761945845496,0.9607691850643306,0.18199708116988833,0.131283143230032
99524.0,2.4817608172046045e-05,0.9956626571623993,0.0031207819950873432,0.001191743234341273,0.9956626571623993,0.030620193684136175,0.02208780078958141
99525.0,0.9998546638326073,0.00011225895952739368,1.0472292019242926e-05,2.2604915846742485e-05,0.9998546638326073,0.001528183399586212,0.0011023513060759327
99526.0,5.547466376225025e-05,0.0007600207394922197,6.330252539169337e-05,0.9991212020713545,0.9991212020713545,0.007492617104411483,0.005404780769907136
99531.0,0.10831316313161377,0.28540739627194645,0.0015481599870992913,0.604731280609341,0.604731280609341,0.9127853139967003,0.6584354229496574
99532.0,0.9546848398969762,0.035632805830241275,3.315910840495665e-06,0.009679038361943022,0.9546848398969762,0.20802095113161745,0.15005539729929496
99533.0,0.004669506545186535,0.986874495770693,0.008442457747970544,1.3539936151596769e-05,0.986874495770693,0.07855897681158876,0.056668323131695085
99534.0,0.0010257889333197545,0.4358045371015029,0.009464557631022294,0.5537051163341535,0.5537051163341535,0.7404368074779972,0.5341122551200814
99535.0,0.05973491194291676,0.9305879130482466,2.975223397937168e-05,0.00964742277485631,0.9305879130482466,0.2803530606587611,0.2022319851552187
99536.0,7.566847700099715e-05,0.0025224961058975654,0.0004570675224308749,0.9969447678946703,0.9969447678946703,0.022374598330284202,0.01613986102649175
99538.0,0.5855103410287243,0.3749445573842516,0.00018741960238108366,0.0393576819846426,0.5855103410287243,0.8101520778729492,0.5844011925565966
99539.0,0.0004795809620374629,0.009519704312745687,0.9896966895338767,0.0003040251913400851,0.9896966895338767,0.060685840891898574,0.043775580853459374
99540.0,0.004886308257847875,0.8812126806146329,0.008700546509298444,0.10520046461822005,0.8812126806146329,0.4156146980975868,0.29980263193297607
99541.0,0.3959318727599092,0.11923955414351779,0.0001078350276893314,0.4847207380688824,0.4847207380688824,0.9724246521820643,0.7014561116706197
99543.0,0.08969604572807707,0.4329844163753931,0.0002130636003070675,0.47710647429622327,0.47710647429622327,0.9335852337453999,0.6734393934858262
99545.0,1.5481294334910887e-09,1.4863963422069264e-07,0.8601783615222166,0.13982148829002233,0.8601783615222166,0.4046417980117881,0.2918873576640002
99548.0,0.00024740965411001065,0.995479212254251,9.892324385379912e-05,0.00417445484778556,0.995479212254251,0.03034823033514939,0.021891620702138015
99554.0,0.00043055642610102574,0.9979900080357318,0.0011219234161720713,0.0004575121219943152,0.9979900080357318,0.01648400442855134,0.011890695721531366
99563.0,0.0028956069030211737,0.8321076550567424,0.008870130361768938,0.1561266076784669,0.8321076550567424,0.5017122905814335,0.36190891678743836
99564.0,2.8088931764879757e-07,0.9859480629335342,0.014051655847297322,3.298525320880726e-10,0.9859480629335342,0.07388751085539257,0.053298572747352155
99568.0,0.9950462859652658,0.002654910007551887,0.00048825734551822674,0.0018105466816648625,0.9950462859652658,0.03584343082188713,0.025855569947591594
99573.0,0.988533929189349,0.002157561260729662,9.393313370999007e-07,0.009307570218585226,0.988533929189349,0.06818873414010647,0.04918777429421378
99574.0,0.006108557849676522,0.901423091434619,0.00016995937330629727,0.0922983913423976,0.901423091434619,0.3460892608281074,0.2496506301508188
99575.0,0.3294599698025331,0.5542211843533175,0.00043146323767690484,0.11588738260647259,0.5542211843533175,0.945992367117309,0.6823892483794768
99577.0,0.6625085868586731,0.0008051050677046204,0.0009936286663609238,0.33569267940726233,0.6625085868586731,0.651803724057922,0.4701770001656612
99580.0,0.010996138527254508,0.9853367013088649,0.0007023871446490264,0.002964773019229959,0.9853367013088649,0.08650803027358853,0.06240235313638924
99583.0,0.982703572690739,2.9167642905781275e-06,0.016886534862926933,0.0004069756820453346,0.982703572690739,0.08927828879472717,0.0644006722516028
99584.0,0.012376458974426036,6.144480864441921e-05,0.013954910352757326,0.9736071858641712,0.9736071858641712,0.14060848727075986,0.1014275836462121
99585.0,0.0020128973737731023,0.9625167010483786,0.0009868195263537302,0.034483582051496396,0.9625167010483786,0.17221368355457703,0.12422591361870476
99590.0,0.04799298101605396,0.08936085922721028,0.0004596840546671104,0.8621864757020686,0.8621864757020686,0.492934125943728,0.35557680949197606
99593.0,0.9252364023649842,0.048964586395757057,7.588667885200052e-06,0.025791422571372926,0.9252364023649842,0.3140329244074877,0.22652687135927063
99596.0,0.6914331902206808,0.16446290494984608,5.483266041031518e-06,0.14409842156343258,0.6914331902206808,0.8312205103978716,0.5995988541181012
99599.0,0.8277515701281706,0.010791501501306125,0.00014142138151883906,0.16131550698900407,0.8277515701281706,0.5009110873401643,0.36133097081597676
99600.0,0.7554308426944379,0.10378612376722077,3.5577802189926785e-05,0.14074745573615274,0.7554308426944379,0.723333310327618,0.5217746898597261
99603.0,0.052451119812901195,0.6683034052045589,0.001072441835386553,0.2781730331471526,0.6683034052045589,0.7872131152197721,0.5678542287251587
99604.0,0.0012884860241675234,0.6496128054577794,0.34908826619806715,1.044231998485461e-05,0.6496128054577794,0.6563140343508451,0.4734305013118965
99606.0,1.2551029302622e-38,8.56910957028457e-14,0.9999999999999147,5.737040363990809e-19,0.9999999999999147,2.735061213647144e-12,1.9729296247282424e-12
99609.0,1.310958881876113e-06,0.013522859791107828,0.0006167170903598922,0.9858591121596513,0.9858591121596513,0.0768103245238503,0.05540693713981538
99610.0,9.946755467697342e-07,0.11941957804195648,0.8804981824425799,8.124483991617589e-05,0.8804981824425799,0.3666176353293626,0.26445872219605493
99613.0,0.4607634764458389,0.5180397559461645,0.017037736416606514,0.004159031191390098,0.5180397559461645,0.7899334170920902,0.5698165117356159
99615.0,1.1105107628014282e-07,0.6505682119867892,0.04199289047078108,0.30743878649135187,0.6505682119867892,0.7754328368522247,0.5593565541345826
99616.0,3.752993982959703e-20,2.6877524559238186e-14,0.0001802462864016246,0.9998197537135699,0.9998197537135699,0.001734166872148155,0.001250936973261034
99618.0,0.9425662238879089,0.01815381799198604,1.7742947297578617e-05,0.03926221517280566,0.9425662238879089,0.25583355104220384,0.18454489769080049
99619.0,0.5941604181214267,0.04060489397139689,0.00041640674643676046,0.36481828116073933,0.5941604181214267,0.8105240213772716,0.584669493081185
99621.0,0.09609971906464204,0.6064743223897856,0.00015392020587722333,0.29727203833969557,0.6064743223897856,0.8903687356326114,0.6422652797298726
99622.0,0.010734801709145514,0.49241840178581386,0.0005859496426613097,0.496260846862381,0.496260846862381,0.7495844231374347,0.5407108649939957
99624.0,0.08516216400865759,0.21912364317272248,6.128128897525236e-05,0.6956529115296455,0.6956529115296455,0.7954770248997037,0.5738153794819545
99625.0,0.14631262860534933,0.8346552965177062,0.018409008147287177,0.0006230667296562393,0.8346552965177062,0.5102081187949895,0.36803736140340926
99628.0,0.9518699300019664,0.030704508014455692,1.3913785172756523e-05,0.017411648198406522,0.9518699300019664,0.22459068532510518,0.16200793397419147
99630.0,0.9999401946335073,3.564065477133148e-08,5.97681345487454e-05,1.5912883545948534e-09,0.9999401946335073,0.0006416944189953186,0.0004628846780253354
99631.0,0.9984226288607876,0.0013000605363542802,6.930289664220982e-05,0.0002080077062160974,0.9984226288607876,0.012642667900086736,0.00911975714153061
99633.0,0.05817963892686299,0.36185254661376387,0.0001549699613398624,0.5798128444980326,0.5798128444980326,0.850691861651164,0.6136444650643672
99635.0,1.2250289633054329e-05,0.8296820531121352,0.02555781948481187,0.14474787711342135,0.8296820531121352,0.5285296331431439,0.3812535403492385
99636.0,1.5077042974399058e-08,9.080558868693473e-06,7.98419911650464e-06,0.9999829201649728,0.9999829201649728,0.00021648973670876053,0.0001561643347765431
99637.0,0.0006926164980704893,0.8741745697681211,1.195794702503734e-05,0.12512085578678436,0.8741745697681211,0.38278972092046887,0.2761244160376154
99641.0,0.9786886983212252,0.020127701421545234,0.0011074148040086194,7.618545321975211e-05,0.9786886983212252,0.10795368725922408,0.07787212462728033
99643.0,1.2478913211595276e-06,0.3375347733830541,0.6622771920002848,0.00018678672533964122,0.6622771920002848,0.6411179571111134,0.46246884867453325
99645.0,2.810155787189382e-05,0.9027258971178774,0.09298009479356073,0.004265906530689689,0.9027258971178774,0.3368177346371603,0.24296263772224302
99647.0,1.6587966906721568e-05,0.9972492806237876,0.002727410467449578,6.720941854605164e-06,0.9972492806237876,0.01911329160735791,0.013787325508499952
99653.0,0.07504361333119641,0.9110963834135434,0.00013843690456474426,0.013721566350696109,0.9110963834135434,0.33924735060820027,0.244715235178585
99655.0,0.07387033763266873,0.5624371528713573,0.20043929875205993,0.16325321074391597,0.5624371528713573,1.1341776086572777,0.818136205748579
99659.0,0.9926864147067556,0.005049483564906175,2.5581279460428417e-06,0.002261543600391909,0.9926864147067556,0.04780041602820034,0.03448071157815698
99661.0,0.020441344062758618,0.9773024856524872,0.0014686824361055094,0.0007874878486490866,0.9773024856524872,0.11716748213261304,0.08451847271308353
99662.0,3.381844218393413e-05,0.9719818677875619,0.02390404023001569,0.004080273540238031,0.9719818677875619,0.1396687487806198,0.10074970561648332
99665.0,0.1711938070328509,0.3594876546420386,0.0007428874005697833,0.46857565092453934,0.46857565092453934,1.030492906195846,0.7433435027200015
99668.0,0.672939239624228,0.2821274141230148,2.7098587758410204e-05,0.04490624766499806,0.672939239624228,0.7631914954920118,0.5505262928974786
99670.0,9.213091120538322e-12,0.004393236172094929,0.9956067638186709,2.069523406713507e-14,0.9956067638186709,0.02822869231505481,0.020362697206854984
99672.0,0.942082193512574,0.04320830872543832,1.1045655502617696e-05,0.014698452106483902,0.942082193512574,0.2541094621362554,0.18330123043346874
99674.0,0.751154674224954,0.23266544949168605,8.878498347984609e-05,0.01609109129988205,0.751154674224954,0.6214764495979771,0.4483004959321407
99675.0,2.664024802933463e-10,3.2727806954847514e-05,0.0016374763008649813,0.9983297956257756,0.9983297956257756,0.012510558029978459,0.009024460014301761
99676.0,0.9625529920963486,0.007466789640187587,8.017815476517144e-07,0.029979416481917275,0.9625529920963486,0.17846037471043666,0.12873194879496658
99679.0,0.5053426752123136,0.4883015464132662,0.0009785451294662092,0.005377233244952318,0.5053426752123136,0.7298110350707231,0.5264473805412868
99680.0,0.08060742234600286,0.9072302150493813,0.00034488136776099625,0.011817481236854468,0.9072302150493813,0.34650737199379095,0.24995223360345475
99682.0,4.574897982897774e-05,0.9965394350053521,0.0006724817991888996,0.00274233421562828,0.9965394350053521,0.025000757865418884,0.018034234695452785
99684.0,3.3538054001975517e-07,0.9992744424826121,0.00022127528594875222,0.0005039468508980886,0.9992744424826121,0.0064190581572437745,0.004630371685316721
99686.0,0.4149592495724242,0.46593482184185425,0.0009233242031790815,0.11818260438254277,0.46593482184185425,0.9796602100901854,0.7066754634266753
99689.0,0.9780692454605834,0.008512250537382584,1.7873520469800846e-05,0.013400630481564504,0.9780692454605834,0.12024499576718661,0.08673842954251726
99691.0,0.9914581469103022,0.0004631999420508858,3.9273476893121484e-05,0.008039379670755277,0.9914581469103022,0.05123701479865325,0.03695969357998574
99694.0,0.1849667238335084,0.08209513813233132,0.00021418802499944872,0.7327239500091615,0.7327239500091615,0.7470504024089292,0.5388829554247333
99695.0,3.828495361951221e-14,1.3819050122717828e-09,3.510135442734882e-05,0.9999648972636311,0.9999648972636311,0.0003951744112668656,0.00028505808171046135
99698.0,2.29979216242989e-10,0.8602967071985036,0.13970220113128332,1.0914402328295871e-06,0.8602967071985036,0.4044384410645168,0.29174066663432086
99700.0,0.01774541003035505,0.9811996519070245,0.0005463935283751256,0.0005085445342462945,0.9811996519070245,0.09812678425780123,0.07078351251355552
99702.0,0.006501669026515835,0.9843233650646938,0.0042162346238510924,0.004958731284938726,0.9843233650646938,0.09766536834167173,0.07045067128656189
99703.0,0.8306027308530005,0.10773659053869115,4.9879995543256835e-06,0.061655690608755045,0.8306027308530005,0.5660524909659582,0.40832056079971635
99709.0,0.9988689194014118,0.0001787862284948054,3.5082108127401655e-07,0.0009519435490119916,0.9988689194014118,0.00930113432380643,0.00670935018179883
99710.0,0.9932850412426631,0.0014692583840856658,4.093796355600109e-06,0.005241606576895582,0.9932850412426631,0.04385146237524547,0.0316321436522478
99711.0,9.984952924368485e-05,0.9964630712578314,0.002130116116547207,0.0013069630963762802,0.9964630712578314,0.02623234114998199,0.018922634243993253
99714.0,0.0038770925834457686,0.07729643882685319,3.567456484038265e-05,0.9187907940248619,0.9187907940248619,0.2975994106928862,0.21467259698905244
99715.0,4.10583487625784e-13,9.182716477484567e-11,2.0498629278936676e-06,0.9999979500448342,0.9999979500448342,2.890065381283967e-05,2.0847414967116254e-05
99716.0,7.855211069185873e-05,3.1114626970000196e-05,0.0032558158064215177,0.9966345174559149,0.9966345174559149,0.023072244362047717,0.016643106261652295
99717.0,0.09499603770960689,0.5382624981451422,3.9250412822797125e-05,0.3667022137324284,0.5382624981451422,0.9252934490951044,0.6674581351882758
99719.0,0.9327814894715647,0.06462459547290916,7.272532675695166e-05,0.0025211897287690066,0.9327814894715647,0.2577014005602892,0.18589226630923478
99720.0,0.027454219970661636,0.21485524397784003,0.31990152983306663,0.437789006218433,0.437789006218433,1.1553337071877836,0.8333971049658386
99721.0,0.034026915635559415,0.9378031067675467,0.0036303885369298626,0.02453958905996473,0.9378031067675467,0.28662954021641435,0.20675950812125235
99724.0,3.860902560903964e-12,0.003907617221779218,0.9960923809977243,1.7766353525548209e-09,0.9960923809977243,0.02556707361204121,0.018442745155067466
99726.0,1.4960575856541295e-09,0.9883354895010219,0.01163408429734971,3.042470557134767e-05,0.9883354895010219,0.0637287421170557,0.045970570107183945
99727.0,1.6817079561310853e-08,0.99398614849779,0.0060125124338154265,1.3222513156212005e-06,0.99398614849779,0.0367613941491716,0.026517740517587214
99736.0,0.3794649883618077,0.4902521024745333,0.00033200339001309423,0.12995090577364474,0.4902521024745333,0.985005109174444,0.7105309931281312
99740.0,0.9625531253124138,0.02397374650848265,4.394572771652664e-06,0.013468733606331378,0.9625531253124138,0.1842471967509808,0.13290625852516658
99741.0,0.8722702285011166,0.10080186354040213,3.2107188042210596e-05,0.026895800770438936,0.8722702285011166,0.4480823964945527,0.32322312566616673
99742.0,0.08266663785345413,0.8809722880372367,0.0021674451013388787,0.03419362900796902,0.8809722880372367,0.4464512659502567,0.3220465136925175
99743.0,0.0008831396268369674,0.9838381617273829,0.015144568176511651,0.00013413046926721397,0.9838381617273829,0.08689424643491009,0.06268094920671413
99744.0,0.2882974453451326,0.6762683786973065,0.0008831940385077279,0.03455098191905431,0.6762683786973065,0.7455919424902929,0.5378308989787575
99745.0,0.0016795728382242858,0.16681532892323467,3.292695092613842e-05,0.8314721712876154,0.8314721712876154,0.463269599071093,0.3341783765872421
99747.0,1.4734385066385951e-12,0.22411728247439192,0.7758816086986222,1.1088255110057054e-06,0.7758816086986222,0.5320859243205259,0.38381886217202155
99749.0,0.06707184176434419,0.23514645925260688,0.0027692714135803807,0.6950124275694696,0.6950124275694696,0.7907849916242261,0.5704307929128457
99751.0,0.9926582820509333,0.0007182635572426164,0.00021308676457861702,0.006410367627245024,0.9926582820509333,0.0466866945818403,0.03367733137435932
99758.0,1.412540290084106e-05,0.9920290757205554,0.007940525034694779,1.6273841849043612e-05,0.9920290757205554,0.046674851694023425,0.033668788536597716
99759.0,0.01275703521546869,0.0024459286156573567,3.742172655776742e-05,0.9847596144423174,0.9847596144423174,0.08585529080885196,0.06193150114200526
99760.0,5.553628304869971e-11,0.9920600129267904,0.00776594590874442,0.0001740411089278336,0.9920600129267904,0.04714194057200249,0.03400572194055511
99761.0,0.18743544053658906,0.04349061921271134,0.002909199602842373,0.766164740647858,0.766164740647858,0.6712428109370735,0.484199337285642
99762.0,0.03170950352905021,0.8720271876650013,2.4594218071072304e-05,0.09623871458787633,0.8720271876650013,0.4543931539074687,0.3277753748781003
99763.0,0.15508318538599922,0.7415577435096746,2.1451493595954215e-05,0.10333761961072997,0.7415577435096746,0.745552034999688,0.5378021118093624
99765.0,0.04212679241743134,0.8650240672666301,0.00023178085054850343,0.09261735946539171,0.8650240672666301,0.4811477224572717,0.3470747165620626
99766.0,0.005566921873376434,0.9768443513691777,0.015961132712797654,0.0016275940446475487,0.9768443513691777,0.1282738480176444,0.09253002220540009
99768.0,0.004660530932074393,0.0074263053550287315,4.1346419058683886e-05,0.9878718172938376,0.9878718172938376,0.07390146166467369,0.05330863612903529
99772.0,8.370514944970132e-12,8.623330852126201e-09,2.6647558453699778e-06,0.9999973266124543,0.9999973266124543,3.703692449933371e-05,2.671649365248385e-05
99776.0,2.7547707759044684e-06,0.9985852828764045,0.001194866562891031,0.00021709578992787262,0.9985852828764045,0.011321341618282379,0.00816662170445291
99777.0,0.4250679784639376,0.4441324214235034,0.0004482979567798674,0.13035130215578072,0.4441324214235034,0.9931706597982466,0.7164211928236751
99782.0,0.5517004850516911,0.023613328791881327,0.011576750803630532,0.4131094353527971,0.5517004850516911,0.8334023693579344,0.6011727326689021
99783.0,0.00012463541315890558,0.9895603181336147,0.0010106506297413152,0.009304395823488382,0.9895603181336147,0.0619952607130181,0.0447201275946448
99785.0,1.3321016268651902e-05,0.9937386012260048,0.002217579690188682,0.0040304980675387,0.9937386012260048,0.04216730369703268,0.030417279965683948
99786.0,0.0033061816070066525,0.9514826082189161,0.0028417154653567196,0.042369494708721006,0.9514826082189161,0.2168114718081499,0.1563964175927276
99790.0,0.997831827225168,0.0013418417599650218,6.707928988805825e-06,0.0008196230858783982,0.997831827225168,0.016945069578026016,0.012223283923868287
99792.0,0.8098711345532192,0.1817214967891303,2.1228663902440826e-05,0.008386139993749675,0.8098711345532192,0.5209957963242794,0.3758190258405172
99793.0,0.9872310177751,0.006336159859679838,9.491931477835813e-06,0.006423330433742648,0.9872310177751,0.07729105239387715,0.05575370899686781
99795.0,6.202583377192888e-15,3.5110658657005004e-11,5.816012301045164e-07,0.9999994183636525,0.9999994183636525,8.932810074617085e-06,6.44366039792652e-06
99797.0,2.0362847464638956e-08,0.013415139730989152,0.9865843596218701,4.802842938466733e-07,0.9865843596218701,0.07117024323269737,0.0513384784853369
99804.0,0.1508371241204248,0.8153222141456206,0.00027025410194413287,0.0335704076320113,0.8153222141456206,0.5679446584512131,0.40968547112347065
99806.0,6.778861113689983e-05,0.9266378327083261,0.05023326311445434,0.023061115566084284,0.9266378327083261,0.30843649549576857,0.22248990124045823
99807.0,0.9835710196321238,0.008758713273904649,0.00013245808652557778,0.007537809007445667,0.9835710196321238,0.09581572257326426,0.06911643389782053
99811.0,0.2913028489544545,0.01821553201796904,5.2596149853154336e-05,0.6904290228777246,0.6904290228777246,0.6885347179027923,0.4966728114991199
99815.0,1.6575578215225907e-08,0.01718570434831171,0.8857156802299567,0.09709859884615367,0.8857156802299567,0.40376395821258393,0.29125413010149676
99816.0,0.0035769009606487585,0.2777785684611641,0.01796251927378078,0.7006820113044079,0.7006820113044079,0.6973979312326604,0.5030662684577907
99817.0,0.4416837487817835,0.5501990310768261,0.008061655990433098,5.5564150957470555e-05,0.5501990310768261,0.7290638005096364,0.5259083647434565
99819.0,0.9996330618326414,0.00014133356548155223,2.0639519687715252e-05,0.0002049650821892629,0.9996330618326414,0.0035830727475021197,0.0025846406419828506
99820.0,0.6628586046506317,0.27553992184417603,0.006875904439105793,0.05472556906608805,0.6628586046506317,0.8209815866624753,0.592213031869553
99824.0,0.9961654411766074,0.0011370729886768707,0.00011211820916864749,0.0025853676255459387,0.9961654411766074,0.02795890599810294,0.0201680875160719
99825.0,0.11272732321139908,0.8168477745579182,0.00015597208381629266,0.07026893014686661,0.8168477745579182,0.5992708384202583,0.43228253336913897
99833.0,0.016250729450121355,0.9794991141608668,0.004102796765068174,0.00014735962394270846,0.9794991141608668,0.11108550648275389,0.08013125465865392
99834.0,0.5174895784065363,0.17047846140825737,0.00017739476723678343,0.3118545654179691,0.5174895784065363,1.0074166660172368,0.7266975140859804
99838.0,2.1292463652169883e-07,0.9364892087577665,0.04623365031956178,0.017276927998033948,0.9364892087577665,0.2736939737994029,0.19742846936079625
99839.0,0.012176877295376802,0.9012544503687349,0.000210160979259262,0.08635851135663061,0.9012544503687349,0.360672590350698,0.2601702787417643
99840.0,2.3425265087879055e-09,0.9460286574299143,0.05397108466915383,2.555584070495214e-07,0.9460286574299143,0.2100500393642668,0.15151907506467965
99841.0,0.7327718851981515,0.123605033884273,5.2939377499169154e-05,0.1435701415400771,0.7327718851981515,0.7654317210109745,0.5521422740208187
99842.0,0.08527091491227791,0.0839121475694708,0.00033406229232281845,0.8304828752259289,0.8304828752259289,0.5747977668242986,0.4146289438557332
99844.0,0.002731995880312359,0.007693142779758845,0.0004558713617645307,0.9891189899781645,0.9891189899781645,0.06790076791730568,0.048980050573424666
99848.0,0.9579092695781138,0.007933160353293181,0.0016131229183197824,0.032544447150272625,0.9579092695781138,0.20140383894760402,0.1452821598328539
99851.0,2.015951560343193e-20,0.5995873687409342,0.400412631259065,7.890235228318125e-19,0.5995873687409342,0.6731786199101758,0.48559572828844355
99854.0,0.0003123095986779813,0.7626836174636588,0.0009376278597651907,0.23606644507789687,0.7626836174636588,0.5564736641809029,0.40141089784954953
99855.0,0.017463314004410122,0.1323181278583285,3.82617087315511e-05,0.8501802964285289,0.8501802964285289,0.47668419878284,0.34385496482706607
99856.0,0.7263547134036255,0.19417544386135982,0.0009592081456351877,0.07851063458938105,0.7263547134036255,0.7569179276844247,0.5460008703151352
99857.0,0.0008340963462876162,0.19802334598232116,0.006201713870092941,0.7949408438012974,0.7949408438012974,0.5405381015621384,0.389915819267616
99858.0,0.19105742461297523,0.1291628017623126,0.0007338172137655407,0.6790459564109468,0.6790459564109468,0.8487218656384776,0.6122234133253304
99861.0,0.9900880884531164,0.004380724713716598,8.31838483641905e-06,0.005522868448331926,0.9900880884531164,0.06246223988825447,0.04505698186480077
99864.0,7.435995891369027e-05,0.0026822015156787254,3.0990796936717125e-05,0.9972124477284698,0.9972124477284698,0.019693944136514305,0.014206177770646734
99866.0,1.4902992466446542e-05,0.09105575221821237,0.0001318614103970165,0.9087974833789229,0.9087974833789229,0.30645005732366765,0.22105698899049694
99867.0,0.13175132316438004,0.04810853296031326,0.001200250259636052,0.8189398936156705,0.8189398936156705,0.5846650067792648,0.42174665293087876
99868.0,4.3457074211043724e-05,0.011539468115377996,0.9884169807680864,9.404232422981356e-08,0.9884169807680864,0.06344256880922386,0.04576413970116205
99869.0,0.46575444181625375,0.5206278185293706,7.014243277514754e-05,0.013547597221600455,0.5206278185293706,0.7546520848278864,0.5443664101888546
99870.0,0.26024566534270127,0.6630298310278413,0.0002059615537456898,0.07651854207571321,0.6630298310278413,0.8212044755544239,0.5923738122190947
99871.0,0.014946737610990803,0.00874018293101686,0.0003248836369749373,0.9759881958210187,0.9759881958210187,0.13058265256688875,0.09419547264218844
99872.0,6.151700646230695e-08,1.7565152914645375e-07,0.9920645680932836,0.007935194738179711,0.9920645680932836,0.04628576822467477,0.03338812414073713
99874.0,0.7332766473445579,0.1160517684781562,0.06711410096914386,0.08355748320814273,0.7332766473445579,0.8661364545860111,0.6247853838821935
99876.0,0.026482530753891013,0.9434940373577211,0.004448424918112378,0.025575006970273886,0.9434940373577211,0.2688944522677801,0.19396634640464022
99879.0,0.9717617832976297,0.0005382730259675814,7.649663161937281e-07,0.02769917871008499,0.9717617832976297,0.13123716304095584,0.09466760214976168
99881.0,0.98377301982097,1.7596872336238317e-06,0.016225220491699954,9.765861422004831e-14,0.98377301982097,0.08298511219848916,0.05986110491818727
99883.0,0.5520627002263747,0.3949639868331257,0.0004356886861468357,0.05253762425435267,0.5520627002263747,0.8530422760398153,0.6153399306556379
99884.0,0.08029439571294839,0.8488146827475802,0.00023260783337298124,0.07065831370609658,0.8488146827475802,0.5308233263813482,0.38290809027927736
99886.0,0.027315634396913067,0.9629634135946455,0.000251998289209026,0.009468953719230748,0.9629634135946455,0.1808973878667235,0.13048988219254468
99887.0,0.9772554795208539,0.017586117090676482,1.685172195477524e-05,0.005141551666516149,0.9772554795208539,0.12082639898860154,0.08715782331466335
99890.0,1.3947038164009422e-07,0.9261690220983786,0.06098695264690085,0.012843885784338621,0.9261690220983786,0.29755800239580715,0.21464272721662864
99891.0,0.9866238040754868,0.010644679306334452,1.08098372688452e-06,0.002730435634453165,0.9866238040754868,0.07777528040766082,0.056103005673940415
99893.0,0.6474277227393421,0.014941988228377176,4.312289649531109e-06,0.33762597674263284,0.6474277227393421,0.7109309820075678,0.5128283010783194
99894.0,7.768599525804705e-06,0.7652661622890543,2.41336771963153e-06,0.23472365574369858,0.7652661622890543,0.545051365931767,0.39317145132975795
99895.0,1.43086855552823e-05,0.5857558566654041,0.22071517079223826,0.19351466385680438,0.5857558566654041,0.9647559162993486,0.695924288056679
99898.0,0.00022392460966899898,1.3467903802719872e-05,0.002150415433473556,0.9976121920530551,0.9976121920530551,0.01762596179694705,0.012714443837676915
99899.0,0.7329416756125683,0.2567638274721888,0.00013709122977445033,0.010157405685466941,0.7329416756125683,0.6246501117259365,0.4505898092388728
99901.0,5.799870302286526e-07,2.1099667763039543e-06,1.2148900377730092e-06,0.999996095156156,0.999996095156156,5.6356259025368795e-05,4.065244770947673e-05
99905.0,0.9660662272792379,0.011734315200011367,0.00013565244425027244,0.022063805076501804,0.9660662272792379,0.17086857010814044,0.1232556193694012
99907.0,0.002916237884117677,0.9925924843623787,8.26319370244728e-05,0.0044086458164789896,0.9925924843623787,0.04909359132150372,0.03541354036948143
99908.0,0.10211471971221493,0.7572416086759667,0.0028364019731776263,0.137807269638642,0.7572416086759667,0.7333155169377212,0.5289753298464885
99909.0,0.7711749441275889,0.020714131035223012,2.191986902064873e-05,0.20808900496816582,0.7711749441275889,0.6075806124056097,0.43827676822892625
99910.0,0.7801733932260493,0.06774365584597988,1.6231916708356794e-06,0.15208132773630062,0.7801733932260493,0.6624795720811238,0.47787799666583997
99913.0,0.000303564618548701,0.996261759755947,0.0008541020852687859,0.0025805735402350746,0.996261759755947,0.027604272853732428,0.019912273776712803
99914.0,0.001906933207737567,0.13668291812494154,0.0005594193136972365,0.8608507293536245,0.8608507293536245,0.41712734182128935,0.30089377373238485
99918.0,0.8411550221870487,0.032489897792612465,1.3106193821090494e-06,0.1263537694009566,0.8411550221870487,0.5182415957979232,0.3738322901200232
99919.0,0.00011530777211410822,0.9970947148194493,0.0025117372754128557,0.00027824013302525397,0.9970947148194493,0.02126184001705851,0.015337175576392414
99920.0,3.5111883694648784e-05,1.0237045812435891e-06,0.9782743717039957,0.021689492707727517,0.9782743717039957,0.10495303018087078,0.075707608084106
99922.0,0.2626632571000074,0.6334783343257665,0.00016759047647399441,0.10369081809775302,0.6334783343257665,0.8768072908288969,0.6324827651470684
99924.0,0.9997929999808409,0.00019125832030686564,6.393038135145073e-07,1.510239503896618e-05,0.9997929999808409,0.0020212752760126944,0.0014580419084874925
99925.0,0.3813319076029538,0.6126904583996308,0.0008937924357417324,0.005083841561675091,0.6126904583996308,0.7009164018739575,0.5056043085306472
99926.0,0.10074099861316098,0.02738394481994543,0.00015862517075764253,0.8717164313961371,0.8717164313961371,0.45080961228288996,0.32519039601280086
99927.0,1.179627806543878e-10,7.919407427555554e-06,0.001839154700396681,0.9981529257742134,0.9981529257742134,0.013522215405795561,0.009754216553886799
99928.0,1.2620249399602733e-05,0.00013377134228289263,0.0016635660323610958,0.9981900423759551,0.9981900423759551,0.013788647583102007,0.00994640674435343
99929.0,2.3055741124480417e-08,0.25492118571217715,0.0012514141813713988,0.7438273770507133,0.7438273770507133,0.5769236570379026,0.4161624494900536
99930.0,0.009892176254967862,0.8314410171444755,0.0034495747465562243,0.1552172318540012,0.8314410171444755,0.5078583441113161,0.36634235726173825
99931.0,0.9371430934959658,0.0030023533316007925,2.235271931321313e-05,0.05983220045311857,0.9371430934959658,0.24701689760744877,0.1781850265970216
99935.0,0.9691167401850311,0.0023806704737370384,3.616597976452671e-05,0.028466423361468596,0.9691167401850311,0.14646426212876054,0.10565163232031202
99937.0,0.4595816460299703,0.4766672319809508,0.00010617267700598546,0.0636449493120717,0.4766672319809508,0.8867541916602593,0.6396579373978787
99938.0,0.04762478741555217,1.5331045741469952e-06,0.9523736794792349,6.37749316954311e-13,0.9523736794792349,0.1914832603351321,0.1381259750493727
99939.0,0.9861772310040473,0.0008868569969757364,8.488289925813654e-07,0.012935063169985377,0.9861772310040473,0.07621057808461318,0.05497431153297628
99942.0,0.9565228412447658,0.012586757940341625,6.289513560286852e-05,0.030827505679289324,0.9565228412447658,0.20545454306447697,0.14820412520361445
99945.0,0.011090864524853328,0.942192312055961,6.39186125338911e-05,0.04665290480665037,0.942192312055961,0.24964008052740105,0.1800772530920015
99947.0,0.040860790181349596,0.2183186940504853,7.588139517382987e-05,0.7407446343729909,0.7407446343729909,0.6859098870727514,0.49477939628828366
99948.0,1.52666421081674e-07,0.996305221697319,0.0036945805500345403,4.508622690194335e-08,0.996305221697319,0.024384035696609924,0.0175893636881793
99949.0,0.4488134651195198,0.00672762825219423,0.0001185587379526357,0.5443403478903334,0.5443403478903334,0.7253434434545858,0.5232246944066276
99950.0,0.010339266161747704,0.3389985137232239,0.6506617634937435,4.566212858876438e-07,0.6506617634937435,0.6936225427154945,0.5003429013122186
99951.0,0.8846164952111871,0.01211057953400981,4.526969901653793e-05,0.10322765555578703,0.8846164952111871,0.39677119358579305,0.28620991667690926
99952.0,0.12102908445715477,0.6006907949108758,0.0005190772938085304,0.277761043338162,0.6006907949108758,0.9214734021957545,0.6647025538294481
99953.0,0.17490195239930031,0.7292892883316597,0.0006605755342066193,0.09514818373483311,0.7292892883316597,0.7638282470111972,0.5509856120269823
99954.0,0.09069474679343295,0.8973281354805703,0.005579998808675458,0.006397118917319635,0.8973281354805703,0.3761712949654445,0.27135023088571314
99959.0,0.0005380010510329955,0.16568572547203955,0.026551928674654744,0.8072243448022729,0.8072243448022729,0.5711146731646366,0.4119721533767712
99961.0,0.7434796648543005,0.04482903444100105,0.2116911481380369,1.5256666046873157e-07,0.7434796648543005,0.6882470850022776,0.4964653282195354
99966.0,0.2729524792410578,0.016868677769127757,0.0008142597461453104,0.7093645832436697,0.7093645832436697,0.6726578063325885,0.4852200407056371
99969.0,2.789604865095406e-10,3.01312005404641e-05,0.9999698685076911,1.2807271414142984e-11,0.9999698685076911,0.00034380176847674597,0.0002480005532151285
99974.0,0.0003686650254951607,3.8906253103389466e-08,0.9979512890434986,0.001680007024752489,0.9979512890434986,0.01569529426727785,0.011321761602347366
99977.0,1.798749964283848e-07,0.7639568543215576,0.1938505633486801,0.0421924024547667,0.7639568543215576,0.6572986131834301,0.4741407248114638
99979.0,0.763396060894815,0.1928780331709022,0.00020010967730864796,0.04352579625697396,0.763396060894815,0.6616508011161415,0.4772801647852336
99983.0,5.38296147875962e-09,6.414839292584119e-05,0.0010273121343261891,0.9989085340897853,0.9989085340897853,0.008779020163309042,0.006332724426735086
99984.0,0.046075723868579894,0.7621617927544329,0.0015546285339665417,0.19020785484302144,0.7621617927544329,0.674526214980343,0.4865678126508719
99985.0,0.9528431649111919,0.008339162512025466,3.776930314128105e-07,0.038817294883749486,0.9528431649111919,0.21206357338245224,0.15297153283602832
99986.0,0.00020008657273343038,0.00010663753794106393,0.015242323532922606,0.984450952356402,0.984450952356402,0.08187592715544385,0.05906099703767243
99987.0,0.6613516335837302,0.05577927438346181,3.240451912248273e-05,0.2828366875136863,0.6613516335837302,0.791972830616108,0.571287637624327
99989.0,0.35486818354735955,0.01217715768980336,4.718650585404775e-05,0.6329074722569844,0.6329074722569844,0.7113074204889169,0.5130998440434406
99990.0,0.2444475583609327,0.7296366040534326,0.00035287465361446126,0.02556296293201947,0.7296366040534326,0.6708889524190038,0.4839440823210443
99992.0,2.0647204470490253e-05,0.9907132882273487,0.0006833275854707164,0.008582736982709727,0.9907132882273487,0.05528333793888551,0.03987849874410941
99994.0,0.0030904357633062133,0.7713196715254007,3.7715861037783655e-05,0.22555217685025458,0.7713196715254007,0.554413283125006,0.3999246470837075
99996.0,5.4802044143679334e-05,0.0026955870803291636,0.995347621789088,0.0019019890864420555,0.995347621789088,0.0330423993329162,0.0238350528283355
99997.0,6.345021605776666e-05,0.9620848488365665,0.0033724621121293433,0.03447923883524735,0.9620848488365665,0.1731021233955215,0.12486678749503415
100000.0,0.9755903804280578,0.018093563739252135,0.0003488268117135427,0.005967229020978043,0.9755903804280578,0.1300422166637187,0.09380563054347756
100001.0,0.18984653548541713,0.15717488054246562,0.009388654075701393,0.6435899298964167,0.6435899298964167,0.9337277921521776,0.6735422276390737
100004.0,9.11060151233334e-09,0.9978009564341155,0.0021978762761332414,1.1581791496041313e-06,0.9978009564341155,0.015664205746525686,0.011299335974988505
100008.0,0.7384093043669818,0.020934556610971884,0.0015800651429410462,0.2390760738791054,0.7384093043669818,0.6571715925928281,0.4740490988233877
100012.0,2.4153341120513415e-05,0.7664104941016083,0.0007024416364175145,0.23286291092085257,0.7664104941016083,0.5486033620461748,0.39573367491951444
100013.0,0.05075898062074543,0.29160745878880984,0.0017589911621485924,0.6558745694282947,0.6558745694282947,0.7984529240894828,0.5759620369835944
100015.0,0.8315180211649187,0.09778123575573562,3.255414852419234e-05,0.0706681889308201,0.8315180211649187,0.568350666979069,0.4099783443683188
100016.0,0.09953705874018755,0.006264491387536725,0.0001316877327849479,0.8940667621394904,0.8940667621394904,0.36272290264879703,0.2616492664341349
100018.0,0.2583155008232331,0.01300927750138425,0.00010756076441264452,0.7285676609109706,0.7285676609109706,0.637838356929876,0.46010311721574837
100020.0,5.9451860548096314e-05,0.9469121581755082,1.2109393440742807e-05,0.053016280570502276,0.9469121581755082,0.20808574492814746,0.15010213614376205
100024.0,0.09543978930852348,0.3177635791246606,0.00013308457277270733,0.5866635469940428,0.5866635469940428,0.9025697692990566,0.6510664651120224
100025.0,1.0018357697830377e-09,8.72696588152113e-06,0.00014484133666375375,0.9998464306956187,0.9998464306956187,0.0015356183318270664,0.0011077144760125457
100026.0,0.0007991939214913298,0.13606298388548554,6.257916454672089e-05,0.8630752430284748,0.8630752430284748,0.4047925668862792,0.2919961144177745
100029.0,0.9926151778985868,0.0009246228428944903,1.4941788839212602e-05,0.0064452574696806765,0.9926151778985868,0.046495566492530845,0.033539461601048655
100032.0,0.9975331302986599,0.0007025707765094184,3.257569779263114e-07,0.0017639731678540758,0.9975331302986599,0.018753810156092315,0.013528014454983731
100033.0,0.33426541346495375,0.3679002838890249,1.8794562621994088e-05,0.29781550808340107,0.3679002838890249,1.0951169624088017,0.7899599054302818
100037.0,0.2668926496028512,0.22467354667549552,8.634523208160018e-06,0.5084251691984449,0.5084251691984449,1.0320208391315209,0.7444456733545559
100039.0,0.007313705757494307,0.9548750339796682,0.00014183344400425273,0.03766942681883386,0.9548750339796682,0.20483130138081074,0.14775455136046417
100040.0,0.4541146555842701,0.4490799432118716,0.0002976854558099897,0.09650771574804774,0.4541146555842701,0.9460584020337265,0.6824368825026972
100043.0,2.852070476682693e-14,0.49815059671602885,0.4994665218944612,0.002382881389481816,0.4994665218944612,0.7082659459656017,0.510905883937552
100044.0,0.9450688673068329,0.014175831819916466,4.421269947701683e-06,0.04075087960330411,0.9450688673068329,0.24419806874897362,0.1761516713894032
100046.0,0.6817810298601464,0.1323975247274183,7.178216526850497e-05,0.18574966324716635,0.6817810298601464,0.8422223291162216,0.6075349887709627
100047.0,0.026078918686613075,0.9637741392725971,0.005213051527021133,0.0049338905137667295,0.9637741392725971,0.18427161168965084,0.132923870180638
100051.0,1.9603472307695042e-07,0.24468689150150214,0.7553124223518468,4.901119290019983e-07,0.7553124223518468,0.5564331026975375,0.40138163892409834
100053.0,0.016159064122765944,0.9464676192401708,0.00016231518872984708,0.0372110014483331,0.9464676192401708,0.2426171925853046,0.17501131028861078
100055.0,0.5571362620451704,0.1066754925719105,0.00011477230330468535,0.33607347307961344,0.5571362620451704,0.9321345609254386,0.6723929542441708
100056.0,0.005893150380049386,0.025982129616256344,2.383275034360819e-05,0.9681008872533524,0.9681008872533524,0.1567375206243269,0.11306222186297402
100061.0,0.9466549177364337,0.030125796464564467,6.514147995313045e-07,0.023218634384201547,0.9466549177364337,0.24478438412684,0.17657460853342558
100062.0,0.29203988513199575,0.6549106668133917,0.001435680345437163,0.05161376770917632,0.6549106668133917,0.7990364247843449,0.5763829437630108
100064.0,1.4305235313437277e-06,0.9902442116803115,0.00975211398490015,2.243811256868933e-06,0.9902442116803115,0.054911414846127396,0.0396102129433523
100067.0,0.03140954181235771,0.5564841286804904,0.38659548637439073,0.025510843132761037,0.5564841286804904,0.8958634494044969,0.6462288778847742
100068.0,0.9143413187394454,0.04092292382254621,8.503810581981773e-06,0.04472725362742505,0.9143413187394454,0.3517473769590869,0.25373209819228776
100070.0,0.9915558547371361,0.007694557577927512,1.2859222412354726e-05,0.0007367284625233501,0.9915558547371361,0.05131871696434948,0.037018629234625657
100071.0,0.00520107256913017,0.9924740089764236,0.0022737582850247554,5.1160169420291786e-05,0.9924740089764236,0.04919378389405569,0.035485814033258754
100072.0,0.5963694054917337,0.38290831166718664,0.01886393284884759,0.0018583499922315793,0.5963694054917337,0.7624216539298317,0.5499709695954649
100077.0,0.005206787746646183,0.015059312527032851,0.0009053334952230895,0.9788285662310973,0.9788285662310973,0.1178510292524262,0.08501154773306772
100079.0,7.64463652457339e-07,0.19847705015627903,0.8015221844525585,9.275106818470746e-10,0.8015221844525585,0.498295286972813,0.3594440697070101
100083.0,1.4340604983373114e-16,0.0658846187084849,0.9341153812915155,9.67914769075966e-17,0.9341153812915155,0.2428612248129462,0.17518734233092859
100085.0,0.4758634977034295,0.07090876701418207,3.267043175248287e-05,0.453195064850635,0.4758634977034295,0.9000487964566778,0.6492479676030646
100087.0,0.17805044271904297,0.12753602824960425,1.350415485263668e-05,0.6944000248764997,0.6944000248764997,0.8233057347851047,0.5938895503549574
100088.0,0.0003939457075594973,0.989596427871757,0.010008037904098233,1.5885165840268079e-06,0.989596427871757,0.05953941154570475,0.04294860688721767
100089.0,0.9984975292040289,8.227070764252826e-05,1.720208513435075e-07,0.0014200280674760348,0.9984975292040289,0.011589053334719518,0.008359734887298777
100092.0,0.2510511582755042,0.7315676201273338,0.0015889275647291974,0.0157922940324328,0.7315676201273338,0.6513906016896528,0.4698789953696701
100094.0,2.918704099216039e-11,0.00028341485043745695,0.022926998650040026,0.9767895864703358,0.9767895864703358,0.11181355595509711,0.08065643134028962
100095.0,0.09632549739496338,0.03959030780385915,5.917541461614496e-06,0.8640782772597141,0.8640782772597141,0.4795537599943694,0.3459249156917665
100098.0,0.06428304423301152,0.4005552938682752,0.0003360692210776761,0.5348255926776365,0.5348255926776365,0.880281228388992,0.6349886813922219
100099.0,0.003358176207732686,0.2951377454854632,0.0002639730120815211,0.7012401052947236,0.7012401052947236,0.6303384488097604,0.45469307708974155
100100.0,0.5806327425742067,0.4161961819144746,0.00032306733656191204,0.002848008174757046,0.5806327425742067,0.6997795748227307,0.5047842611560704
100102.0,0.11003824220233806,0.3319926947999612,0.0001960639938520176,0.5577729990038478,0.5577729990038478,0.9362190757225958,0.6753393088653189
100103.0,0.03947086767295969,0.8604285087392449,0.0001368987836067091,0.09996372480418911,0.8604285087392449,0.488350276944404,0.3522702613822218
100105.0,7.699572180001398e-13,4.7189619100635437e-07,1.5306834783068787e-05,0.999984221268255,0.999984221268255,0.00019236261650329,0.000138760296440861
100108.0,0.9525339672143414,0.018357686828159598,6.9237549520722855e-06,0.029101422202548664,0.9525339672143414,0.2227229765572163,0.1606606668855624
100110.0,0.997283738586995,0.0019222091794561767,9.500376092500468e-06,0.0007845518574568357,0.997283738586995,0.020454325720363695,0.014754677140748138
100111.0,0.7972923966362134,0.1097330470625597,1.8747207758944534e-05,0.09295580909346714,0.7972923966362134,0.6441240652780071,0.46463729734690995
100112.0,0.970997913315027,0.019949811909529994,2.9090973084749278e-06,0.009049365678135015,0.970997913315027,0.14928654691016438,0.10768748044936588
100113.0,5.6995599280016696e-05,0.9892947474138343,0.00685532525329698,0.003792931733588487,0.9892947474138343,0.0665071068567674,0.04797473662306535
100114.0,0.014358637832220744,0.8935733795346449,0.09206791216987562,7.046326007052916e-08,0.8935733795346449,0.38108466353326453,0.27489447711914
100115.0,0.34776282286660837,0.003813771968027119,0.18374358708287758,0.4646798180824865,0.4646798180824865,1.0559932134184473,0.7617380861055973
100116.0,0.02909337256890055,0.8840112839795861,6.305633746880415e-05,0.0868322871140438,0.8840112839795861,0.42470468665561756,0.30635967264018027
100117.0,0.29199031381943974,0.21640321896362688,2.038897679910644e-05,0.49158607824013334,0.49158607824013334,1.039983969178173,0.7501898574686854
100118.0,0.08339338252994696,0.9008150226807389,0.004468274163702861,0.011323320625613082,0.9008150226807389,0.37617493611103314,0.27135285741705506
100119.0,6.09618919509744e-05,0.0007114247870317986,0.00025538098834009605,0.9989722323326763,0.9989722323326763,0.008888172757538495,0.006411461379932586
100122.0,0.022423243324402337,0.855302199404969,0.0006134218261846773,0.12166113544444385,0.855302199404969,0.47965812487244563,0.3460001990377882
100123.0,2.370409688529742e-09,0.6293691895770764,0.3702035775655535,0.00042723048696047055,0.6293691895770764,0.6626080733503718,0.4779706907377859
100127.0,0.00020048680833221786,0.9902805688151582,0.0002063466357009176,0.009312597740806887,0.9902805688151582,0.05667950196088488,0.04088561819951245
100128.0,0.0019449510434468068,0.08359688846210533,3.148991195198043e-05,0.9144266705824946,0.9144266705824946,0.30173708564617113,0.21765729855700977
100129.0,0.3795824704061116,0.5866463148973774,0.00012086078374459713,0.03365035391276568,0.5866463148973774,0.7957964161980049,0.5740457716030356
100137.0,0.0063645314324389775,0.02533757894275337,2.29195453065498e-05,0.9682749700795008,0.9682749700795008,0.15677420000914694,0.11308868044626538
100142.0,0.3926637436642625,0.582269633666974,0.0002451682791821296,0.024821454389579733,0.582269633666974,0.7757462209940532,0.5595826130082372
100145.0,0.8763715091525577,0.019515967307433133,0.00010072139040857598,0.10401180214959974,0.8763715091525577,0.42880732490495,0.30931910056861694
100148.0,0.952816975603487,0.01741356125514381,4.634898464376891e-06,0.029764828242904103,0.952816975603487,0.22124897433899543,0.1595973990403191
100149.0,0.0016736638291887688,0.9514138551223853,0.04691206856556078,4.124828663254993e-07,0.9514138551223853,0.20161815627918858,0.1454367571085807
100150.0,0.001083298452806643,0.9212290171746035,1.6264040113776323e-05,0.07767142033247763,0.9212290171746035,0.28163082948735857,0.20315370053142873
100151.0,0.015284829782820442,0.31228239807556607,0.0010268453371647234,0.6714059268044497,0.6714059268044497,0.7018949152171892,0.5063101567045092
100154.0,0.6122384233516343,0.2769413968185381,5.6494693736613834e-05,0.11076368513609211,0.6122384233516343,0.9002355729764866,0.6493826983825058
100158.0,1.9874091545704955e-06,0.29285436900733763,0.707143114063801,5.295197040503948e-07,0.707143114063801,0.6047230813859508,0.4362154953133021
100160.0,0.42864570417534237,0.004740844035729273,2.1079071268809558e-06,0.5666113438818032,0.5666113438818032,0.7103961917933337,0.5124425314833237
100162.0,0.0001204588979458196,0.9907189222126205,0.0014641908549389055,0.007696428034493795,0.9907189222126205,0.057339399376226834,0.04136163356381709
100163.0,0.07527792273639557,0.6001961458779823,0.0009835954855467396,0.3235423359000768,0.6001961458779823,0.8730149524576982,0.6297471712663177
100165.0,0.09721201222613986,0.7111075642525859,0.12545912223551142,0.06622130128576144,0.7111075642525859,0.9092261378822711,0.6558680200846887
100167.0,1.8013584277831573e-08,0.9982551696486398,0.0017445933642596832,2.189735145158557e-07,0.9982551696486398,0.012827306585065831,0.009252945799118409
100168.0,0.26376773709737605,0.6472016961513364,5.5681244918982194e-05,0.08897488550636767,0.6472016961513364,0.8489267526503791,0.6123712080633368
100171.0,0.003783238706387078,0.9642904870538008,3.850597081186388e-05,0.031887768268999424,0.9642904870538008,0.16642573670988267,0.12005079251382002
100172.0,0.08992263402726038,0.2211257738365092,0.0013372216130791712,0.68761437052315,0.68761437052315,0.8166689930542133,0.5891021531635484
100175.0,0.7112339907573737,0.27409318924763343,0.0005917426554236559,0.014081077339568286,0.7112339907573737,0.6615356176066413,0.4771970774462595
100178.0,0.04565707186087328,0.6463337274353034,0.0008175767413867581,0.30719162396243677,0.6463337274353034,0.791395918941844,0.5708714838185812
100180.0,0.006086400785721612,0.9734024582687508,0.0005972172035677542,0.019913923741960143,0.9734024582687508,0.13971452880503615,0.10078272892358195
100181.0,0.04382850672415851,0.024595402970100055,1.6422706845466276e-05,0.9315596675988953,0.9315596675988953,0.2944270406681382,0.21238421573776806
100185.0,0.010456984257911951,0.4410257786428878,7.061610999823825e-05,0.548446620989202,0.548446620989202,0.7388433683544551,0.532962831759335
100188.0,1.5406479341236412e-13,0.18632776860948413,0.8136722313903093,5.139479231769166e-14,0.8136722313903093,0.48085416163481437,0.3468629571906834
100190.0,0.04556067413767792,0.4966270052045355,1.5736345394039876e-05,0.4577965843123916,0.4966270052045355,0.8461853201377485,0.6103936825178848
100191.0,0.1284149106217528,0.020611936098091015,0.002398743866073032,0.8485744094140848,0.8485744094140848,0.4973882914193043,0.35878981071343247
100192.0,0.08770130180089741,0.7443547804716842,0.0004707438810703595,0.16747317384634955,0.7443547804716842,0.736080151186725,0.5309695919069433
100194.0,7.006708942964036e-07,1.7139706958907732e-07,0.9999991279320392,4.479428235562694e-16,0.9999991279320392,1.3471677733541504e-05,9.7177613293173e-06
100195.0,0.8829455870752242,0.005333989944026643,9.821596986247725e-06,0.11171060138376215,0.8829455870752242,0.3828010933362117,0.2761326195015129
100196.0,0.9958375917687305,0.003044105954534124,7.17233271579395e-05,0.0010465789495788316,0.9958375917687305,0.02965924931072445,0.021394625948535785
100200.0,0.010586334979537754,0.05373173912060349,0.0002490548142491127,0.9354328710856111,0.9354328710856111,0.2697498429138195,0.19458338032617215
100201.0,0.3650969046578794,0.32296119191589695,1.6417693366889676e-05,0.31192548573285844,0.3650969046578794,1.0964583380819724,0.790927503446108
100202.0,0.20389000365737756,0.036438063732491546,6.5625431177698e-05,0.7596063071789529,0.7596063071789529,0.6543983523518229,0.4720486288519417
100203.0,0.9838055513396577,0.011123354116616318,8.273698858724272e-07,0.005070267173841236,0.9838055513396577,0.09290804492359828,0.06701898783498214
100204.0,0.47013594675804793,0.08696923530755447,3.9241711573893056e-05,0.44285557622282246,0.47013594675804793,0.9283327609270862,0.6696505352421335
100212.0,2.4732322114238673e-05,0.9985198301335673,0.0014008441810853859,5.459336323458073e-05,0.9985198301335673,0.011481785193812717,0.008282357279832966
100213.0,0.16673122868041634,0.7534858392490178,0.00036281527403110315,0.07942011679653643,0.7534858392490178,0.7159936475700567,0.5164802423286605
100214.0,4.627693437695916e-15,9.455234390129198e-08,0.9998206440230201,0.00017926142463315636,0.9998206440230201,0.0017272975116496671,0.0012459817770984107
100216.0,0.9955869089248467,0.003886451525808146,6.079916733348969e-06,0.0005205596326107677,0.9955869089248467,0.02998291988541426,0.02162810491502912
100219.0,0.01893571640714706,0.20428015043154205,0.7767834357891299,6.973721803910545e-07,0.7767834357891299,0.5957834777692945,0.4297669344106706
100221.0,0.9869461335296958,0.004203643524801909,4.818734972155922e-07,0.008849741072004655,0.9869461335296958,0.07781278717392598,0.05613006108678568
100222.0,1.1425053700529404e-11,0.0010261767765699231,0.9989738231894597,2.2548159932543246e-11,0.9989738231894597,0.008087712559661278,0.0058340514009793554
100228.0,0.007942398483556852,0.7322298396040302,0.0010124253548575942,0.2588153365575565,0.7322298396040302,0.6234195061783272,0.4497021149784596
100229.0,7.723195085929646e-05,0.9514435553192807,0.04715077006349147,0.0013284426663682976,0.9514435553192807,0.20090612310648823,0.1449231337449791
100231.0,5.359368795352188e-09,0.001357605932616504,0.0007605791581653371,0.9978818095498476,0.9978818095498476,0.016541052280577728,0.011931847048137285
100233.0,4.656809664449813e-05,0.9334198040312137,0.00662350952184083,0.05991011835030001,0.9334198040312137,0.26664992681298927,0.19234726353325232
100234.0,0.8564676644656789,0.008788903876263908,3.193210552063358e-05,0.1347114995525359,0.8564676644656789,0.44468490277059336,0.32077235199266296
100235.0,0.1070224462081843,0.7841288354834676,0.1088436240162088,5.094292140392745e-06,0.7841288354834676,0.6713109821984731,0.4842485124560182
100236.0,0.07092192172797596,0.1353468961348898,0.00016369787692296139,0.7935674842602111,0.7935674842602111,0.6432671311101362,0.4640191500097321
100238.0,0.1866062667287776,0.7723242815800566,0.00030009302060631795,0.04076935867055936,0.7723242815800566,0.645685632746274,0.465763730168151
100241.0,0.9988115886840581,0.00017331618550185578,9.437300250636782e-08,0.0010150007574376329,0.9988115886840581,0.009686481858446692,0.006987319670420977
100242.0,0.9949699571853706,0.00011074735731617391,0.004919150661567171,1.4479574515683352e-07,0.9949699571853706,0.03217178023857112,0.02320703390337805
100244.0,0.019794341975588194,0.9529851502004189,0.01937490797137282,0.007845599852618573,0.9529851502004189,0.23797665458288522,0.17166386970703718
100246.0,0.8207171050806558,0.09647182375552453,0.0002605965308137522,0.08255047463300753,0.8207171050806558,0.5958144114358574,0.429789248334344
100247.0,0.004660032139043299,0.00020938099094038347,0.028513414680840708,0.9666171721891743,0.9666171721891743,0.1610445925205249,0.11616911749567256
100248.0,0.8946004922129395,0.002972427754877916,9.233834468055681e-06,0.10241784619771589,0.8946004922129395,0.3504195574922844,0.25277427891231186
100250.0,0.07486259869172252,0.9089635591408423,0.00010468538639289682,0.01606915678104127,0.9089635591408423,0.3481509562256642,0.2511378290137582
100251.0,0.0009179578443491333,0.004832221295236208,3.513757768741613e-05,0.9942146832827267,0.9942146832827267,0.038316111367892036,0.02763923192830354
100252.0,1.1188654800617382e-06,0.012190677490484875,0.9878081914782669,1.2165768477006555e-08,0.9878081914782669,0.06585807507160317,0.04750655915414748
100253.0,0.27652089552281056,0.5531009118075123,8.036117021922374e-05,0.17029783149945693,0.5531009118075123,0.9852336010292824,0.7106958151610606
100258.0,0.0007503586801744361,0.00394327834165346,0.004195570610332568,0.9911107923678388,0.9911107923678388,0.0590427595979062,0.04259034823614926
100261.0,0.000901995671773957,0.9689626314158332,0.030127048687261362,8.324225132274897e-06,0.9689626314158332,0.1424867358617265,0.10278245361008423
100265.0,0.9650027749623313,0.0338362499478817,5.355081362598881e-05,0.001107424276161483,0.9650027749623313,0.1570181071085459,0.11326462222763564
100266.0,0.9802133059050311,0.017584213569237714,6.036042559727592e-07,0.002201876921473756,0.9802133059050311,0.10412381704367414,0.07510945724366921
100268.0,0.4651429587247241,0.0030497565531864583,0.004174840416546084,0.5276324443055446,0.5276324443055446,0.733908847085307,0.5294033270772546
100269.0,0.16967733937333104,0.2503336657208799,0.0019368543597026457,0.5780521405460871,0.5780521405460871,0.9766097612164959,0.7044750296953967
100270.0,0.337947962445877,0.23812261366747783,0.002163481723793207,0.42176594216285135,0.42176594216285135,1.085713807837164,0.7831769631956748
100271.0,0.19744703204502034,0.4270398147495786,7.147569192379512e-05,0.3754416775134758,0.4270398147495786,1.0521586987037896,0.7589720684240712
100272.0,0.0004008993536085177,0.9463620550419487,0.0006434099300182608,0.052593635674423024,0.9463620550419487,0.2149336779832007,0.15504187567319452
100273.0,0.5338723305497789,0.39997524751513513,0.0021863837087782684,0.06396603822630875,0.5338723305497789,0.8908369885712919,0.6426030528261305
100274.0,0.006946597555742589,0.12762905522588106,0.00075816723380894,0.8646661799845675,0.8646661799845675,0.42844155690673724,0.30905525473004825
100280.0,1.2936189107591619e-05,0.00014162083188380657,1.5942205351238762e-06,0.9998438487584737,0.9998438487584737,0.0015781179497679372,0.0011383714700340308
100281.0,1.5185820047617144e-06,0.0025901672360669247,0.005285193209839756,0.9921231209720892,0.9921231209720892,0.05100269592402274,0.03679066824077768
100282.0,0.08557440641001346,0.35783986970172427,0.00031935293612061604,0.5562663709521412,0.5562663709521412,0.9069398814509648,0.6542188346768657
100286.0,0.019151958545218076,0.0554831553548874,0.00017128319135914464,0.925193602908537,0.925193602908537,0.3096133001993866,0.22333878639546048
100288.0,3.309315899418524e-05,0.003220312168527931,5.2419288202762356e-05,0.9966941753842756,0.9966941753842756,0.02263744951165278,0.016329468074417878
100291.0,3.3671760933920776e-07,0.9858725297333921,0.0027290652610867366,0.011398068287910824,0.9858725297333921,0.08114257435021482,0.058531994810009466
100292.0,4.148623943560966e-14,1.0072447505652414e-10,3.7795499795148226e-07,0.9999996219442377,0.9999996219442377,5.969759483102781e-06,4.306271200786122e-06
100294.0,0.7981606470762336,0.0038941088901328653,1.914864858712978e-06,0.1979433291687734,0.7981606470762336,0.5221960540888718,0.37668482880290016
100295.0,0.8855193696653879,0.10367543205841918,2.566621450398139e-05,0.010779532061688024,0.8855193696653879,0.3917453498092105,0.28258453673053013
100297.0,0.3199566328628552,0.36673952465926135,0.00020103490856154132,0.31310280756932224,0.36673952465926135,1.0977842052300997,0.7918839144258485
100298.0,0.9828845906629927,0.0024420008117844554,0.0029185219137246427,0.0117548866114976,0.9828845906629927,0.10092372984914105,0.07280108228068663
100299.0,0.0014239290923826692,0.02191412463815453,0.0006390595768197111,0.9760228866926441,0.9760228866926441,0.12144648467873256,0.08760512058970248
100303.0,0.7709357864893479,0.0009876537208470544,0.20910272956948692,0.01897383022031779,0.7709357864893479,0.609850332250779,0.4399140250113428
100305.0,0.012725370054734206,0.25308637057024586,0.001040871072535931,0.7331473883024844,0.7331473883024844,0.6380059698887032,0.4602240244079927
100309.0,0.0011910008248924634,0.9938587901805433,0.0007945319339335251,0.004155677060629099,0.9938587901805433,0.042599193053256726,0.03072882228190253
100311.0,0.47214980063656464,0.08964709754650584,1.3688393812656047e-05,0.4381894134231177,0.47214980063656464,0.9322517359187406,0.6724774781350473
100313.0,0.3442676241708136,0.03438871957863198,4.15477081042965e-06,0.6213395014797424,0.6213395014797424,0.7787289073563529,0.5617341664199457
100315.0,0.609743836446636,0.3011762623317561,2.0104383340065145e-05,0.08905979683826833,0.609743836446636,0.8786835511863165,0.6338362009036013
100318.0,0.0006599911722673416,0.0005888330512286695,0.9736527848403285,0.025098390936175417,0.9736527848403285,0.12769606344120302,0.09211323873383302
100319.0,1.524256922775581e-05,0.0014112755250225745,0.00017230093720554525,0.9984011809685454,0.9984011809685454,0.012522378161982409,0.009032986437214138
100324.0,0.07729001244063081,0.04927510716809965,0.00010959399007908203,0.873325286401191,0.873325286401191,0.46550060923479597,0.33578771023691567
100326.0,3.3962562693264872e-06,1.31078834154552e-05,1.918225334038101e-06,0.9999815776349819,0.9999815776349819,0.00023380514060696673,0.00016865475844400887
100329.0,0.003268278264397727,0.005027720893759315,7.798971918002359e-05,0.9916260111226639,0.9916260111226639,0.05439315601181194,0.039236368218270395
100332.0,0.823072475739152,0.056148445777708125,2.1515530453217443e-06,0.12077692693009362,0.823072475739152,0.577282673856294,0.41642142538179805
100333.0,7.744046600940781e-05,0.1733509199641465,7.658107590690773e-05,0.8264950584939377,0.8264950584939377,0.4627434471273346,0.33379883818723494
100338.0,0.20361299753294979,0.5685795944852898,2.808721062322045e-05,0.2277793207711375,0.5685795944852898,0.9823510991181028,0.7086165295547547
100346.0,0.00022365968500695198,0.9977986813975743,0.0019682198006309415,9.439116789217285e-06,0.9977986813975743,0.016451297433041506,0.011867102611419158
100347.0,0.1195726728968446,0.751048650772449,1.785099961987113e-05,0.12936082533108756,0.751048650772449,0.7337234164516623,0.5292695671494604
100348.0,0.15205345092209505,0.002161300018888216,2.013868671017696e-06,0.8457832351903454,0.8457832351903454,0.4413486808182183,0.3183657765596648
100353.0,0.37460813561806755,0.17444965691689518,0.00021015746851362063,0.4507320499965239,0.4507320499965239,1.0333880578457793,0.7454319131839915
100356.0,0.9656930322006072,0.025620314157198506,0.0075058795242972706,0.0011807741178982629,0.9656930322006072,0.17227350649704873,0.12426906674992241
100357.0,0.0983043814669165,0.1151272995003947,3.7098124873777025e-05,0.7865312209078152,0.7865312209078152,0.6661505832494506,0.48052607146963655
100361.0,0.005632318127080616,0.07861437651941566,0.0008015307685403006,0.9149517745849628,0.9149517745849628,0.31614183440730814,0.22804812835848168
100362.0,0.020540818365414035,0.9771715375694868,0.0006333718394395535,0.0016542722256612083,0.9771715375694868,0.11763302425311695,0.0848542903673715
100363.0,0.05162152373278763,0.909836002978628,0.00017946629466239407,0.03836300699392144,0.909836002978628,0.3656047372397813,0.2637280706706725
100365.0,0.5302770220230628,0.05487198629496888,6.265736967146008e-05,0.41478833431229517,0.5302770220230628,0.8612787500901633,0.6212812907890617
100366.0,0.02202992630422295,0.9693488196618734,0.00857322779992575,4.802623397674667e-05,0.9693488196618734,0.15550701819501783,0.11217460198669102
100369.0,8.585197246166915e-05,0.9968417450850579,0.002563831773917479,0.0005085711685615448,0.9968417450850579,0.023110507582038215,0.01667070734051666
100373.0,0.7912622482095459,0.2085387084046987,9.135799197761916e-05,0.00010768539377856879,0.7912622482095459,0.5140001299785861,0.37077271926819444
100376.0,0.4028378586120598,0.409027808731946,0.00015508486610359094,0.18797924778989003,0.409027808731946,1.0474814611930048,0.7555981547431366
100377.0,0.0167509155155452,0.004388439709824478,0.0007664526136872161,0.9780941921609446,0.9780941921609446,0.11948587310012611,0.08619083828891996
100378.0,1.5859068894251641e-19,1.2843389539833667e-11,6.259339334479021e-07,0.9999993740532217,0.9999993740532217,9.567122161116077e-06,6.901219848710534e-06
100382.0,3.0607168541430656e-09,0.000155662479929839,0.02198535290639519,0.9778589815529584,0.9778589815529584,0.10718537810384463,0.07731790672311256
100386.0,2.3900010359870312e-05,1.2239709257099045e-05,0.7608996065594938,0.23906425372089052,0.7608996065594938,0.5504179516853822,0.397042624656381
100388.0,0.00021672994965090447,0.0017813316679930666,0.00011765412866355726,0.9978842842536907,0.9978842842536907,0.016283033846218757,0.011745726090283473
100389.0,2.5874473547904266e-16,0.3604921096564321,0.6395078744206389,1.5922929407569156e-08,0.6395078744206389,0.6537011063120967,0.47154567215004545
100390.0,4.1151666700904054e-07,0.46373544093993624,0.5362566802198211,7.467323576864385e-06,0.5362566802198211,0.6906118046782123,0.49817111289431715
100393.0,6.903465624785793e-05,0.6214660678339049,0.0017365528205001615,0.3767283446893461,0.6214660678339049,0.6750877782911915,0.486972894952725
100396.0,0.15665909973966352,0.5561307781047677,5.905029756228358e-06,0.2872042171258129,0.5561307781047677,0.9750831651982148,0.7033738234428892
100399.0,0.0016884102328955071,0.944137959402408,0.0017057730590474616,0.052467857305647396,0.944137959402408,0.23057463977761034,0.16632444468095878
100402.0,0.010864414947137326,0.977602483010993,0.002864074835782304,0.00866902720608877,0.977602483010993,0.12920768362135837,0.09320364220264193
100404.0,0.0007705842883536311,0.9984790158190974,0.00048650694645088744,0.0002638929460987509,0.9984790158190974,0.012929324009946817,0.00932653581559844
100407.0,0.8601861618126545,0.1216256355256383,3.1058687243850905e-05,0.018157143974462903,0.8601861618126545,0.45890014419689135,0.3310264811480427
100410.0,0.3178857704691205,0.29243842392096875,7.348868005555939e-06,0.3896684567419043,0.3896684567419043,1.091203973169383,0.7871372803449012
100411.0,0.011087826167877863,0.8904276710204284,0.00018873935664526258,0.0982957634550476,0.8904276710204284,0.3828959867279548,0.27620107061435334
100412.0,0.004277716871879749,0.8647780284406751,0.00947176766451844,0.12147248702292666,0.8647780284406751,0.4491744797219606,0.3240108971943764
100414.0,0.0008567256945376277,0.9902477880980637,0.008895455483411505,3.072398708996682e-08,0.9902477880980637,0.057761819676216526,0.04166634539980007
100415.0,0.7944246099996103,0.13926012050212436,0.00045609956808084025,0.06585916993018548,0.7944246099996103,0.6400268869501735,0.4616818079193083
100418.0,0.9995615066382895,0.00042611610094900413,1.978974213334677e-06,1.0398286549522304e-05,0.9995615066382895,0.0038906968133107706,0.002806544499082971
100419.0,0.034634990299423865,0.5621283575008263,0.0003714402088367218,0.4028652119909125,0.5621283575008263,0.809473603524421,0.5839117767676005
100421.0,0.9639983521613735,0.01603961935485225,1.4549035154974285e-06,0.01996057358025967,0.9639983521613735,0.17977766284142627,0.12968217132196688
100422.0,0.11865075426250206,0.6317292875429912,0.21699540247817342,0.032624555716332666,0.6317292875429912,0.986268657221327,0.7114424503787127
100425.0,0.0004058209074763976,0.9770502004113125,0.022454114013286272,8.986466792504126e-05,0.9770502004113125,0.11193313694595663,0.08074269079153842
100427.0,0.08505017213865526,0.0024603450371330055,0.10115359548930256,0.8113358873349092,0.8113358873349092,0.625770827061821,0.45139823446753713
100428.0,0.5649281570924588,0.2845449076802947,7.547909555365142e-05,0.15045145613169192,0.5649281570924588,0.9659290714549511,0.6967705406192696
100429.0,0.026748181675081688,0.7069597152893413,2.1018539184612368e-05,0.26627108449639264,0.7069597152893413,0.6945905290269325,0.5010411558377986
100431.0,3.0335937206939963e-06,0.00034260390877609965,1.2526137171646566e-05,0.9996418363603321,0.9996418363603321,0.0032716493171984083,0.0023599961227249535
100433.0,2.28045728568369e-05,0.9995504165222204,0.0003955900380548215,3.1188866866749403e-05,0.9995504165222204,0.004116328935581712,0.0029693036710157403
100436.0,5.108189422963328e-12,1.295416304887196e-08,1.7828300405375573e-07,0.9999998087577252,0.9999998087577252,3.1971455397942175e-06,2.306253007630693e-06
100438.0,0.9905221801816748,0.00035027316224139074,2.552935055727758e-06,0.009124993721029602,0.9905221801816748,0.055110397997860223,0.039753748946465
100440.0,0.7520014456968149,0.04790409838511357,1.5616231966332409e-06,0.2000928942948748,0.7520014456968149,0.6818574734822882,0.49185619779298756
100445.0,9.476886005668402e-07,0.9986312777847047,0.0011926292021009826,0.00017514532459495034,0.9986312777847047,0.01092421415659084,0.007880154794661308
100446.0,0.09489491180644917,0.5556478054805801,0.004787618641969163,0.3446696640710023,0.5556478054805801,0.9426917314149947,0.6800083429997218
100447.0,0.19763891952845972,0.7855803224792989,0.0008907708699414692,0.01588998712229988,0.7855803224792989,0.5820944148236193,0.4198923627975994
100451.0,0.9769758430440804,0.01378464528190396,4.0342116506583335e-06,0.00923547746236633,0.9769758430440804,0.1251287963248195,0.09026134696511112
100455.0,7.194137903472016e-14,5.1405267712828183e-05,0.9999485947322163,1.1535418480017267e-18,0.9999485947322163,0.0005590705446159528,0.0004032841511122635
100460.0,0.4147397647484633,0.18961500029168452,0.00015144094550983446,0.3954937940143429,0.4147397647484633,1.0484982918369388,0.7563316430068504
100463.0,0.9763873100276873,0.021967237401027313,1.4509892541465157e-05,0.0016309426787425318,0.9763873100276873,0.117837078825606,0.08500148462727183
100464.0,0.10751044072996323,0.05940193561966188,0.0003981633507757404,0.8326894602995999,0.8326894602995999,0.5630613305058911,0.4061628946185954
100468.0,0.21396875019079126,0.02367219619205195,2.5853559895923913e-05,0.7623332000572592,0.7623332000572592,0.6256882427297248,0.451338662464352
100469.0,8.081606303036119e-19,3.4884617109653333e-06,0.9999965115382874,6.424394554784059e-23,0.9999965115382874,4.7324638897052026e-05,3.4137510924318954e-05
100474.0,8.803266823505792e-06,0.9391954298800558,0.005857512420383721,0.05493825443273838,0.9391954298800558,0.2485334245030581,0.17927896951285677
100476.0,0.22918743250222676,0.008935703486837117,1.7211944367837794e-05,0.7618596520665673,0.7618596520665673,0.5872076123374742,0.4235807551457615
100480.0,0.002121371170973553,0.9948445692809448,0.00042419463532854663,0.002609864912754453,0.9948445692809448,0.037019302489246037,0.026703782059201858
100481.0,0.08047014217509359,0.8436913117347701,0.0003086484523578926,0.07552989763777916,0.8436913117347701,0.5437809986668984,0.39225507505319124
100483.0,0.0068823386738922476,0.7519563734699325,7.597374443821062e-05,0.24108531411173553,0.7519563734699325,0.5923208613319337,0.4272691846293301
100485.0,0.01394683674558366,0.9488345864131992,0.0002494930148605416,0.03696908382635788,0.9488345864131992,0.23340321995863184,0.16836483398091703
100490.0,5.390965208908772e-14,0.973765141959799,0.026234857023855175,1.016291410096985e-09,0.973765141959799,0.12140005633829043,0.08757162962144618
100492.0,0.006220203328315379,0.5295594147796043,0.01910757192036706,0.4451128099717116,0.5295594147796043,0.8041525418175814,0.5800734420992398
100494.0,0.20426152193112185,0.22675565515263527,0.0002901250463557893,0.5686926978698866,0.5686926978698866,0.9842601770108768,0.7099936381590426
100497.0,0.002501731429828338,0.9934549061349053,0.0039967660140317616,4.6596421235318076e-05,0.9934549061349053,0.04404690310732538,0.0317731243397275
100499.0,3.1478111993577583e-10,6.083371032138236e-05,0.00013017144738331718,0.9998089945275141,0.9998089945275141,0.0019461286778167139,0.0014038350962089841
100500.0,0.0078796552223113,0.0784463197709028,0.011882319206684075,0.9017917058001025,0.9017917058001025,0.38372804620542705,0.2768012746552903
100501.0,7.505898625146831e-07,0.9957312859892995,0.004255069954751717,1.2893466087431403e-05,0.9957312859892995,0.027646507481624706,0.019942739620819796
100505.0,0.42830444660601646,0.04247843773519019,1.7763000552200737e-05,0.5291993526582428,0.5291993526582428,0.8343189856221584,0.6018339315382992
100508.0,0.000974474609383732,0.9798086797291159,0.019213383271264987,3.4623902357458654e-06,0.9798086797291159,0.10272039111836936,0.07409709943232311
100509.0,4.5734265013740325e-12,0.8921257937176553,0.10787420423085439,2.0469161952025363e-09,0.8921257937176553,0.3420476799219952,0.24673524578551898
100510.0,0.012653285830024246,0.0002478306072115222,0.0014648154480634533,0.9856340681147013,0.9856340681147013,0.08117216085303136,0.058553336960454797
100511.0,0.0029359188469945795,0.5746320845379626,0.0004537656908149727,0.42197823092422654,0.5746320845379626,0.7030558037117284,0.5071475607415575
100513.0,1.616319572872992e-05,0.09607968509881745,0.9039033803702807,7.713351723420171e-07,0.9039033803702807,0.31658717184680635,0.2283693714162248
100514.0,0.017178461264245208,0.0018832409326378404,0.00034195552507097874,0.9805963422780457,0.9805963422780457,0.10357511908378252,0.07471365533082844
100515.0,0.21835490041743916,0.7532634953799876,6.496231210374173e-05,0.02831664189047017,0.7532634953799876,0.6472414741959084,0.4668860325400495
100516.0,0.0025294425618081003,0.2243139385796926,0.000543613828841974,0.7726130050296558,0.7726130050296558,0.5538123198646046,0.3994911437259387
100521.0,0.8664580884822985,0.04662520299316385,7.351438295239612e-06,0.08690935708624281,0.8664580884822985,0.47953117478172413,0.34590862390462607
100524.0,0.03966665125643072,0.7798025147744647,0.0011894220017581048,0.1793414119673467,0.7798025147744647,0.6381638968070238,0.46033794459893473
100526.0,0.7376229165041704,0.03055427485216803,1.0062853923800995e-05,0.23181274578973945,0.7376229165041704,0.670041789221575,0.4833329832491672
100528.0,8.08779132386744e-06,0.0015358358679358275,4.175938686574601e-05,0.9984143169538743,0.9984143169538743,0.01205053007199089,0.00869261998747229
100532.0,3.112808541017326e-05,0.9736300108588598,0.02489736422103759,0.0014414968346931419,0.9736300108588598,0.12771841045874627,0.09212935869952718
100534.0,2.066319170709426e-05,0.969395565159172,0.0278316597450878,0.0027521119040337166,0.969395565159172,0.14626027372083913,0.1055044857880585
100535.0,0.00010614277951189794,0.9959282517930389,0.0013014999463319575,0.0026641054811159873,0.9959282517930389,0.029474722098692698,0.021261517701682147
100544.0,0.3971756432203242,0.00034759645197561046,0.6024678488447036,8.911482995515743e-06,0.6024678488447036,0.6748978655366734,0.4868359018581526
100546.0,0.5340522638712103,0.4633287755505761,0.00025311832686921744,0.002365842251344901,0.5340522638712103,0.7078393952616817,0.5105981926449356
100548.0,0.9924436558207776,0.0031627094803244058,2.6085273119627095e-05,0.004367549425780092,0.9924436558207776,0.04973993000692237,0.03587977517757552
100551.0,0.00014889916497555765,0.9449908682616448,0.0016370300162266002,0.05322320255715258,0.9449908682616448,0.22139860586735546,0.15970533537228196
100554.0,0.0006540656223807781,0.8343298517533603,0.005649484163345511,0.15936659846091275,0.8343298517533603,0.47784224038693063,0.34469031526674837
100557.0,0.5036903972368615,0.029162156082776745,0.00023531743334611813,0.46691212924701425,0.5036903972368615,0.8060853028435981,0.5814676344729687
100558.0,0.009513790396264947,0.9658692737051643,0.00255157594257837,0.022065359955993444,0.9658692737051643,0.1772156060837996,0.12783403803261487
100563.0,1.6202726821960624e-05,0.11411233404790676,0.013289679658927425,0.8725817835663431,0.8725817835663431,0.424221299121114,0.3060109822407524
100565.0,0.09577642176636647,0.8587222283622573,0.0003542368749028063,0.04514711299647261,0.8587222283622573,0.4981308914466931,0.35932548340187137
100568.0,0.1122280820267323,0.695769039003551,0.026079935853741788,0.16592294311597564,0.695769039003551,0.8909881387165579,0.6427120846086329
100570.0,2.4282903767476785e-07,0.00028147674223566563,0.0003673261594324555,0.999350954269296,0.999350954269296,0.0058590138574085,0.00422638511829148
100571.0,0.9679149551121752,0.0026117580021294334,6.73498452652608e-05,0.029405937040431835,0.9679149551121752,0.15144745970757828,0.10924624953767714
100572.0,0.000126573736698924,0.7998397895548123,0.003394144917637384,0.19663949179085036,0.7998397895548123,0.518884515729029,0.3742960588181708
100574.0,2.5496032586090996e-06,0.0017136291991337114,0.0010881398307857493,0.9971956813668206,0.9971956813668206,0.02117225690336168,0.01527255501945351
100575.0,0.005936228531714988,0.9826402343191306,5.2765741779403364e-05,0.011370771407375664,0.9826402343191306,0.09906471718091239,0.07146008810198501
100576.0,0.01712044400254614,0.9053734802890573,0.010852633969876206,0.06665344173851913,0.9053734802890573,0.3892425486701332,0.28077914733469106
100577.0,0.9831606507563689,0.004639583587822794,2.5073844827981237e-07,0.012199514917360424,0.9831606507563689,0.09538510799775475,0.0688058111415095
100579.0,0.02746121806119974,0.3272358561150062,0.6452968920144028,6.033809390195983e-06,0.6452968920144028,0.7470106860583461,0.5388543061337191
100580.0,4.0984288826143663e-07,0.9922319159158495,0.007572658584180828,0.00019501565708249512,0.9922319159158495,0.04638865983955713,0.033462344752007045
100581.0,0.0024219662996042847,0.9925569814877557,0.004892494476509055,0.0001285577361292324,0.9925569814877557,0.04918327410728386,0.035478232824630494
100583.0,0.9654621793085789,0.002787703795948417,0.0011759110389066034,0.030574205856567553,0.9654621793085789,0.1648960873861938,0.11894738376702747
100584.0,0.15445593361139387,0.8398936446980572,0.001488412839116371,0.004162008851431165,0.8398936446980572,0.46754937389494705,0.33726558154448993
100586.0,0.003802424023433358,0.9858058915372213,0.0004255438819508055,0.009966140557393513,0.9858058915372213,0.08451314943385316,0.06096335078906393
100590.0,0.007378132548950857,0.14839141999982752,0.00012473973645676407,0.844105707714764,0.844105707714764,0.4635155213743948,0.33435577203095085
100594.0,3.0931359989695017e-24,2.4909469337355682e-17,0.9999999999999716,2.9297815977364237e-14,0.9999999999999716,1.0133428034350226e-12,7.309723186181134e-13
100597.0,1.6806743657214912e-07,0.9461013168520676,0.05389828002674361,2.3505375272209798e-07,0.9461013168520676,0.20984390841523207,0.15137038301570657
100599.0,0.9985536998628285,0.0012120722444673576,0.00015875427217535286,7.547362052705528e-05,0.9985536998628285,0.011690014213487773,0.008432562766860153
100610.0,0.05493068078774246,0.9146137790949592,6.948925440468762e-05,0.030386050862893928,0.9146137790949592,0.34785106320691367,0.2509215019282839
100611.0,0.006012736003672937,0.612055106581478,3.1005242723716945e-05,0.3819011521721266,0.612055106581478,0.6991638369020743,0.5043401001337613
100617.0,0.012984105002966661,0.976775102333019,0.007363142906344091,0.002877649757670557,0.976775102333019,0.13235529138185026,0.09547416125600457
100619.0,0.9067387035948048,0.07922671657522173,0.00023781853640307795,0.013796761293571618,0.9067387035948048,0.3507256315788231,0.25299506469570887
100621.0,0.12471794040519406,0.8165982151299186,3.5086523817239166e-05,0.05864875794107049,0.8165982151299186,0.5917736706540786,0.426874469990649
100622.0,0.37407978109312656,0.3955845143671618,0.0018820733712437946,0.22845363116846717,0.3955845143671618,1.083793628884534,0.7817918468693854
100623.0,0.9764803977030392,0.009500062726720439,9.718505385840915e-06,0.014009821064855958,0.9764803977030392,0.12738349047513697,0.0918877649998033
100625.0,0.022485539272398002,0.36571878659631124,5.8350151702202404e-05,0.6117373239795872,0.6117373239795872,0.7544116435683437,0.5441929684824709
100627.0,0.9884226958402974,0.0006300757113310257,9.782438676999306e-07,0.010946250204504338,0.9884226958402974,0.06558668819932152,0.04731079490674593
100628.0,0.18656200687430505,0.772341205202411,0.022081591193912772,0.019015196729372637,0.772341205202411,0.6722994483262515,0.4849615400463345
100629.0,0.5881039582076653,0.10400615187424891,0.0009862165765739776,0.30690367334151214,0.5881039582076653,0.9169409649761031,0.6614330914794824
100632.0,0.11695412421017505,0.19233053781923945,0.021724966262281112,0.668990371708306,0.668990371708306,0.920160775162304,0.6637556935736002
100634.0,0.6741705985999875,0.11668822436767598,0.00016007054437905331,0.208981106487959,0.6741705985999875,0.8450433965862186,0.6095699587954516
100635.0,0.22900482873981254,0.16600455759073082,0.00010286365897480579,0.6048877500104826,0.6048877500104826,0.9406860018252615,0.6785615149334856
100636.0,0.009366026738090859,0.36361182719403307,2.8442123537698283e-05,0.6269937039443383,0.6269937039443383,0.7045903348822777,0.508254490996478
100638.0,0.029928200629450383,0.7174990734922099,0.01615679683893157,0.23641592903940706,0.7174990734922099,0.7508183208538766,0.5416009340522332
100639.0,1.8405074663424224e-15,0.11596425055294143,0.8840357493725738,7.448004784759885e-11,0.8840357493725738,0.35880616664455134,0.25882393862923664
100641.0,0.9885827159317698,0.006847656233451486,4.802220745089529e-05,0.0045216056273274935,0.9885827159317698,0.0703687093805761,0.05076029402855691
100642.0,1.606853486717192e-06,0.8578078831143009,0.08437073511402496,0.05781977491818567,0.8578078831143009,0.5050082894910108,0.3642864774282497
100644.0,0.8851376461089444,0.0487868436251422,2.5199412052928867e-06,0.06607299032470729,0.8851376461089444,0.43490064058607136,0.31371449872647933
100647.0,0.43637305608847277,0.10825346151330337,0.015420430073708006,0.43995305232451537,0.43995305232451537,1.028118331160094,0.7416306089058524
100649.0,0.2583965522869737,0.3400303830995019,0.0001709709255963422,0.4014020936879268,0.4014020936879268,1.0843548322712109,0.7821966695408299
100653.0,0.0027384346402982785,1.6791809672884328e-06,0.04573984151775344,0.9515200446609821,0.9515200446609821,0.20456304287768923,0.14756104375439932
100654.0,9.56564744585209e-05,0.34559177906608046,0.001411576794288163,0.6529009876651715,0.6529009876651715,0.6556909010693702,0.47298100566439816
100663.0,0.02773959039982271,0.6896166398000309,0.0006847711793784944,0.281958998620768,0.6896166398000309,0.7176662774028771,0.517686789711187
100667.0,0.9977346346185794,0.0009655870409153988,4.775606752040786e-07,0.0012993007798288987,0.9977346346185794,0.01760866185427189,0.012701964566924358
100670.0,0.0001851292138577986,0.9735435157447144,0.00856725657098362,0.017704098470442544,0.9735435157447144,0.13989057194856505,0.10090971720865777
100672.0,3.82492550143642e-06,0.9354079280745268,0.003650198483583432,0.060938048516387046,0.9354079280745268,0.25349417583856815,0.18285739518826857
100673.0,0.993707380202416,0.003815208841685548,0.0024579691780524755,1.944177784414662e-05,0.993707380202416,0.0424981782921975,0.030655955534484164
100675.0,0.058349802044030924,0.04415391282872325,2.554168684957736e-05,0.8974707434403965,0.8974707434403965,0.4009065039363026,0.28919291254451773
100677.0,0.9718394998781128,0.02444071415632371,0.003676648131900491,4.313783366431012e-05,0.9718394998781128,0.13951601619475043,0.10063953234437538
100681.0,0.017927892015446777,0.08305025930086024,0.03988482185314786,0.8591370268305457,0.8591370268305457,0.5376892857302105,0.3878608330310518
100689.0,3.173190990789011e-08,1.2487740009855007e-06,1.7777669769980704e-05,0.9999809418243205,0.9999809418243205,0.0002310253565935511,0.00016664956813856028
100692.0,0.1327157668592116,0.8284699441068425,0.0005841272762651192,0.038230161757679765,0.8284699441068425,0.5530599269130995,0.3989484069359706
100693.0,0.013630689494389558,0.3942325155258043,0.014934237733687834,0.577202557246117,0.577202557246117,0.8055006120346357,0.581045869207697
100696.0,0.0014184346179078133,0.5638992790990948,8.015666320384263e-05,0.43460212961979394,0.5638992790990948,0.6952693083340172,0.5015307916078932
100697.0,0.12617860029561914,0.7836825054643564,0.000551444028617746,0.08958745021140613,0.7836825054643564,0.672491297964334,0.4850999303070635
100698.0,0.998007649429558,0.00044950379480313647,2.2589256685620103e-07,0.0015426208830707753,0.998007649429558,0.01544565964778296,0.011141688288557624
100701.0,2.9593360661905465e-07,6.205023087040048e-06,3.4694782081160674e-05,0.9999588042612245,0.9999588042612245,0.00047632085031555535,0.00034359286431113296
100705.0,0.054585980431499724,0.46862574692456027,8.334274604670529e-05,0.47670492989789476,0.47670492989789476,0.8678833647306377,0.6260455131834592
100707.0,0.913317394007605,0.03839435820207961,2.6098910984241652e-05,0.04826214887933207,0.913317394007605,0.3545350063018853,0.25574294770663364
100709.0,0.7828470100591893,0.2151601782808854,0.0001206484081322237,0.0018721632517914655,0.7828470100591893,0.5350682045768371,0.38597012264018216
100710.0,0.04255700127688051,0.9269207926874007,0.0007572860018826924,0.029764920033837097,0.9269207926874007,0.3147383038321846,0.22703569505824828
100711.0,0.1858115773268335,0.8129344729506041,0.0002192429798651392,0.0010347067426977408,0.8129344729506041,0.4900470009359111,0.3534941890263741
100713.0,0.9867265217686999,0.0033900196447464374,4.2849890519687497e-07,0.009883030087647038,0.9867265217686999,0.07809936399012889,0.05633678256257052
100714.0,0.9085571039841661,0.020157575138178816,5.027491623255297e-06,0.0712802933860317,0.9085571039841661,0.3541493358194486,0.2554647452604193
100715.0,0.15034953563739195,0.012451111737406461,3.068391677944191e-05,0.8371686687084238,0.8371686687084238,0.48859966950228606,0.3524501600854673
100716.0,0.6646085319712206,0.3313936160216953,0.0006527457490611764,0.003345106258022161,0.6646085319712206,0.6613930991034733,0.47709427207738186
100717.0,5.523507646932988e-06,0.0065713287382883605,0.010937788162955627,0.9824853595911105,0.9824853595911105,0.09983833966251707,0.07201813876085064
100720.0,0.118207663250726,0.8458185871523153,0.0004723228258233472,0.035501426771135346,0.8458185871523153,0.5161701389390888,0.37233804985119534
100721.0,4.2223823827458196e-05,0.03116189429142078,0.965978783602842,0.0028170982819112466,0.965978783602842,0.15849013175745752,0.11432646355816119
100725.0,0.03696853855206041,0.9567631766186869,0.000294484604193156,0.0059738002250582355,0.9567631766186869,0.19718137177822573,0.14223629361006462
100726.0,0.044598397803463016,0.8482445247824975,0.0017041785127982357,0.1054528989012425,0.8482445247824975,0.5263919416942405,0.3797115219230966
100727.0,0.7600058232726693,0.044142121116473615,3.1501167653272544e-06,0.1958489054940905,0.7600058232726693,0.6656605140637724,0.48017256127770125
100728.0,0.004849570538294524,0.9904493284707173,0.0007152611673038678,0.003985839823685525,0.9904493284707173,0.06254995769972707,0.045120256890605344
100732.0,7.671785974558395e-06,3.60973840496773e-05,0.01310790453474982,0.9868483262952275,0.9868483262952275,0.07034115171908836,0.05074041537777348
100733.0,0.14648065033531155,0.09936141449901041,8.641304893320699e-05,0.7540715221167462,0.7540715221167462,0.7244525772225994,0.5225820702591365
100735.0,0.0017654143320779156,0.9708996047653072,0.0055199314020693245,0.02181504950054534,0.9708996047653072,0.15201065052201843,0.10965250583521065
100738.0,0.0005860266725008367,0.005142280068789561,4.93157688650983e-05,0.9942223774898443,0.9942223774898443,0.037712419356993064,0.027203760193129423
100739.0,0.040803701001474166,0.8951077122687386,0.0011036546130122234,0.06298493211677392,0.8951077122687386,0.4113777315363466,0.2967463066098193
100740.0,0.9846983354262675,0.009278776127640737,0.00037763460609964363,0.005645253839993957,0.9846983354262675,0.09081040214049109,0.0655058584146095
100741.0,0.9923131737042117,0.007027104566918557,6.613674103829795e-05,0.0005935849878314702,0.9923131737042117,0.0475438789545757,0.03429565919619576
100742.0,0.9725726134197739,0.017966794066206396,1.6036300669696712e-06,0.00945898888395333,0.9725726134197739,0.14336820318561122,0.1034182978785213
100743.0,0.27722066788433813,0.6293817174018295,0.0012224860343703445,0.09217512867946182,0.6293817174018295,0.8750230830851733,0.6311957313151755
100745.0,0.5352384289005231,0.3109342746601578,2.9447071642618925e-05,0.15379784936767785,0.5352384289005231,0.9860069319047403,0.7112536554705554
100747.0,0.004602484229415527,0.8810721152819727,0.0005846596811461194,0.1137407408074642,0.8810721152819727,0.3879302851468921,0.27983254929603135
100748.0,0.24178067579938284,0.7542988269446984,0.0015909998445479722,0.0023294974113701487,0.7542988269446984,0.5803221072138782,0.41861391309784773
100749.0,0.00011343184320717144,0.003177018212834221,0.0004523163771927282,0.9962572335667669,0.9962572335667669,0.02652316208399984,0.019132417203640378
100752.0,0.3299675356560119,0.6253791846019654,0.00011994907400543768,0.04453333066801732,0.6253791846019654,0.7990555088178062,0.5763967099832282
100754.0,0.026278476039177663,0.9266551795945407,0.00036081305030987305,0.04670553131597085,0.9266551795945407,0.31217526912835253,0.22518685632982585
100756.0,0.014389876127404068,0.9711065910611056,0.014495865043222622,7.667768269248655e-06,0.9711065910611056,0.15096693412574005,0.108899623600708
100759.0,6.0312667124506855e-09,7.848559095177426e-22,0.9999999939687356,7.29754860355811e-38,0.9999999939687356,1.2018095401065787e-07,8.669223318024034e-08
100760.0,0.963854826998538,0.035913406763801385,0.0002157189086427187,1.604732901667535e-05,0.963854826998538,0.15695322184556454,0.11321781740407064
100761.0,7.917856706226976e-05,0.9988890297756687,0.0010302854136114916,1.5062436588767715e-06,0.9988890297756687,0.008964512397005605,0.00646652878957381
100765.0,0.3779602151305552,0.13193002754101782,1.2855651190819395e-05,0.49009690167723613,0.49009690167723613,0.9846231085610901,0.7102554379328802
100771.0,2.979785877332993e-17,0.6828339406391247,0.3171660592886076,7.226749847644121e-11,0.6828339406391247,0.6247148315941669,0.45063649475534423
100772.0,0.8908429744681299,0.014114942683162145,0.000533807688712462,0.09450827515999674,0.8908429744681299,0.39008090239884113,0.2813838917181499
100774.0,2.4066915577492805e-07,0.7948154545706759,0.20509858875537504,8.5716004792978e-05,0.7948154545706759,0.5082624173751064,0.3666338345086512
100775.0,0.9877423736777795,0.0021903297131875424,6.774642200760825e-07,0.010066619144814215,0.9877423736777795,0.07189639895050495,0.051862289111833985
100780.0,0.3903053346839458,0.0814436284585742,0.000582804241499073,0.5276682326159806,0.5276682326159806,0.9131295649898337,0.6586837475499647
100782.0,0.005231369966209504,0.25605268506389184,1.1009600383153989e-05,0.738704935369516,0.738704935369516,0.6001672811431055,0.4329291801044853
100787.0,0.8117350168768239,0.18473699278262928,0.0002447775151666396,0.0032832128253785903,0.8117350168768239,0.5021125250555949,0.3621976249329711
100788.0,1.2033586724082318e-05,7.17837154413938e-06,0.9998573390384454,0.00012344900328789478,0.9998573390384454,0.001474990556976221,0.0010639807809538222
100790.0,0.14874055496781155,0.766769706787826,5.77594276261244e-05,0.0844319788167375,0.766769706787826,0.6963263304718369,0.5022932719060643
100795.0,0.0017175697484131684,0.9973618793314196,0.0002917683712055807,0.0006287825489603739,0.9973618793314196,0.020580213417875658,0.014845485919202858
100800.0,0.12312549958667589,0.7290910504282784,0.00033171340845728083,0.14745173657658778,0.7290910504282784,0.7731713903207844,0.5577252652865103
100801.0,0.5122667480366838,0.04111022056129807,0.00017869336823489668,0.4464443380337814,0.5122667480366838,0.8354363666437694,0.60263995156763
100802.0,0.001290533734426651,0.13522343894811942,8.051006005667912e-06,0.8634779763114488,0.8634779763114488,0.40598588896498944,0.29285691434034383
100805.0,5.457586216522967e-07,0.9969290714419977,0.0030703824962057496,3.031732141493509e-10,0.9969290714419977,0.020839174726034235,0.015032287016734107
100816.0,0.025683301286493362,0.7511121521179556,0.0005314321524593354,0.22267311444309318,0.7511121521179556,0.6474917841840377,0.4670665930293291
100817.0,0.8920944851984927,0.02255389475311976,0.0011870107856819792,0.08416460926270654,0.8920944851984927,0.4036850266481765,0.29119719301322666
100819.0,0.9996270438703833,0.00027539947530726345,2.532090605190908e-06,9.502456370542113e-05,0.9996270438703833,0.0035431031821763054,0.002555808695141831
100821.0,0.00018362927769825113,0.9963046583012262,0.0021302885842866006,0.001381423836788145,0.9963046583012262,0.027468838179833328,0.019814578310513482
100825.0,0.11854102019939515,0.07886384163841051,0.02807995745045384,0.7745151807117414,0.7745151807117414,0.7513288192611652,0.5419691808125217
100829.0,0.32683288166664237,0.42740789286431363,0.010484089480316622,0.23527513598872613,0.42740789286431363,1.117031455553108,0.8057678707217247
100834.0,0.00037880864644339546,0.9966093413401642,0.0029134824070824413,9.836760631178724e-05,0.9966093413401642,0.02428705188592417,0.017519404656817873
100836.0,0.9820734631276448,0.01015890493943717,7.640954520562711e-07,0.007766867837466102,0.9820734631276448,0.10212955136578072,0.07367089864181325
100837.0,0.002562992212217117,0.99648001820428,0.0005802431246567266,0.0003767464588460127,0.99648001820428,0.026100331417376325,0.01882740935070362
100838.0,2.245527377187572e-07,4.925994539012746e-05,3.0182339015522452e-05,0.999920333162858,0.999920333162858,0.0008858266218472194,0.0006389888372132032
100840.0,0.012737973776947449,0.9451241732245722,0.0025004438688960933,0.039637409129583766,0.9451241732245722,0.25184945823394334,0.1816709822223411
100841.0,0.9946000118697819,0.005179083751052351,0.0001538428386473603,6.706154051797623e-05,0.9946000118697819,0.034638688072416456,0.024986531752487454
100843.0,0.0004240899471941653,0.002515601190630802,0.0002437686783592195,0.9968165401838168,0.9968165401838168,0.023556153374751535,0.01699217282808693
100846.0,0.9586820738447208,0.040314762395565674,1.134870707427357e-05,0.000991815052639335,0.9586820738447208,0.17689313993317726,0.12760142787443615
100848.0,0.0005448436257870683,0.8181236525415839,0.00017029607988480955,0.1811612077527445,0.8181236525415839,0.4792939457482591,0.34573749932955866
100851.0,6.050307568525187e-06,0.9988449183913579,0.0008923835827080112,0.00025664771836722897,0.9988449183913579,0.009614998202919627,0.006935755112754221
100853.0,6.084932335744743e-05,0.006006848208735209,0.9939322944478193,8.020086759210685e-09,0.9939322944478193,0.03736423840289495,0.026952600725224752
100855.0,0.4518879344374442,0.12383320756497773,0.00016067955360767123,0.42411817844396876,0.4518879344374442,0.982797520533399,0.7089385545357519
100856.0,0.6396003752580735,0.03702712354912343,0.3233698687067736,2.632486029364903e-06,0.6396003752580735,0.7729951543745242,0.5575981379236624
100860.0,0.0002424681384665878,0.0008976830037115028,0.0003515977296630496,0.9985082511281594,0.9985082511281594,0.012603229325108782,0.009091308223260399
100861.0,9.451266905199798e-10,5.284597346527585e-06,0.00011192528896684025,0.9998827891685595,0.9998827891685595,0.0011996955809548255,0.0008653974326099654
100862.0,0.13647879417106284,0.2285807248163791,3.0705744105705484e-05,0.6349097752684532,0.6349097752684532,0.8979047832036909,0.6477013889592224
100866.0,0.2918929890257414,0.4706096383236648,0.006296563910635034,0.23120080873995855,0.4706096383236648,1.0846343179317592,0.7823982758290662
100872.0,1.4137103299383382e-05,0.9973319540792975,0.001408971058862041,0.0012449377585416596,0.9973319540792975,0.020399073821748707,0.014714821320682367
100874.0,0.9537047959763431,0.021823711938173906,5.067685047018746e-05,0.024420815235013296,0.9537047959763431,0.21983613438446686,0.15857825044233503
100875.0,0.41153862148678105,0.5311219982138387,7.531425133064956e-05,0.057264066048048144,0.5311219982138387,0.8659551321711452,0.624654587407829
100876.0,0.004065433740658918,0.9885818561605237,0.0073011235568744,5.158654194426516e-05,0.9885818561605237,0.07016268491721635,0.05061167879276145
100877.0,0.9855583718511749,0.014279537621292433,5.0958825551348205e-05,0.00011113170198013082,0.9855583718511749,0.07652509860857275,0.05520119013306341
100879.0,0.1763874836397174,0.7797533626874585,0.04382463700551722,3.451666730735466e-05,0.7797533626874585,0.6374489492547979,0.45982221895488873
100880.0,0.05419781772593501,0.8069975985308583,0.00010148232273432179,0.1387031014204708,0.8069975985308583,0.605971065376685,0.43711572547057265
100881.0,0.02753427554778618,0.8060354132710382,0.001535680180455215,0.16489463100071997,0.8060354132710382,0.5798789469041223,0.4182942405072459
100887.0,0.07374459894494814,0.8684975608727739,0.00019061479940945235,0.0575672253828702,0.8684975608727739,0.4806886428178559,0.34674356060248346
100890.0,6.607624008691455e-05,0.9855939761796538,0.010557234774112243,0.0037827128061462554,0.9855939761796538,0.08408047888956013,0.06065124496476879
100892.0,0.9870348000547413,0.008673964475527828,0.0011475317212575596,0.0031437037484716725,0.9870348000547413,0.07994390488183217,0.05766733756115914
100895.0,0.3292016583896643,0.12777203524317327,0.00039102923390856134,0.5426352771332534,0.5426352771332534,0.9634538201472627,0.6949850242259916
100896.0,0.009661755377672351,0.019369707280537777,0.000630246253344107,0.9703382910884463,0.9703382910884463,0.15508340379553673,0.11186902879000074
100898.0,0.7150201561918467,0.21807993320293778,0.00010018782037814722,0.06679972278483762,0.7150201561918467,0.7536485400072306,0.5436425056208196
100902.0,0.45385618917415893,0.29253863167162275,1.2645002077617534e-05,0.2535925341521414,0.45385618917415893,1.0661896444425705,0.7690932563422318
100905.0,0.10238373853559544,0.8337184014315354,0.00011043272610916761,0.06378742730675904,0.8337184014315354,0.5615168921433679,0.4050488178353099
100907.0,0.6262036869021188,0.16508480337028025,5.597294473659546e-06,0.20870591243312817,0.6262036869021188,0.9175539461671495,0.6618752639417227
100911.0,0.1634317796668157,0.4792945680197706,0.00015438858805748133,0.35711926372535757,0.4792945680197706,1.0176015201820916,0.734044333383887
100913.0,0.2319349362640321,0.015996379259323255,0.0002776789634181322,0.7517910055132273,0.7517910055132273,0.6218350404397053,0.44855916454667544
100915.0,0.012218823587538282,0.9261717782651446,0.00559837336209097,0.05601102478522498,0.9261717782651446,0.3153189416480642,0.22745453670700932
100919.0,1.0486095312456828e-05,0.9996617209685827,0.00031962109561137035,8.171840493868992e-06,0.9996617209685827,0.003126611554991025,0.0022553734925858412
100920.0,0.334700725444884,0.48780753174699354,0.0002974661462527165,0.17719427666186804,0.48780753174699354,1.0255528376867225,0.7397799965501193
100923.0,0.7760327231033658,0.04697264196317313,2.6215504377856174e-05,0.17696841942908464,0.7760327231033658,0.6471702023795736,0.46683462079205884
100924.0,1.1243697483073477e-06,4.123058174562936e-06,3.829385438085723e-05,0.9999564587176976,0.9999564587176976,0.0004995206915161022,0.0003603280122358532
100925.0,0.947090866051905,0.025635763951052527,0.020852534410525064,0.006420835586516199,0.947090866051905,0.25852639811089867,0.1864873762467397
100928.0,0.9536038633677251,0.018538562316120392,2.8163272033287682e-05,0.027829411044122586,0.9536038633677251,0.21920338868720857,0.15812182090254587
100929.0,0.49541351921830507,0.004733218535941506,0.47361409689644174,0.0262391653493133,0.49541351921830507,0.8227826122728077,0.5935121972278232
100930.0,0.0719935778940625,0.8039320699516054,0.07943323567147934,0.04464111648285343,0.8039320699516054,0.7048637275385365,0.5084517021111781
100933.0,0.7178446770549038,0.1825860863569612,1.586244200229816e-05,0.09955337414613089,0.7178446770549038,0.7783117950475869,0.5614332834902704
100934.0,0.005423516093652763,0.0004971146296595502,1.988250124753579e-05,0.9940594867754394,0.9940594867754394,0.03821401441799959,0.027565584546653678
100935.0,0.9299230047564678,0.01910491283419502,9.106741582460815e-06,0.050962975667754165,0.9299230047564678,0.2949806976810685,0.21278359485122203
100937.0,0.2628314118206369,0.24659468618249947,4.026150040602748e-05,0.4905336404964565,0.4905336404964565,1.0462369713470836,0.754700445078563
100942.0,0.9982019572371194,0.0002319074275005275,4.0979914908095516e-06,0.0015620373438902557,0.9982019572371194,0.013881651344828652,0.010013494777266953
100948.0,0.4655772818822148,0.09394081366105947,0.0010141372583217414,0.4394677671984035,0.4655772818822148,0.9464192929257066,0.6826972102527781
100949.0,0.008452950830273554,0.1420694005868184,0.028828246183380916,0.820649402399528,0.820649402399528,0.5820332808263534,0.41984826394025676
100950.0,6.263124125863691e-14,6.585617990581323e-08,0.9999999140935679,2.0050190110812875e-08,0.9999999140935679,1.5302826282885471e-06,1.103865579495208e-06
100951.0,1.1893508354596915e-14,0.0020821959725969585,0.997917804018683,8.708618346888262e-12,0.997917804018683,0.01493619653872197,0.010774188338078543
100952.0,0.8404899278514363,0.06255052076264185,0.0004186199702864446,0.09654093141563468,0.8404899278514363,0.5483770278356604,0.3955704092979682
100954.0,0.010359747357244578,0.0010174852129538317,7.966302319433777e-05,0.9885431044066068,0.9885431044066068,0.06649600867823899,0.04796673097950243
100955.0,0.1655903910956837,0.01728600705252289,0.00047613209000059534,0.8166474697617928,0.8166474697617928,0.5369675523354334,0.38734021243630734
100965.0,0.9895346683664971,0.0009843645209671131,6.209534810305e-06,0.009474757577727054,0.9895346683664971,0.06144416008285512,0.044322592521561344
100966.0,0.9763791499461523,0.0010842546226748784,6.374589704319424e-07,0.02253595797220368,0.9763791499461523,0.11622165182815739,0.08383620036820319
100968.0,2.1799704945900275e-12,2.2941584674733053e-05,0.0005217563681689622,0.9994553020449773,0.9994553020449773,0.004733220753233958,0.0034142970540616776
100969.0,9.422597372488827e-33,1.3973176721300317e-13,0.9999999999998579,1.3813515458606737e-31,0.9999999999998579,4.346780843086762e-12,3.1355395830762098e-12
100971.0,2.0284281742047364e-05,0.0002830418200370233,1.5861542350169907e-05,0.9996808123558694,0.9996808123558694,0.003026045331111584,0.0021828302963499417
100972.0,0.35618579012193113,0.6277273617624266,0.0007961340055066613,0.015290714110134943,0.6277273617624266,0.7295964075557932,0.526292559515573
100973.0,0.0137626254976174,0.009760071144799699,4.0070086982677125e-05,0.9764372332706003,0.9764372332706003,0.1278563209710906,0.09222884010565
100983.0,0.809097528057574,0.01625185866284711,3.300951305105723e-06,0.1746473123282745,0.809097528057574,0.5431450452947297,0.391796331665059
100985.0,0.9979535475319676,0.0005933855418044901,4.061970180588216e-06,0.0014490049560456745,0.9979535475319676,0.015975407126859742,0.011523820319051376
100986.0,0.6838685515374522,0.23130349721382482,7.858722577941005e-05,0.0847493640229425,0.6838685515374522,0.8084059307119223,0.5831416136316587
100987.0,0.011064000816590525,0.9171047110389708,0.001468292975785123,0.07036299516865188,0.9171047110389708,0.3255215057933459,0.23481413105538404
100988.0,0.06920256502582561,0.6345769367906025,0.0008925801327449742,0.2953279180508262,0.6345769367906025,0.8398934651209273,0.6058550685025047
100989.0,0.9122041304086786,0.06608445035697146,6.139372238912242e-05,0.021650025511961,0.9122041304086786,0.3469379841509568,0.25026285461529957
100992.0,1.6093251739057844e-08,2.8493057580035888e-08,0.9999966582650887,3.2971485988191106e-06,0.9999966582650887,4.5743649358596813e-05,3.2997068040905615e-05
100994.0,0.8022185630906276,0.08652071454571525,7.528113628046689e-07,0.1112599695522962,0.8022185630906276,0.6328613822207448,0.4565129888500017
100996.0,0.18733111242225606,0.6519546188717683,2.8739676938532726e-05,0.1606855290290374,0.6519546188717683,0.8867328999654975,0.6396425786866563
100997.0,1.6441485505941654e-05,0.00035247750007397433,7.212900776974035e-06,0.9996238681136442,0.9996238681136442,0.003444954543758628,0.002485009418184237
100999.0,0.5232503121505283,0.017498454871357427,7.463085894212804e-06,0.45924376989221943,0.5232503121505283,0.7671589977098655,0.5533882407846853
101001.0,0.01644157443296468,0.7545499813266943,0.0012409323832058164,0.2277675118571337,0.7545499813266943,0.6253180264376359,0.45107160786002554
101002.0,0.9977366892226287,0.0011682438584912623,1.8397416869890735e-07,0.001094882944709656,0.9977366892226287,0.01761581463690501,0.012707124208941037
101004.0,0.9958560666738306,0.0040583957088496875,9.608333877164707e-06,7.592928344137002e-05,0.9958560666738306,0.027316035685503184,0.019704354610110702
101006.0,0.455447837949534,0.4514354188493828,0.038888469431488354,0.05422827376959684,0.455447837949534,1.001559137813183,0.7224722006400525
101007.0,0.04257315904787705,0.20715497590005488,0.0003822184821183616,0.7498896465699512,0.7498896465699512,0.6793531483791503,0.4900497090894521
101009.0,3.5669267720901027e-07,0.0016950299467848534,0.0019219032113020845,0.9963827101492353,0.9963827101492353,0.02645084625120707,0.019080252356966435
101010.0,3.1262570055494584e-18,9.057592024025325e-05,0.9999094240797592,8.756673734747904e-19,0.9999094240797592,0.0009337722397574351,0.0006735742898089159
101011.0,0.1960813380744092,0.07402674974239262,0.00013882909541210628,0.7297530830877876,0.7297530830877876,0.7433178541213692,0.5361904909725627
101013.0,0.5425468958979303,0.4291858895529071,0.005806067910237859,0.02246114663892516,0.5425468958979303,0.8099467521121028,0.5842530813281266
101014.0,0.946715977948138,0.005506869144095289,3.235313442070078e-05,0.04774479977334488,0.946715977948138,0.22605261566677975,0.16306249380122098
101018.0,0.00014088218827021203,0.065557712156418,0.9343006570988336,7.485564796585238e-07,0.9343006570988336,0.24338535895211502,0.17556542519259832
101019.0,0.14133179501529552,0.1267470848871862,0.000552128605951418,0.7313689914915668,0.7313689914915668,0.7712813907864603,0.5563619188087845
101021.0,0.041605754239210285,0.7060410280427978,0.0037180205174102395,0.2486351972005815,0.7060410280427978,0.7448896638099018,0.5373243119939963
101023.0,0.8803673387310295,0.07241878936206912,3.4940360923615395e-06,0.04721037787081002,0.8803673387310295,0.44647706286875755,0.32206512223571326
101024.0,0.26992882808131186,0.38858789240885205,0.0002175582905802267,0.3412657212192561,0.38858789240885205,1.0895325586443296,0.785931609621619
101025.0,0.9936309398202371,0.004116104221767055,7.203519839503918e-06,0.0022457524381559566,0.9936309398202371,0.04273936968926851,0.03082993835071388
101026.0,0.128619590795285,0.2494873551817606,0.002085868319620917,0.6198071857033346,0.6198071857033346,0.9195184318487994,0.6632923408171296
101028.0,0.006125641263776608,0.991007028384057,0.00016059336061549466,0.002706736991551161,0.991007028384057,0.057569526094421744,0.04152763490137501
101031.0,1.4943923545342153e-05,0.7541032144851584,0.00012653279681414098,0.24575530879448218,0.7541032144851584,0.5590268847746762,0.4032526571940157
101033.0,0.16505681864558855,0.28113358743199574,0.002094048644590865,0.5517155452778236,0.5517155452778236,0.9951169083217317,0.7178251143702599
101034.0,0.7239806452958576,0.11498099750823657,0.00014974224788782985,0.16088861494801748,0.7239806452958576,0.7778106565047709,0.5610717884450109
101036.0,0.0011896808415609627,0.9191124802451195,0.07950148666552068,0.00019635224779909638,0.9191124802451195,0.2885076865583742,0.20811430432805697
101037.0,6.2090779486673e-05,8.648267826818298e-05,0.00012010263012205203,0.9997313239121215,0.9997313239121215,0.0027633885446575455,0.0019933634747134055
101040.0,0.0684494265744179,0.35879006993253326,0.002992576724374593,0.5697679267686752,0.5697679267686752,0.8892253902829546,0.6414405303968858
101043.0,0.005905602551710399,0.9606332553824269,0.033457546703390316,3.595362471942706e-06,0.9606332553824269,0.18260453685671052,0.1317213298835011
101046.0,0.24531189235659928,0.740027699860817,0.00029280660909972514,0.014367601173482741,0.740027699860817,0.6308576136450005,0.45506757535634396
101049.0,4.401636183352547e-09,0.002296169459624889,0.00017595289595126592,0.997527873242789,0.997527873242789,0.01794302134518286,0.012943153956630066
101051.0,0.018694239816968532,0.9395939298370374,0.01906009771787398,0.022651732628118853,0.9395939298370374,0.29421307771489036,0.21222987409197577
101052.0,3.571117873112745e-08,0.0009400143544257033,0.9871142020473097,0.011945747887083458,0.9871142020473097,0.07224293199975325,0.05211225986766131
101063.0,0.005072590157270553,0.9940583716098593,0.0003831814758664796,0.0004858567570048561,0.9940583716098593,0.03944840031610685,0.028456005753524985
101064.0,0.00046897014835900117,0.00282856871807991,0.00016756284303931233,0.996534898290522,0.996534898290522,0.02510854818448179,0.01811198897483673
101065.0,0.6987567610012008,0.23979382598866628,7.751790594375546e-05,0.061371895104189125,0.6987567610012008,0.7649015327985753,0.5517598240684357
101068.0,0.9806757894540022,0.007865849619956046,1.16751393304578e-05,0.011446685786711397,0.9806757894540022,0.10854801490208879,0.0783008413987924
101069.0,0.5562032700206313,0.04071390489265895,9.350063701146693e-06,0.40307347502301016,0.5562032700206313,0.8229690509598913,0.5936466843124659
101070.0,0.8709554663142676,0.001720675360009588,1.8147918330268174e-05,0.12730571040739322,0.8709554663142676,0.393883289437127,0.2841267341799877
101073.0,0.15696191507922974,0.7210611969378125,0.001976423051081374,0.12000046493187642,0.7210611969378125,0.7932023875249475,0.5721745754517639
101075.0,0.263465970243856,0.06076061373937239,0.6756393395776827,0.00013407643908880441,0.6756393395776827,0.7877092082739311,0.568212084219686
101076.0,0.7639857223134722,0.08266066933920248,0.0002327660561045553,0.15312084229121906,0.7639857223134722,0.7010263891644009,0.5056836475898888
101077.0,0.5470753637639874,0.3961545480177841,0.00048355856454548136,0.05628652965368422,0.5470753637639874,0.8624432731867473,0.622121316637283
101078.0,0.10722103974230571,0.6209038483082748,8.469832528445244e-05,0.27179041362413636,0.6209038483082748,0.8901817052829006,0.6421303658508608
101079.0,0.33967605504062054,0.6542976630086796,0.0023804803520124504,0.003645801598687878,0.6542976630086796,0.6791653788352423,0.48991426199453914
101084.0,0.9920934898574784,0.0025907433995112496,2.328702541749264e-07,0.005315533872755408,0.9920934898574784,0.05114680255369619,0.036894619200772236
101085.0,0.007628278779144944,0.014063225275037027,0.00017389629139790013,0.97813459965442,0.97813459965442,0.12029298454142381,0.08677304612582244
101086.0,0.3649344308059699,0.014497933611238325,0.0002788403940395712,0.6202887951887531,0.6202887951887531,0.7277618969775925,0.5249692398587588
101087.0,4.859449436558146e-09,0.9997387614599016,0.00013664826383824117,0.00012458541681330005,0.9997387614599016,0.002597294956773269,0.001873552276931355
101088.0,1.147809258634478e-05,0.9987430702361001,0.0003387938622391321,0.0009066578090743561,0.9987430702361001,0.010445520611773458,0.00753485039305451
101091.0,1.138871243656738e-06,0.9632708912173618,0.028022122568318222,0.00870584734307486,0.9632708912173618,0.17753261208655013,0.12806270952666496
101095.0,0.975038076676537,0.0024325479400101745,2.5009901587830616e-06,0.022526874393294122,0.975038076676537,0.12476654454426758,0.0900000375414334
101096.0,0.8347568360471364,0.1165043054862176,0.007845391218607453,0.04089346724803784,0.8347568360471364,0.5699942914630348,0.4111639688143694
101097.0,0.09361070000051135,0.10656208421079126,0.00023819924199457133,0.7995890165467017,0.7995890165467017,0.6411438980946571,0.4624875611386904
101099.0,0.06596252187290275,0.20122207883345702,5.444884979193295e-05,0.7327609504438468,0.7327609504438468,0.7303350430129187,0.5268253723710828
101101.0,0.985746217035391,0.0007476492392385969,0.012073086768192423,0.0014330469571779505,0.985746217035391,0.08224137159143131,0.05932460947543222
101102.0,0.48662646356728473,0.5086100539953933,0.0041980102143738835,0.000565472222947865,0.5086100539953933,0.7215595228630042,0.5204951726703314
101103.0,0.016887662816295713,0.5264523159613117,0.0013972596671961827,0.45526276155519807,0.5264523159613117,0.774112305175328,0.5584039918837849
101106.0,0.004882157505663954,0.006056440100334003,2.8034739198235892e-05,0.9890333676548038,0.9890333676548038,0.06811181990260669,0.049132292399706436
101107.0,0.7968846424900571,0.037677989761100684,0.0013156677586030282,0.1641216999902388,0.7968846424900571,0.6097824048528833,0.43986502575130043
101108.0,0.5034126610614668,0.0129061693811435,0.0004220829056675138,0.4832590866517206,0.5034126610614668,0.7563641275418518,0.5456013879554685
101109.0,8.810193670060313e-32,4.478834733062306e-07,0.9999995521165282,2.7228481113380612e-18,0.9999995521165282,6.995372240172581e-06,5.046094420034651e-06
101111.0,0.10315462721117978,0.13861250654606044,0.0006184075423398595,0.7576144587004183,0.7576144587004183,0.7230949978015637,0.5216027837099659
101115.0,0.0007539484158187968,0.000197642029543958,3.8101609701807992e-06,0.9990445993936683,0.9990445993936683,0.00810921580646307,0.005849562714741333
101118.0,0.9904811279309425,0.00021844311715886344,0.003596416507754282,0.0057040124441441915,0.9904811279309425,0.06102491960174187,0.04402017444004035
101122.0,0.004555062987419337,0.0005126028577179636,0.04414752029349309,0.9507848138613708,0.9507848138613708,0.21417583636133755,0.15449520849837392
101123.0,0.031577370276165556,0.12173524079380735,0.07872181111336225,0.7679655778166653,0.7679655778166653,0.7683215427345083,0.5542268397556165
101124.0,1.705427553115214e-05,0.995091192041559,0.004810767498765771,8.098618414309906e-05,0.995091192041559,0.031521548929787306,0.02273799116107148
101125.0,0.008022843608501569,0.033118202638864,0.024672387389432344,0.934186566363202,0.934186566363202,0.30650741919344154,0.22109836683302642
101132.0,0.993049397858557,0.0015241073871562051,0.0002175975253451427,0.005208897228942417,0.993049397858557,0.04603243830853922,0.03320538523387834
101134.0,0.09096216741431573,0.17844288922454957,0.010375594024035036,0.7202193493370994,0.7202193493370994,0.8093830194872844,0.5838464341970202
101136.0,3.281615425426072e-08,0.9762123852457454,0.02378714537652051,4.3656157936316474e-07,0.9762123852457454,0.1124402361509053,0.08110848554564752
101138.0,0.060233985202163345,0.015919115007966486,4.6764701584937425e-05,0.9238001350882847,0.9238001350882847,0.308823601666044,0.22276913931653516
101139.0,0.9118918198873841,0.04639484618322035,0.0003033584233153462,0.04140997550607879,0.9118918198873841,0.36088224514725464,0.26032151270940973
101141.0,0.0008623084003277626,2.7844300320244645e-06,0.0008325621230287907,0.9983023450466124,0.9983023450466124,0.013719890096724746,0.009896808702043196
101143.0,6.052283711767668e-06,0.9583731294228401,0.038933044896317236,0.0026877733971300425,0.9583731294228401,0.18310319059884883,0.13208103252395295
101149.0,0.004630774252244059,0.24161228081994549,7.589449352027318e-05,0.7536810504342917,0.7536810504342917,0.58193211475295,0.4197752880440541
101153.0,0.051981946502049334,0.04905965548656579,0.029092603164563236,0.8698657948468205,0.8698657948468205,0.5257862500808269,0.3792746077796067
101155.0,0.4871379781157755,0.4243231729596112,0.00012594596410032282,0.08841290296051237,0.4871379781157755,0.9297061492832415,0.6706412255274534
101160.0,0.5250667458876997,0.11977312749398057,9.323844060163501e-05,0.3550668881777193,0.5250667458876997,0.9609599160119788,0.6931860526617784
101162.0,5.547234928284909e-12,0.08412544154149183,0.9158745570808117,1.372149769462697e-09,0.9158745570808117,0.288731309908711,0.2082756144773359
101163.0,0.10248680177059247,0.8684038939486327,0.00017994254671860216,0.028929361734056046,0.8684038939486327,0.4600428810563651,0.3318507915481446
101164.0,0.9979795118703294,0.0015170072920191024,2.246494128313989e-06,0.0005012343435236232,0.9979795118703294,0.01570317953091634,0.01132744961772104
101166.0,0.9548846657154527,0.009437483349213812,0.00011441659724884604,0.03556343433808341,0.9548846657154527,0.20778316048155582,0.14988386760348812
101169.0,0.004203396256099088,0.9926806261629554,0.0009336493509370968,0.002182328230008068,0.9926806261629554,0.05017836526514588,0.03619603936397049
101171.0,0.9756523939387335,0.002593878891513706,0.0004730196952025155,0.021280707474550443,0.9756523939387335,0.12504564954189185,0.09020136923941333
101173.0,0.9164124658620639,0.08240324801315792,2.8384970488790044e-05,0.0011559011542902602,0.9164124658620639,0.2937961263706018,0.21192910727362724
101174.0,0.519711866855327,0.38208924550133316,0.000159173083199611,0.098039714560139,0.519711866855327,0.936827652106216,0.6757783039306444
101175.0,0.19450255009620684,0.5113725977497267,0.002471432255743621,0.29165341989832255,0.5113725977497267,1.0356245490302434,0.7470452005544006
101176.0,0.0231863559366557,0.9670100455936239,9.369554956046227e-05,0.009709902920159275,0.9670100455936239,0.16558825266492322,0.11944667547457671
101177.0,0.9427778694894771,0.036023667433298844,0.0003438957781550608,0.02085456729906851,0.9427778694894771,0.2587339056549969,0.18663706129914848
101179.0,5.097293581081878e-06,0.9952080310556082,0.004784110500051837,2.7611507587977604e-06,0.9952080310556082,0.030436826980448306,0.021955529672544088
101180.0,0.648823149309027,0.3484859731529653,0.0016895330192131092,0.0010013445187930252,0.648823149309027,0.6657372439307401,0.48022791017698246
101181.0,0.5274307908967777,0.12930782192240925,4.8253808996055174e-06,0.3432565617999142,0.5274307908967777,0.9690196223746169,0.6989999018619779
101182.0,0.8978066557702924,0.04091044054686028,0.0029687432298578383,0.058314160452990045,0.8978066557702924,0.4105495076132797,0.29614886933654216
101183.0,5.497361947707702e-05,0.9961242621542931,0.0035966396313827824,0.00022412459484787164,0.9961242621542931,0.02653183070104422,0.019138670289051023
101185.0,0.9970423364907776,0.002627394790017963,0.0003243417860342583,5.926933170133114e-06,0.9970423364907776,0.021241646450246267,0.015322608997043472
101186.0,0.9054052346153569,0.0021735423956097295,0.0012267578086733908,0.09119446518036103,0.9054052346153569,0.3299117597264357,0.23798102984414002
101191.0,0.24728453075178386,0.4679369146686196,7.574867432219405e-05,0.28470280590527597,0.4679369146686196,1.0592648376279434,0.7640980641169436
101193.0,0.037792308508750136,0.9384713982185967,0.016429504605882633,0.007306788666770367,0.9384713982185967,0.28683527584673896,0.20690791500805408
101194.0,0.3262845491497339,0.08115273859777611,1.187752029853412e-05,0.5925508347321924,0.5925508347321924,0.8794703149739345,0.634403731010975
101196.0,0.6007621770608377,0.3471455083091284,0.0010344129666625876,0.051057901663372325,0.6007621770608377,0.8324031695979146,0.6004519623995831
101199.0,6.551080681128998e-05,0.9988008495588597,0.0011132748444231705,2.0364789905962925e-05,0.9988008495588597,0.00962025967723087,0.006939550464202518
101200.0,7.671675139331857e-26,6.352341767084711e-07,0.9999993647658229,3.473775378379576e-26,0.9999993647658229,9.69956337604471e-06,6.9967559907039575e-06
101201.0,0.25125377850464015,0.6803056466392551,0.03474952113625483,0.033691053719849345,0.6803056466392551,0.840091843822281,0.6059981684868352
101204.0,0.12817257324276904,0.6289852637151017,0.0005125540446279681,0.24232960899750075,0.6289852637151017,0.9023171219719955,0.6508842185891
101206.0,0.49968201240119225,0.1993608577315681,1.1998688786860495e-05,0.3009451311784514,0.49968201240119225,1.02968719597259,0.7427623056482588
101211.0,0.005307101049146337,0.9798149761472679,0.0068892717461867805,0.007988651057400457,0.9798149761472679,0.12065868426704829,0.08703684271612888
101212.0,0.03040857936600117,0.07154976188990944,0.000707809849622932,0.8973338488944678,0.8973338488944678,0.3972604625067194,0.28656284959985007
101214.0,0.40002157275877587,0.5806570574494717,0.0001284953829762746,0.01919287440877472,0.5806570574494717,0.7591815870505352,0.54763375538601
101216.0,0.01728660417578982,0.010906321681166878,0.007581794568177027,0.964225279574868,0.964225279574868,0.19156664561071796,0.13818612481115816
101217.0,1.3954589794440902e-05,0.11692500129561907,0.8830400019234763,2.104219111079889e-05,0.8830400019234763,0.36116642104472996,0.2605265022884236
101221.0,9.502462664283464e-08,0.1602911680364644,0.8395588925310227,0.00014984440788499615,0.8395588925310227,0.44159717208385546,0.3185450251179842
101222.0,0.07504528004240751,0.5625865126235675,0.0012708526155655415,0.3610973547184605,0.5625865126235675,0.8942382877348148,0.6450565715440277
101226.0,0.22330427158302196,0.4504668783230831,0.00021626917119086536,0.32601258092270263,0.4504668783230831,1.061242664381527,0.7655247645415098
101227.0,0.13713280260495042,0.7765663787171752,0.00032883131524729536,0.08597198736262598,0.7765663787171752,0.6824185757349596,0.4922609475116678
101229.0,0.6645720833246218,0.025246125292629547,2.1374064257847993e-06,0.3101796539763223,0.6645720833246218,0.7275599927642171,0.5248235967550731
101230.0,0.9779903300306647,0.01489506681553067,0.00028090903836198723,0.0068336941154428545,0.9779903300306647,0.12079428770638946,0.08713465992086138
101232.0,0.07914066277315919,0.48340643315140575,0.4370933382916175,0.0003595657838165921,0.48340643315140575,0.916723220286926,0.6612760218878545
101236.0,0.9947715779357044,0.0010182915862164904,2.090966404032198e-06,0.00420803951167444,0.9947715779357044,0.03527889417704519,0.025448342838634813
101238.0,0.9392419479509942,0.012657621073570074,3.2612008220956965e-06,0.048097169774614326,0.9392419479509942,0.2601747412042819,0.18767640444999348
101239.0,0.9945285431314453,0.004865969990591907,0.0005587209764395328,4.676590152421388e-05,0.9945285431314453,0.036021146504285374,0.025983764714433664
101241.0,0.5227639850722449,0.13120330827383345,0.0001712674902715923,0.3458614391636518,0.5227639850722449,0.9742450171233789,0.7027692274073409
101242.0,0.031548664920460594,0.9389883564305466,0.01894628512502106,0.010516693523972043,0.9389883564305466,0.29119574074691623,0.21005332555178216
101243.0,0.006468117739862399,0.9553569126825419,0.0007626305583033117,0.03741233901929251,0.9553569126825419,0.204638850282994,0.14761572723824726
101246.0,7.296259620246236e-06,0.9566055851754593,0.043283794702535176,0.00010332386238374445,0.9566055851754593,0.17938364386466993,0.12939794671007562
101247.0,0.967376618475672,0.012896191295321241,3.9433142631015116e-06,0.01972324691474491,0.967376618475672,0.16567609866291033,0.11951004296740568
101249.0,0.260085218619386,0.7027939138262401,0.00014066927621911781,0.03698019827815538,0.7027939138262401,0.7213233150085058,0.5203247847201794
101250.0,0.36483711525793855,0.3461693300416908,9.040174156118333e-05,0.2889031529588111,0.36483711525793855,1.094655005660693,0.7896266740754809
101252.0,0.0003859063113420748,0.00021339269419573634,4.207701935406097e-05,0.9993586239751084,0.9993586239751084,0.005902005267530013,0.004257396865383045
101253.0,0.0069591946241231726,0.9134730360031873,0.0005855717386849913,0.07898219763400446,0.9134730360031873,0.32209900368848476,0.23234531764832647
101254.0,0.9491322751458265,0.010021276321097495,1.0113846555151041e-06,0.040845437148419,0.9491322751458265,0.2263158757790542,0.1632523958304421
101255.0,0.02610761957742054,0.003902222366282693,0.002048681723718163,0.9679414763325785,0.9679414763325785,0.16104015367316685,0.1161659155441372
101256.0,5.03893182585455e-13,3.3895274636097004e-07,9.364402259980182e-05,0.9999060170241483,0.9999060170241483,0.0009676709761179232,0.0006980270592287552
101262.0,0.00327241999608774,0.004480400368889303,0.0001685457973596837,0.9920786338376651,0.9920786338376651,0.05231000837226362,0.03773369483376244
101265.0,0.0008503249344235622,0.9465544968353722,0.0004861289034177154,0.05210904932678805,0.9465544968353722,0.2156633897676183,0.15556825145952327
101266.0,0.0006650767130854556,0.9840514623739971,0.005451528965606474,0.009831931947311374,0.9840514623739971,0.09454308759832694,0.06819842181421858
101273.0,4.930868325467682e-06,0.8446256704471781,0.005031539845625371,0.15033785883887182,0.8446256704471781,0.4541829916314472,0.32762377484140126
101274.0,0.16270200542366012,0.8169437308375784,9.271164904126344e-05,0.02026155208972105,0.8169437308375784,0.5404751277037471,0.3898703932310126
101275.0,8.676868953205343e-10,0.9515718573637348,0.04842761334329554,5.284252827119863e-07,0.9515718573637348,0.19386731756150816,0.13984570881821684
101277.0,0.13687204228618932,0.7641928031577352,0.00017494617186797508,0.09876020838420824,0.7641928031577352,0.7078662710092682,0.5106175793988171
101278.0,0.19369738080584906,0.6634524170176695,0.00030544956252860845,0.14254475261395402,0.6634524170176695,0.8703230088458636,0.6278053444167444
101282.0,0.02545135391827422,0.6877756200165693,8.977408271194786e-05,0.2866832519824441,0.6877756200165693,0.7098730051980108,0.5120651321300578
101283.0,2.776819818211023e-06,0.6925044974472541,0.27905351285124314,0.028439212881684155,0.6925044974472541,0.7119033970451624,0.5135297502545313
101284.0,0.03342627525938847,0.12687512904161855,0.0007349895944194022,0.8389636061045743,0.8389636061045743,0.5281519102352332,0.380981070866202
101285.0,0.07874361741723311,0.13881837538741668,0.00047032160513386115,0.7819676855902169,0.7819676855902169,0.6701629284397422,0.4834203667238207
101286.0,0.3693226392178132,0.22046314208761641,0.0030957897229609674,0.40711842897160916,0.40711842897160916,1.0849663710764885,0.7826378015416725
101288.0,0.44569383708116117,0.5489537595197078,9.351294776911533e-05,0.005258890451362633,0.5489537595197078,0.7178709149792926,0.517834404519524
101289.0,0.018411541666613712,0.040424666392545716,0.00020250976791124124,0.9409612821729284,0.9409612821729284,0.26222795695534135,0.18915748654095776
101294.0,0.0106194819186528,0.16297287103697125,0.00012732763046308587,0.8262803194139133,0.8262803194139133,0.5027407443109025,0.3626507893350827
101298.0,0.6009369788965957,0.2294623274078741,0.1353790832574992,0.0342216104380312,0.6009369788965957,1.030017411562422,0.7430005058451964
101300.0,0.6824652899250265,0.055217231281422786,1.3576641775960934e-05,0.26230390215177357,0.6824652899250265,0.7718478714159137,0.5567705482062205
101307.0,1.3383983163930882e-05,0.0011028594184209937,0.2744728999500647,0.7244108566483509,0.7244108566483509,0.5960748329924326,0.4299771027784498
101308.0,0.9633760660695834,0.0006234903811408952,6.165914123215377e-06,0.03599427763515417,0.9633760660695834,0.16027958341454138,0.1156172800739539
101311.0,8.627094971350131e-150,2.786857548237272e-94,1.0,1.898015470954537e-157,1.0,1.067249536536822e-13,7.698578068763589e-14
101312.0,0.002086420058554378,0.9954247262080729,0.0023269076123839474,0.00016194612098918053,0.9954247262080729,0.032964860470919274,0.02377912036249593
101316.0,0.9999135266142746,2.726086397633471e-06,3.94601228207611e-06,7.980128704527251e-05,0.9999135266142746,0.0009235001059019238,0.000666164511522569
101319.0,2.233416755140547e-05,0.028930991380247423,0.0005314615427843549,0.9705152129094153,0.9705152129094153,0.1357900442563404,0.09795181172535758
101320.0,2.2711688710497371e-07,0.9665840799232498,0.033415652371488844,4.0588373603548114e-08,0.9665840799232498,0.14642625729564762,0.10562421762818111
101322.0,1.3574327282485813e-06,0.9990202912899563,9.106247319223107e-06,0.0009692450299974768,0.9990202912899563,0.007828844137652821,0.005647317306642179
101323.0,1.3375081279851921e-06,0.3309371390724,0.406984264448929,0.2620772589705417,0.406984264448929,1.0828001143025996,0.7810751775891817
101324.0,0.02365981741740799,0.8367112224166717,0.13911830141069462,0.0005106587552254524,0.8367112224166717,0.5160194753353249,0.372229369034199
101327.0,0.32728436341261696,0.4281862108716178,2.120788812344985e-05,0.2445082178276425,0.4281862108716178,1.0733582790491076,0.7742643331406299
101328.0,0.0175296386242837,0.8250577360320058,0.0012420844667435649,0.156170540876968,0.8250577360320058,0.5278368660066701,0.38075381449309764
101330.0,0.9859792014614623,0.0005733905311669656,1.1243123776358943e-05,0.013436164883596155,0.9859792014614623,0.07623717803410102,0.05499349934058328
101333.0,0.3429531329026675,0.649658818124075,0.0020161494057766476,0.005371899567482436,0.649658818124075,0.6878082376750074,0.4961487667881554
101335.0,0.03872383298375352,0.9572442967857265,0.003784340878228648,0.00024752935229160916,0.9572442967857265,0.19089147253108552,0.13769909038429443
101336.0,0.007721126096838504,0.9899660953251909,0.0005745630012440232,0.0017382155767256813,0.9899660953251909,0.06287088251221282,0.045351755208341046
101339.0,0.004868019877191915,0.7833508556061892,0.19346886042455858,0.018312264092061412,0.7833508556061892,0.6082487821400151,0.43875875081007565
101342.0,1.2352647145083844e-16,1.984882972110139e-09,2.2948699395463893e-06,0.999997703145178,0.999997703145178,3.2135130826881795e-05,2.3180596941130212e-05
101343.0,3.07510323419882e-06,0.9329927536287007,0.06571900610749731,0.0012851651605710027,0.9329927536287007,0.25221583199591385,0.18193526502709445
101345.0,0.0007039503821990342,0.001540529855994817,1.3187347735691752e-05,0.9977423324140691,0.9977423324140691,0.017489030023931294,0.012615668442741933
101350.0,0.04444845628843152,0.10274653062227734,0.0024842910368043265,0.8503207220524851,0.8503207220524851,0.5249582918344011,0.3786773621515159
101351.0,1.0065389189706065e-06,0.999229706670288,0.00048020862010327004,0.000289078170690563,0.999229706670288,0.006808953232912656,0.004911621531383982
101355.0,0.6619207361102515,0.04549370312756004,0.004601232645755167,0.28798432811643204,0.6619207361102515,0.7969568349037031,0.5748828367590684
101356.0,0.9877791299087083,0.00883958545612946,6.647190730040894e-06,0.0033746374444334638,0.9877791299087083,0.07322988645353776,0.052824197015690404
101357.0,0.10019436496368973,0.3584836561413754,0.0007129295165539394,0.5406090493783808,0.5406090493783808,0.9359423067396,0.675139662245699
101359.0,0.05791249038568711,0.005405476461652318,1.7035707142957477e-05,0.9366649974455168,0.9366649974455168,0.25467348719181643,0.18370808850876624
101360.0,0.5179207170799041,0.06337162376167263,0.005525132968620398,0.4131825261898012,0.5179207170799041,0.909502994336528,0.656067729801486
101362.0,0.6437148314102947,0.351926732890826,0.00046086367555543516,0.003897572023324054,0.6437148314102947,0.6762464188257712,0.4878086774294305
101365.0,0.34325387999573953,0.1792943114831829,0.00021293971770868062,0.4772388688033673,0.4772388688033673,1.0300262005849874,0.743006845784831
101366.0,2.4620879112546856e-05,0.9995161791450218,9.092085989696057e-05,0.00036827911596908503,0.9995161791450218,0.004502905701078165,0.0032481598622680547
101370.0,0.9983279794926119,0.0015731077527410184,9.74243843107484e-05,1.4883703360851094e-06,0.9983279794926119,0.012744388500913017,0.00919313304471477
101372.0,0.8535319811986591,0.13347055667502886,0.00015593655645209384,0.01284152556985892,0.8535319811986591,0.4612614357714724,0.33272979297041316
101375.0,0.009195098957201206,0.6213715392442477,1.6362421015833423e-05,0.3694169993775355,0.6213715392442477,0.7068379386990986,0.5098757944366834
101378.0,0.8667168334818871,0.014085899411259973,2.854188879532762e-06,0.11919441291797414,0.8667168334818871,0.4375829123681795,0.3156493488256612
101379.0,0.929443439787855,0.02610976189522152,0.00025950380818499577,0.044187294508740226,0.929443439787855,0.3031653532515993,0.21868757585271656
101382.0,0.02246165028059142,0.5313032262950133,0.00015506819676916738,0.44608005522762745,0.5313032262950133,0.782732637675244,0.5646222473580063
101384.0,0.8369592763106022,0.0088985298672207,8.57394722968904e-07,0.15414133642745517,0.8369592763106022,0.47921819304680957,0.3456828553062011
101387.0,0.012927947376365653,0.9772893314910273,0.0004351336683493842,0.00934758746425914,0.9772893314910273,0.12571198102171527,0.09068202580017805
101389.0,7.07733078928377e-05,0.0052254998299753885,0.0016269159693141722,0.9930768108928182,0.9930768108928182,0.04547786636799923,0.03280534613966173
101390.0,0.3183058831756405,0.07455356185613209,0.0002234406005222142,0.6069171143677066,0.6069171143677066,0.8628873130962702,0.6224416237249957
101391.0,0.021843466269479722,0.9573948448674725,0.00039311514707704876,0.02036857371596904,0.9573948448674725,0.20760355363545646,0.1497543086503995
101394.0,0.998773659982822,0.0009978355931920715,1.5709119327895293e-06,0.00022693351205298271,0.998773659982822,0.010045713191779123,0.007246450301986291
101396.0,1.0002015247264597e-05,0.010007405054584868,0.989982592923968,6.197969423073361e-12,0.989982592923968,0.056160610672373275,0.04051131725516436
101397.0,0.0028370188007624227,0.00888488665293586,0.004298642128085802,0.983979452418216,0.983979452418216,0.09792281417889112,0.07063637920288884
101398.0,1.6421311351887974e-05,0.46806328254154456,0.00907513845589447,0.5228451576912095,0.5228451576912095,0.7372346102449598,0.5318023580860557
101399.0,0.5063235953225462,0.3336827577326185,0.0007172567297851941,0.15927639021505116,0.5063235953225462,1.008633652669324,0.7275753843898775
101400.0,0.18101111114503793,0.6094975200567497,0.00024089393667280464,0.20925047486153966,0.6094975200567497,0.9404796712269329,0.6784126788679894
101401.0,0.6552135813207575,0.3068993431247531,0.00016637641391658637,0.03772069914057398,0.6552135813207575,0.7646197902934043,0.5515565898109268
101402.0,3.0895750953123926e-15,0.026426562448032556,0.9735731730067676,2.6454519606599643e-07,0.9735731730067676,0.12209641974237286,0.08807394963630932
101404.0,0.03927927641232201,0.014944848410353394,0.00016098465666792658,0.9456148905206554,0.9456148905206554,0.2442530589320208,0.17619133842159307
101405.0,5.1086777280276925e-05,9.349406596198027e-05,0.967006008512468,0.03284941064428966,0.967006008512468,0.14602356557112156,0.10533373695119073
101407.0,0.028754928502613453,0.9655333814570185,0.0016832160093676707,0.004028474031001228,0.9655333814570185,0.168880661790212,0.12182164663339255
101411.0,0.01153036605558746,0.005737714334919319,8.823727223450144e-05,0.9826436823372594,0.9826436823372594,0.09909653057887442,0.07148303661772183
101412.0,0.9994909164426931,0.000247630106035244,6.374771882577479e-07,0.0002608159740835117,0.9994909164426931,0.004726437052447218,0.0034094036483197252
101415.0,0.9996019017320225,0.0003706955082405429,1.0874702767315454e-05,1.6528056968723604e-05,0.9996019017320225,0.0036328306786524243,0.0026205334022405703
101416.0,0.9961921444757051,0.0037522216215766214,3.524853223537421e-05,2.038537048337077e-05,0.9961921444757051,0.025339864401513895,0.01827884835443144
101423.0,0.7758049606782615,0.20105754871893894,0.02264105610385181,0.0004964344989480523,0.7758049606782615,0.6090116004440815,0.4393090079022636
101426.0,2.481384748826192e-05,0.0001816251176911706,0.00040466311091994617,0.999388897923902,0.999388897923902,0.005599896563136357,0.004039471500563986
101427.0,0.9995697880758214,6.245043676109097e-05,0.00036665613385812097,1.1053535598544867e-06,0.9995697880758214,0.003950519179189228,0.0028496972143765187
101430.0,0.9998411461478469,0.0001417335129336964,1.6422477077381116e-05,6.978621417140678e-07,0.9998411461478469,0.001605638027748615,0.0011582230100478314
101432.0,2.586666517374025e-06,0.45036126636354806,0.5457260478443878,0.003910099125547946,0.5457260478443878,0.7114796728037482,0.513224097823635
101434.0,0.9438035778958175,0.04983225411827627,7.247577285445091e-05,0.006291692213052426,0.9438035778958175,0.23661897905010532,0.17068451382789823
101438.0,0.9944091534111927,0.0017582886509494417,0.00010440798134731608,0.0037281499565094468,0.9944091534111927,0.03853310110914314,0.027795756940116913
101439.0,0.94287549400101,0.03264262409985118,0.00030518384367023545,0.024176698055467932,0.94287549400101,0.25963328373413513,0.18728582544647696
101442.0,0.002765667728137129,0.12700786219276508,0.0009495987012878889,0.8692768713778086,0.8692768713778086,0.40676144067083997,0.29341635664033555
101443.0,0.011449822678218393,0.44461655505855874,0.009137075078378663,0.5347965471848436,0.5347965471848436,0.7891739358460941,0.5692686618219924
101444.0,0.023013026808032713,0.167013686561753,0.0007247728567632422,0.8092485137734506,0.8092485137734506,0.5622157625981311,0.40555294630496524
101446.0,0.926325913138947,0.06828164517846212,8.613021297548752e-05,0.005306311469613648,0.926325913138947,0.2827718351424401,0.20397676213153493
101448.0,0.3270540588472406,0.6510621501435108,0.00031609729807822746,0.021567693711169383,0.6510621501435108,0.7302220954608074,0.5267438979344271
101449.0,0.0002198470967280918,0.020523442233283503,0.00011275218364577705,0.9791439584863435,0.9791439584863435,0.10327160407386579,0.07449471553100732
101450.0,0.0032672332368265515,0.57063432665526,6.868147936820141e-05,0.4260297586285469,0.57063432665526,0.7029973028629812,0.5071053612993699
101454.0,0.2059176999062866,0.19234204594294935,1.3484838632758278e-05,0.6017267693121326,0.6017267693121326,0.9482787913504975,0.6840385548307715
101455.0,1.103291062948458e-06,0.15450400114766522,0.026909590806332817,0.8185853047549403,0.8185853047549403,0.5497048085158109,0.39652820059928884
101461.0,0.058959561390853135,0.1254077597593105,0.00014271145137553537,0.8154899673984592,0.8154899673984592,0.5948745298590286,0.42911126708938707
101462.0,5.974603253153566e-22,8.811097843990066e-13,4.0226030609055976e-06,0.9999959773960587,0.9999959773960587,5.399775665923339e-05,3.895114787570251e-05
101464.0,0.9419059859664367,0.05796063732442188,0.00013083442137532225,2.5422877653802633e-06,0.9419059859664367,0.22264689627722128,0.16060578656423327
101467.0,0.0027522829076703764,0.9866758329034593,0.0006519652813803146,0.009919918907489693,0.9866758329034593,0.0800057827721718,0.05771197302392596
101468.0,1.071284342355229e-07,0.06215598797556588,0.9378438970170594,7.878939517502278e-09,0.9378438970170594,0.23286101923979532,0.16797371883680112
101470.0,0.9726739140887875,0.00017655087499706345,0.013600221559055395,0.013549313477161495,0.9726739140887875,0.1452055487272796,0.1047436625292035
101472.0,0.2996191869577657,0.34773701855456857,0.0004992372228593004,0.35214455726480637,0.35214455726480637,1.0997650381728705,0.793312783357531
101478.0,0.38195193181265147,0.20188602826925175,0.0005620147072707433,0.4156000252108253,0.4156000252108253,1.0597579988388144,0.7644538047335847
101479.0,0.5167660078108893,0.3377740049299086,0.0001307827217282797,0.14532920453747403,0.5167660078108893,0.9892371384273384,0.7135837569361551
101480.0,0.04760011352098611,0.9464476340871798,0.0043650350406417154,0.0015872173511912245,0.9464476340871798,0.2309816833272837,0.16661806453622857
101481.0,0.9179301370232481,0.0158377111005573,0.0007049218369899116,0.06552723003920581,0.9179301370232481,0.3279556490208171,0.23656999423692712
101484.0,0.04756642804599501,0.8284081625594655,0.00036262342058248286,0.12366278597395565,0.8284081625594655,0.5621692271418574,0.4055193780689694
101486.0,0.5729774670190206,0.17945133026961244,3.202337946963086e-05,0.24753917933189865,0.5729774670190206,0.9733091848063465,0.7020941670858979
101487.0,0.011549021191764989,0.9727252752958144,0.0014727953864023052,0.014252908126016489,0.9727252752958144,0.14861098996262467,0.10720016912033907
101488.0,0.5494656194725789,0.18471971798355796,5.2346378810489477e-05,0.26576231616505364,0.5494656194725789,0.9936927394996193,0.7167977937217347
101489.0,0.9500153310173971,0.04745817724089092,0.0005683725309316865,0.0019581192107806997,0.9500153310173971,0.2098198478555075,0.15135302699060874
101490.0,0.03231037060291938,0.9584471314886014,0.0014327390288217416,0.007809758879658056,0.9584471314886014,0.19885612807819542,0.14344437491439654
101493.0,0.7998730492837741,0.02396850864478618,4.452860286330384e-05,0.17611391346857738,0.7998730492837741,0.57433014874736,0.41429162871541847
101498.0,0.29215008177024865,0.07384701378618569,0.04023015883802623,0.5937727456055402,0.5937727456055402,0.9906888603159034,0.7146309529208464
101500.0,0.017972692977056108,0.3309955576569056,7.549560883726807e-05,0.6509562537572015,0.6509562537572015,0.7183762708560709,0.5181989417281802
101501.0,0.9900246348295317,0.0009966315658716913,9.906615531973122e-06,0.008968826989063592,0.9900246348295317,0.05920649558722331,0.04270845878605068
101502.0,0.03277006172975924,0.9136624693596026,0.001244507334092239,0.052322961576544515,0.9136624693596026,0.35720823948764313,0.25767127783675
101505.0,0.00012138347194274126,0.9967795694060821,0.002329731768600371,0.0007693153533760153,0.9967795694060821,0.023948537709445467,0.017275218294979654
101508.0,0.00021733516541295317,0.9938020553415423,0.005595017452125181,0.0003855920409212705,0.9938020553415423,0.040057835221606004,0.028895620111479118
101510.0,0.1799478933096295,0.8097337831658713,0.00010545423524976041,0.010212869289248897,0.8097337831658713,0.5273031258650729,0.3803688023653948
101513.0,0.951149826234668,0.0010153764412548722,0.00010039543066964212,0.04773440189340622,0.951149826234668,0.2007728077736379,0.14482696706019027
101516.0,0.999292503250955,0.0006427705174791688,2.839343929996213e-06,6.188688763582035e-05,0.999292503250955,0.006067391915874633,0.00437669811408106
101517.0,0.8815029715492383,0.05314513699872099,3.2052395506151115e-05,0.06531983905653402,0.8815029715492383,0.445702016392476,0.3215060443818183
101520.0,0.045940196172924934,0.6826583912759465,0.0004390504541288261,0.2709623620969982,0.6826583912759465,0.7593372361023387,0.547746032443588
101527.0,0.8704846951232907,0.09531283556711369,2.430153323701392e-05,0.03417816777635747,0.8704846951232907,0.4604315882425361,0.332131184513068
101530.0,0.06622245887119484,0.5279444722167755,2.42622061819902e-05,0.4058088067058486,0.5279444722167755,0.8832543699393449,0.6371333496774995
101537.0,0.008776361194306173,0.9002264973625319,0.0006040378326249193,0.09039310361053614,0.9002264973625319,0.35792872605861903,0.258190999038237
101541.0,0.9786754884580453,0.01923957861114051,7.671963860241566e-06,0.0020772609669538755,0.9786754884580453,0.11002795157567648,0.07936839004869974
101542.0,0.0002028919667600883,0.9826173575145661,1.0948601147928783e-05,0.017168801917524377,0.9826173575145661,0.08886626295155285,0.06410345843126997
101544.0,0.018758648774256852,0.966901025372315,0.004413342758568084,0.009926983094861388,0.966901025372315,0.17685362456578205,0.12757292356214617
101545.0,0.5019170823697291,0.12248677808861401,0.0011639931639067247,0.37443214637775063,0.5019170823697291,0.9788587839418104,0.7060973566617256
101546.0,0.0009731635421708286,0.9242605061507405,0.07471180898880084,5.452131828779002e-05,0.9242605061507405,0.2738912342995919,0.1975707627334892
101547.0,1.3528683668648278e-09,9.642602941013227e-07,5.00694784201281e-07,0.9999985336920524,0.9999985336920524,2.2114489406608855e-05,1.5952232099353055e-05
101548.0,0.00033191117299491326,0.9497131185337789,0.049952362090613496,2.6082026115159393e-06,0.9497131185337789,0.20138462642255103,0.14526830092554543
101549.0,0.20844093969780952,0.5536807250313046,0.0004465801166118068,0.23743175515427437,0.5536807250313046,0.9990160180095266,0.7206377274754917
101550.0,0.12469975856052516,0.053998655055933105,0.010944872313330016,0.8103567140702113,0.8103567140702113,0.6370340458051035,0.45952292938022776
101551.0,0.3249610834624083,0.35435103842747007,1.7640900998834014e-05,0.3206702372091229,0.35435103842747007,1.097804852069496,0.7918988079722521
101558.0,0.9475952924538676,0.04127638944090202,0.0013684584102407378,0.00975985969498898,0.9475952924538676,0.23678073663641558,0.17080119726169624
101559.0,0.0012127960097143562,0.00028771539421483625,0.00325533910187268,0.9952441494941997,0.9952441494941997,0.03387895797545585,0.024438502330837875
101562.0,0.0003795985575963256,0.9707704831277996,0.00020569375208863417,0.028644224562515384,0.9707704831277996,0.13530143819357032,0.09759935695350425
101563.0,0.0003834077527761384,0.028363887189770367,0.00010668693230999097,0.9711460181251421,0.9711460181251421,0.1334756807517825,0.09628235134993755
101570.0,0.9421252225595613,0.0005735289900948232,7.418280394792963e-06,0.05729383016994767,0.9421252225595613,0.2243703052122854,0.16184896332625365
101571.0,0.0031638100263043562,0.9953183896832141,0.000973650896209988,0.0005441493942721106,0.9953183896832141,0.03372318007354728,0.024326132327556083
101572.0,0.013747955418978244,0.9758242969829963,0.00012963416782869533,0.010298113430195863,0.9758242969829963,0.13109909818580204,0.09456800940883596
101574.0,0.983865714644912,0.013380939276319281,4.913198621483798e-05,0.002704214092555625,0.983865714644912,0.09020508231631791,0.06506921246036629
101579.0,0.06868942704625385,0.91313049174954,0.0006083599290919029,0.017571721275115377,0.91313049174954,0.3424635980109061,0.24703526726766284
101580.0,4.338792427723597e-07,0.973055599743979,0.02694388926766565,7.710911373246648e-08,0.973055599743979,0.12396089657686908,0.08941888537779935
101581.0,4.7451116887360106e-29,4.21316250375937e-22,1.0,4.164848668531806e-48,1.0,1.067249536536822e-13,7.698578068763589e-14
101584.0,0.9306863500186356,0.028720104658844937,6.768201690418254e-05,0.0405258633056164,0.9306863500186356,0.2993830670185803,0.215959233056917
101587.0,2.2190277024990643e-46,4.013099468345282e-17,1.0,1.676852329305893e-48,1.0,1.067249536536822e-13,7.698578068763589e-14
101588.0,0.9901065551712351,0.0044947197308900675,0.00031498989845070246,0.005083735199423297,0.9901065551712351,0.06352820138701654,0.04582591054882206
101589.0,0.00036205754060662055,0.03493569018371682,5.99856144166394e-05,0.964642266661261,0.964642266661261,0.15536004155267616,0.11206858075017459
101590.0,0.032860586883866325,0.003729079876482322,0.0013437014526310553,0.96206663178702,0.96206663178702,0.17917583775213025,0.12924804628606193
101593.0,0.28121378570923705,0.0009976398840612253,4.100653145347503e-05,0.7177475678752491,0.7177475678752491,0.6020990327604198,0.43432264434374956
101594.0,0.8992044272136871,0.07193447237477142,0.0008023094938083947,0.028058790917731946,0.8992044272136871,0.3908530253242358,0.2819408606758617
101596.0,9.715258462593177e-06,5.475753522554671e-05,0.9994282523098764,0.000507274896432944,0.9994282523098764,0.005069448896183418,0.0036568343912819234
101597.0,0.3363055388877146,0.6459033770668129,0.00517811157006636,0.012612972475405571,0.6459033770668129,0.7312227383537918,0.5274657092041317
101599.0,0.16361891291738237,0.15977082535336437,8.949061993533813e-05,0.6765207711093185,0.6765207711093185,0.854420683506865,0.6163342414641563
101601.0,0.07121455894782656,0.9240953622380769,0.0036954838411914,0.0009945949729061518,0.9240953622380769,0.2886739871661716,0.20823426485914
101604.0,0.9738020747963171,0.01741346403836904,6.002178194298015e-07,0.008783860947493664,0.9738020747963171,0.13798392867537268,0.0995343648111683
101605.0,0.08803920147536606,0.8896790032513838,2.4824709533016015e-05,0.022256970563715228,0.8896790032513838,0.4028847515462527,0.29061991655278047
101606.0,0.7639427244644504,0.2025592171493596,0.0005565142162969115,0.03294154416989283,0.7639427244644504,0.6457326471600522,0.46579764389895506
101608.0,0.00406557475405054,0.3387980413134971,0.0027400497166698724,0.6543963342157841,0.6543963342157841,0.682737515786536,0.49249101412704294
101609.0,0.9896898477287281,0.002169758696608218,5.969274382919111e-05,0.00808070083083285,0.9896898477287281,0.06307989327504872,0.04550252460385893
101612.0,0.002975159620709375,0.996212358564572,0.0007797545446043288,3.27272701135395e-05,0.996212358564572,0.027006646418041583,0.01948117742917514
101613.0,0.02827525827776291,0.11977182319442772,0.000546385606301711,0.8514065329215071,0.8514065329215071,0.49606533610944414,0.35783550018100596
101616.0,0.29347998917407986,0.651025741972031,0.0003815864659423338,0.05511268238794661,0.651025741972031,0.8019555602885295,0.5784886549207958
101620.0,0.9948178679615363,0.0007362868005408324,4.480946400376566e-05,0.004401035773919047,0.9948178679615363,0.03480850301074971,0.02510902733718858
101621.0,4.995622839271769e-08,0.9980486791965809,0.0019505889868807046,6.818603089794989e-07,0.9980486791965809,0.014130878637034043,0.010193274266526404
101623.0,0.14014680327096515,0.8462003201528115,0.0019054415126748057,0.01174743506354814,0.8462003201528115,0.4808531707396249,0.34686224241089547
101625.0,0.06322152969862145,0.0034816913085074196,1.8704150000471194e-05,0.93327807484287,0.93327807484287,0.25891723876068434,0.1867693081803515
101626.0,0.8962679215342195,0.026519906105464265,4.9647815149332556e-05,0.07716252454516775,0.8962679215342195,0.3925893026264212,0.2831933200025972
101627.0,4.614348864644083e-09,0.9991583740159528,0.0008388237537173314,2.797615980008655e-06,0.9991583740159528,0.006818949080034622,0.004918832010920154
101634.0,0.00038653503942999017,0.9959408607469936,0.0005249080750127079,0.0031476961385641716,0.9959408607469936,0.029186793464064303,0.02105382109502799
101635.0,0.0021396754601925427,0.9944558758560906,0.0010580582059347614,0.0023463904777820547,0.9944558758560906,0.04013772965871147,0.028953251765582454
101636.0,3.663512006588809e-10,0.9991067093925687,0.0008911436347545373,2.1466063255967414e-06,0.9991067093925687,0.0071794223063094825,0.005178858478880148
101638.0,0.9394620419168845,0.05903494556206085,0.00017004547302006064,0.0013329670480358086,0.9394620419168845,0.23601480310203643,0.17024869300584655
101640.0,0.0033896230664330583,0.7214479946536507,0.0006916262218136376,0.27447075605810317,0.7214479946536507,0.6147247934906559,0.4434302055402307
101642.0,4.417884049458966e-16,2.1405623589626735e-07,0.0001860449381384517,0.999813741005626,0.999813741005626,0.0017875660614386358,0.001289456346049468
101645.0,0.009385628393633647,0.5042399303254145,0.00039367819602365787,0.48598076308492666,0.5042399303254145,0.7428356039852557,0.5358426210326431
101647.0,7.826530895127119e-07,0.9990359515057806,0.0006093271623322659,0.000353938678798369,0.9990359515057806,0.008298065442143244,0.005985788931176071
101652.0,1.3145325329027274e-05,0.037106123651194055,0.061098474244821684,0.9017822567786564,0.9017822567786564,0.38638918211078643,0.27872087844218707
101654.0,0.0001468609678469695,0.9945834147201649,0.005267570414561621,2.153897425067824e-06,0.9945834147201649,0.03436084643228302,0.024786111374300975
101655.0,0.11224490094482165,0.316240162184105,0.006169575013128583,0.5653453618579446,0.5653453618579446,0.9633787206206044,0.6949308513686501
101656.0,0.06729112281670589,0.10080220806381134,0.026776406642253118,0.8051302624772301,0.8051302624772301,0.6843504214986463,0.4936544796631845
101657.0,0.9932878651540459,0.005267223819336732,2.553514903404122e-05,0.001419375877581766,0.9932878651540459,0.04390039768027773,0.03166744301319502
101658.0,0.9020561251299011,0.0109659533315835,0.0028075320100388232,0.08417038952847507,0.9020561251299011,0.36728136168823977,0.26493749955928464
101659.0,0.9869207258973252,0.007091611847102795,1.4807251885530396e-07,0.005987514183053008,0.9869207258973252,0.07873553482196277,0.056795682814692994
101660.0,0.6113071178573108,0.31761743856030084,0.0006711448279406122,0.07040429875444613,0.6113071178573108,0.8568578215434146,0.6180922649438023
101661.0,0.006559706293444406,0.6381955580289811,0.00015240253086201206,0.35509233314671124,0.6381955580289811,0.6885887867971046,0.49671181396196523
101662.0,0.9904374116047702,0.008347891310865867,0.00037407307886455133,0.0008406240054990882,0.9904374116047702,0.0583722096368521,0.04210664868440874
101664.0,0.8416368195105711,0.03396050514322483,0.00039004962766489896,0.12401262571854015,0.8416368195105711,0.5218992246158936,0.3764707115985724
101667.0,0.05330468125102813,0.5221117649271694,0.0002962576898488758,0.4242872961319519,0.5221117649271694,0.8617488947793303,0.6216204284948424
101668.0,0.6222359589742535,0.36082275919275625,3.693433525561199e-05,0.016904347497733993,0.6222359589742535,0.7323722235388098,0.5282948874921322
101669.0,6.19014739454111e-05,0.00029735519997085245,0.00044185978490420463,0.9991988835411795,0.9991988835411795,0.007228470167991313,0.00521423903228744
101670.0,0.28391352738304626,0.438790160035051,2.6525134779538578e-05,0.27726978744712477,0.438790160035051,1.0748690749521441,0.775354142019183
101675.0,0.21022218237934234,0.48657278460265296,0.0005553409232673866,0.3026496920947384,0.48657278460265296,1.0442557539237023,0.7532712988027456
101676.0,0.3178085432892308,0.09750144032302017,0.5846895272788298,4.891089204371976e-07,0.5846895272788298,0.9050732778694859,0.6528723648117131
101677.0,0.8008012877630694,0.07455830992591671,0.0004746492056059115,0.12416575310540877,0.8008012877630694,0.6341176245263592,0.4574191761222341
101679.0,0.8039995133303997,0.09558153365605283,2.796780012540243e-05,0.10039098521342385,0.8039995133303997,0.6308620733962872,0.4550707923868764
101681.0,0.5001599976548765,0.0008773233643080535,1.2236590651678932e-06,0.49896145532175173,0.5001599976548765,0.6996074776221252,0.5046601192671383
101682.0,2.855781599130292e-09,4.306063160841795e-05,3.4357707327115665e-05,0.9999225788052821,0.9999225788052821,0.0008635106887786619,0.0006228912942277943
101687.0,0.03440693269072364,0.9504267490929222,8.510448448666565e-05,0.015081213731868166,0.9504267490929222,0.22831052208749536,0.16469122899919986
101688.0,0.9980284460972408,2.5057397029392606e-05,4.375083937373961e-08,0.00194645275488916,0.9980284460972408,0.014385082067511237,0.01037664328078961
101689.0,0.665689318269192,0.32399296551341605,0.010108034001021263,0.00020968221637103057,0.665689318269192,0.6842579331740993,0.4935877634396024
101692.0,0.6299385671766146,0.33171391689534924,0.00018968510741889757,0.03815783082061615,0.6299385671766146,0.7834058777221691,0.5651078873965195
101693.0,0.00791821972083198,0.16090150968838013,0.00035199838624994236,0.8308282722045365,0.8308282722045365,0.4890523358551564,0.35277668983669896
101694.0,0.9999104284986902,5.889093743076387e-05,2.5024135660238915e-05,5.656428219725308e-06,0.9999104284986902,0.0009966473211497583,0.0007189290738690132
101695.0,6.52956336632036e-05,0.0007229582188389821,0.04715873774698186,0.9520530084005144,0.9520530084005144,0.1966703989986113,0.14186770466247514
101697.0,0.0027732520175813152,0.8963147917661516,0.001479247081380169,0.09943270913488642,0.8963147917661516,0.3535990686300958,0.25506781138779777
101698.0,0.9927869130128162,0.007131185114640482,7.003828820691853e-05,1.186358433590962e-05,0.9927869130128162,0.04324301556298075,0.031193242052898296
101700.0,0.16308118963091836,0.82472039291058,0.011388454960196796,0.0008099624983052673,0.82472039291058,0.5114123182203758,0.36890600767303233
101701.0,0.7213465559042953,0.007825169006705912,4.946461726476335e-07,0.27082778044282757,0.7213465559042953,0.627354711395961,0.4525407655046399
101705.0,0.7890478388816604,0.2046043399608159,0.0009539706777522972,0.00539385047977292,0.7890478388816604,0.5463929396345597,0.39413919219376103
101707.0,0.0022797860973318884,0.8219112660435012,0.02630643423905504,0.149502513620112,0.8219112660435012,0.5548871867440586,0.4002664962842407
101708.0,0.01830208456912786,0.9610914131836337,0.0005484779916341564,0.020058024255605968,0.9610914131836337,0.1938910386924253,0.13986281999718606
101709.0,0.03972297895183613,9.950296654810395e-06,0.9571640804526459,0.003102990298863417,0.9571640804526459,0.1880800524049606,0.13567107944738652
101710.0,5.001915167734793e-07,0.9586038419179622,0.04136217995086233,3.34779396576406e-05,0.9586038419179622,0.172634103498971,0.12452918250313876
101711.0,0.12301195286795029,0.3093293913991015,0.0005843171905174769,0.5670743385424306,0.5670743385424306,0.946751154187769,0.6829365975512984
101714.0,0.015341481345209336,0.009046571721928498,0.0021378945374749404,0.9734740523953871,0.9734740523953871,0.1459664358583967,0.10529252657457294
101716.0,0.006257298689862187,0.00042261180628939396,0.0006334751440380695,0.9926866143598092,0.9926866143598092,0.04698454246343015,0.033892183205213804
101718.0,0.01042886496472201,0.08415469971863435,0.0012012189597336049,0.9042152163569109,0.9042152163569109,0.35500094569859203,0.2560790519351255
101721.0,0.9872887661368464,0.010719956812928073,0.0010160915883362749,0.0009751854618903107,0.9872887661368464,0.07501559220712065,0.054112311433280866
101722.0,0.8953011662568969,0.09493056136702152,1.2647352466032783e-05,0.009755625023615377,0.8953011662568969,0.3678506642400107,0.26534816454338733
101723.0,0.010775867601304074,0.9880412456933556,0.0007584738506637359,0.0004244128546762332,0.9880412456933556,0.06945096138633557,0.05009827878851861
101724.0,0.8692629004708302,0.12958266446507105,0.00026039266926193257,0.000894042394836608,0.8692629004708302,0.39501111641681097,0.2849402893752731
101725.0,0.6417176238764148,0.33797824911548185,0.020286759451826033,1.73675562785533e-05,0.6417176238764148,0.7305641291720084,0.5269906231039103
101726.0,0.35052794358065936,0.015600505707461774,0.10650237656279829,0.5273691741490818,0.5273691741490818,1.0083297612720465,0.7273561730839669
101727.0,0.014747134706602551,0.009172699747153732,0.0006759344757304247,0.9754042310705134,0.9754042310705134,0.1344429839658538,0.09698011312492585
101728.0,0.08136474109597143,0.8545379824709549,0.0008610154637235816,0.06323626096934855,0.8545379824709549,0.5191215566920967,0.3744670477291234
101730.0,0.0020478349464753643,0.9912386557135004,0.003987992759143086,0.002725516580880022,0.9912386557135004,0.05952691624344213,0.04293959343191332
101731.0,0.05744375986861626,0.7887585283387444,0.00013714079719273785,0.15366057099544528,0.7887585283387444,0.6403098443945989,0.46188591857023586
101732.0,0.837414365692237,0.08847157837314995,0.00015089577964007248,0.07396316015497165,0.837414365692237,0.5570795047819666,0.4018479194649114
101733.0,0.9999840396843307,1.800822666261985e-10,1.596006168455618e-05,7.390268605588197e-11,0.9999840396843307,0.00019225155504406103,0.00013868018253262922
101736.0,0.0001299099601506073,0.017975029301518498,0.001619457197651463,0.9802756035406791,0.9802756035406791,0.10333472814109694,0.07454024992038488
101740.0,0.05032349347664119,0.9289372454399539,0.006724602193871215,0.014014658889533491,0.9289372454399539,0.31235296407160074,0.22531503613653348
101742.0,0.013336151150617292,0.006096339036716356,0.0005593436190742872,0.9800081661935903,0.9800081661935903,0.11264702709236842,0.0812576536785223
101743.0,0.4166297818363425,0.5563381860723566,0.01313097300391806,0.013901059087381632,0.5563381860723566,0.8073398673169233,0.5823726114450395
101744.0,0.0007366909131788519,0.0051205871645351834,0.00047082939559840503,0.9936718925266878,0.9936718925266878,0.04223754334340844,0.030467947160434005
101755.0,0.3574280411604576,0.2470350896153888,0.00039637921639498817,0.3951404900077583,0.3951404900077583,1.083138497918051,0.7813192697711465
101756.0,7.013491759271854e-12,3.1432036241985732e-09,2.893518724365943e-05,0.9999710616625375,0.9999710616625375,0.0003313854263781923,0.00023904405562934637
101758.0,0.04254328841857253,0.469980691997242,0.0009687707805060568,0.4865072488036789,0.4865072488036789,0.8464373581376016,0.6105754895041366
101761.0,0.0038540637308931607,0.306951261651236,0.0015008233024160467,0.6876938513154559,0.6876938513154559,0.6511915622609199,0.4697354187712829
101762.0,0.5718795638567612,0.4062455071490349,0.0013421857482338482,0.02053274324596956,0.5718795638567612,0.7741879158107247,0.5584585334281474
101763.0,0.7221462743902797,0.14504371056038787,6.825910605785668e-06,0.1328031891387285,0.7221462743902797,0.7833131581201167,0.5650410043414824
101764.0,8.672961702554842e-109,3.961290563259931e-58,1.0,1.9430356747153316e-124,1.0,1.067249536536822e-13,7.698578068763589e-14
101765.0,0.03782681505144315,0.0006040285344288275,0.00025548039876968805,0.9613136760153583,0.9613136760153583,0.16839145894421773,0.1214687613734402
101766.0,0.24689995881714852,0.15634111935132877,0.00019539883223920962,0.596563522999283,0.596563522999283,0.9453166693468031,0.6819018354681524
101768.0,0.9987517413060973,0.0007634218278729852,0.0002629147667226831,0.00022192209930528507,0.9987517413060973,0.010761548879070765,0.007762816600059788
101772.0,0.13211202697196597,0.8567316171925541,0.0014982860496719809,0.009658069785806345,0.8567316171925541,0.4544425957078761,0.3278110395982305
101775.0,0.8991523775181357,0.06607337721248485,3.145261268078459e-06,0.03477110000811222,0.8991523775181357,0.39193793117715425,0.28272345482278016
101778.0,0.9849752385622021,0.007693903048551929,8.645883266295962e-07,0.0073299938009186456,0.9849752385622021,0.08840477467716258,0.06377056500882433
101779.0,0.0662161020510254,0.7575045643817645,0.00010500982992686001,0.17617432373728184,0.7575045643817645,0.6969942911803231,0.5027751037068852
101780.0,0.11511623231892343,0.8500147208541344,6.699369029326196e-05,0.0348020531366496,0.8500147208541344,0.5045004333795197,0.36392013668148293
101781.0,0.8730333764087922,0.10105283487722175,6.537491021937103e-05,0.025848413803765753,0.8730333764087922,0.4452851121914027,0.32120531157011123
101783.0,0.24065274325569655,0.7397682524816863,0.00016307922869910363,0.01941592503391965,0.7397682524816863,0.6437188015814099,0.46434496138424336
101785.0,0.0008940720671751142,0.48999191234667183,0.007341398236784745,0.5017726173493678,0.5017726173493678,0.7379237115968552,0.5322994396375803
101786.0,0.6980544664368434,0.2976216747857889,0.000995686336594166,0.003328172440773382,0.6980544664368434,0.6374892307611961,0.45985127591964886
101787.0,0.9948172923299845,0.0017788142450886563,0.003328561587326612,7.53318376002325e-05,0.9948172923299845,0.036137695454268114,0.02606783701051412
101790.0,0.0022431242560349376,0.008486675564224336,0.0022238479726039793,0.9870463522071378,0.9870463522071378,0.08061174228642029,0.058149080417018856
101793.0,0.7391884149819565,0.09202401454483246,1.6131045185184958e-05,0.16877143942802683,0.7391884149819565,0.7433845725388983,0.5362386181376153
101794.0,0.23043623711845368,0.6191398329617719,6.528193794328696e-05,0.15035864798182927,0.6191398329617719,0.9205789540378806,0.6640573458685997
101795.0,0.13493004164266223,0.6870942676937819,3.5574849655754185e-06,0.17797213317858876,0.6870942676937819,0.8353674202002477,0.6025902172215521
101799.0,0.999968627255497,2.8139006344251292e-05,2.0135529300698106e-06,1.2201852302575484e-06,0.999968627255497,0.00036924635322530404,0.00026635494133224035
101802.0,0.9984383884272535,0.0006831289533403568,0.0008784361912182137,4.642818705149221e-08,0.9984383884272535,0.012722262393807176,0.009177172432216883
101807.0,6.446617762556465e-13,0.8505986782112521,0.14940132055045127,1.2376503449019398e-09,0.8505986782112521,0.42166923714090637,0.30417005865930896
101809.0,2.139604687081893e-07,0.9863358925572706,0.013548936151062573,0.00011495733119899042,0.9863358925572706,0.0728964175548954,0.05258365005250939
101811.0,0.16388077847736995,0.7517497285764573,0.0843186670409619,5.082590521175661e-05,0.7517497285764573,0.7199459636469794,0.5193312357307616
101814.0,6.841549572493278e-23,6.297189556810666e-12,0.0007712324098313318,0.9992287675838737,0.9992287675838737,0.006298759434031593,0.004543594499614977
101817.0,0.2297006580238087,0.6541649143720877,0.0014489556642787304,0.1146854719398234,0.6541649143720877,0.87333971176185,0.6299814355851089
101821.0,0.003408235829999276,0.9762307515189995,0.0009905925465579165,0.01937042010444304,0.9762307515189995,0.1260978207128881,0.09096035030469464
101822.0,0.27896255550077637,0.6644297815537752,0.000282221066998221,0.05632544187844865,0.6644297815537752,0.7921143115628875,0.5713896945544765
101823.0,2.0428597958458863e-19,0.04988905069036478,0.9501109492897547,1.9882973116067415e-11,0.9501109492897547,0.19818843071550282,0.14296273307741092
101828.0,0.48353283123824425,0.002768144785069025,0.00014669331464155298,0.5135523306620463,0.5135523306620463,0.7111834746382317,0.5130104360113794
101829.0,0.0016342751336481103,0.7981469118849686,0.0015167387757887363,0.19870207420559405,0.7981469118849686,0.5213764948517761,0.3760936417793638
101830.0,0.006515140943170352,0.0009713375441531426,1.1014824290523833e-05,0.9925025066883858,0.9925025066883858,0.04712786022747834,0.03399556511894561
101832.0,0.9374822691452662,0.056997855887518094,0.0001839875421996619,0.005335887425016514,0.9374822691452662,0.2533122914901227,0.1827261933645098
101834.0,0.03860379493874146,0.3380009212813631,0.00034391114472091686,0.6230513726351737,0.6230513726351737,0.7897889490392841,0.5697123000639407
101837.0,1.1487332051122551e-15,0.9916197313089121,0.008380268691070687,1.551976185238812e-14,0.9916197313089121,0.04841845561219528,0.034926532899608266
101838.0,0.3340844428649176,0.018627569679609192,0.020426336341917265,0.6268616511135559,0.6268616511135559,0.812713305220191,0.5862487275528241
101839.0,0.31215507176196716,0.6526027557156201,0.0028214396970509146,0.03242073282536024,0.6526027557156201,0.7696829088765306,0.5552088578465812
101840.0,0.9725421817763793,0.001489947524828732,0.02581337218806543,0.00015449851073004578,0.9725421817763793,0.1325271744618242,0.09559814868955012
101843.0,0.16106111663953807,0.8272024016565254,0.009098393060847096,0.0026380886430883224,0.8272024016565254,0.5094416536421721,0.3674844736659173
101844.0,7.2426257194934e-07,0.00022531757306268782,0.7321059731140701,0.267667985050296,0.7321059731140701,0.5829835912018856,0.42053376797329955
101845.0,0.003197856204126444,0.002957523127669115,0.7918902052382216,0.2019544154299833,0.7918902052382216,0.5434383128666569,0.39200787950089544
101846.0,0.9935152354283093,0.006391699032634346,3.446424053548857e-05,5.8601298519404146e-05,0.9935152354283093,0.039684578701798465,0.028626372446426213
101847.0,0.09257093001340946,0.8976855010726863,0.0037486947287943924,0.005994874185109563,0.8976855010726863,0.3688069728289859,0.2660379953728243
101848.0,0.0340940713855182,0.0013014285103907512,0.2553439168133087,0.709260583290784,0.709260583290784,0.7160734955914024,0.5165378405008707
101850.0,0.002780078715134339,0.9908950127844829,0.00011488997549399745,0.0062100185248878444,0.9908950127844829,0.05802394631967401,0.041855429804100557
101851.0,0.0005231883692699882,0.8126144900501946,7.248843277106509e-06,0.18685507273725974,0.8126144900501946,0.48608983697797015,0.3506396986173211
101853.0,0.07362267482050618,0.728382915608819,3.463355758560246e-05,0.19795977601308862,0.728382915608819,0.7439016805635799,0.5366116327290212
101861.0,0.9810397283103576,0.0007237121439650333,3.465070460157172e-05,0.018201908841076656,0.9810397283103576,0.09728950688733035,0.07017954455844207
101862.0,0.00873805172419799,0.016942583372952392,3.727286126967946e-05,0.9742820920415802,0.9742820920415802,0.13627395662958744,0.09830088071591174
101864.0,1.5176434940007972e-06,0.9984763546686444,0.0014720509418547968,5.007674600599253e-05,0.9984763546686444,0.011638064953736272,0.008395089297149482
101865.0,0.051485213178999775,0.8709873397638748,0.07690068418979892,0.000626762867325565,0.8709873397638748,0.47492754589762437,0.3425878076240341
101866.0,0.0025232490557058167,0.31697461412008887,0.41679349726559084,0.26370863955861557,0.41679349726559084,1.0955402030371102,0.7902652090080635
101867.0,0.006569740229976116,0.0007347576311815216,7.668683655880552e-06,0.9926878334551873,0.9926878334551873,0.04569247140155773,0.03296015094849406
101870.0,0.9336893693110329,0.04156372432243998,7.081999863339596e-05,0.024676086367892376,0.9336893693110329,0.2882820004975139,0.20795150624765651
101871.0,0.3432529950730986,0.02103945200161771,1.343923724934903e-05,0.635694113688036,0.635694113688036,0.7364211582381167,0.5312155764979188
101874.0,0.44447425014931435,0.4829945829962588,0.00010138816987434239,0.07242977868455235,0.4829945829962588,0.90297759241952,0.6513606473087487
101875.0,0.044934003886944046,0.832653267030749,0.09340585652172918,0.02900687256057627,0.832653267030749,0.6160383941777348,0.4443777681387092
101876.0,0.471035530114116,0.041320517285385674,0.03807261963601163,0.44957133296448726,0.471035530114116,0.9701151771789811,0.6997901776036171
101879.0,0.9976552288700402,3.518862238221208e-05,0.0022775929057116304,3.198960186600015e-05,0.9976552288700402,0.016892291523082564,0.012185212604800945
101880.0,0.0429213151963597,0.0008752069945328669,6.568498043475244e-05,0.9561377928286743,0.9561377928286743,0.18481374284363522,0.13331493514432036
101882.0,0.0628588214680068,0.8654582072399817,0.00026514356656325185,0.07141782772544965,0.8654582072399817,0.4896472313636703,0.353205816236689
101883.0,0.06284923187400207,0.6608401565251387,9.446828697541087e-05,0.2762161433138824,0.6608401565251387,0.803900769787233,0.5798918269694306
101884.0,0.004465500431023684,0.565045532283453,0.003924266671580683,0.42656470061394236,0.565045532283453,0.7318922265446701,0.5279486428505887
101885.0,0.9972284139385931,0.0025196126189132723,1.5401015863424873e-06,0.00025043334090813456,0.9972284139385931,0.019941507036722414,0.014384756654865898
101888.0,0.3319424997865239,0.3804170296936188,0.00018981676940967127,0.2874506537504478,0.3804170296936188,1.0937247463474706,0.7889556338265177
101893.0,0.027388400522994287,0.15539042455041427,0.0006884888709068396,0.8165326860556833,0.8165326860556833,0.5583561731578247,0.4027688410322665
101894.0,3.4369032543395867e-14,3.758830997222655e-32,0.9999999999999645,5.74358823503062e-48,0.9999999999999645,1.170988570235462e-12,8.446897016081793e-13
101895.0,1.5704208286126068e-08,0.834106897031886,0.1658930838733521,3.390554261478804e-09,0.834106897031886,0.44931438231691523,0.3241118155843507
101896.0,0.10088410321303673,0.0021243383752245844,2.7691186909443587e-05,0.8969638672248302,0.8969638672248302,0.3423062207284707,0.2469217435552038
101899.0,0.9819757628322238,0.01275934965469968,0.0007877161535732277,0.004477171359502217,0.9819757628322238,0.10335587981952984,0.0745555076311757
101903.0,0.7979766391256038,0.04296987351432435,0.00025274163730899877,0.1588007457227613,0.7979766391256038,0.609624881101692,0.4397513963839675
101904.0,0.2318482959907212,0.012563813690619086,0.0006834171378685762,0.7549044731807902,0.7549044731807902,0.611110186630068,0.44082281784396404
101905.0,3.3396023936857568e-09,0.3054369450220414,0.694561905060148,1.1465782088962804e-06,0.694561905060148,0.6154173518979075,0.4439297808300646
101910.0,8.309623760327411e-05,0.9989316082181292,0.0009473320463846454,3.7963497881986584e-05,0.9989316082181292,0.008830172499107346,0.006369623037328137
101912.0,0.9354210027915212,0.006350788039790092,7.204530327201818e-06,0.05822100463836288,0.9354210027915212,0.2602143983042985,0.18770501100075845
101915.0,0.0001178067453856811,0.9576667665686168,0.004950394941758326,0.03726503174423859,0.9576667665686168,0.19135888990317915,0.13803626074666686
101917.0,0.07312149249957438,0.9124657350236405,0.0010347534585792156,0.01337801901820701,0.9124657350236405,0.3396723261050216,0.24502179019946677
101920.0,0.2995997393149131,0.2103558027461074,3.954404357838371e-05,0.4900049138954001,0.4900049138954001,1.0389860755223215,0.7494700293543696
101922.0,0.9374821433094381,0.025769365554361413,2.257509251131764e-06,0.03674623362694994,0.9374821433094381,0.2762291670408244,0.19925722471934323
101928.0,0.0012779132481259932,0.12310347460928678,0.00022645514682645662,0.8753921569957595,0.8753921569957595,0.3847833939100126,0.2775625471051999
101934.0,0.0044567295384765155,0.3970779093702883,0.00015468437733427522,0.5983106767139009,0.5983106767139009,0.6995525794406675,0.5046205186000668
101941.0,0.00012404626588476616,0.000858197502817575,0.0008032927893012396,0.9982144634419956,0.9982144634419956,0.014684074650562259,0.010592320839204755
101945.0,5.6198187722095476e-08,0.14150694695490273,0.8584929349974036,6.184950518341697e-08,0.8584929349974036,0.4076916931640394,0.2940873919696923
101947.0,0.005849733119074738,0.0005224125304740583,0.9909692293447039,0.0026586250057485544,0.9909692293447039,0.058778851799046114,0.042399978999815575
101949.0,4.113787367642297e-10,0.382331107225996,0.6176688851948859,7.16774110878755e-09,0.6176688851948859,0.6651939398951997,0.47983599915809794
101950.0,0.14183416564471055,0.08565950091106282,0.00018607479941215273,0.7723202586448139,0.7723202586448139,0.6886451906538051,0.49675250074413974
101957.0,0.9779441463059899,0.00021308995457074492,2.2621200838798873e-07,0.02184253752742976,0.9779441463059899,0.10713928637771043,0.07728465857075266
101959.0,0.5644911435947532,0.2515890739036683,0.00039810678784643844,0.18352167571373365,0.5644911435947532,0.9842391733006033,0.7099784871847167
101962.0,0.017460179999005312,0.7214245028716573,8.40661060519001e-05,0.261031251023284,0.7214245028716573,0.6576247493414202,0.4743759823203573
101965.0,7.464706431661919e-05,0.8548779040214084,3.287192079968973e-05,0.14501457699347445,0.8548779040214084,0.4151023464883406,0.29943304837005064
101966.0,0.8850045483152286,0.03142890164315407,4.264655462777243e-06,0.08356228538615605,0.8850045483152286,0.4243271688949476,0.3060873511395973
101971.0,0.9595223003228951,0.00457628960312306,4.956580312263196e-06,0.035896453493667775,0.9595223003228951,0.18379129340206657,0.13257739377486497
101976.0,0.00022402750356542258,0.8016654510264423,3.049953668601675e-06,0.19810747151632313,0.8016654510264423,0.4998659185080297,0.3605770408704706
101977.0,0.07638127417999963,0.009610919488517087,0.0004434036342649697,0.9135644026972166,0.9135644026972166,0.3271063593943718,0.23595736127075162
101978.0,0.021905508113805792,0.1683719519599033,0.00043148446468353773,0.8092910554616084,0.8092910554616084,0.5582559241109522,0.40269652663087807
101980.0,0.9949217300418014,0.0002704963616032791,0.00015959303836298973,0.004648180558231708,0.9949217300418014,0.033649529298598296,0.02427300452366782
101981.0,0.10099077750354471,0.8610446226020112,0.00014829574918125016,0.03781630414526274,0.8610446226020112,0.48552055188351007,0.3502290462260063
101985.0,0.030176959795809925,0.07900022474697542,0.0005395720274646099,0.89028324342975,0.89028324342975,0.4136913599658867,0.2984152367406979
101989.0,1.982051907273523e-06,0.9328975862152338,0.06709846654004598,1.9651928134149457e-06,0.9328975862152338,0.24612359876879836,0.1775406476947452
101993.0,0.9840059519084167,0.007787280950439142,0.008143589475426507,6.317766571606433e-05,0.9840059519084167,0.09346059173086463,0.06741756610433323
101995.0,1.2551331711082267e-08,4.0731014802247426e-10,0.999999977074346,9.967014184489621e-09,0.999999977074346,4.437162965040021e-07,3.2007365026397034e-07
102000.0,0.0037041625569208037,0.9909720968004007,6.489551565198556e-05,0.005258845127028039,0.9909720968004007,0.05794740264914894,0.041800215217161575
102001.0,0.760961952284845,0.1861033335819289,0.0037614855000842958,0.049173228633141546,0.760961952284845,0.689927362045859,0.4976773918985826
102002.0,4.676787873060794e-13,1.694363465874558e-05,0.9999756608430682,7.395521803351364e-06,0.9999756608430682,0.00029785057492598936,0.00021485377368582576
102005.0,8.565373585695537e-05,0.0035434011063715165,1.3515555333211986e-05,0.9963574296024374,0.9963574296024374,0.024583861191128677,0.017733507313171994
102007.0,0.8550022565198417,0.046529951752664035,2.787619598263055e-06,0.098465004107897,0.8550022565198417,0.5049579914278874,0.36425019504513245
102008.0,0.8753385565949346,0.12292593334837076,1.4310009992181565e-05,0.0017212000467022141,0.8753385565949346,0.3853352118143382,0.277960599582222
102012.0,3.7484071925077894e-18,2.1684969537373644e-13,1.4380654136658727e-07,0.9999998561932412,0.9999998561932412,2.409455959326244e-06,1.738055081880166e-06
102015.0,0.9102921222585032,0.0777682586073237,0.00017437111982756837,0.011765248014343872,0.9102921222585032,0.33795735245322467,0.2437846982081154
102018.0,2.142725397980058e-05,0.9189524569170257,0.08100093403701895,2.5181791977100815e-05,0.9189524569170257,0.2817469113434882,0.20323743589051646
102021.0,0.857800033723359,0.13893348352342633,0.0001636286919700223,0.0031028540612450754,0.857800033723359,0.4251412076636015,0.3066745559869114
102022.0,0.46285436190645307,0.1443960431006102,4.2396397930610364e-05,0.39270719859500464,0.46285436190645307,1.0034778490012866,0.7238562581980401
102024.0,0.0024169855783325797,0.00015635289548582924,0.00036541586891254284,0.9970612456572688,0.9970612456572688,0.021759592747019843,0.01569622827394449
102026.0,0.986811281669756,0.010762751578362506,4.862379351970106e-06,0.002421104372528258,0.986811281669756,0.07651762122692471,0.05519579634235218
102027.0,0.006333077337453688,0.7002050311290433,0.00010203388784284895,0.29335985764566086,0.7002050311290433,0.6422994814611593,0.46332113833478367
102028.0,0.7436841722308042,0.08272755980102882,0.0007493320385247193,0.17283893592964353,0.7436841722308042,0.7352006583080632,0.530335171899672
102030.0,0.46140678017561765,0.24966808574817848,0.00381852578471695,0.2851066082914876,0.46140678017561765,1.0823710390752967,0.7807656652378826
102031.0,0.05592915274354377,0.46544375592349563,7.567843064937649e-05,0.4785514129023098,0.4785514129023098,0.8706423271126482,0.6280356838567221
102032.0,7.883429100286326e-17,0.0025673102358756634,0.8881626902922427,0.10926999947188164,0.8881626902922427,0.36256664108171655,0.2615365475401806
102035.0,0.7899667148620347,0.03756709487609968,1.710072767219909e-05,0.17244908953419297,0.7899667148620347,0.6128206668759739,0.44205666852811754
102037.0,0.8822715534462755,0.0004877947419536376,4.513686799808789e-06,0.11723613812497093,0.8822715534462755,0.36558785067150396,0.2637158895865168
102041.0,0.7173983646683826,0.10728670211087621,3.336156071513888e-05,0.17528157166002528,0.7173983646683826,0.783328507158658,0.5650520763323754
102044.0,0.9809786500737077,0.003840519604609539,5.1523851001822075e-06,0.015175677936581236,0.9809786500737077,0.10382022761341789,0.0748904637609207
102045.0,7.534697599658681e-08,0.0004365573514241458,0.00023896690856153613,0.9993244003930379,0.9993244003930379,0.006046862078212348,0.004361888966588243
102048.0,0.0043792827865279495,0.9874443926787018,0.00033275377799248535,0.007843570756776889,0.9874443926787018,0.07695060893678124,0.05550813095324012
102050.0,0.4441223944913985,0.03949083975199975,0.0016196944397937922,0.5147670713168073,0.5147670713168073,0.8403299153384542,0.6061699007847152
102052.0,0.0024504082357060405,0.06372865451198141,0.000339160763915099,0.9334817764883976,0.9334817764883976,0.25714802753222554,0.1854930920475602
102054.0,5.039090400111909e-25,1.9770658370158052e-08,0.9999999802293404,6.171488254913483e-21,0.9999999802293404,3.704837607866469e-07,2.6724754220839424e-07
102055.0,6.2868268889521e-05,0.7391974433438906,0.0027437150619356475,0.2579959733252857,0.7391974433438906,0.5897059588645612,0.4253829312182868
102057.0,0.38866987176841533,0.5702928847817671,3.3948293180242806e-05,0.04100329515663775,0.5702928847817671,0.8189002797395992,0.5907116862814523
102058.0,0.2001754410187827,0.632717580676154,0.000517689614802294,0.16658928869026077,0.632717580676154,0.9140911554292535,0.6593773884291233
102060.0,9.023388733037362e-06,0.9873028140865795,0.012688108540323647,5.398436503187581e-08,0.9873028140865795,0.06813206227349883,0.049146894183757395
102064.0,0.8156541753170959,0.029504505675241512,9.459314606811726e-05,0.15474672586159502,0.8156541753170959,0.5597808108093062,0.40379649986969457
102067.0,0.11025476453927771,0.8445901679863552,0.0005267702285811981,0.044628297245786125,0.8445901679863552,0.5285050952326094,0.38123583998831745
102068.0,1.4897103715920986e-08,0.9875911476575449,0.01192700458213044,0.00048183286322094857,0.9875911476575449,0.06883611700345359,0.049654762317467474
102070.0,1.3605001497196593e-06,0.9802234843669242,0.019773317104170074,1.8380287546437327e-06,0.9802234843669242,0.09720137478482666,0.07011597068482947
102072.0,0.003919599779755686,0.2673092150982025,0.0003875022369786809,0.7283836828850629,0.7283836828850629,0.6082845315009442,0.4387845385229393
102073.0,0.05036816724272627,0.6761483651663871,0.0004984028298820138,0.27298506476100387,0.6761483651663871,0.7733426283463751,0.5578487874116761
102074.0,0.8509305829565599,0.08330207867510414,0.05542057286921063,0.010346765499125877,0.8509305829565599,0.5520071569791825,0.39818899395454105
102078.0,0.9361518105363386,0.008213722034567458,0.052181033785779755,0.0034534336433133727,0.9361518105363386,0.27487482515423517,0.198280273557618
102079.0,0.9315836769948171,0.009976992019124229,0.002385078245884041,0.056054252740175996,0.9315836769948171,0.28790842681973483,0.20768202980148726
102081.0,0.0015304435126811675,0.07389025679438604,0.00015305894564939437,0.9244262407472842,0.9244262407472842,0.27640548663223413,0.19938441241941243
102082.0,1.7807372343390136e-06,0.008735969562166566,1.883199398617971e-05,0.9912434177066118,0.9912434177066118,0.05035776844171777,0.03632545140055048
102088.0,0.20648426129620343,0.07918133884376617,3.0676402447543846e-05,0.7143037234575843,0.7143037234575843,0.7671845263276,0.5534066557897885
102091.0,0.004058719155077824,0.6700892296144113,0.00018537352821893652,0.3256666777022912,0.6700892296144113,0.6575695394417507,0.4743361567961267
102092.0,0.2383109089580793,0.6916755680082586,1.6911015619616177e-05,0.06999661201804316,0.6916755680082586,0.7830870024409019,0.5648778675030464
102093.0,0.8333978167946051,0.008130139422154707,9.997795254642257e-06,0.15846204598798413,0.8333978167946051,0.48304582594860124,0.3484439088090802
102096.0,0.0019749292284366466,0.9254039442696843,3.167682090850453e-05,0.07258944968097074,0.9254039442696843,0.27476583737822025,0.19820165549563087
102099.0,3.4043742767651727e-10,2.412154644656158e-08,1.5835800733637147e-06,0.999998391957941,0.999998391957941,2.3188572585614663e-05,1.6727019337280022e-05
102100.0,0.0005159779659946408,0.9923011343512467,0.00640670081201751,0.0007761868707414043,0.9923011343512467,0.04948965702598771,0.03569924138334406
102101.0,0.07074795334981701,0.34308300795850466,0.0010624929319076896,0.5851065457597717,0.5851065457597717,0.8752791006907581,0.6313804089801542
102103.0,0.9983977266880586,0.00146980886261621,3.5983745160935164e-05,9.648070416436641e-05,0.9983977266880586,0.01244827633347026,0.008979533266956496
102105.0,0.0004551898941176636,0.0008524642296435077,0.0002463457624958712,0.9984460001137414,0.9984460001137414,0.013126904563279827,0.009469060057833255
102106.0,0.19054781241428959,0.09335369571282348,0.009524121460646294,0.7065743704122406,0.7065743704122406,0.8270120984799237,0.5965631266160806
102107.0,0.9851347178818958,0.0018415645138172084,5.240453815656237e-06,0.01301847715047268,0.9851347178818958,0.08293277999864972,0.05982335521559368
102111.0,0.8965247260501987,0.08966919344656224,6.504968149244377e-05,0.013741030821744746,0.8965247260501987,0.3737155729136226,0.2695788018727306
102112.0,0.9992933553216484,0.00023791292958783188,1.7028654984438455e-05,0.0004517030937793149,0.9992933553216484,0.0063576682296945675,0.004586088213298834
102113.0,0.8427033124446274,0.018963349924264933,0.00023955868535919573,0.13809377894574687,0.8427033124446274,0.4948131580133308,0.3569322446162197
102116.0,0.028489886967694295,0.949676394722973,0.01976913130840279,0.002064587000930457,0.949676394722973,0.2407402783541267,0.17365740286186362
102117.0,0.04530175295840884,0.9040202883008348,0.0005986213818348416,0.0500793373589227,0.9040202883008348,0.3857881515840007,0.27828732656197874
102121.0,0.6376408810597965,0.10258471181537185,2.5728169956136107e-06,0.2597718343078372,0.6376408810597965,0.8707108352423847,0.6280851020262378
102126.0,0.999607452306482,7.21157600721339e-05,0.00021244336705585667,0.00010798856639053557,0.999607452306482,0.0038631662997371534,0.002786685431380079
102128.0,0.5426579472702322,0.4532233273244347,0.0020257116047739097,0.0020930138005577467,0.5426579472702322,0.7158565426328709,0.5163813420221809
102129.0,0.029876814228719618,0.03887424501759895,0.00013638505285086031,0.9311125557008296,0.9311125557008296,0.298800934786709,0.21553931341488583
102130.0,0.17046830274617722,0.8278981869363381,0.001583953786221979,4.955653126351235e-05,0.8278981869363381,0.46865888833077574,0.3380659270316723
102131.0,0.00016431868223366113,0.9987253161729512,0.0010767679400513436,3.3597204763348906e-05,0.9987253161729512,0.01041018977846648,0.007509364584053284
102132.0,0.005681465638263204,0.00078465330352719,0.0001691339070200152,0.9933647471511909,0.9933647471511909,0.043068849767667824,0.03106760798830308
102134.0,0.9874351312381113,0.0027376662476932545,3.1814637063177083e-06,0.009824021050490775,0.9874351312381113,0.07409558865570347,0.05344866915266597
102135.0,0.7387610694110371,0.24100953623846122,0.0044255202427362335,0.01580387410776424,0.7387610694110371,0.6561541241456308,0.4733151504818714
102139.0,0.03671491264194083,0.626847202403027,6.916539046481081e-05,0.3363687195645687,0.626847202403027,0.7812497927625695,0.5635526008570447
102147.0,3.739451407697114e-08,0.9992420948866049,0.0007415001602407202,1.6367558639126573e-05,0.9992420948866049,0.006282500705222291,0.004531866305902807
102148.0,0.30847100435283054,0.591671085871285,0.09985052057916945,7.389196713407001e-06,0.591671085871285,0.9034637914367744,0.6517113657642876
102149.0,0.12122434869350077,0.08725642689102696,0.00011645250246635906,0.7914027719130068,0.7914027719130068,0.6548091679917691,0.47234496969517675
102151.0,0.9709578002864776,0.000940230619857501,2.9830855722670576e-07,0.028101670785108727,0.9709578002864776,0.13555073917580668,0.09777918959888482
102153.0,0.002779249934563905,0.8852840511007358,0.11179045421727145,0.00014624474742995359,0.8852840511007358,0.3704651353924139,0.26723410682644694
102154.0,0.09978845038272503,0.31819691459367155,5.786328367689163e-05,0.5819567717399263,0.5819567717399263,0.9099573896950613,0.6563955067666655
102155.0,0.4313675589545049,0.26894796212953814,3.785710555632734e-05,0.29964662181040175,0.4313675589545049,1.07738909442362,0.7771719518164039
102162.0,4.0150430025480184e-05,0.9935976304188592,0.005017218993127198,0.0013450001579890486,0.9935976304188592,0.042246120117981414,0.03047413399550563
102167.0,2.7244021193976163e-11,0.8955976436017221,0.1044023548392215,1.531812405817317e-09,0.8955976436017221,0.3346496719887656,0.2413987111066552
102168.0,0.00034333328282570207,0.9644986326570859,0.010620638138255131,0.0245373959218335,0.9644986326570859,0.17684643315049658,0.1275677360525615
102169.0,0.9490328745357264,0.03522949903768902,0.00011728053918957519,0.015620345887395099,0.9490328745357264,0.23354837766470873,0.16846954313226903
102170.0,0.004453235319234159,0.9656145307072033,0.00021445857024409936,0.029717775403317027,0.9656145307072033,0.16419737309217178,0.11844336794353558
102171.0,2.6673473543510286e-12,0.9998862498114935,0.00011327160441371094,4.785814260447925e-07,0.9998862498114935,0.0011498626302482592,0.0008294505571813516
102173.0,0.12200707656977981,0.37363557031752453,0.0015840518576302623,0.5027733012550668,0.5027733012550668,0.9804265476065848,0.7072282590939536
102177.0,0.0001071578332399598,0.998023968948988,0.001868006715413547,8.665023575206383e-07,0.998023968948988,0.014702193041435356,0.010605390495535508
102178.0,4.132790287187709e-05,0.3946126173086627,0.6051186118571854,0.00022744293127904198,0.6051186118571854,0.6732256246377895,0.48562963503215684
102179.0,0.001053620238052225,0.10503050700997478,0.0020223533427596837,0.8918935194092125,0.8918935194092125,0.35849570952857746,0.2585999911584245
102181.0,1.727618744583669e-12,7.31864475717289e-23,0.9999999999982734,1.8473639334447129e-34,0.9999999999982734,4.859010983319707e-11,3.5050355246301735e-11
102183.0,0.7094865460349388,0.2878395731783106,0.00043361962324669616,0.0022402611635033726,0.7094865460349388,0.6189929838813608,0.4465090540953507
102184.0,0.0003088956171202513,6.174850394562894e-05,0.0068912032597657205,0.9927381526191692,0.9927381526191692,0.044631591040752136,0.0321948875307387
102185.0,0.00016826952282081553,0.3978326436805366,0.021434826932033045,0.5805642598646101,0.5805642598646101,0.766207115380088,0.5527016028263454
102187.0,0.7357117830198963,0.23720935567079013,0.0002131144399748296,0.02686574686933753,0.7357117830198963,0.6660744467731383,0.48047115061123324
102191.0,0.09906148375178676,0.34381470394923414,0.00030290656700568305,0.5568209057319718,0.5568209057319718,0.9245854822975964,0.6669474450943365
102192.0,1.4183778076939744e-05,0.9990771799127142,0.0007068387033812228,0.0002017976058276059,0.9990771799127142,0.00792558548403903,0.005717101436982332
102193.0,0.4708678936992036,0.02003745974246162,5.797040967899545e-05,0.5090366761486572,0.5090366761486572,0.7772817297329747,0.5606902484296791
102194.0,0.0033017376788779546,0.00027981544479148743,1.8608181159039608e-05,0.9963998386951699,0.9963998386951699,0.024949467065121914,0.017997236203836954
102196.0,0.9521682951185487,0.0060184982447054,2.3542010062784726e-07,0.04181297121664486,0.9521682951185487,0.21018207120416849,0.15161431590501245
102198.0,0.0001829020689757398,0.03355532029594222,0.008408523817702188,0.9578532538173794,0.9578532538173794,0.19690573466579206,0.14203746346246812
102199.0,0.00012395316772972334,0.7534936163674053,0.0020611721941190485,0.24432125827074772,0.7534936163674053,0.5714421117124655,0.4122083503613455
102201.0,0.3184572744699323,0.3035797122482121,0.00027814953275211905,0.3776848637491034,0.3776848637491034,1.0963280881207453,0.7908335479595389
102202.0,0.9997207640840804,0.00014526752883111695,6.202571885075769e-07,0.00013334812989843956,0.9997207640840804,0.002761586834560642,0.001992063815602444
102204.0,8.538195514278443e-06,0.9895240471411614,0.0022704639013593404,0.008196950761966582,0.9895240471411614,0.06372069543203435,0.04596476565089599
102210.0,1.4126507077386065e-05,0.3788218324907471,0.6211607617800274,3.2792221483957026e-06,0.6211607617800274,0.6636926945711739,0.478753079566033
102211.0,0.0001795938454350858,0.08301097382649024,0.00022166972979434499,0.9165877625982808,0.9165877625982808,0.28984288385720913,0.2090774455888757
102212.0,0.8715177213781806,0.019011711207392555,0.00018023770267278582,0.10929032971175343,0.8715177213781806,0.43868307580160604,0.3164429489904471
102214.0,0.6476126397980829,0.31256411792037087,0.00178788187300993,0.03803536040853575,0.6476126397980829,0.7805166332096154,0.5630237380314311
102215.0,0.8074692598121544,0.13272971475661352,0.00010576471147460983,0.05969526071975629,0.8074692598121544,0.6099367426753571,0.4399763569568528
102217.0,0.4794273597883974,0.42152191335227,0.0001662607729440232,0.09888446608638927,0.4794273597883974,0.9468490135229495,0.6830071881400832
102218.0,0.03386873439603658,0.8993298665404308,0.0010027035222693423,0.06579869554126296,0.8993298665404308,0.39605050531097163,0.28569004997685343
102221.0,0.6894527593025684,0.21181201923792536,2.3520095795366057e-05,0.09871170136370964,0.6894527593025684,0.8139447643616707,0.5871370375510592
102223.0,0.974409062811848,0.006077878514889255,4.5826599188766925e-06,0.019508476013343604,0.974409062811848,0.13313605552862673,0.09603736353733372
102225.0,0.4582558531167557,0.15988446574086973,3.119224653176193e-05,0.3818284888958432,0.4582558531167557,1.0186483956092727,0.7347994943774984
102226.0,0.9986911900876546,0.00019071491559961604,2.765654370614805e-05,0.0010904384530385123,0.9986911900876546,0.01066972028322477,0.0076965762701403815
102229.0,5.945801642458893e-09,1.5756053456241568e-07,0.9995890755871778,0.0004107609064875799,0.9995890755871778,0.0036163283910377354,0.0026086295179880525
102232.0,0.838965088106735,0.09304984014665477,2.620026140536178e-05,0.06795887148520535,0.838965088106735,0.5512764850484877,0.397661925569076
102234.0,0.00046559713409549864,0.003974863960470604,0.0003519580961129813,0.9952075808093213,0.9952075808093213,0.0331239498888074,0.023893879119618485
102238.0,2.8082294366261503e-16,2.4101392767735453e-07,0.002002478350719503,0.9979972806353532,0.9979972806353532,0.014446523541103689,0.01042096393541798
102239.0,0.008654321542780357,0.8430538740877483,0.00026279296634630525,0.14802901140312408,0.8430538740877483,0.4699885615575252,0.3390250835167895
102240.0,0.005388745538941125,0.1623184277877707,0.002063140959570484,0.8302296857137182,0.8302296857137182,0.4904985157064755,0.3538198880865648
102242.0,0.7358842873578991,0.25308332856058674,0.0005129039554322372,0.010519480126080723,0.7358842873578991,0.6252251940158421,0.4510046434227477
102243.0,0.038133609187685984,0.9526448267736829,0.0013589893406931184,0.007862574697938012,0.9526448267736829,0.21785521711861233,0.1571493206844052
102245.0,6.190832365686953e-17,0.6338383201965362,0.3661616754864222,4.3170401338530956e-09,0.6338383201965362,0.6568812980598979,0.4738396955818599
102248.0,0.612025292606273,0.3245795656022369,2.8749568229091356e-05,0.06336639222326079,0.612025292606273,0.8408353105417179,0.606534466361434
102249.0,0.7551583441057911,0.2398791135783931,0.004757724601980218,0.0002048177138338175,0.7551583441057911,0.5817095773428571,0.41961476123507746
102250.0,0.9961711875029726,0.002966205251687243,3.945134557362872e-06,0.0008586621107844963,0.9961711875029726,0.027197547244516784,0.01961888326700383
102251.0,0.016370622756410172,0.698339760789114,0.00028142125781653463,0.2850081951966584,0.698339760789114,0.6781126669285875,0.48915489087093134
102254.0,2.3809290260246783e-06,9.330686507344357e-09,0.9999961680866695,1.4416536167038151e-06,0.9999961680866695,5.4222583285056624e-05,3.9113326004769996e-05
102255.0,0.6276877893683156,0.2651037510645406,1.6779986863729248e-05,0.10719167958028025,0.6276877893683156,0.8838409058397951,0.6375564458949409
102256.0,0.03353307515585081,0.05974419253203212,0.00368424816702661,0.9030384841450907,0.9030384841450907,0.39493885429959585,0.2848881632761979
102258.0,0.5283816887512495,0.07186223588326376,1.30339017030944e-05,0.3997430414637839,0.5283816887512495,0.89297179863051,0.6441429927689675
102260.0,0.5160275638752606,0.015820484775373407,0.0001152106469754012,0.4680367407023902,0.5160275638752606,0.7633824289262212,0.5506640222568154
102263.0,1.2143737743569335e-06,0.9499385190992815,0.05005141537430288,8.851152639914626e-06,0.9499385190992815,0.19879567775463725,0.1434007692233878
102265.0,0.9458932357090051,0.018378663182210778,6.966578680085555e-05,0.03565843532198151,0.9458932357090051,0.24561120797984853,0.17717103586963764
102266.0,0.7808528434510862,0.21146749462890035,0.007654152802740629,2.5509117272269047e-05,0.7808528434510862,0.5592768175836014,0.40343294560601156
102267.0,4.786539155314172e-18,2.608847389486124e-09,0.99999999678964,6.015095965586691e-10,0.99999999678964,6.754358282265059e-08,4.8722395991055496e-08
102269.0,0.01905117541532466,0.021492296822207782,0.00011036247738861347,0.9593461652850779,0.9593461652850779,0.19880794421222076,0.1434096176021503
102271.0,0.010624509184703652,0.9822079075163943,0.0002947675243970469,0.006872815774506355,0.9822079075163943,0.10254105275872297,0.0739677341512716
102272.0,0.7872229663486802,0.07524571660823581,0.000900173061421043,0.13663114398166432,0.7872229663486802,0.6612716596896532,0.4770066720573385
102276.0,9.632767346829349e-08,0.01923957401773252,0.9807603288667149,7.878788014155383e-10,0.9807603288667149,0.09506640205472215,0.06857591339975201
102279.0,0.004232265401745146,0.27387865952120993,0.012642953623833377,0.7092461214532109,0.7092461214532109,0.6767428672741379,0.4881667892866884
102281.0,0.11599922947420017,0.0031882403669482723,0.008823300532457945,0.8719892296263941,0.8719892296263941,0.42939008095046677,0.3097394701970745
102283.0,0.6447281015983494,0.03118667725230273,2.2889053833709175e-05,0.3240623320955148,0.6447281015983494,0.7565406468212554,0.5457287196999769
102285.0,0.9241761980047203,0.039154537189570425,0.026225901204937622,0.01044336360077193,0.9241761980047203,0.3428728197934574,0.2473304583858181
102288.0,0.2568267959131331,0.15686339421449197,3.0802785353375025e-05,0.586279007087022,0.586279007087022,0.9530581875971165,0.6874861604624917
102296.0,0.24926350782175832,0.7085754123372977,0.00036885920819121603,0.041792220632752695,0.7085754123372977,0.7259994221943219,0.5236978830440006
102300.0,0.5151583579765424,0.05384888570901687,0.43099130796358504,1.448350856569544e-06,0.5151583579765424,0.8617889861122606,0.6216493482784431
102301.0,7.661204918197845e-11,0.0437282552743704,0.9562717319140508,1.2734969097271055e-08,0.9562717319140508,0.1796171515502137,0.12956638690004735
102306.0,0.00037389208303626614,0.917971982261436,0.07499693951667233,0.006657186138856439,0.917971982261436,0.30914972324018203,0.22300438630540306
102307.0,4.364585325956705e-09,0.9959005219526037,0.004068734621792667,3.073906101729029e-05,0.9959005219526037,0.02680656319128911,0.019336847889674713
102309.0,0.034344224418843626,0.009379788997515324,0.00012969025694107268,0.9561462963266987,0.9561462963266987,0.20362004330374267,0.14688081334995276
102311.0,0.20795101974981972,0.7284412029441084,2.833203119305722e-05,0.06357944527487795,0.7284412029441084,0.7328702660545514,0.5286541492259383
102313.0,7.128408469236506e-07,0.977622110349434,0.022371986845949737,5.189963767695497e-06,0.977622110349434,0.10721119589368543,0.07733653032179759
102315.0,0.8958353144325306,0.015468081918182223,2.8791499438129108e-06,0.08869372449934189,0.8958353144325306,0.3779299233682115,0.2726188131234324
102317.0,0.003423148324265742,0.9645783898272615,0.004116069619738415,0.02788239222873346,0.9645783898272615,0.1766418522055388,0.12742016209518603
102320.0,0.7578638426174086,0.22889499117311052,0.01019062823618104,0.0030505379732998724,0.7578638426174086,0.6120299268101308,0.44148627014230546
102322.0,0.47372404576692917,0.42872548122097415,0.000100202901800593,0.09745027011029457,0.47372404576692917,0.9448648785933385,0.681575937328381
102324.0,0.8202624545611215,0.009047348665785162,3.344558798687517e-05,0.170656751185106,0.8202624545611215,0.5071727544854481,0.36584780888507584
102326.0,0.1482637989169117,0.6449353548596268,0.00015370595426618944,0.20664714026919714,0.6449353548596268,0.8930512801620893,0.6442003265746933
102328.0,8.886998370513879e-07,0.9871332871018453,0.012865824108038958,9.027790232465371e-11,0.9871332871018453,0.06880322240912297,0.04963103388341105
102329.0,0.004116124954026342,0.9140274972835035,0.00011962663200890044,0.08173675113046167,0.9140274972835035,0.3105451360546866,0.2240109638791424
102331.0,0.09961494141272206,0.8938208286373707,0.0004962849515327455,0.006067944998376275,0.8938208286373707,0.3648386968116584,0.26317548930728585
102334.0,0.021910818591803567,0.39526551608263394,0.0034675011617402223,0.5793561641638222,0.5793561641638222,0.7864763504284267,0.5673227652697709
102336.0,0.8170181186976064,0.034180761497046186,0.0003507729473031967,0.14845034685804506,0.8170181186976064,0.5664721416293845,0.4086232747652318
102337.0,0.012311838592239657,0.9766422003533554,0.0020946346866375465,0.008951326367768957,0.9766422003533554,0.13235493384933925,0.09547390335081427
102338.0,0.3136901802986511,0.6597971670433969,0.00019749712488146382,0.02631515553307207,0.6597971670433969,0.7354441457504548,0.5305108109625006
102340.0,0.9996730901995741,3.475205351551734e-05,0.0002917987126415661,3.590342682298885e-07,0.9996730901995741,0.0030640731176483052,0.002210261545876198
102341.0,0.07158473485324107,0.2693549063462439,0.00017669637123935122,0.658883662429277,0.658883662429277,0.8184981389016845,0.5904216029851531
102342.0,0.0013954255958410406,0.9969814331621933,6.562577692603002e-05,0.0015575154650404684,0.9969814331621933,0.02288920046555859,0.016511068000787367
102344.0,0.9734002917976632,0.002031148491978961,5.878651906396177e-05,0.024509773191293646,0.9734002917976632,0.13030582091021975,0.09399578081306971
102345.0,0.00021307781872656627,0.015335295994419991,0.006848261776479893,0.9776033644103739,0.9776033644103739,0.12214006645996531,0.08810543408782018
102348.0,5.686550376848642e-08,5.180401018843162e-05,1.3478788777699324e-05,0.999934660335529,0.999934660335529,0.0007286468314714997,0.0005256075851616945
102349.0,0.20979634624566001,0.7852218697867516,0.00018200570850080298,0.004799778259087988,0.7852218697867516,0.5446739770225567,0.39289922277585587
102350.0,0.8891785533295545,0.007921184933088334,9.315650960330233e-07,0.10289933017226108,0.8891785533295545,0.3767712686779039,0.2717830204355276
102352.0,0.6435771534019002,0.31874815753144153,0.00025456894179363813,0.037420120124863204,0.6435771534019002,0.7731273714249067,0.5576935123651163
102353.0,6.583886858638964e-05,0.9602868672285945,0.039380069471152565,0.00026722443166407014,0.9602868672285945,0.16912105481740689,0.12199505354749172
102355.0,1.3205542504641968e-12,6.265337360143391e-05,0.0007547481361862797,0.9991825984888929,0.9991825984888929,0.006849399826822663,0.00494079758161139
102356.0,0.14404628595678454,0.09118666106888523,0.00015662517414424088,0.7646104278001872,0.7646104278001872,0.7040703070737568,0.5078793702262393
102358.0,0.17204451841473528,0.27312973133560986,5.867099146043755e-06,0.5548198831505073,0.5548198831505073,0.984190344583125,0.7099432647104373
102359.0,0.9845777429201691,0.011616159600629916,3.5736859557464852e-06,0.0038025237932442185,0.9845777429201691,0.08828969522429861,0.06368755273084681
102361.0,0.7771095968911013,0.16670069101449814,2.544504252421107e-05,0.056164267051877256,0.7771095968911013,0.656613021656888,0.4736461750637549
102362.0,0.00020595673920290012,0.9219931805727456,0.07662038334750174,0.00118047934054986,0.9219931805727456,0.2814181623166392,0.20300029359515037
102364.0,0.6148453979671687,0.1264470745628254,3.730116437254707e-06,0.25870379735356736,0.6148453979671687,0.9103677657215683,0.6566915304958362
102365.0,0.029209414232066477,0.9697106961573142,0.00021392045657499711,0.0008659691540456839,0.9697106961573142,0.14094458703969792,0.10167002838115753
102368.0,0.6219945374684323,0.2804140772633681,9.289822060118052e-06,0.0975820954461398,0.6219945374684323,0.8790681771816351,0.6341136499116228
102369.0,0.7328700977141838,0.13930531125359844,0.003907541047055566,0.12391704998516387,0.7328700977141838,0.7827725116164534,0.564651010326628
102370.0,2.174772280810125e-09,0.29377311317880517,0.7062268846342579,1.216495875588415e-11,0.7062268846342579,0.605495629899166,0.436772771267733
102371.0,9.49186973223737e-07,0.6233331127556754,0.37665151527216456,1.4422785185881752e-05,0.6233331127556754,0.6625830949145955,0.4779526726050742
102372.0,0.115460339564937,0.7112401656408415,8.824938226066052e-05,0.17321124541196098,0.7112401656408415,0.796115955457519,0.5742762704555708
102373.0,6.562349509491638e-05,0.9946680514148896,0.00014653862401707663,0.005119786465997309,0.9946680514148896,0.03424848510358075,0.024705059808447744
102377.0,0.002230584341621679,0.544227590990496,0.00011940082400022225,0.4534224238438826,0.544227590990496,0.7044246560539216,0.5081349789844531
102378.0,0.41222906440079515,0.2923377282135276,2.3111108144555813e-05,0.2954100962775341,0.41222906440079515,1.0853048462663288,0.7828819597805957
102380.0,0.6225822563972913,0.0024679274028490687,5.123440271698463e-06,0.37494469275958786,0.6225822563972913,0.6777217849191154,0.48887292910261226
102381.0,0.012117288013193783,0.09147797303798605,0.00031242355707290147,0.8960923153917478,0.8960923153917478,0.3730925670949956,0.2691293981702415
102382.0,0.8896037988503931,0.02728990930520476,8.213122375834009e-06,0.08309807872202558,0.8896037988503931,0.40916456875991347,0.29514984712869924
102383.0,1.0799398800398608e-10,0.00011667502190392166,0.9998797086566988,3.616213402578228e-06,0.9998797086566988,0.0012222208159611693,0.0008816459550292207
102386.0,0.7937530300406215,0.008064211466086341,1.1186630906382417e-05,0.19817157186238546,0.7937530300406215,0.5431078823884599,0.39176952429476875
102387.0,0.004494549378168475,0.09242211425581656,0.017332643722574186,0.8857506926434411,0.8857506926434411,0.42213131236903656,0.3045033754793795
102389.0,0.4175308934866513,0.5551266776597749,0.004982338567988797,0.02236009028558675,0.5551266776597749,0.8027895556995065,0.5790902554425662
102392.0,0.021320131246727467,0.96831563014284,0.006877827302455063,0.003486411307977393,0.96831563014284,0.16719611105829466,0.12060650013986104
102393.0,0.9869964590110706,0.0056045934712743795,5.927669210438734e-07,0.007398354750734263,0.9869964590110706,0.07828229389020458,0.056468738592405275
102395.0,0.6718521612393291,0.1314762129253805,0.012293671698251383,0.1843779541370387,0.6718521612393291,0.8997790156625962,0.6490533618961902
102396.0,0.0024108754392138834,0.1737069107324019,0.7984603082971223,0.02542190553126526,0.7984603082971223,0.591648682105258,0.4267843098108733
102397.0,1.3875789517354787e-05,0.9992222391560581,0.0007631204129213941,7.646415016106247e-07,0.9992222391560581,0.006421183792601772,0.004631905007111582
102399.0,0.8494250510987643,0.0815395796784382,0.06868745566828904,0.00034791355451010286,0.8494250510987643,0.5297435528020783,0.38212919828522957
102400.0,0.8618532596011466,0.1084777848751589,0.00021157691347177136,0.02945737861022437,0.8618532596011466,0.4747056946623528,0.34242777578556344
102401.0,0.9762082355418529,0.007493481361365335,0.013560756524001318,0.0027375265727816516,0.9762082355418529,0.1346498594536891,0.09712934224511659
102405.0,0.2575543456298874,0.16338602562046523,0.0011616015948234613,0.5778980271548254,0.5778980271548254,0.9701203568346294,0.6997939139353757
102407.0,2.0644034359124416e-09,0.03913368484369268,0.010510013829826498,0.9503562992620773,0.9503562992620773,0.22309151658078294,0.16092651231774677
102410.0,0.09316608730449845,0.6262124264948349,0.0004838554860981496,0.28013763071457004,0.6262124264948349,0.8743877904355988,0.6307374645376483
102411.0,0.0003561047403898063,0.9965014972122471,0.002821022957007568,0.00032137509035401853,0.9965014972122471,0.02546599199985005,0.018369830184750843
102415.0,2.345132370506402e-05,0.0015832239798990483,0.02046309838137904,0.9779302263150167,0.9779302263150167,0.11186721259216223,0.08069513642239193
102418.0,0.15685055081598923,0.8343339316359338,0.0001744746641406728,0.00864104288393642,0.8343339316359338,0.4842409776028914,0.34930602849145753
102419.0,0.9997356430572844,0.00010015315178171483,0.00016408285997731412,1.2093095735550443e-07,0.9997356430572844,0.0026185444739468236,0.001888880563455141
102420.0,0.021923756675347003,0.9500907719583884,6.835951681920981e-05,0.0279171118494441,0.9500907719583884,0.23295273744368844,0.16803987953575902
102421.0,0.7955484366037062,0.1922920285822402,1.6552543418090525e-05,0.012142982270633845,0.7955484366037062,0.5527452013460149,0.39872138042853367
102423.0,0.04800543467150981,0.20498724895657594,0.00043461522764901657,0.7465727011442669,0.7465727011442669,0.6921904183748901,0.49930984197015543
102424.0,0.5357159801336229,0.11205986791108637,0.0005372043148313329,0.35168694764046005,0.5357159801336229,0.9511980571959701,0.6861443600099213
102425.0,0.008844453980462554,0.06980568543789066,0.0001154944694662561,0.9212343661121817,0.9212343661121817,0.30426769627785755,0.2194827482613872
102427.0,0.10965871910441767,0.3964089102517304,0.0002468445129499398,0.4936855261309015,0.4936855261309015,0.9597100615218346,0.6922844732243963
102428.0,0.001195768870670704,0.024002317316659524,0.0006082162017017843,0.9741936976109671,0.9741936976109671,0.12753969495900108,0.092000442716921
102429.0,2.105323475651076e-06,4.296592390797088e-05,0.13346504853439733,0.8664898802182176,0.8664898802182176,0.3934190960428669,0.28379188942603145
102432.0,0.000647217040528346,0.02034709931848749,0.0004112435815993537,0.9785944400593859,0.9785944400593859,0.10838162771588226,0.07818081841458858
102434.0,0.08950622122187273,0.014026858698592756,0.139028108400837,0.757438811678696,0.757438811678696,0.760607520393035,0.5486623488669414
102436.0,0.005629961992739633,0.9837284262708748,0.0003135915187477269,0.010328020217638323,0.9837284262708748,0.09505853781516013,0.06857024055004377
102442.0,0.006739724222442293,0.9924166369896633,0.0005478929420463405,0.0002957458458472819,0.9924166369896633,0.047768977790904485,0.034458033683636466
102443.0,0.9982579649987976,0.0012023185806971602,8.929723364014106e-05,0.00045041918686354257,0.9982579649987976,0.014127505539721884,0.01019084109114406
102445.0,1.130723925908178e-06,0.9816763763833133,0.018322170716456435,3.221763052894426e-07,0.9816763763833133,0.09145715957983935,0.0659723952898124
102447.0,8.504570778458305e-07,0.994315652242846,0.00568349143247061,5.867605014869027e-09,0.994315652242846,0.035064887614166526,0.025293969735143442
102452.0,0.000616183097659929,0.54931241173108,3.147198541324019e-06,0.4500682579727188,0.54931241173108,0.6929958242712833,0.49989081951646996
102454.0,0.8833201700360317,0.002588997039930008,5.597119124055896e-06,0.11408523580491514,0.8833201700360317,0.37273768405660734,0.26887340417045236
102455.0,0.06701891912429493,0.9128132017865891,0.0003651162934234647,0.019802762795692604,0.9128132017865891,0.344963031642831,0.24883822752056742
102456.0,5.916461337076065e-06,0.00038562705982850677,0.000942253842513066,0.9986662026363198,0.9986662026363198,0.011000308645202732,0.007935045365340987
102457.0,0.0239437432562589,0.031160265131068083,0.00027832271503648576,0.9446176688976368,0.9446176688976368,0.2535402201998964,0.18289060917414318
102458.0,0.016099069652415088,0.9663336798133046,0.0005136654144046485,0.017053585119877233,0.9663336798133046,0.1728884478254527,0.12471265315238546
102460.0,0.6879502784171687,0.07504425035164602,0.003995173049938693,0.23301029818124525,0.6879502784171687,0.8131441706015177,0.5865595312272894
102461.0,0.9664539438940641,0.0005823840970221408,3.008180022668202e-08,0.03296364192711496,0.9664539438940641,0.14979881327939967,0.10805700252462086
102464.0,0.9787359923022161,0.01203916430431833,4.1251390589671495e-05,0.009183592002874795,0.9787359923022161,0.11773508915114915,0.08492791462849145
102465.0,0.22932905701164713,0.7684992565851738,0.0007338443928619422,0.0014378420103175,0.7684992565851738,0.5547737042720288,0.4001846359844281
102466.0,0.9831884859121662,0.016494713570458886,2.7050975925206378e-05,0.00028974954144853456,0.9831884859121662,0.08702046498656088,0.06277199664598153
102467.0,0.0010026491039870928,0.9790404612274543,0.017382626697319728,0.002574262971236997,0.9790404612274543,0.11344932959922926,0.08183639260249277
102469.0,0.4547547738571193,0.3582775726746018,0.00012602417573107647,0.18684162929254697,0.4547547738571193,1.0406556838751624,0.7506743971998048
102471.0,2.968401148407329e-20,0.00046391758976329766,0.999536082405498,4.738771564876844e-12,0.999536082405498,0.0040247504111148805,0.0029032437294656275
102472.0,0.1470534717919375,0.6097159755465484,0.02168048318011387,0.22155006948140202,0.6097159755465484,1.000524749726448,0.7217260473585089
102473.0,0.9614688685901119,0.014936260323695185,9.81783945184637e-07,0.023593889302248254,0.9614688685901119,0.18898497771648692,0.13632384507704348
102474.0,1.4712226206090338e-08,0.003540487496946126,0.006821199253331264,0.9896382985374956,0.9896382985374956,0.06431103857362205,0.046390608212291684
102475.0,7.655554750240478e-05,0.9804202809210696,4.896524006425146e-06,0.019498267007420852,0.9804202809210696,0.09694525281500391,0.06993121773696648
102478.0,0.05758791004268002,0.7033984968322197,0.00046653123987169234,0.23854706188522756,0.7033984968322197,0.7573205974011246,0.5462913351168348
102480.0,0.006196397088300509,0.9651985587888852,0.016662574506405178,0.011942469616409306,0.9651985587888852,0.18679342655045933,0.13474297507750227
102482.0,0.036170331847522594,0.902313098514745,0.0015264444840144445,0.05999012515371789,0.902313098514745,0.39150554609605803,0.2824115549166542
102483.0,0.03936583234672975,0.27216991649907507,5.002391564585287e-05,0.6884142272385495,0.6884142272385495,0.7390502213753871,0.5331120446730808
102488.0,0.9380130225318207,0.025451647688232583,1.0596711033418575e-05,0.03652473306891353,0.9380130225318207,0.27446685869838616,0.1979859879662668
102489.0,0.6082453247555246,0.15298409434499452,0.0006665090685757807,0.23810407183090548,0.6082453247555246,0.9361862967910104,0.675315663864297
102490.0,0.35984262241314324,0.5999815351889974,0.0005533537635647013,0.0396224886342954,0.5999815351889974,0.8063608926269124,0.5816664304798221
102492.0,0.09917129047139413,0.874038732548053,0.004675832389699753,0.022114144590852976,0.874038732548053,0.45622431713453016,0.3290962799314702
102493.0,0.05868281817443006,0.9386116603685387,0.0007521417106968425,0.0019533797463347955,0.9386116603685387,0.2434611816153363,0.1756201196827065
102494.0,0.00020757260363628473,0.999139609380437,0.0005241464729400322,0.00012867154298528213,0.999139609380437,0.007732179549351939,0.005577588545556552
102495.0,0.3372181084870449,0.2598232923383437,3.0009040008322803e-05,0.40292859013460297,0.40292859013460297,1.083315353222612,0.7814468439065692
102497.0,1.3686539015622133e-06,0.06620953802378902,0.933786091174628,3.002147682663368e-06,0.933786091174628,0.24378268169352513,0.1758520329669307
102501.0,0.01566920018489411,0.9083850695997284,0.00040467119125206513,0.07554105902412697,0.9083850695997284,0.3506960051676561,0.25297369375747386
102504.0,4.283552713853109e-08,0.9992010110755403,0.0007168381305243516,8.210795840665667e-05,0.9992010110755403,0.006762206545282731,0.004877900924173143
102505.0,0.5360275794122622,0.09178060931745548,1.7344129070452035e-05,0.37217446714121183,0.5360275794122622,0.9214997413449924,0.6647215535094415
102506.0,0.8393914939647512,0.09612728119573058,6.417644057450391e-05,0.06441704839894444,0.8393914939647512,0.5493724024956966,0.39628842034089856
102508.0,0.0022109769577785196,0.8504816159625108,0.0022083842079966775,0.14509902287171586,0.8504816159625108,0.44485187394888714,0.3208927962381109
102509.0,0.015648480457844546,0.5453733476734501,0.4078021765750722,0.03117599529363377,0.5453733476734501,0.8696174656236971,0.6272964025628682
102512.0,0.06828021467823214,0.8665388250989701,3.8727975060611087e-05,0.06514223224773648,0.8665388250989701,0.48571234067830454,0.3503673925975804
102514.0,0.3586427868023552,0.027633573108386773,0.0021684006107328606,0.611555239478525,0.611555239478525,0.7809645102100689,0.5633468129951723
102515.0,0.9966472487416896,0.0030563302550940478,5.449989946701383e-06,0.00029097101326889727,0.9966472487416896,0.023480150935168025,0.016937348656745635
102516.0,1.7714045753611796e-05,0.007467321398209336,0.0003642594449412954,0.9921507051110957,0.9921507051110957,0.047465404682850564,0.034239051974868144
102518.0,2.7707956482926964e-05,2.409389988965996e-05,2.1104305455532792e-05,0.9999270938381725,0.9999270938381725,0.0008470784004623929,0.0006110379037956249
102520.0,0.014086946885265857,0.9631664491572192,0.00028933863914469695,0.022457265318371555,0.9631664491572192,0.18380086871833073,0.13258430090550957
102522.0,0.06228013903503051,0.8786087897453173,0.0009816660816426997,0.058129405138009696,0.8786087897453173,0.45878461160679673,0.3309431420006474
102524.0,0.1588474831046161,0.3284955679040214,0.0007398798938866291,0.5119170690974767,0.5119170690974767,1.0060507785926498,0.7257122345790482
102526.0,0.971839386235596,0.004657368375398506,0.006155231343813167,0.01734801404519374,0.971839386235596,0.15443373238103253,0.11140038992604448
102528.0,0.09153874838048398,0.7463122289785784,0.00042493537525735577,0.1617240872656817,0.7463122289785784,0.7351860759007014,0.5303246529162795
102532.0,0.45846265849928364,0.005016517240415659,1.7539482681291677e-05,0.5365032847776187,0.5365032847776187,0.7183701119450316,0.5181944990129733
102533.0,0.005438944637431488,0.030899019865507263,0.0017068744232744129,0.9619551610737855,0.9619551610737855,0.18398627182004346,0.13271804097321277
102541.0,0.0007194987917345427,0.9892366439173151,0.0005440378835291566,0.009499819407421728,0.9892366439173151,0.06423720206154201,0.04633734642738448
102544.0,0.005016133501982616,0.9916964666925587,0.0027042256516648135,0.0005831741537924142,0.9916964666925587,0.05516270636700524,0.039791481458846256
102548.0,0.46464228805289876,0.05331764185618256,6.132272532242317e-05,0.481978747365598,0.481978747365598,0.8648120213366801,0.6238300072417944
102551.0,8.571645957151557e-11,0.0016989602078249784,0.001726257825779873,0.9965747818806794,0.9965747818806794,0.025236977734375936,0.018204631312204674
102553.0,0.9748828210976719,0.024584281274401123,9.71218327022555e-05,0.0004357757952249806,0.9748828210976719,0.12016932233122561,0.08668384269712329
102556.0,0.6626902198635318,0.16723366024895425,0.0001336211711059565,0.16994249871640654,0.6626902198635318,0.8741170958818791,0.6305421996925248
102559.0,0.6839425491736562,0.1425174108543056,0.00010393046890335335,0.17343610950313415,0.6839425491736562,0.8422863530771821,0.6075811722964506
102562.0,0.9802074769261577,0.014843583887630442,1.60094886571905e-05,0.004932929697555847,0.9802074769261577,0.10846924579565198,0.07824402149917659
102568.0,0.9734474061325359,0.02471511349509813,1.3292808502374144e-05,0.0018241875638625653,0.9734474061325359,0.12930495729165203,0.0932738103235128
102573.0,0.1459445296376329,0.7903229560864793,0.00020579092284011096,0.06352672335304836,0.7903229560864793,0.6436934328939138,0.4643266617444211
102574.0,0.007587965370144916,0.5977508364431766,0.0009724421240798533,0.3936887560625974,0.5977508364431766,0.7183688163200108,0.5181935644170771
102576.0,0.5836102227836673,0.4034653173419571,0.0001425779490881292,0.01278188192528642,0.5836102227836673,0.7374862857381217,0.5319839035790046
102579.0,3.967915985207329e-08,0.0025565847277694534,0.0002928937349618441,0.9971504818581086,0.9971504818581086,0.020489492837274276,0.014780044853332768
102580.0,0.9532240210170599,0.0054831368301223,1.6360967842931086e-05,0.041276481184975476,0.9532240210170599,0.20595769225151958,0.1485670706221013
102581.0,0.9920182292817539,0.003978310645699422,9.034000315331092e-07,0.004002556672514985,0.9920182292817539,0.05204752394705016,0.03754435234447941
102585.0,8.857105241598987e-09,0.9982407428299604,0.0017469420659316007,1.2306247002257044e-05,0.9982407428299604,0.012989887264236638,0.009370222968910451
102586.0,0.1457543484608685,0.7368397670698235,0.00021901044473446462,0.11718687402457482,0.7368397670698235,0.7588105755350183,0.5473661271492356
102588.0,0.0002474109726877197,0.9599329082688361,0.039340169455132995,0.0004795113033449672,0.9599329082688361,0.1722583400441995,0.12425812646676568
102589.0,0.0003091780899073552,0.00010904565492824485,6.6487663576113e-07,0.9995811113785273,0.9995811113785273,0.003921814007032893,0.0028289908096176147
102591.0,0.9824168585838644,0.013586758412355689,0.003952672473820034,4.371052996141972e-05,0.9824168585838644,0.09814282937039047,0.07079508661573702
102593.0,0.00021399308476427944,0.8620706676113762,0.0039026264310629247,0.13381271287279578,0.8620706676113762,0.4205387567057083,0.30335458940046783
102597.0,0.006514547221006183,0.39447717254066134,0.5890671952176009,0.00994108502073098,0.5890671952176009,0.7573150275940522,0.5462873173503139
102598.0,2.8150179365159786e-06,0.999636766115127,0.0003473835007768691,1.303536616123074e-05,0.999636766115127,0.0033127029235454366,0.0023896100398686864
102600.0,0.9156735872372166,0.03259935104392309,1.1170850068352415e-05,0.051715890868791886,0.9156735872372166,0.3455785628696913,0.24928223944481925
102605.0,0.001028922151974561,7.128214564926996e-08,0.9989710065651536,7.280441752092724e-13,0.9989710065651536,0.008107842927371484,0.005848572391812748
102606.0,0.09871781536689345,0.8979521172704444,0.0030560110605403474,0.0002740563021207221,0.8979521172704444,0.3451784813502443,0.2489936416327905
102609.0,0.007337063474036852,0.9902918465925382,0.0023344472918086397,3.6642641616927136e-05,0.9902918465925382,0.060242180357229114,0.043455547426856485
102611.0,5.102079389214023e-12,0.0011544455526371464,0.9988455544240238,1.8236555264962744e-11,0.9988455544240238,0.008962605204266243,0.0064651530408202625
102612.0,0.03651817419904286,0.3454407086735563,0.00023917432701888328,0.6178019428003819,0.6178019428003819,0.7875738347587653,0.5681144328701874
102615.0,0.006635133536667115,0.9888918171062642,0.004192417213801977,0.0002806321432654552,0.9888918171062642,0.06957038543541942,0.05018442503020668
102616.0,0.845677215323965,0.023998772375111353,3.1383854401308874e-06,0.13032087391548286,0.845677215323965,0.4968616741395324,0.35840993664444576
102617.0,0.10190294676610387,0.1618200726339847,0.00023895282389178483,0.7360380277760201,0.7360380277760201,0.7550061786795672,0.5446218349107691
102618.0,0.9984577725580176,0.0007677549124562863,1.4732445593937715e-05,0.0007597400839309928,0.9984577725580176,0.012668170868404193,0.009138153644490382
102619.0,0.06646260903004082,0.21877617040818712,1.6105696653525614e-05,0.7147451148651177,0.7147451148651177,0.7528733999240776,0.5430833602438401
102620.0,0.8781098874125283,0.09948986703462573,4.607973569413571e-05,0.022354165817153174,0.8781098874125283,0.4291550855253419,0.30956995682984484
102621.0,0.4036905664158025,0.024912102321506646,0.09690785819269412,0.47448947306999667,0.47448947306999667,1.0380977157198334,0.7488292132135823
102622.0,0.37821062231490776,0.14394689231336785,3.879178602744142e-05,0.4778036935856984,0.4778036935856984,1.0000280147917784,0.7213677288450668
102625.0,0.00018176885334587303,0.9013999554916712,0.0006129740258392284,0.09780530162914296,0.9013999554916712,0.3270462049338319,0.23591396899979747
102626.0,0.20209104996346583,0.7269293282960654,0.00017401050092241517,0.07080561123954787,0.7269293282960654,0.743974335667461,0.5366640423080535
102628.0,0.5365148747331815,0.4577610369205551,0.0007526864543589594,0.004971401891904423,0.5365148747331815,0.7235468113585235,0.5219286982989821
102629.0,2.0821388667608737e-08,0.9984994459779684,0.001500429004298148,1.0419634464623866e-07,0.9984994459779684,0.0112572667657018,0.008120401468421065
102631.0,0.0015525203572092344,0.0006228233765203726,0.997824656183343,8.292669864869272e-11,0.997824656183343,0.016811700093166262,0.012127078176661745
102633.0,0.1451516622191765,0.32876658057480607,0.0031137423011278896,0.52296801490489,0.52296801490489,1.0028400357990976,0.7233961732261344
102634.0,0.008382156626181374,0.9711479539460204,0.00035283876819103266,0.02011705065960594,0.9711479539460204,0.14989816769560155,0.10812867158639329
102635.0,0.999712182031271,0.0001829693603240011,1.8167576986879865e-05,8.668103141861873e-05,0.999712182031271,0.002871512474161607,0.002071358403161874
102637.0,5.87894641623659e-10,0.5149257694968687,0.485074229785155,1.30080340895168e-10,0.5149257694968687,0.6927015728274092,0.4996785619670442
102638.0,0.7878218691255344,0.21005668120379584,0.0002977915460347383,0.0018236581246365911,0.7878218691255344,0.5295695860244699,0.382003707781562
102641.0,0.08169333008030859,0.740203084694735,0.0009227404490053633,0.17718084477595003,0.740203084694735,0.7403745204328664,0.5340673245145204
102642.0,0.7609702365478417,0.11774865780392985,0.0018241837427863707,0.1194569219054409,0.7609702365478417,0.7250821328468481,0.5230361986476701
102644.0,0.7304103475693828,0.20024569149571625,0.00014902512975711852,0.06919493580514496,0.7304103475693828,0.7376155507671049,0.5320771485871418
102648.0,0.8479808843774521,0.14527525673751196,0.0011306145167406623,0.005613244368295693,0.8479808843774521,0.4568463539849927,0.32954498467117643
102649.0,0.019940738515215342,0.9547782893144275,0.0003692045288824958,0.0249117676414748,0.9547782893144275,0.21715407508525353,0.15664355361716245
102650.0,3.628873718782706e-05,0.3358311628699258,0.01105421995286153,0.6530783284400232,0.6530783284400232,0.6948601052270265,0.5012356139613072
102651.0,0.9974233638722723,0.0001401571319017549,0.0024364703951808868,8.600644920604888e-09,0.9974233638722723,0.01847779362881481,0.013328910617430405
102653.0,0.9641986764599445,0.004989426890351526,1.8188098654808076e-07,0.03081171476871639,0.9641986764599445,0.16882208347377015,0.12177939131007541
102655.0,0.9999350514966202,4.958551421152382e-05,1.5135343809546432e-05,2.2764535747709654e-07,0.9999350514966202,0.0007278899030676037,0.00052506157673439
102657.0,0.6125813449971236,0.24320943086975985,7.295099046906606e-05,0.1441362731426463,0.6125813449971236,0.9239535758892801,0.6664916209735444
102661.0,2.9647520864381937e-07,4.298727184230851e-05,2.380509901478648e-05,0.9999329111539359,0.9999329111539359,0.0007571829245851076,0.0005461920251723683
102665.0,0.0004037619853884955,0.9881783953337288,0.010444341083375294,0.0009735015975074977,0.9881783953337288,0.06930147840857083,0.049990449613159356
102666.0,0.918622088442402,0.046103673034585686,0.0002102963271696441,0.03506394219584258,0.918622088442402,0.3390929266539019,0.24460384184205464
102667.0,1.5801436929318699e-06,0.9870183614136994,4.69495357918084e-07,0.012979588947248592,0.9870183614136994,0.06931318972662961,0.0499988975434022
102668.0,0.9856282407504997,0.0006217898077723767,2.900586245693449e-07,0.013749679383104141,0.9856282407504997,0.07780426819622384,0.05612391594334352
102669.0,0.7915900497561396,0.20084900367545577,1.967313658868347e-05,0.007541273431817211,0.7915900497561396,0.5444771360199889,0.39275723200673185
102672.0,0.9917103512378184,0.0005042714555558274,0.0005981510062781897,0.007187226300347842,0.9917103512378184,0.051995296268369254,0.037506678037964376
102673.0,0.9981574962533157,0.0002399707678839612,5.423400381407139e-07,0.001601990638762048,0.9981574962533157,0.014160010612724214,0.010214288544956159
102674.0,0.927356307987152,0.008267702215627615,0.00014330946195648865,0.06423268033526561,0.927356307987152,0.2871884359418818,0.20716266616700532
102675.0,0.9993196489647947,2.4216946309749063e-08,0.0006803233204040279,3.4978547918435473e-09,0.9993196489647947,0.005642171114784981,0.004069966143573623
102676.0,0.00047965523060263817,3.746705881778304e-05,0.9769788228721609,0.02250405483841561,0.9769788228721609,0.11218346563070464,0.08092326476757752
102677.0,0.3411127021208538,0.11798875080906904,7.237048732011536e-05,0.5408261765827589,0.5408261765827589,0.9521554483161205,0.6868349717205374
102679.0,2.0919536198944438e-05,0.974076372204536,0.025899329158038786,3.379101225020297e-06,0.974076372204536,0.1204768314369901,0.0869056636280806
102680.0,0.10169457339442838,0.8062039857428058,4.714132949900101e-05,0.09205429953326663,0.8062039857428058,0.6261766154517224,0.4516909489164177
102683.0,0.006674437340096204,0.9876162465729064,0.004220672865182881,0.0014886432218141506,0.9876162465729064,0.07851068551638353,0.05663348832563975
102685.0,0.06703337125861852,0.5190990615178583,6.027273545872045e-05,0.413807294488066,0.5190990615178583,0.8872253322922549,0.6399977935245494
102686.0,0.1490995343170554,0.4156627388427777,5.5628131007521004e-05,0.43518209870915914,0.43518209870915914,1.0112723598353994,0.729478809261305
102687.0,3.966560507585185e-06,0.35776480261385835,0.641762902253275,0.0004683285723584705,0.641762902253275,0.6560239798684417,0.47322127123022106
102688.0,0.02598262427931131,0.9013376502630988,0.003432154191031345,0.06924757126655857,0.9013376502630988,0.39284349617586967,0.28337668188920484
102689.0,0.9957096227298521,0.002021984467099665,0.0005722257591853071,0.001696167043863524,0.9957096227298521,0.03191762226445641,0.023023697678949216
102694.0,0.42681771268233065,0.12759643008884305,6.912044801166875e-05,0.4455167367808158,0.4455167367808158,0.9869695130507985,0.711948010993491
102696.0,1.90468328283187e-05,0.9932182118877251,0.00660505885209653,0.00015768242735105285,0.9932182118877251,0.04150311371036152,0.029938168165694657
102697.0,0.06520293010009619,0.9326081202774544,0.0003400888982668208,0.0018488607241838257,0.9326081202774544,0.2574398770597807,0.18570361698060503
102701.0,0.7251859524039124,0.06904352856662714,0.0001139343121282642,0.20565658471733128,0.7251859524039124,0.7438667355220216,0.5365864252099414
102702.0,0.00023604131811254608,0.9984684325323084,0.00018533120232235294,0.0011101949472557906,0.9984684325323084,0.012647212902275586,0.00912303566758995
102704.0,0.0077763749474313,0.050318364530012184,0.0004966685932277008,0.9414085919293301,0.9414085919293301,0.24880706033387368,0.17947635604092033
102706.0,0.02315688706772486,0.029467592626304984,2.9396214349869242e-05,0.9473461240916196,0.9473461240916196,0.24260328527609612,0.17500127828559717
102708.0,2.086960586103611e-06,0.9993882251930138,0.000590953980020344,1.8733866380224817e-05,0.9993882251930138,0.005235823522007321,0.003776848315084874
102710.0,0.1285746045804345,0.8040313645142652,0.002041959833325701,0.06535207107197319,0.8040313645142652,0.6300368683885447,0.454475532800683
102713.0,0.9913251247506096,0.003251450077488894,1.0419705362661026e-06,0.005422383201365206,0.9913251247506096,0.05556769021526553,0.04008361555360888
102718.0,7.698550945312274e-21,1.593895212105141e-08,0.9999999840575243,3.5237587969999097e-12,0.9999999840575243,3.0221135253528537e-07,2.1799940980150124e-07
102720.0,0.9281799702128161,0.020540350153678673,0.042319205369802645,0.008960474263701631,0.9281799702128161,0.3250667675548154,0.2344861067545688
102721.0,0.9221663363859619,0.06103032550082833,0.008833244040377476,0.007970094072831177,0.9221663363859619,0.32567351136702044,0.23492377989904792
102722.0,0.00021268866640331715,0.9948613154475153,0.004920218149488504,5.777736594376561e-06,0.9948613154475153,0.03314159373415214,0.023906606463709016
102723.0,0.9695543827135499,0.01162577296077891,0.018818643187166494,1.2011385049099672e-06,0.9695543827135499,0.1565458352032861,0.1129239500598009
102724.0,0.5718439010726545,0.07734018008002772,9.172316091713917e-05,0.35072419568640184,0.5718439010726545,0.8858786097864535,0.6390263385842628
102726.0,0.01870615526149972,0.7270229122648614,0.006299527307643945,0.24797140516599542,0.7270229122648614,0.6839060776763112,0.49333395334871816
102729.0,0.005834059989359351,0.9933239076760515,0.0006203092346471407,0.000221723099941034,0.9933239076760515,0.04311116908390704,0.031098134922139142
102730.0,0.064727307064783,0.8088160297614997,0.012212805259298048,0.11424385791442059,0.8088160297614997,0.6504569423566158,0.469205502524844
102732.0,0.0075073203750912225,0.9786247309982296,0.00198131760848003,0.011886631018198592,0.9786247309982296,0.12288736687351445,0.08864449738816099
102733.0,0.16872079585272218,0.7263455614135694,7.357593422048867e-05,0.10486006679948806,0.7263455614135694,0.7696475395434033,0.5551833442658302
102743.0,0.27228330754461705,0.14906131244841545,1.0993651752513871e-05,0.5786443863552159,0.5786443863552159,0.9546224890850933,0.6886145654620713
102746.0,0.3935887153572797,0.2911376034348425,0.0003221487477225603,0.3149515324601539,0.3935887153572797,1.092718503498444,0.7882297830424072
102747.0,0.8992386730004509,0.07815671941710804,9.954864559151102e-06,0.02259465271788023,0.8992386730004509,0.38047913778415426,0.274457682621454
102750.0,0.00618652079233446,0.14134112806528135,0.0018452535980371426,0.8506270975443463,0.8506270975443463,0.4572377053477191,0.3298272850063017
102753.0,0.3990317976802591,0.062228560065232905,8.028004181134391e-05,0.5386593622126978,0.5386593622126978,0.87341166607309,0.6300333396491071
102754.0,0.00011216950873644268,0.0033802799238089706,0.9956686939640806,0.0008388566033771076,0.9956686939640806,0.030517272033468677,0.022013558512072356
102756.0,1.989176166710981e-05,0.9322457165317548,0.06763360997539243,0.00010078173118628317,0.9322457165317548,0.24872936253298084,0.1794203089249023
102759.0,0.0011339511746150137,4.0637199796237677e-10,0.998866048419012,5.67097922536857e-17,0.998866048419012,0.00882382751198684,0.006365046096601507
102761.0,0.9396567973075479,0.048048043952114095,2.3903973917869662e-05,0.012271254766419177,0.9396567973075479,0.2585911865912962,0.18653411125642783
102762.0,0.0004415649945163801,0.13515648435241967,9.78304743227693e-05,0.8643041201787411,0.8643041201787411,0.4008479907823277,0.28915070422598455
102763.0,0.8204346686753097,0.1779213151970133,6.111076392829504e-05,0.001582905363747145,0.8204346686753097,0.48034737517324966,0.3464973880332388
102766.0,0.9181173820749873,0.04243486521998835,0.0010933817188056114,0.03835437098621931,0.9181173820749873,0.34504430649824525,0.24889685493599498
102768.0,0.14981720670019516,0.30667116749146833,1.798765958078244e-05,0.5434936381487542,0.5434936381487542,0.9784677079315951,0.7058152549514515
102771.0,0.004729991396857578,0.032964317519528594,4.8938226057956084e-05,0.9622567528575572,0.9622567528575572,0.17531624095859139,0.12646393570912717
102772.0,0.7499297693020346,0.2437069375724962,0.0011748791522246398,0.005188413973245005,0.7499297693020346,0.5950986866275572,0.429272962018556
102773.0,0.8746954005402383,0.08103344800487836,0.00042302869414206066,0.04384812276074138,0.8746954005402383,0.4611324690379053,0.33263676313693474
102775.0,4.433807181886383e-09,1.2611838751413569e-05,0.9999744141322093,1.2969595235589453e-05,0.9999744141322093,0.0003138889859285539,0.00022642304169439515
102776.0,0.005140348685877078,0.6814510471194172,2.0453538208485553e-05,0.31338815065649595,0.6814510471194172,0.6522995193672272,0.4705346408826765
102777.0,0.0023276230090268084,0.5428578222957171,5.599173426008055e-05,0.45475856296099565,0.5428578222957171,0.7046410121050973,0.508291046885502
102779.0,0.0016520448356791384,0.991830489883653,0.00038624103502155527,0.006131224245645289,0.991830489883653,0.05298877639208972,0.03822332246182101
102781.0,3.756331759152401e-08,0.0012009890526294912,0.9984513441975154,0.0003476291865378919,0.9984513441975154,0.0123929299841754,0.008939609315126995
102785.0,0.5431274784851462,0.4382851925582664,0.018060378814050124,0.0005269501425387296,0.5431274784851462,0.7695388085842032,0.5551049114580157
102786.0,0.12855145608913363,0.809463017729555,0.00010948051027689375,0.06187604567103306,0.809463017729555,0.6079975800403321,0.4385775467983389
102788.0,0.0007886692543864556,0.9344682299391331,0.00043173990823824806,0.0643113608982421,0.9344682299391331,0.24878781150492543,0.17946247094588708
102789.0,0.4485985231487035,0.03836796226831816,5.0333367969820305e-05,0.5129831812150092,0.5129831812150092,0.8276293360248204,0.5970083693886169
102790.0,0.3713931343188066,0.5650302209219544,0.00011603680696723643,0.06346060795227167,0.5650302209219544,0.8664586339933594,0.6250177871988225
102791.0,0.013639818407228539,0.983212463228747,0.0018234745020910906,0.0013242438619351022,0.983212463228747,0.0955019282768078,0.06889007916014205
102792.0,0.03158687815607681,0.30101731521391384,5.3764175875608296e-05,0.667342042454135,0.667342042454135,0.740967459249401,0.534495039459603
102793.0,9.614188357015998e-05,0.0030908407181289227,5.972546134518608e-06,0.9968070448521655,0.9968070448521655,0.02201190752819282,0.015878234915715113
102798.0,0.10324557999531353,0.5148249268405631,0.00015283556338837757,0.38177665760073587,0.5148249268405631,0.9452039538434123,0.6818205284192658
102800.0,0.11595032875943295,0.19819386998089822,0.0056813680297023075,0.6801744332299667,0.6801744332299667,0.8621236655047544,0.6218907684283623
102801.0,0.0003454216105869916,0.9706243821881275,0.00016999915329614913,0.028860197047990317,0.9706243821881275,0.13548650118769928,0.09773285168544521
102802.0,0.9520994767875357,0.0027669959385386743,4.2849517710954887e-07,0.0451330987787499,0.9520994767875357,0.20286702538377788,0.1463376257405359
102805.0,0.6388589698835523,0.3558803646017874,0.004413820976942403,0.00084684453771843,0.6388589698835523,0.6838629110551964,0.493302815213611
102807.0,4.586812176019306e-05,0.9982096255733074,0.0006335071626654624,0.00111099914226741,0.9982096255733074,0.014469846392968996,0.010437787816780713
102808.0,0.0013542560520005008,0.9853415614489561,0.0019788767981286583,0.011325305700914483,0.9853415614489561,0.08655909212267876,0.062439186474619796
102809.0,0.11516948892507786,0.04773239104919327,0.00020784491606805203,0.8368902751096611,0.8368902751096611,0.5449113547002732,0.39307045457508555
102811.0,0.9837671012682496,0.005373565467167468,3.4251061032531797e-06,0.010855908158480948,0.9837671012682496,0.09332896905120833,0.0673226204107289
102815.0,0.0014896280751157617,6.004413457114403e-09,0.998510365920407,6.273575126738615e-14,0.998510365920407,0.011184967667588825,0.008068248693266897
102816.0,0.6141759587868665,0.10532957701628459,8.422466184548524e-05,0.2804102395350022,0.6141759587868665,0.8937881378037289,0.6447318570074105
102819.0,0.8903399737874683,0.022806706534362762,6.361843921267892e-06,0.08684695783424946,0.8903399737874683,0.4019360317237584,0.28993555986122765
102820.0,0.0038084627869449748,0.988286287475553,0.007760494387707924,0.00014475534979294119,0.988286287475553,0.07184568281246985,0.051825705151415845
102821.0,0.9667871867508067,0.022288248940851796,2.3295662892706166e-06,0.010922234742051272,0.9667871867508067,0.16679822810993708,0.12031948826163616
102823.0,0.02574570284384351,0.8850956999892732,0.00023312993816975079,0.08892546722871451,0.8850956999892732,0.4193960809870425,0.30253032310413613
102826.0,0.04732564279103717,0.07939896717488641,0.00011621556342397163,0.8731591744706528,0.8731591744706528,0.46500146430715805,0.33542765328102164
102828.0,2.127911301261644e-07,0.6945714425496474,0.3043254012934273,0.001102943365796829,0.6945714425496474,0.6227008191218315,0.44918369185228085
102831.0,0.03842006134031249,0.8060416919883104,2.080221180141545e-05,0.15551744445957433,0.8060416919883104,0.5886580931570777,0.42462705588843475
102832.0,0.9123355194026718,0.021704526877940798,4.79734317012835e-06,0.0659551563762177,0.9123355194026718,0.34621422449519806,0.24974077238222028
102833.0,0.9674620446466863,0.026435747914038972,0.002312148295745437,0.0037900591435311437,0.9674620446466863,0.16320959945142888,0.11773083987702526
102834.0,0.0005227873855951585,0.9678519896421457,0.005223986110989676,0.0264012368612683,0.9678519896421457,0.15897658620299715,0.11467736626626039
102836.0,0.01168070305708263,0.007642138010682898,0.03228228409680271,0.9483948748354312,0.9483948748354312,0.2503081558302529,0.18055916755518386
102838.0,0.14317564148687908,0.8419691201613563,0.0004901054584556969,0.014365132893307682,0.8419691201613563,0.48780242163559756,0.3518750673136519
102841.0,4.421947400994996e-05,0.999736150298458,5.6173249152100046e-05,0.00016345697837939115,0.999736150298458,0.002682121096744005,0.001934741402668122
102845.0,2.5192640094576234e-07,0.0823189693585294,0.9176807770889438,1.6261247652898007e-09,0.9176807770889438,0.2844009771189078,0.20515193965671194
102846.0,0.9288677868310092,0.06735041632251816,4.269543980516788e-05,0.0037391014066667978,0.9288677868310092,0.27156824470532226,0.19589507994964447
102847.0,0.9848023363374332,0.007007961369533358,3.833623765954772e-06,0.008185868669269005,0.9848023363374332,0.08922978536787304,0.06436568442490852
102849.0,0.9906158395825053,0.008888908966473104,0.00032940713350431355,0.00016584431751563301,0.9906158395825053,0.05540671494400671,0.03996749644083345
102850.0,0.00017982080591547915,0.07625268384615896,0.0008302641121805865,0.922737231235744,0.922737231235744,0.2778901450771325,0.20045536710734682
102851.0,0.45350631046523493,0.5381478209834261,8.73349695437403e-05,0.008258533581795392,0.5381478209834261,0.7324849070117192,0.5283761714359104
102854.0,0.0008830430051640947,0.01620780503606701,0.0001424083032581837,0.9827667436555118,0.9827667436555118,0.09136769068680095,0.06590785712566223
102855.0,0.9523579030270694,0.012701596541955313,1.217768517402452e-05,0.03492832274580168,0.9523579030270694,0.21924763495266802,0.15815373783642397
102856.0,1.4673413989412072e-05,0.9990887852829536,0.0008952133908649785,1.3279121935968985e-06,0.9990887852829536,0.007375085010970144,0.005319999285730577
102858.0,0.005244254974305363,0.0017442629088652481,0.0007237212909841518,0.9922877608258448,0.9922877608258448,0.05152988013013837,0.03717095126067668
102860.0,0.8290605957620011,0.12701558001219207,7.1359317381235206e-06,0.04391668829407028,0.8290605957620011,0.5548515684249083,0.40024080309803933
102861.0,6.800074023110493e-15,4.203661034080448e-09,8.310422801768633e-06,0.9999916853735288,0.9999916853735288,0.0001056109959694516,7.618223007423607e-05
102863.0,2.1802762061986034e-06,0.5518866341484673,0.013755498687716907,0.4343556868876079,0.5518866341484673,0.7492427551908956,0.5404644036679443
102865.0,1.2932632878227077e-05,0.001421669585672391,0.0005160267734880417,0.9980493710079597,0.9980493710079597,0.015320636898328197,0.01105150343823928
102866.0,1.9191575974857618e-07,0.1838284118824867,0.8161713956292436,5.725093092313401e-10,0.8161713956292436,0.4771524448125302,0.34419273293954106
102868.0,0.48528933946099745,0.32030584626936043,2.471820164673072e-05,0.19438009606799456,0.48528933946099745,1.034175611787961,0.7460000132674006
102869.0,0.00014637604553601006,0.03602665134578936,0.0113506190691921,0.9524763535394817,0.9524763535394817,0.21823647124742862,0.15742433740488607
102870.0,0.9022462202544551,0.0252930667987455,2.7096084091899113e-06,0.07245800333839049,0.9022462202544551,0.3760391464253653,0.27125490586399664
102871.0,0.01193348424348455,0.9584413425129684,0.008025063821321657,0.021600109422225577,0.9584413425129684,0.21508927570525233,0.15515411570418328
102873.0,1.6893853205201822e-06,0.8028632318967013,0.17349778740933874,0.02363729130864035,0.8028632318967013,0.5687249151396115,0.4102483073509571
102875.0,0.15744829243125558,0.4161182732947051,0.001506299286635192,0.42492713498740464,0.42492713498740464,1.02937133481328,0.742534459984186
102876.0,0.07143621557146182,0.9018887579221273,0.00023721944007844463,0.026437807066331843,0.9018887579221273,0.379676808939256,0.27387892469860553
102878.0,0.9939121792386368,0.00014915974196665972,0.005937393625481423,1.2673939160932976e-06,0.9939121792386368,0.03783859196457756,0.027294774490758515
102879.0,7.650726880447882e-07,0.9344655259218749,0.06508229412935489,0.0004514148760812957,0.9344655259218749,0.2446381748383847,0.1764691408257324
102880.0,0.008451321008415351,0.9695825987154767,3.186507283296681e-05,0.021934215203275806,0.9695825987154767,0.15440405732550155,0.11137898389831816
102884.0,0.44495762377185605,0.341465625215967,0.00018786911108336865,0.21338888190109406,0.44495762377185605,1.058444413275296,0.763506253044449
102885.0,0.6358906859585816,0.01717057296878981,1.3941206810254232e-05,0.34692479986582,0.6358906859585816,0.7251035516892581,0.5230516490765335
102886.0,0.0008117681893631557,0.9928629379661257,0.0003122317372255814,0.006013062107284923,0.9928629379661257,0.046158300312305,0.03329617547821296
102887.0,0.0004208701767270029,0.6508537205199612,0.0008962216161572526,0.34782918768715493,0.6508537205199612,0.6564058044879291,0.4734966994727329
102889.0,0.37060429807208894,0.46666123426782724,0.00012632611379092068,0.16260814154629333,0.46666123426782724,1.0200333904212948,0.735798556950979
102890.0,0.2088061576845362,0.787043980514466,0.0034610726713099945,0.0006887891296879521,0.787043980514466,0.5401634586102187,0.38964557150319673
102893.0,0.6625345288853344,0.11149936062619481,1.1770956571651776e-05,0.2259543395318977,0.6625345288853344,0.8535772789637499,0.6157258536882486
102894.0,0.28247795712894275,0.5238754655715413,0.0005608822265241788,0.1930856950729929,0.5238754655715413,1.0175336014576843,0.7339953403804441
102895.0,0.025015084614526444,0.11246855538849149,0.00019929719966392252,0.8623170627973185,0.8623170627973185,0.4674506381411911,0.33719435875333886
102899.0,0.988038036887633,0.005983075896830335,9.544378264631737e-06,0.005969342837271628,0.988038036887633,0.07319646371868144,0.052800087608775324
102901.0,0.106586549395363,0.7096861630150609,0.002559292439922504,0.18116799514965176,0.7096861630150609,0.8067688861936926,0.5819607356275764
102904.0,0.0008072458454537216,0.9520052324628367,1.5753836067643177e-05,0.047171767855641936,0.9520052324628367,0.19680813811118925,0.14196706242980148
102908.0,0.04136814598467612,0.0462893116714565,0.0007276788829016251,0.9116148634609663,0.9116148634609663,0.363624161314856,0.2622993871381756
102911.0,0.023542077282889377,0.9408346788706343,5.579207482990315e-05,0.03556745177164802,0.9408346788706343,0.26484889775756304,0.19104809568987216
102913.0,0.011159430747265284,0.26734397558995715,0.13308655613349982,0.5884100375292782,0.5884100375292782,0.9833074549072448,0.7093063944319151
102914.0,5.0527966619121385e-08,0.9992552033567945,0.0007022778576761825,4.2468257562872953e-05,0.9992552033567945,0.006272252541322145,0.0045244738182843285
102916.0,0.15171765025905246,0.8150717305219181,6.371256639985259e-05,0.03314690665263037,0.8150717305219181,0.5663049309399969,0.4085026577490502
102917.0,0.015406107382478648,0.9811334637537583,0.003437687930199626,2.274093356335692e-05,0.9811334637537583,0.10272196877872286,0.0740982374737072
102918.0,0.9805986303416423,0.010284382959553575,1.1437464667241274e-06,0.009115842952338147,0.9805986303416423,0.10912439954125384,0.0787166150290764
102920.0,2.394311743548936e-06,5.9671357751645824e-05,0.9991132496181776,0.0008246847123267022,0.9991132496181776,0.00735342975392688,0.005304378319757831
102921.0,0.32245133208391547,0.005397739713116154,0.52477440154881,0.1473765266541589,0.52477440154881,1.0136961553592874,0.7312272081525261
102923.0,0.019680693896033562,0.03997041765096981,1.3128862542544867e-05,0.9403357595904532,0.9403357595904532,0.26399286607742994,0.1904305993599862
102924.0,5.428168428630771e-06,0.15508108238367188,0.0028712314729064277,0.842042257974992,0.842042257974992,0.450680586431485,0.32509732353481663
102929.0,0.14562932008946777,0.36646220303010824,0.01070688279702692,0.47720159408339874,0.47720159408339874,1.0500765896146202,0.7574701441953039
102933.0,0.999924914957871,6.474841740255029e-05,9.971757161225067e-06,3.648675648966123e-07,0.999924914957871,0.0008198217917977858,0.0005913764167196849
102943.0,0.021513629221812068,0.23496961470081704,0.00029994221351502053,0.7432168138638571,0.7432168138638571,0.6458942535885355,0.46591421829542934
102944.0,0.07906816358448757,0.5352954586973087,0.013949621239285974,0.37168675647891736,0.5352954586973087,0.9626135590146783,0.694378903941476
102947.0,0.00034806494424769304,0.8971036599005775,0.10254822802099678,4.7134176447219354e-08,0.8971036599005775,0.33372905558161486,0.2407346267440765
102948.0,0.9956576211017079,0.0018521632049641,4.160957407436626e-06,0.0024860547359219338,0.9956576211017079,0.030946206972890914,0.022322969667056592
102949.0,0.6452369084115384,0.08270915413299254,0.27193884884435776,0.00011508861111061316,0.6452369084115384,0.8440056308736423,0.6088213690718824
102952.0,0.8664315257768138,0.1178275927047845,0.01572880051817574,1.208100022751355e-05,0.8664315257768138,0.44164726483819333,0.3185811594021181
102953.0,0.16361937485456998,0.04635266899006158,0.00042282298062816753,0.78960513317474,0.78960513317474,0.6283640129487735,0.45326882267714197
102954.0,0.8623834236738629,0.0015254658677088394,4.151788360317761e-07,0.1360906952795924,0.8623834236738629,0.4090037525701925,0.2950338427689967
102956.0,0.013007501517682473,0.6703481338806039,0.0002256111835432965,0.3164187534181712,0.6703481338806039,0.6905866122243818,0.4981529403802126
