SEQN,P_cluster_1,P_cluster_2,P_cluster_3,P_cluster_4,P_cluster_5,max_posterior,entropy_raw,entropy_norm
93711.0,9.569455256597321e-11,0.00817295321966806,0.9918270427867735,2.8519889197463065e-09,1.0458758312097524e-09,0.9918270427867735,0.047426320047689915,0.02946762946323462
93717.0,2.787055921638721e-06,0.0016887427978996494,0.998308449864763,6.800345467198396e-09,1.3481070355686147e-08,0.998308449864763,0.012506685944940806,0.007770840893157413
93731.0,4.141436304825379e-05,2.0704788196466056e-05,0.6322594020456219,0.36767847880313365,8.404818836485835e-16,0.6322594020456219,0.6583834540158172,0.409076640316049
93738.0,3.0220122251408858e-05,0.0001442152916268764,0.9998210647062781,3.5675386387326796e-06,9.323412032716391e-07,0.9998210647062781,0.0018265855181720904,0.0011349213934009905
93755.0,5.440853769880597e-05,2.040806189208146e-05,7.60969452534124e-11,0.999925183324309,3.411995204740289e-15,0.999925183324309,0.0008294510170387516,0.0005153668933921763
93758.0,3.4676394806537315e-11,9.920475847271414e-16,5.120115045599116e-19,5.924064933275917e-15,0.9999999999653184,0.9999999999653184,8.701270525527162e-10,5.406403352563899e-10
93760.0,1.4030681402251805e-05,1.6300611466150618e-13,1.1999791489388518e-10,0.9092396942317119,0.09074627496672338,0.9092396942317119,0.30443052053473296,0.18915331755439688
93763.0,0.018583156023325633,4.1791392951237687e-29,0.9814168344052713,9.571387944666194e-09,1.4934869854905833e-14,0.9814168344052713,0.09247275841935067,0.057456555301034044
93766.0,7.270199467277514e-05,3.2918071206403944e-13,6.000123425103369e-09,1.2502370578147502e-05,0.9999147896342951,0.9999147896342951,0.0009192546141202049,0.0005711650055079988
93770.0,9.660897383699022e-07,0.9955445531996697,0.004367344734852861,8.713597274764384e-05,2.9914842096870747e-12,0.9955445531996697,0.02900384222155125,0.018021100408704853
93775.0,7.168667008046228e-12,0.9941711962457882,3.5022020626746545e-11,0.005828346517094905,4.5719492749768947e-07,0.9941711962457882,0.03580542908147727,0.0222471639352185
93776.0,2.0186289427948022e-13,0.9995109595147772,2.9797463128791426e-11,5.640754165268775e-07,0.0004884763798060503,0.9995109595147772,0.004221288685506553,0.0026228341291664437
93780.0,0.003118022299615215,4.377594396956028e-23,1.4447004970191384e-10,0.9968819749401938,2.615719968162452e-09,0.9968819749401938,0.02110593732474384,0.013113856186488984
93789.0,8.912231334774728e-18,0.9999997087676247,1.74179669221944e-07,3.684781649274188e-10,1.1668422660872233e-07,0.9999997087676247,4.872748609573841e-06,3.027608938455002e-06
93801.0,4.252603437453739e-05,1.173850554999196e-14,0.003084328934944712,0.9968731450305184,1.5203723812311325e-13,0.9968731450305184,0.021381807156409794,0.013285263750294119
93806.0,0.00012253338343921487,7.498728396968651e-10,0.8856653637600219,0.1142121010464401,1.060225826143204e-09,0.8856653637600219,0.3564435095134451,0.2214708046577348
93811.0,1.817773452945693e-05,0.8919064542854166,0.026226445921129837,0.08184892205881454,1.1116478080300147e-13,0.8919064542854166,0.40257537413401423,0.25013414374286896
93814.0,1.251240587060765e-10,0.999581153390655,9.18554501619996e-09,0.0004188127059104017,2.4592763974347615e-08,0.999581153390655,0.0036769241580980974,0.002284601431152537
93815.0,0.0019833742025486627,1.3028431419489798e-24,0.0001713225284393097,0.9978453021366136,1.132399994387569e-09,0.9978453021366136,0.015980550608544128,0.00992927436658633
93823.0,1.9861853186449728e-05,1.6595273097888803e-09,0.0004115055703267583,0.9995686307952055,1.217527091400666e-10,0.9995686307952055,0.0038543200348905822,0.0023948236866505406
93834.0,1.0,0.0,4.7282741783954506e-144,1.6945896320890533e-81,1.3752385830939038e-39,1.0,1.4259599767814278e-13,8.85998748858114e-14
93837.0,3.5088389644479313e-05,0.5749862103546894,3.0538253254101776e-10,0.42497606449577713,2.636454507259495e-06,0.5749862103546894,0.6822580201178321,0.42391074228268355
93840.0,2.9635808889753733e-06,0.04283364237481624,0.9568697356311119,0.0002936576605464669,7.526373987691992e-10,0.9568697356311119,0.17955702596560644,0.1115650529780586
93843.0,1.2279001185714563e-16,0.9999969346600445,3.054825849702471e-06,7.591125574829241e-14,1.0514029811678626e-08,0.9999969346600445,4.205107190876511e-05,2.6127800012594103e-05
93847.0,1.695545225400844e-06,8.474525533263244e-06,5.044879246576269e-12,0.9999898294493939,4.748013216484196e-10,0.9999898294493939,0.00013167967879564656,8.181718460732376e-05
93866.0,7.071003280877328e-06,0.6995718666711263,0.2998177070658567,0.0006033552587390229,9.97951652017818e-13,0.6995718666711263,0.6156588956281362,0.38253037962615094
93870.0,7.594492435061004e-13,0.9999921289520451,1.4595554922996484e-09,7.869522682662082e-06,6.495726110350405e-11,0.9999921289520451,0.00010038892553813578,6.237514647974734e-05
93875.0,1.802028053267916e-07,0.0006784423706275643,0.9993213743225233,2.2226272287750105e-09,8.814174620275573e-10,0.9993213743225233,0.005630975902266426,0.003498722043741461
93888.0,2.384567973733448e-13,0.9998178463755457,0.00018064751417493872,1.5061100412238144e-06,7.187700907847319e-16,0.9998178463755457,0.0017593221376689205,0.001093128305277795
93890.0,5.570551217899866e-09,0.6093310699684198,0.39032696530285127,0.0003419582848763771,8.733010160433553e-10,0.6093310699684198,0.671796003540037,0.41741032589695765
93891.0,0.9998583230017105,2.8146718772463586e-21,1.9653637151127224e-17,0.00013096300777822942,1.0713990508943636e-05,0.9998583230017105,0.0014351647407935307,0.0008917179903032107
93916.0,6.122407378340709e-07,0.001098335706414516,0.9989010454444542,1.4263818175928877e-10,6.465753446756944e-09,0.9989010454444542,0.008591249176651012,0.005338043244959775
93926.0,3.8363892343567843e-08,1.040216720090817e-09,0.00030637693201977925,0.9996935836638641,6.29632750139241e-15,0.9996935836638641,0.0027858481405472423,0.001730944772099937
93932.0,2.3536364153446583e-05,3.185994063122972e-11,8.431298688351495e-05,0.0014648652943759592,0.9984272853227275,0.9984272853227275,0.012172941436428046,0.0075634737708010075
93950.0,0.0008092842781210145,3.2784888831357273e-06,0.0013551255021803845,0.9975662509354868,0.00026606079532833334,0.9975662509354868,0.019372988827560375,0.012037114745396317
93957.0,8.52328938135932e-08,1.8416030553001801e-09,1.808614946441871e-09,1.7908303598040705e-05,0.9999820028132911,0.9999820028132911,0.00021520004853823433,0.00013371130807572913
93964.0,2.5311813495192782e-06,4.0512729267229775e-10,0.004029268640822586,0.9959681997727008,3.6745864197075934e-16,0.9959681997727008,0.02627436309249655,0.016325179672671827
93968.0,3.21969307775749e-36,7.334815167721419e-61,3.7471391681488644e-65,2.664645211427885e-78,1.0,1.0,1.421519084682928e-13,8.832394674567064e-14
93972.0,3.5326310300784545e-05,0.0002668130512229813,0.9899320503773834,0.009765560844213109,2.494168814087606e-07,0.9899320503773834,0.0577823484311833,0.035902191681189966
93982.0,1.0183044722384535e-14,0.9999997035261123,3.870493005110726e-08,2.529896408913804e-07,4.779307495703757e-09,0.9999997035261123,4.891521112157207e-06,3.039272950119158e-06
93984.0,0.001138887314586977,0.15473006470877557,0.0005415637326673153,0.84358947314939,1.109457870536475e-08,0.84358947314939,0.4440155488360138,0.2758823719794748
93998.0,3.544789034169465e-08,0.9997496107952178,1.3787403622091238e-05,0.00023644172987424247,1.2462339386173398e-07,0.9997496107952178,0.0023814957037857788,0.0014797064772657336
94012.0,9.500615563926855e-06,0.2739225879606059,0.631372263848457,0.0944234303693361,0.0002722172060355332,0.631372263848457,0.8702282051135322,0.540703184876145
94013.0,0.0008324814256037863,0.001019370472462884,0.9437528071055347,0.05432803245937983,6.730853701856402e-05,0.9437528071055347,0.22644866347538284,0.14070046550158857
94015.0,3.537096622787013e-07,0.7166316074763098,3.911887047275103e-06,0.28336412682351014,1.0347046937771781e-10,0.7166316074763098,0.5961594153389413,0.37041467131671757
94021.0,3.609134841099181e-10,0.998665014757702,1.0056346928612154e-14,0.0013349837636626317,1.1177132280888418e-09,0.998665014757702,0.010170163432028896,0.006319077830500232
94038.0,1.290177752442281e-05,0.0002585808861727783,0.0002901892129460969,0.9993577609863362,8.056713702004157e-05,0.9993577609863362,0.0060462832625006215,0.0037567670152347
94040.0,0.00019221062783457063,0.00665022984121155,0.9284867800346485,0.06467077949630226,1.6324605883649789e-15,0.9284867800346485,0.28097336590009636,0.17457856791453025
94042.0,1.23229045286854e-07,0.0002019657834298976,0.9997978925125797,1.7356911557346527e-08,1.118032179917318e-09,0.9997978925125797,0.0019225869232464244,0.0011945704201404826
94044.0,1.0235412000468788e-11,0.9994399816288708,0.0005600122604573633,3.847502779894041e-09,2.2529339366872655e-09,0.9994399816288708,0.004753102051473854,0.002953268352107664
94047.0,0.9999830342465859,8.676591891127012e-71,2.3513603854017624e-23,1.696575341251856e-05,4.8160477405596944e-18,0.9999830342465859,0.0002033227681035913,0.00012633153881412405
94050.0,6.331005004874759e-05,3.306222004477922e-15,3.3214258384869806e-05,0.9998990300619867,4.445629575488081e-06,0.9998990300619867,0.0011103218181004835,0.0006898817341895731
94067.0,0.0030085270511127447,0.027780646862647886,0.9394611940726282,0.029749623512851067,8.50076107934776e-09,0.9394611940726282,0.28025448573507084,0.1741319025542379
94098.0,2.773848304289937e-07,0.8927251715656411,1.3985130904027089e-08,0.10727453477160936,2.2927886298359136e-09,0.8927251715656411,0.3407836259463476,0.21174077192636112
94105.0,2.1349269129206404e-07,4.130117482437486e-09,2.224264457982063e-12,0.9999997814190767,9.55889942638669e-10,0.9999997814190767,3.5974004582463306e-06,2.2351905783092015e-06
94112.0,1.816256484329722e-07,0.13832096229763993,0.8616471661931693,3.1689883541316676e-05,3.808886973818628e-16,0.8616471661931693,0.4022620347971684,0.2499394550665149
94119.0,0.9999997598259189,7.4509835456721e-34,8.560718353971761e-08,1.5456689703104286e-07,3.2094180331120745e-20,0.9999997598259189,4.057319159683204e-06,2.520954134569223e-06
94127.0,9.835513708945134e-09,0.7551884565927305,7.555403079722871e-13,0.24474273231457877,6.880125642176453e-05,0.7551884565927305,0.557194478752974,0.34620439499295613
94130.0,5.954478274514499e-16,0.9999455526477214,3.52389295032072e-14,3.6281655895302636e-05,1.8165696348320284e-05,0.9999455526477214,0.0006236930126851523,0.00038752225722201626
94139.0,4.399480424231973e-08,0.01388703703614482,0.0008306069125552394,0.9852819653338746,3.467226222347991e-07,0.9852819653338746,0.07989895302437779,0.049644010748783274
94166.0,3.751776036004488e-07,0.004770752306331617,0.9952288725099789,6.085018497666575e-12,7.122288866926999e-21,0.9952288725099789,0.03026614857714781,0.018805415445553624
94177.0,2.632809433745206e-11,0.9998521984224152,2.910354661479093e-16,0.00012457191283397724,2.3229638423556365e-05,0.9998521984224152,0.0015156330850196972,0.0009417157836970961
94181.0,2.5855443395314466e-08,5.0585219828110105e-09,1.0998793902388735e-10,0.02054451238173086,0.9794554565943157,0.9794554565943157,0.10015134158810741,0.06222752727170405
94187.0,0.00038903773743146497,0.0011960406323672781,2.280577723725441e-11,0.00012653389602149177,0.9982883877113752,0.9982883877113752,0.01394829360701247,0.008666562095531346
94190.0,4.248653927676923e-05,7.705908384001536e-05,0.9998751075421697,5.236923574051483e-06,1.0991113805478075e-07,0.9998751075421697,0.0013478307012431,0.0008374543005543173
94193.0,0.00010335988627212378,2.592814020631722e-06,7.270977741868151e-06,0.9998867763171327,4.831142274413796e-12,0.9998867763171327,0.0011811596295254812,0.0007338957411156703
94208.0,4.172616500100571e-05,3.297586189236112e-09,1.8164309803192745e-12,0.9999582705355962,1.3090252206757995e-28,0.9999582705355962,0.00046257563923442105,0.0002874144045325896
94223.0,0.001078040956233026,3.286872606005129e-20,2.861652370888174e-08,0.9989219159833534,1.4443890648100328e-08,0.9989219159833534,0.008444093696999257,0.005246610404640264
94247.0,1.4620376425442222e-06,2.2828236049886282e-07,7.576965055060701e-06,0.9999907327149414,1.115362673697827e-20,0.9999907327149414,0.00012173719325248086,7.563957100300101e-05
94250.0,8.62546506481059e-07,0.0015405504118983435,1.602119869588112e-11,0.9984585870252193,3.5342926768791516e-13,0.9984585870252193,0.011528281007772005,0.007162923725548834
94251.0,1.6693423650495748e-06,0.8938494839624154,1.1091703063269577e-06,0.10614572335851977,2.014166393219392e-06,0.8938494839624154,0.3384484685666189,0.210289857068641
94259.0,3.0461619465696064e-19,0.999570257448307,1.7837301683906103e-10,4.694265038968945e-13,0.0004297423728503425,0.999570257448307,0.003761156611698298,0.0023369379971980133
94270.0,0.0005068397066152521,3.4075129130167506e-06,0.9449202066677959,0.05456946375911116,8.235356608587961e-08,0.9449202066677959,0.21612737848310037,0.13428749056633763
94274.0,7.816455851528079e-06,9.300897262446368e-06,3.215871708542293e-05,0.9964419459528286,0.0035087779769720174,0.9964419459528286,0.02391738702063237,0.014860708099301522
94285.0,1.0,0.0,2.2198225966397197e-307,9.018997531690175e-254,0.0,1.0,1.4259599767814278e-13,8.85998748858114e-14
94290.0,4.918179017716483e-08,1.3956860783667338e-05,5.412489711815915e-12,0.9999858471902076,1.4676180477961972e-07,0.9999858471902076,0.00017332095999943373,0.00010769036733905726
94314.0,1.1396618819076804e-05,0.0001572644066616245,0.9997406335868105,9.069086479411986e-05,1.4522915396160401e-08,0.9997406335868105,0.002610724807139873,0.0016221345271974085
94319.0,4.7580362682002105e-06,1.9434818179959013e-09,0.9999858958619602,3.0431353744874763e-06,6.3010229149748945e-06,0.9999858958619602,0.00018656525025314923,0.00011591950755713808
94324.0,1.605121136039146e-05,7.993665853027082e-11,4.236163748764549e-05,4.060052268736136e-05,0.9999009865485287,0.9999009865485287,0.0011133035495011277,0.0006917343880742668
94330.0,0.001346233144449368,2.6386905767289055e-48,3.735568990558071e-21,9.563787840286415e-11,0.9986537667599145,0.9986537667599145,0.010244528824234697,0.006365283646599923
94337.0,0.9999999999510649,4.8853989810237385e-92,9.019810916505668e-25,4.893834518253971e-11,1.9808891502222315e-28,0.9999999999510649,1.2108639538255605e-09,7.523520755107975e-10
94341.0,0.00012503871040680047,5.583024380473052e-13,0.9998042274632362,3.070352023710968e-05,4.0030305562359033e-05,0.9998042274632362,0.00204384836226602,0.0012699143884183275
94375.0,1.0001195223961712e-13,0.999750831312474,1.4663967997060357e-10,0.00024387641240530326,5.292128379694508e-06,0.999750831312474,0.0023422076100140243,0.0014552954120930887
94388.0,2.1428392316368793e-11,0.9998853143721278,1.2382805460502647e-10,0.00011468243273646466,3.0498795426596643e-09,0.9998853143721278,0.0011552953339787288,0.0007178253507346984
94392.0,5.860318680640985e-07,0.0002931779209530089,0.9997062360446943,1.238622506541474e-12,1.2454607517749731e-12,0.9997062360446943,0.0026870538555279835,0.0016695604314826324
94393.0,1.4038215017848846e-20,1.253563498688723e-14,1.053040567280144e-08,5.530047725211444e-14,0.9999999894695293,0.9999999894695293,2.0396560947302912e-07,1.267309586143359e-07
94443.0,2.749811754649181e-07,0.0022869671723169983,0.9977127312599887,2.6586495283887016e-08,2.2395528582014992e-14,0.9977127312599887,0.016195238278608602,0.010062667316016597
94446.0,5.94339424748498e-06,0.13327802735090893,2.135138146385457e-07,0.8667157796382389,3.610278933030012e-08,0.8667157796382389,0.39265165569140864,0.24396819079374463
94453.0,1.971341056621567e-06,0.8871851015185024,2.1548008751514903e-08,0.11281282514814096,8.044429088673801e-08,0.8871851015185024,0.35238553230319186,0.2189494416533577
94463.0,4.941037709924486e-06,0.00029086324880017196,1.2369387974629167e-10,0.9997041955897973,2.851776365051913e-16,0.9997041955897973,0.0027245325229493015,0.0016928472368522385
94469.0,3.116570465760662e-08,0.014083616701908785,7.095730679977547e-20,0.9859163520057852,1.2660202420629775e-10,0.9859163520057852,0.07401938591248049,0.04599083030207372
94474.0,1.0,0.0,2.5183020841660223e-175,7.8753289904867e-83,1.9233769640720844e-35,1.0,1.4259599767814278e-13,8.85998748858114e-14
94478.0,1.1628062297728836e-16,0.9999842710887301,2.9272991812904107e-14,7.598183162908241e-07,1.4969092924777192e-05,0.9999842710887301,0.0001927342517449851,0.00011975252369536607
94488.0,4.949903324165407e-08,0.9611052873066481,1.993157590395201e-05,0.03887471001853743,2.1599878262247038e-08,0.9611052873066481,0.16458742409178306,0.1022639163774031
94497.0,3.617616912178979e-08,0.0066056293675020574,7.196399954846779e-05,0.9933223704567815,1.6067239452026806e-17,0.9933223704567815,0.04050155031876057,0.025165028116869926
94509.0,4.309530417775884e-08,0.00012370358722669727,1.457164633997127e-09,2.1924043478448507e-06,0.9998740594559538,0.9998740594559538,0.0012682994548601906,0.0007880387587875479
94512.0,7.900337963611308e-05,7.702780617912194e-42,8.828297341898031e-27,2.411524937518722e-11,0.9999209965962472,0.9999209965962472,0.0008252683708258336,0.0005127680691811867
94530.0,8.679505881560085e-09,0.9994600747057315,0.000539909307104742,7.307656587858602e-09,5.759356202815767e-18,0.9994600747057315,0.004602414207337247,0.0028596407303321165
94531.0,1.8616697686523936e-06,1.2666463601345517e-05,1.6150759168370008e-06,0.9999838567882834,2.430621183263506e-12,0.9999838567882834,0.0002050789904323113,0.0001274227410998114
94560.0,6.804088646917943e-08,8.377194177471911e-34,3.938290810222935e-14,0.999999931959073,4.736567137831978e-33,0.999999931959073,1.1909316448255796e-06,7.399674356026725e-07
94565.0,0.9997380581279193,4.7897343854765475e-12,3.162117385365115e-06,7.16666269884155e-05,0.0001871131229147404,0.9997380581279193,0.0025920440961375224,0.0016105275488492356
94569.0,1.6516256673414328e-07,0.982629623009122,2.7101592939361625e-05,0.01734308061312688,2.962224349427131e-08,0.982629623009122,0.0878253114474941,0.05456893414090628
94577.0,1.1132073116761938e-08,0.9988875025403684,0.0010543009153766638,5.8185412154899e-05,2.8419723212380152e-14,0.9988875025403684,0.008906602676959325,0.005533983391436986
94579.0,0.0026778228817031366,2.308061693366438e-11,0.023533275833521626,0.9737889012616763,1.7056533831254705e-14,0.9737889012616763,0.12995887511038165,0.08074798916214974
94589.0,0.9961413690323963,2.7461234266479334e-58,0.0038155088389071916,4.3122128697648924e-05,1.0965810329145437e-23,0.9961413690323963,0.02553197033441283,0.015863905116910347
94596.0,4.153713928411351e-05,0.0013759194365561681,0.9985807877167998,1.7320404062181043e-06,2.366695385230926e-08,0.9985807877167998,0.01092609122237433,0.006788762174646304
94608.0,2.1496423518001566e-06,0.00956578348798257,0.9904320623562589,4.513386689410619e-09,2.0274045855162458e-14,0.9904320623562589,0.054026869002905,0.0335687811163807
94615.0,7.706630215494772e-06,6.79915507303009e-14,1.8967340021739464e-08,0.9999922743941488,8.229331276062487e-12,0.9999922743941488,9.879650557416366e-05,6.138572032564131e-05
94618.0,9.924582548042931e-06,1.1322111477724103e-07,0.005646066915223604,0.994343895278816,2.297316149688638e-12,0.994343895278816,0.034984762912812876,0.021737255375016123
94624.0,0.999621888514441,3.089901142499317e-46,0.0003781091710617547,1.6066494644623637e-10,2.1538308422348954e-09,0.999621888514441,0.0033577107309848953,0.0020862629773066065
94625.0,4.6097693419138724e-09,0.007948880730214799,0.9920511092731548,5.360125102362118e-09,2.6736513225139153e-11,0.9920511092731548,0.04634805109087851,0.028797663291516545
94627.0,1.0,0.0,5.624013623912794e-182,1.3700841259496969e-45,6.927128137420125e-187,1.0,1.4259599767814278e-13,8.85998748858114e-14
94644.0,3.872615518936541e-09,0.9879254777821486,0.012073702845996011,3.1125767738005867e-09,8.12386661841886e-07,0.9879254777821486,0.06533908966283719,0.04059745899984356
94651.0,5.599383445860272e-05,4.89937142145709e-12,1.785619123189836e-11,0.9999322329433986,1.1773199388756744e-05,0.9999322329433986,0.0007495821327210859,0.00046574156538131017
94664.0,1.0093719262681649e-05,0.9547945631252464,0.039836970135003466,4.611009657274148e-06,0.005353762010828754,0.9547945631252464,0.20073358265787614,0.1247227874446479
94677.0,5.315094169749043e-06,0.0002959703627004807,1.0399184944893966e-08,0.9996987041428955,1.0498549615699617e-12,0.9996987041428955,0.002770826805057205,0.0017216114915962369
94686.0,5.329233019241115e-05,4.7943207999768174e-23,2.3379502116353e-05,6.296292278696337e-06,0.999917031875411,0.999917031875411,0.0009320585999371269,0.0005791205691976582
94696.0,6.241195834712597e-08,0.9986980289462546,0.00010780821357088704,0.00119409942173519,1.0064806263271278e-09,0.9986980289462546,0.010323746847729307,0.006414504572043888
94713.0,2.3886727046230684e-07,0.9993728706007933,6.818669274070077e-07,0.000226764793445174,0.0003994438715636087,0.9993728706007933,0.0056689980319565006,0.0035223465212042607
94726.0,1.2357859328083305e-12,1.4977951868830397e-49,3.2860457493613814e-28,2.1215892338112927e-12,0.9999999999966427,0.9999999999966427,9.433868367197197e-11,5.861591984576462e-11
94736.0,0.9999985913284039,1.0194958476377907e-48,1.019549798022245e-35,1.2851056889821424e-12,1.4086703080196146e-06,0.9999985913284039,2.0387529821697897e-05,1.2667484507596797e-05
94766.0,8.678066170061316e-10,0.06918916897255067,0.9307562638226905,5.456633695272759e-05,5.819586534577247e-17,0.9307562638226905,0.25212281083922305,0.15665271017377405
94773.0,0.002282210897512264,9.209261791363578e-09,0.990480482915713,0.007237290942374254,6.035136968978916e-09,0.990480482915713,0.05902519549895044,0.036674415982708666
94775.0,2.757190258358785e-05,0.044685779931247734,1.0055899785408224e-07,0.9552865476029263,4.2456063497922355e-12,0.9552865476029263,0.18287752471660224,0.11362819485221384
94785.0,1.7886566890683715e-09,0.0005930034750981616,0.9994069947362263,1.8181311777572106e-14,1.3852267650601067e-15,0.9994069947362263,0.0049990652570135255,0.003106093884325728
94786.0,2.3526868902036873e-07,0.9741580172270765,2.363045288971919e-08,0.025835893682503695,5.830191278048178e-06,0.9741580172270765,0.12003522118677178,0.07458207630093137
94812.0,0.0025288319881404584,8.344106759027473e-20,0.9344265317163534,0.0535952714889852,0.009449364806520857,0.9344265317163534,0.27938400760657783,0.17359104408323514
94844.0,2.0398407449605817e-09,1.417388597603077e-09,0.9999999965427051,6.59725899291383e-14,2.2560795331379295e-17,0.9999999965427051,7.315586307459654e-08,4.5454293396106364e-08
94855.0,3.5215345307744613e-31,2.17284170856422e-31,1.474372251261688e-29,1.4537618161456198e-59,1.0,1.0,1.421519084682928e-13,8.832394674567064e-14
94879.0,1.3418211664369233e-09,0.9079396558116889,9.353396196667074e-07,0.09205940422789644,3.2789747252983944e-09,0.9079396558116889,0.3072907417294108,0.19093047290321805
94882.0,1.713067287204524e-10,5.024405713217372e-49,3.743904641220043e-12,2.7651360407826114e-20,0.9999999998249507,0.9999999998249507,4.125898458243056e-09,2.5635648485520523e-09
94894.0,1.6770965192883287e-05,7.125766495366553e-24,2.6946237106599303e-08,0.9999832020885695,2.9077256636968288e-21,0.9999832020885695,0.00020167863705036152,0.00012530998275375808
94896.0,1.073769591703104e-05,0.11760385424043898,2.4152923693119528e-12,0.8823795381459347,5.869915293128202e-06,0.8823795381459347,0.3623315898697193,0.22512927468058216
94909.0,0.9999999905728103,3.180050354329632e-115,9.42718141569477e-09,9.461648725885752e-15,3.2019463037202476e-53,0.9999999905728103,1.8363875674299044e-07,1.1410117490351445e-07
94941.0,4.2850643305303797e-07,0.0020146486132868557,0.9979804886148107,4.4318179574521524e-06,2.447512898269671e-09,0.9979804886148107,0.014583981653225365,0.009061537286125363
94945.0,1.4602658211335075e-08,2.717016714874239e-18,5.357201432457618e-06,0.9999946281959111,1.83896538035959e-24,0.9999946281959111,7.065597437805846e-05,4.390102521643656e-05
94957.0,1.2935406925232667e-05,5.007485030290559e-09,0.8507426106158068,0.14924444629803707,2.671744884501601e-09,0.8507426106158068,0.4215528562384745,0.26192551634435
94966.0,1.0,1.821485437040628e-63,1.0561803102233901e-17,1.259300344643224e-18,1.6705158965723163e-33,1.0,1.4259599767814278e-13,8.85998748858114e-14
94970.0,0.9999039299798818,3.196569183666617e-62,9.606280281919149e-05,7.217301381143709e-09,1.378620745912577e-22,0.9999039299798818,0.0009848304694185504,0.0006119095752684868
94998.0,9.360476255217686e-07,0.004573542690867641,0.6053348505267204,0.39009067066269476,7.209190096297908e-11,0.6053348505267204,0.6957368870973132,0.43228563321531716
95026.0,2.458841666249885e-09,2.8423189463903366e-05,0.999971573463379,8.660428454422976e-10,2.2273997476589184e-11,0.999971573463379,0.00032603611624454847,0.00020257762895087652
95048.0,9.253186687705401e-05,2.294242532762081e-13,0.9986198156968831,0.0012876524320378532,3.97428071191575e-12,0.9986198156968831,0.010807906208787943,0.0067153296969636785
95056.0,3.2461592322172525e-05,0.15023979941994525,2.6822729880323754e-07,0.8497274706593906,1.010417824378931e-10,0.8497274706593906,0.4234917857988229,0.2631302410158448
95060.0,8.730657987688115e-07,0.9892781100053613,4.845367908346344e-07,0.010710779381717756,9.753010329499468e-06,0.9892781100053613,0.059385459363527904,0.0368982605074301
95064.0,0.9999999999883826,1.943084131028247e-42,4.853577452428811e-18,1.1615670585593143e-11,1.4764004862592003e-29,0.9999999999883826,3.0418941256371083e-10,1.8900350874900003e-10
95077.0,6.310995163124234e-08,5.850519597883032e-06,0.999966928174716,2.715819239456079e-05,3.338812086241047e-12,0.999966928174716,0.0003901470890931176,0.0002424120160702953
95088.0,0.00014821525295323495,5.533410163780528e-19,4.5923027918757875e-10,0.9998338505582481,1.7933729567058292e-05,0.9998338505582481,0.001668931046740338,0.0010369651627109124
95096.0,1.1897217134938202e-05,1.2799286732715637e-09,0.000823799937183398,0.9991643015657521,6.8315851250913e-20,0.9991643015657521,0.0068205638533871205,0.0042378545955039405
95168.0,0.0010477039231153059,5.498625211908098e-15,2.7410172214660076e-07,0.9989511383267909,8.836483667096676e-07,0.9989511383267909,0.008253228619668956,0.0051280192643075265
95171.0,2.513959829950004e-06,2.625764170801748e-10,1.844778346880653e-05,0.9999790354618968,2.5322289731588806e-09,0.9999790354618968,0.00025452564339405756,0.00015814567398198984
95190.0,5.553552927857251e-12,0.9999919358574418,8.05735595500285e-06,1.165615456556885e-11,6.7693935899168245e-09,0.9999919358574418,0.00010269600999925886,6.380861865242274e-05
95206.0,3.6576485594417717e-06,0.9858155360089798,0.014108635169111346,2.4317938135403953e-05,4.7853235213161215e-05,0.9858155360089798,0.0749799957476575,0.04658769075115075
95210.0,3.047114461729162e-07,0.9934241706616123,0.00015848074378714547,0.006417036947815057,6.93533948322926e-09,0.9934241706616123,0.04034387872220559,0.025067061245742525
95213.0,3.078145569380004e-06,0.23739274527682538,0.7626029265899474,4.4471854120477286e-11,1.2499431843065218e-06,0.7626029265899474,0.5481151295315055,0.34056307813859116
95216.0,0.028700213215943352,3.885324043829722e-09,0.9711059930406568,0.00019364710850921667,1.4274956713064498e-07,0.9711059930406568,0.13204057459954413,0.0820414217780213
95233.0,0.9999557871797579,1.0537080686391313e-68,2.4249762114061535e-27,4.4212820242307855e-05,7.351879374433486e-19,0.9999557871797579,0.00048751149765420494,0.0003029079244920338
95239.0,0.003172558632314752,6.111480102570062e-72,1.558123851142822e-14,5.818922437427472e-26,0.9968274413676702,0.9968274413676702,0.021419938605362412,0.013308956151633758
95257.0,1.1239844299734921e-09,0.25291036780018683,1.76480300383961e-14,0.7470895596704081,7.140540451603776e-08,0.7470895596704081,0.5655112306910987,0.35137188351417936
95262.0,4.160991704357377e-07,2.633908942736493e-06,2.991300163453899e-14,0.999996949437526,5.543306114220574e-10,0.999996949437526,4.301378231270433e-05,2.6725965618425537e-05
95275.0,3.085689521505797e-08,0.9971654853238584,1.8706259388285505e-07,0.0028230859413919747,1.1210815260529187e-05,0.9971654853238584,0.019533015028781436,0.012136544614659829
95278.0,0.0272331173645634,3.2431426345991834e-69,1.474355373838623e-30,0.9727668826354364,3.302163226481769e-30,0.9727668826354364,0.12498856042420335,0.07765975901187248
95279.0,0.0003413134020078651,2.2396210165851407e-11,0.9996484269325293,1.025952814382537e-05,1.149242698982247e-10,0.9996484269325293,0.0031939744681636836,0.0019845279171615536
95284.0,0.00015096512569773285,2.917855692900876e-07,1.7359307705329006e-10,0.9992474815259006,0.000601261389240718,0.9992474815259006,0.006544134154400003,0.004066099166573447
95289.0,8.036590775212387e-05,1.5730774061782894e-06,2.323482826537429e-16,9.590968845715218e-09,0.9999180514238758,0.9999180514238758,0.0008609062567169969,0.0005349111326792156
95296.0,0.00036171448583730904,1.9914504998225532e-07,0.9968837082615161,0.0027538633193477896,5.147882499428211e-07,0.9968837082615161,0.022221757434962103,0.013807154201651746
95302.0,6.165832831851787e-06,0.9991330758178131,2.4064077473874403e-08,0.0008605152500249935,2.190352493589124e-07,0.9991330758178131,0.007017796222571577,0.004360401956704202
95312.0,0.0003251188207342321,0.14363351480487715,0.5160371869499272,0.3078330075172477,0.03217117190721216,0.5160371869499272,1.0959789675480571,0.680970020080183
95313.0,8.860695979772104e-11,0.9998376405133259,1.2683246827715365e-11,4.444761973769813e-06,0.00015791462341021648,0.9998376405133259,0.0015994236748019142,0.0009937778043161412
95333.0,1.7318224407997625e-06,4.203938954092528e-11,0.9999982677014015,4.341190445631732e-10,9.362681374037977e-16,0.9999982677014015,2.47175990254547e-05,1.5357907772951622e-05
95342.0,1.7575721475470553e-14,0.999999745002612,9.901931299277312e-09,2.431059771501565e-07,1.9894638068851775e-09,0.999999745002612,4.179803240924086e-06,2.5970577731716204e-06
95353.0,9.63834966939971e-05,0.0007169033745317493,1.012259608440196e-12,0.9991476314591827,3.9081668578661e-05,0.9991476314591827,0.007330742364839758,0.004554846327531085
95366.0,1.3118030705536868e-07,3.549444304222248e-12,9.370093207609112e-19,0.9999998688161449,1.6684587863211158e-23,0.9999998688161449,2.2100515602867565e-06,1.3731822415841399e-06
95391.0,4.977730165515786e-06,2.7127221184232817e-06,3.1018094665057353e-07,0.013484764947350805,0.9865072344194198,0.9865072344194198,0.07156954973048577,0.04446866149825226
95393.0,1.3415327013454941e-05,3.630830813750128e-13,2.4570712765574637e-19,0.9999865846706687,1.9566355712534004e-12,0.9999865846706687,0.00016392336817369895,0.00010185131523699639
95394.0,1.7867453591524143e-06,0.011069870598851783,0.9889219927543031,6.34989941554543e-06,2.071150299648392e-12,0.9889219927543031,0.060969530462543504,0.03788249922007473
95423.0,1.8049950806401303e-05,0.00843440120524205,2.4276183782583787e-06,0.9915451212231334,2.438038225134822e-12,0.9915451212231334,0.04892551693158611,0.030399132860982236
95436.0,1.0999586647879768e-11,0.9985994859642997,2.1635279446989957e-11,0.0014004217245353863,9.22785303310482e-08,0.9985994859642997,0.010603174178710614,0.006588122534453325
95445.0,0.00022865378007914532,6.67537004861208e-10,4.606871674035665e-05,0.9235487454445065,0.07617653139113831,0.9235487454445065,0.27196015685386754,0.16897834626161956
95449.0,0.008609701620305802,1.5581766201996623e-20,0.022439787755654545,0.9689457391949159,4.771429123051902e-06,0.9689457391949159,0.1567655160847773,0.09740389167773887
95450.0,6.889077665907548e-07,0.0015783652975167144,0.0008984294420957232,5.628942776333826e-18,0.997522516352621,0.997522516352621,0.01896915694507986,0.0117861998891222
95455.0,0.0008711609745894388,0.0003396090205067184,0.8956086396503387,0.10318048991006454,1.0044450098616002e-07,0.8956086396503387,0.3419459794568713,0.2124629827687575
95465.0,4.362221774689082e-07,0.002822063885722857,0.0021724688933824066,0.02460163378077435,0.9704033972179423,0.9704033972179423,0.15019592939817145,0.09332197796373294
95469.0,8.741373503970753e-10,0.9904875197923639,0.009512150736509321,2.1532109574843882e-14,3.285969687628908e-07,0.9904875197923639,0.053752840113792395,0.03339851739449648
95472.0,3.085236735789732e-05,1.8666552023561572e-06,0.9999671654410796,8.417099143964402e-08,3.136536998841786e-08,0.9999671654410796,0.0003798126954039097,0.000235990896243698
95479.0,1.0736129001985943e-13,0.9999988334811416,3.210668442705582e-09,1.138423693669523e-06,2.4884387361262474e-08,0.9999988334811416,1.7245327203656573e-05,1.0715124249543051e-05
95505.0,3.6576901447469594e-09,0.9982832562479909,0.0017167081141162511,9.646599221983875e-15,3.198019241486427e-08,0.9982832562479909,0.012646768039517454,0.007857878792224169
95506.0,3.6386241789737016e-05,2.851966125870418e-15,0.9976771070802838,6.993231980465344e-07,0.002285807354724513,0.9976771070802838,0.016602096729703954,0.010315462685102953
95509.0,7.523411231249761e-09,0.9991638768594548,1.6920144268518435e-06,0.000833792195204747,6.314075004569603e-07,0.9991638768594548,0.006778605680159895,0.004211784516687561
95510.0,2.9422263957590344e-05,7.198069183434315e-21,4.16313286766942e-09,4.855142963990876e-09,0.9999705687177682,0.9999705687177682,0.00033658893644829973,0.00020913446480159368
95514.0,4.543862622345353e-08,0.003429942696593048,0.9951929050120285,0.001370803242944153,6.303609806410544e-06,0.9951929050120285,0.033374249727531766,0.020736587270432094
95519.0,1.0,1.3809696715563489e-122,5.491163588892596e-24,2.1433939201011704e-47,1.0316370071260474e-30,1.0,1.4259599767814278e-13,8.85998748858114e-14
95525.0,2.6652540407614664e-08,0.9985374949113048,5.810893336264777e-07,0.00010010484395876304,0.0013617925028623964,0.9985374949113048,0.01137854352235992,0.007069886594849197
95531.0,3.31240385887452e-06,2.9999858145710987e-05,0.017055908463126945,1.1363871661581127e-05,0.9828994154032056,0.9828994154032056,0.08687614484044184,0.05397918376922729
95571.0,2.8682638261055593e-09,4.76937791187653e-08,3.071535881435955e-09,0.9588609734346428,0.04113897293177914,0.9588609734346428,0.171548097161216,0.10658882572349007
95591.0,1.8100100878482095e-15,0.9999956959420123,9.4665738507512e-16,3.972978144881903e-06,3.310798403494044e-07,0.9999956959420123,5.865199477544751e-05,3.6442533335593375e-05
95594.0,2.4751827116425525e-10,0.794356159548751,0.17194720802840102,0.0336966321668028,8.526561660171448e-12,0.794356159548751,0.5998476853573512,0.37270632232724443
95602.0,1.0,1.7700881085074781e-290,2.8483621243490715e-34,1.393549916407975e-29,7.620390515849914e-138,1.0,1.4259599767814278e-13,8.85998748858114e-14
95611.0,5.071533166311807e-10,0.9690643559070732,0.0309341457304637,4.685834438600311e-12,1.49785062342662e-06,0.9690643559070732,0.1379960564692091,0.08574177071578053
95622.0,7.4921817506678e-08,0.9987294860237852,0.0012235691423748592,4.68699108577795e-05,1.1652466051595863e-12,0.9987294860237852,0.009943375444159437,0.006178166530898455
95625.0,6.359732963462209e-13,0.005104742267674721,0.9948192521329933,4.829696031608758e-10,7.600511572744159e-05,0.9948192521329933,0.032828914237666734,0.02039775127952377
95652.0,6.250820208225929e-12,0.998490441120364,6.794757280771231e-13,0.0008992228968123786,0.0006103359758930633,0.998490441120364,0.012332952489288767,0.007662894227859038
95664.0,0.0018440914860329172,6.684932583697199e-33,0.996523415613122,4.034039939939795e-06,0.001628458860906218,0.996523415613122,0.025585516237794842,0.015897175057284146
95665.0,0.0031253834456867018,8.161763701795063e-27,0.9957990511836762,7.42498094160466e-07,0.00107482287254162,0.9957990511836762,0.029577481570261865,0.018377522575896782
95685.0,0.00867304176632437,1.5244234903633525e-38,1.3696028544316883e-15,0.9913269582336732,4.0592863780028666e-27,0.9913269582336732,0.049810897246277616,0.030949250580871453
95690.0,0.06417887261415252,8.006318361287885e-49,0.9346630690434107,0.0011580583424381588,8.321492449460065e-21,0.9346630690434107,0.2472244472617687,0.15360918576092727
95719.0,3.855081917755917e-09,0.9492973678867181,0.05070262814233578,2.865906949494105e-12,1.1299898614971605e-10,0.9492973678867181,0.200578996354501,0.1246267375739565
95720.0,6.206425444927666e-15,0.9984213820779285,2.916282789231567e-06,0.0015712547978487857,4.4468414279949714e-06,0.9984213820779285,0.011813173287040233,0.007339937251244498
95744.0,4.67559993483134e-10,0.9948890512713005,2.883532848281304e-16,0.003693045854647075,0.0014179024064929502,0.9948890512713005,0.03508316872973014,0.0217983983468307
95748.0,0.0006561748074323526,2.590050773203192e-05,0.9976407619029504,0.0016771627631151618,1.8768516339841057e-11,0.9976407619029504,0.01815731803322179,0.01128177601194992
95756.0,1.8155729220423662e-09,0.9860047503273909,0.01399487221818871,6.177074644956376e-13,3.7563822906868185e-07,0.9860047503273909,0.07364745924718193,0.04575973927182946
95761.0,7.039119729957431e-08,0.001532790296537313,0.9984671256175847,1.34881996521264e-08,2.064816912601293e-10,0.9984671256175847,0.011466608411574961,0.007124604387026623
95762.0,7.477062444085166e-07,3.4063106481572026e-12,0.9999641354108333,3.500921092267756e-05,1.0766859308746406e-07,0.9999641354108333,0.00040732980950804475,0.00025308824053486015
95765.0,0.9999999999985292,1.277479455538376e-112,1.4684610866229818e-12,9.114973736320536e-20,2.243590081668968e-48,0.9999999999985292,4.158598048228786e-11,2.583882246155962e-11
95768.0,4.413906466362761e-05,0.011115760725116377,0.9888400993781591,8.27703256159509e-10,4.357550768969132e-12,0.9888400993781591,0.06155420426015415,0.03824577747585186
95775.0,1.4052322496936183e-08,0.24313678820540108,3.979581800154969e-13,0.7568626962306612,5.015112172285651e-07,0.7568626962306612,0.5546766479983015,0.3446399787857695
95785.0,9.578335272713087e-05,1.6322404291070946e-14,0.9997458302967019,0.000151560628552448,6.825722003510662e-06,0.9997458302967019,0.002554555543876213,0.0015872346016832205
95792.0,1.3943243316017358e-08,0.00036695688487353896,0.9846635242160514,0.014969503906896197,1.0489343541349007e-09,0.9846635242160514,0.08101923335842427,0.05034008005682647
95799.0,2.4619492021063997e-15,0.9999970890591732,2.9008749630919217e-06,5.727304025073654e-10,9.493132456931907e-09,0.9999970890591732,4.008608935078066e-05,2.4906887703518056e-05
95803.0,0.0005063744847859161,1.8072937640659195e-20,0.9994838840544907,9.741457444670997e-06,3.2775291337296215e-12,0.9994838840544907,0.004470878785706942,0.0027779131777411798
95809.0,7.314945415199066e-08,1.4916959465820865e-33,1.8911755494563627e-16,5.578995957942694e-16,0.9999999268505446,0.9999999268505446,1.2750507690993514e-06,7.922335861785283e-07
95849.0,3.5541229668405463e-10,0.9999982556961599,1.6568193630655532e-06,8.712865372124227e-08,4.12541576014967e-13,0.9999982556961599,2.5221677769711978e-05,1.5671109506527608e-05
95851.0,4.110134359141325e-05,2.4554821614537675e-07,0.9941620563136344,0.005765353188733639,3.12436058241435e-05,0.9941620563136344,0.03628934055814105,0.02254783504090404
95870.0,6.135061572434717e-06,8.768144368726398e-06,1.3154188238899032e-10,0.9988859812480665,0.001099115414451348,0.9988859812480665,0.008777678178454724,0.005453878096595499
95900.0,2.6027784333202654e-05,0.007245214975720447,0.9908205474894809,0.0019082097504649791,2.150819671938541e-16,0.9908205474894809,0.05706055072674835,0.035453713551739596
95903.0,2.994001256403895e-07,4.771839421417352e-07,0.9997454684092515,0.0002537550015498339,5.129339164854237e-12,0.9997454684092515,0.0023668158663244765,0.0014705853814173696
95904.0,1.0194143350107476e-13,0.9990722315288755,1.4918083453005094e-08,1.706689661492944e-06,0.0009260468632789453,0.9990722315288755,0.007418326960400529,0.004609265696482267
95915.0,0.9999503220121785,5.122512847274461e-58,4.9428524354028874e-05,2.49363253263576e-07,1.0021298842657868e-10,0.9999503220121785,0.0005435534415937893,0.0003377287420623289
95922.0,7.429895920809217e-10,0.025313295542075318,0.9746865354169372,2.4473250043853224e-10,1.6805326714379212e-07,0.9746865354169372,0.11805542859725314,0.07335196200188121
95950.0,3.971089897794272e-08,0.05844232951378982,0.9415576274451072,3.3302032168783753e-09,4.8355175251076724e-18,0.9415576274451072,0.222660632694518,0.1383468296442501
95955.0,3.186388131807713e-08,1.5164109925327306e-06,2.2023747977033294e-10,0.9999984515048882,1.4407168152751008e-16,0.9999984515048882,2.24220588224765e-05,1.3931608451155202e-05
95968.0,1.497155089726826e-12,0.9999285478120702,7.145210814622161e-05,2.4022699261962504e-14,7.826419983747045e-11,0.9999285478120702,0.0007535678443272035,0.00046821802724127077
95977.0,2.7211338390634684e-16,2.005623235146051e-14,1.077313077983455e-14,1.9103984335164527e-10,0.999999999808928,0.999999999808928,4.467277918696129e-09,2.7756758332726585e-09
95990.0,6.808020586003942e-10,0.9999545501621868,4.420803550646391e-05,1.2285710546278926e-06,1.2550449946281223e-08,0.9999545501621868,0.0005056684098055048,0.0003141894483153663
95991.0,0.9469122712272516,9.690600960446825e-12,0.04499356284446267,2.4228401976420204e-06,0.008091743078397622,0.9469122712272516,0.23019714136298386,0.1430295257645793
96008.0,1.2311215276341671e-05,0.027914025404805167,0.9720591821047956,9.21827490761952e-06,5.263000214864559e-06,0.9720591821047956,0.12775067223738257,0.07937595557456052
96031.0,4.374548031998103e-10,0.9951080682124981,1.3893755803180407e-14,0.004884529689905778,7.401660127830111e-06,0.9951080682124981,0.03096131300612244,0.019237345390538747
96035.0,1.1670588185458738e-10,0.9999999321353729,5.394259181169477e-08,1.3118746943189403e-08,6.865826899193765e-10,0.9999999321353729,1.2258632388329775e-06,7.61671655279322e-07
96048.0,0.9973142771192999,2.3858038983521986e-54,0.0026853979122239704,3.249684753425383e-07,1.69935368715608e-26,0.9973142771192999,0.018584325870587778,0.011547090898636158
96050.0,8.017154051072724e-10,0.9994851299913461,1.5723484671083505e-08,0.0005148534474554891,3.599787040176522e-11,0.9994851299913461,0.0044133165341699,0.0027421477399493075
96064.0,1.2378591156747884e-07,0.03289448870080517,0.9670681762567228,3.721102168634525e-05,2.3487305618353824e-10,0.9670681762567228,0.14508159641345705,0.09014426421335936
96074.0,7.806394024542308e-06,0.9813756708624735,0.00020796727132160977,0.018408555472179785,2.5744785831423803e-16,0.9813756708624735,0.09384586065833829,0.058309711690839074
96093.0,5.4212502738514954e-08,8.418266517109263e-12,3.458034543676069e-13,0.999999945778734,7.697840346005106e-37,0.999999945778734,9.61440271048388e-07,5.973764278948255e-07
96097.0,0.00012198526348081703,5.827596808809556e-31,1.4698696622693647e-05,9.155514120444587e-10,0.9998633151243462,0.9998633151243462,0.0013995416929552206,0.0008695841462057803
96103.0,3.527348244673906e-08,5.949476070638816e-15,9.593163807923505e-16,0.9999999647265099,4.6952335457143736e-21,0.9999999647265099,6.405714518427584e-07,3.9800942111147585e-07
96116.0,3.3029326013818476e-10,0.99923719845575,1.0086741760727104e-09,2.8361606826520506e-05,0.0007344385984568195,0.99923719845575,0.006359503873450247,0.003951381923041807
96124.0,9.45348221872703e-11,1.6316398895027564e-42,4.5624516261452894e-26,1.6329727453892205e-13,0.9999999999053024,0.9999999999053024,2.2816348610174175e-09,1.4176594470591863e-09
96133.0,0.9999999973993567,6.426568746739471e-66,2.6006441181674343e-09,2.0464833478930413e-17,2.7117367833352036e-36,0.9999999973993567,5.400900085682653e-08,3.355767901300633e-08
96140.0,0.003861575810412608,1.1741605389342685e-10,0.9874189553203899,0.0001096189427455423,0.008609849809037031,0.9874189553203899,0.07589720385490661,0.04715758419044592
96150.0,8.01212324177651e-09,1.863223355313672e-57,1.4275293822621767e-08,1.8474251583297057e-22,0.9999999777125839,0.9999999777125839,4.2953138044977125e-07,2.668828521630584e-07
96160.0,8.495701350906452e-10,7.511616249882854e-18,0.9957513235336113,8.029264301177793e-07,0.004247872690390192,0.9957513235336113,0.027449988995823366,0.017055637116381975
96186.0,3.512263513492874e-12,0.0014407472058731016,0.00036326434506627105,0.9981959884455499,1.5345842288074048e-22,0.9981959884455499,0.014105798177342813,0.008764425187430388
96196.0,1.4345750126348049e-12,1.4132158301237841e-27,6.19514766427287e-29,0.9999999999985647,3.151810139242298e-39,0.9999999999985647,4.066243446887517e-11,2.526499105975306e-11
96198.0,2.7594158102219944e-10,0.999991579733356,8.398533236887405e-06,1.041157550923714e-08,1.104589004458011e-08,0.999991579733356,0.0001069775138403489,6.646886656134315e-05
96205.0,0.025969729078529638,4.2377095836540887e-29,5.874153184700803e-09,0.9740302650473036,1.3582215599738099e-14,0.9740302650473036,0.12044057712123454,0.07483393810394415
96219.0,1.3593022230382731e-08,2.949734107638146e-10,4.314244913170278e-21,0.9999991385142495,8.475977583012219e-07,0.9999991385142495,1.2964323710467648e-05,8.05518722425304e-06
96222.0,2.0456670640735737e-11,0.998947666037268,3.695428140027437e-08,0.0010522952973460724,1.690647016767416e-09,0.998947666037268,0.008267806067373273,0.005137076741822934
96224.0,7.557323981654041e-11,0.9998709539194433,4.654371483957386e-06,0.0001243017977299429,8.983576919416268e-08,0.9998709539194433,0.0013054630897234817,0.0008111298234233282
96226.0,4.074403005041111e-10,0.0003983451325546195,0.9996016486857854,5.774219690160642e-09,5.462253970297937e-18,0.9996016486857854,0.0035167123920911343,0.002185056264004921
96237.0,9.558190285593915e-29,9.772589465843984e-09,1.3225225412326746e-17,1.5587925775058472e-20,0.9999999902274084,0.9999999902274084,1.9001525160314258e-07,1.1806311392016677e-07
96240.0,0.0005449662502508822,2.7299982722671928e-18,0.0036022355047599926,0.002433366601881322,0.9934194316431094,0.9934194316431094,0.045566240763947954,0.02831189722319512
96249.0,0.9999996455772784,4.4873954096353455e-284,2.902658361548268e-141,2.273789999850917e-77,3.5442272050724127e-07,0.9999996455772784,5.618583867932795e-06,3.491022439899714e-06
96250.0,0.0003782254934693452,4.363344938455162e-09,0.059065319951677395,0.9405564501816756,9.833577751386772e-12,0.9405564501816756,0.22772356978549657,0.1414926093303527
96253.0,4.0832693899806935e-08,0.3698686044785665,7.233071253431786e-05,0.6299794919072579,7.953206894878208e-05,0.6299794919072579,0.6604084905843479,0.41033486627983784
96257.0,0.026125001008043863,8.808271197802749e-14,5.597542636629946e-06,0.9738692792746716,1.2217455932288884e-07,0.9738692792746716,0.12107797436488375,0.07522997527861541
96270.0,3.368774546729087e-06,0.01643764112138689,0.9835589898565931,2.2583595047357235e-10,2.1638200328821387e-11,0.9835589898565931,0.08387637649392073,0.0521153228999476
96276.0,0.9999999860876977,1.8130731049803562e-76,7.935724396882594e-35,1.627480294944973e-23,1.3912300722312592e-08,0.9999999860876977,2.655927782589147e-07,1.6502207149900826e-07
96279.0,9.213500160797727e-08,2.650249348190023e-176,1.9934820411089444e-95,1.6771817472362216e-50,0.999999907864997,0.999999907864997,1.5847231366679726e-06,9.846438464166975e-07
96283.0,0.9999999999477325,3.832967608695723e-111,5.1590685139152796e-11,6.802877951503289e-13,3.8439223951139685e-52,0.9999999999477325,1.293464911904919e-09,8.036749363935969e-10
96297.0,1.3378875292711995e-07,0.9933715309731799,0.0013371701298601696,0.005291056854548998,1.0825365666388409e-07,0.9933715309731799,0.043192957506063584,0.026837293425466112
96308.0,0.0006100852178552583,7.389728931783886e-27,0.009282090156088154,0.9901076259903439,1.9863571439329672e-07,0.9901076259903439,0.05779924982855188,0.035912693109817935
96322.0,7.434137698956171e-10,0.9980272130667819,1.0533355538280022e-10,0.001972746155563906,3.992890563309851e-08,0.9980272130667819,0.01425844952656745,0.008859272803511316
96325.0,5.0615426860499613e-05,0.019350110627946497,2.0754573066028156e-07,0.9805990663994606,4.914083261829811e-16,0.9805990663994606,0.09605264235408191,0.05968086225135129
96329.0,1.994584340816342e-14,0.999773501389163,9.039179335947183e-14,0.00022558252289479034,9.160878332116992e-07,0.999773501389163,0.0021333863287278662,0.0013255474549504994
96348.0,4.2500034040806065e-08,0.00014274320415975,0.9998572107147718,3.5810338213329846e-09,4.416702562416287e-18,0.9998572107147718,0.0014074845833757389,0.0008745193415054273
96368.0,1.5816039525915934e-06,3.5490960686195766e-20,1.6487955411114036e-11,0.9999984183794164,1.4155192553785232e-13,0.9999984183794164,2.2707629317214623e-05,1.4109043375815472e-05
96377.0,1.1114452095826445e-09,0.9976951810463548,2.9348570548164e-09,0.0006814262975526762,0.0016233886097915433,0.9976951810463548,0.017698154231047834,0.010996481500974023
96392.0,2.371118403916333e-05,4.6460587609009886e-12,7.274248457181097e-09,0.9999667313917859,9.550145281737056e-06,0.9999667313917859,0.0003963079447936097,0.00024623997094379177
96403.0,4.2363509364373e-09,1.2633301778665024e-05,0.9999873624417683,8.371143652996555e-17,2.010279835732247e-11,0.9999873624417683,0.00015521286043656738,9.643917248216476e-05
96415.0,1.594066204357974e-05,0.01812051906879436,0.9661808321748465,0.015682708094288216,2.755025716566173e-14,0.9661808321748465,0.17125772043317683,0.10640840451817622
96417.0,5.825868443358926e-10,0.1395422503749605,8.066185794064419e-14,0.8604577372455144,1.179685691070881e-08,0.8604577372455144,0.4041319040722671,0.2511012701701934
96432.0,1.581622475062736e-05,0.0002630860990390273,1.1473238911698935e-07,0.9987416271650104,0.0009793557788118513,0.9987416271650104,0.010388460397575884,0.006454713361302931
96433.0,4.071901860897735e-08,1.8355111071415155e-06,5.0254321088145704e-08,0.9999980735146867,8.671438793540993e-13,0.9999980735146867,2.770776323717027e-05,1.7215801257760408e-05
96443.0,2.647892150285625e-11,0.9995742472018657,0.0004257511268242896,1.6448295771846074e-09,1.1797848103181847e-20,0.9995742472018657,0.003730229679386239,0.0023177220137337706
96450.0,0.9999969205213143,1.1947367072369643e-82,7.400540942298774e-36,3.0794786824822136e-06,1.14386247163812e-33,0.9999969205213143,4.216036885855936e-05,2.6195710025742078e-05
96452.0,2.7219834009045277e-06,0.14313585369927942,0.856811600145913,4.982416593387003e-05,5.4718300577144865e-12,0.856811600145913,0.41118830006424417,0.2554856555120952
96479.0,5.235090597786699e-09,0.9897230712503335,0.010213976193076083,6.481216606778066e-07,6.229919983827231e-05,0.9897230712503335,0.0576574017908547,0.03582455796859795
96489.0,4.265573584796173e-06,3.3531579717848405e-12,3.196000439619331e-14,0.9999957244757586,9.947272344281257e-09,0.9999957244757586,5.720242822594731e-05,3.5541866998419866e-05
96501.0,0.9999999999424602,1.31223059681821e-136,1.967271354406713e-40,1.0956408460705806e-39,5.753974237930147e-11,0.9999999999424602,1.414349672153332e-09,8.78784860991799e-10
96519.0,2.1967871392142429e-07,0.9999436549867141,4.1435886313972477e-07,5.5690047706097465e-05,2.0928001447141623e-08,0.9999436549867141,0.000611694540974168,0.0003800671875866565
96523.0,4.2136422661183254e-08,1.5049710215098908e-08,1.3909011518814845e-11,0.9999999427997625,1.9655983555223904e-13,0.9999999427997625,1.0442032916397435e-06,6.487999838779113e-07
96548.0,1.1617524765883561e-09,0.000509673594293314,4.1325814505943135e-05,0.9994469617915981,2.0376378513524063e-06,0.9994469617915981,0.004860966222218509,0.0030202881295786207
96552.0,5.096527838878344e-06,0.9972654284442334,0.0027193419753144157,1.0116892186291698e-05,1.616042672921689e-08,0.9972654284442334,0.01897373427633118,0.011789043944935698
96553.0,1.5343842462643726e-05,1.4885790622535345e-05,0.9692217781707358,0.030747992190118867,6.058515923851721e-12,0.9692217781707358,0.1376975517594275,0.08555629931146265
96558.0,5.244600740205148e-09,2.2445701746640043e-11,1.2918502804406544e-06,0.9999987028826737,3.6827557064946806e-34,0.9999987028826737,1.8914420756632327e-05,1.175219038305511e-05
96566.0,3.0232801081073437e-07,3.3737913830658182e-06,0.9999456054134018,5.071846720393447e-05,7.923211418293814e-17,0.9999456054134018,0.0006030056795703077,0.0003746684944548914
96574.0,4.188293711610179e-12,0.967521691023222,4.831554107762425e-10,0.03244030261149619,3.800587793758451e-05,0.967521691023222,0.14354874195277934,0.08919184818734475
96576.0,0.0011541304839715165,4.71597380191056e-16,0.9931193029998695,0.005725587801309374,9.78714849496737e-07,0.9931193029998695,0.044237644870268475,0.027486394180539612
96582.0,0.0002923770841759143,1.0433109929101586e-08,0.9996968479793553,1.0764503003422013e-05,3.5493492113941035e-13,0.9996968479793553,0.002805644371712725,0.0017432448620956695
96590.0,6.4300589365092715e-06,0.0002776230755473355,6.083559673400697e-11,0.9997159468046791,1.4422185171337191e-15,0.9997159468046791,0.0026344063102685094,0.0016368486723941128
96593.0,1.604295321509821e-06,1.2888955352489615e-05,0.9977641067850173,0.002166304088175899,5.509587613439099e-05,0.9977641067850173,0.016229906923280593,0.010084208156085139
96600.0,4.63200130600498e-05,0.001255507253578315,3.875975304907632e-21,0.9986981727333603,1.1788582212475568e-18,0.9986981727333603,0.01015030945171196,0.006306741858939259
96609.0,2.90111617771499e-08,0.05468183831313679,1.0825374179457537e-12,0.9453181241560703,8.518546820967145e-09,0.9453181241560703,0.21207711430739581,0.1317709199397771
96624.0,0.00014797363388720035,1.9466406567267204e-09,0.002382297883211163,8.289683890586257e-05,0.997386829697356,0.997386829697356,0.01908209150726032,0.011856370077924115
96628.0,4.9529380326123005e-05,1.0887029240865293e-05,0.9888935808144406,0.01104600277587501,1.1753392257885232e-13,0.9888935808144406,0.06142973891597364,0.038168442809370526
96630.0,0.03967133120462162,1.1096213022352575e-22,0.016576404339605735,0.9437522644549937,7.783154481907464e-13,0.9437522644549937,0.25061924097720273,0.15571848969194985
96634.0,1.9843783435565637e-05,1.5600105421047707e-12,0.9970989046921577,0.002878706391040027,2.5451318074610187e-06,0.9970989046921577,0.019986153625394493,0.012418095454932837
96638.0,1.5012493046633294e-08,2.7242496591350714e-129,7.315715307617076e-17,1.4133365112225872e-44,0.9999999849875075,0.9999999849875075,2.854534007467128e-07,1.7736217007277745e-07
96651.0,1.2447050661146281e-05,0.00023163447759747875,3.7597137051279e-08,0.9997558808745518,5.3206742495549207e-14,0.9997558808745518,0.0023241710648499365,0.0014440886764838787
96659.0,4.223647805594787e-20,0.9999035728520366,1.0531691502896127e-08,7.631783539587478e-06,8.878483273063149e-05,0.9999035728520366,0.001014842573511675,0.0006305571440011846
96663.0,1.705727436540889e-09,0.9999974039779785,1.4031454392383124e-06,1.1911414443630903e-06,2.940996743983417e-11,0.9999974039779785,3.778895362406638e-05,2.3479597027085494e-05
96672.0,4.971214142516638e-06,2.2414717548497045e-12,0.999994978239855,5.0531948366282387e-08,1.1814294564187091e-11,0.999994978239855,6.657877881255268e-05,4.136772117655629e-05
96681.0,3.848125273767191e-06,1.1212507503188529e-06,1.1347492866291276e-08,0.9999934807006865,1.5385757980859944e-06,0.9999934807006865,9.066064142359367e-05,5.633062370606101e-05
96705.0,2.5118003678988874e-07,1.2305117518928042e-07,0.999998266898486,1.1591589233390508e-06,1.9971137779654197e-07,0.999998266898486,2.6432130069114408e-05,1.642320580676435e-05
96708.0,3.2299058186749435e-21,6.952187837035408e-32,7.441904632807997e-17,1.4562250284989735e-15,1.0,1.0,1.5780613340085084e-13,9.805046356972304e-14
96725.0,6.752403230408015e-07,0.0003368864404110749,0.011159621702669665,0.9885028166165949,2.2804411659861974e-15,0.9885028166165949,0.0643016519722118,0.03995286272022915
96748.0,6.26447797877269e-07,1.9578376386826615e-07,2.106040763979257e-17,0.9999991777112177,5.7220189443123035e-11,0.9999991777112177,1.2795443345439752e-05,7.95025595370003e-06
96750.0,1.8711132348917363e-09,3.635874240619398e-46,1.2103785348878748e-10,0.9999999980076382,2.1276782022240427e-13,0.9999999980076382,4.2365758900285895e-08,2.632332603387743e-08
96756.0,2.4511134253094122e-05,6.887092080080315e-15,1.4242102440946269e-11,0.9999754872053093,1.6461897386013368e-09,0.9999754872053093,0.0002847657350941438,0.0001769348993795396
96766.0,2.413829679887023e-05,0.2501775810588374,3.0246002430793445e-10,0.7497893002933729,8.98004853016115e-06,0.7497893002933729,0.5629147264287929,0.34975858470827587
96793.0,0.0007432461117762349,0.0006671092301237534,0.9953310347147301,0.0032586099433522535,1.8187607260790897e-14,0.9953310347147301,0.033551308806137235,0.020846600261450608
96810.0,3.2399335906327763e-09,0.9986250389861403,1.959443786679806e-10,0.0013748626037430938,9.497423704201354e-08,0.9986250389861403,0.010435140408181918,0.0064837172826380735
96826.0,3.7619724861726864e-06,5.2640477965463406e-06,0.9914979429859506,0.008492921500045875,1.0949372252582768e-07,0.9914979429859506,0.049077223126320235,0.030493393219559652
96844.0,0.9999999999999503,6.472503207782089e-77,1.7185932637794795e-26,2.6929752805857174e-14,2.377287447880728e-14,0.9999999999999503,1.7091195314343417e-12,1.061935672218311e-12
96848.0,1.0,3.001109593435845e-247,1.5182170932118195e-120,4.755284849745359e-27,1.3713661135607959e-108,1.0,1.4259599767814278e-13,8.85998748858114e-14
96852.0,3.3317627946959906e-05,1.325166313006473e-18,0.9991192506167142,0.0008372788400241788,1.0152915313005374e-05,0.9991192506167142,0.0072729991158580415,0.004518968429703771
96860.0,7.425170208095561e-08,0.9895838474180934,4.584361522527198e-07,0.01041561949876904,3.9528313769309313e-10,0.9895838474180934,0.057911194802209194,0.035982248432699586
96865.0,6.578688611406336e-10,0.9999470093417874,5.1722928062650645e-06,4.734555214610225e-05,4.7215539232233116e-07,0.9999470093417874,0.0005943075044694699,0.0003692640143978243
96885.0,4.879978891861005e-06,6.512097055404432e-06,0.9999875603598076,1.0475642435021033e-06,2.7548351730364397e-15,0.9999875603598076,0.00016431394554858187,0.00010209399460465974
96890.0,6.944420826860922e-10,0.9542271916963041,0.04577280754226397,4.544420321663885e-11,2.154602377058205e-11,0.9542271916963041,0.18587520754652687,0.11549075991717554
96898.0,3.2382790085506503e-06,6.159833979502986e-07,0.9999961457374508,3.1992293633767314e-21,1.456102706082261e-13,0.9999961457374508,5.359621421166082e-05,3.3301200249845214e-05
96899.0,3.312752211796808e-06,1.0256116848733107e-06,0.9999956559511881,5.680154282511795e-09,4.7612213473002664e-12,0.9999956559511881,6.039483774802875e-05,3.752542255990982e-05
96901.0,4.535319647194681e-12,0.9999984751906873,7.547034265087867e-07,7.701013479774784e-07,3.2683635079141795e-15,0.9999984751906873,2.300445568340052e-05,1.4293471966625153e-05
96907.0,7.947121062327831e-07,0.024029241514488587,0.00025690495538071504,0.9757130548401302,3.977894450924728e-09,0.9757130548401302,0.11571725972422768,0.07189917599817061
96922.0,1.3476005653094184e-05,6.066117889731891e-15,0.9999826466707514,3.877309411709475e-06,1.4180085390742919e-11,0.9999826466707514,0.00021679424993006378,0.00013470184109319632
96925.0,0.9999999999843254,0.0,7.098217247237111e-40,3.074121748894202e-100,1.567676931326567e-11,0.9999999999843254,4.058031497671187e-10,2.521396735046371e-10
96926.0,6.086988034335813e-10,0.019188391249997678,0.9808116081348103,2.4895866163683725e-13,6.243640059961431e-12,0.9808116081348103,0.09486346046946868,0.058941982002895646
96939.0,3.204731739191837e-06,0.9991115273364324,6.936582441849066e-12,0.0008852675943709859,3.3052109081065004e-10,0.9991115273364324,0.007151723242977718,0.004443615493164015
96951.0,0.0012743240402644865,1.1523228241189324e-53,2.9458651771368723e-06,0.9987227300941129,4.449282012612223e-13,0.9987227300941129,0.00980777201395156,0.006093911382464185
96954.0,0.9999629665243155,1.3016858852894103e-155,4.153679098767838e-64,4.0006570026730605e-43,3.703347568327132e-05,0.9999629665243155,0.00041491083280818856,0.0002577985951509499
96970.0,1.4659518871857254e-05,2.4691625346362283e-05,1.5061866514793693e-10,0.9999551287328666,5.519972298021406e-06,0.9999551287328666,0.0005368259433139699,0.0003335487123588874
96992.0,2.286348664712224e-05,0.9162051817092578,0.08377185285964522,9.885271452381793e-08,3.0917357458858987e-09,0.9162051817092578,0.2881531797286303,0.17903963706983259
97000.0,0.007580355820245276,1.7990418375230467e-35,0.9923047740106183,0.00011487016767560208,1.4597967886554169e-12,0.9923047740106183,0.0457163864941316,0.02840518801063318
97003.0,6.288557353575806e-08,0.9838110918148697,0.016188845298801276,1.3141120174765362e-14,7.432095328711098e-13,0.9838110918148697,0.08281181396134485,0.05145387300843495
97011.0,3.268520481873704e-07,0.9990030375750355,5.277174439923859e-06,0.000991358394006395,4.4701384761477075e-12,0.9990030375750355,0.00792214073355079,0.004922302794252816
97032.0,1.3512981322048632e-05,2.952111034474887e-13,0.9999664988727723,1.9988145588061435e-05,2.2328351754074372e-14,0.9999664988727723,0.00040128538121143864,0.0002493326260747381
97041.0,1.5918142923324974e-10,0.9715311835399078,1.42110611990285e-13,0.02846881629817114,2.5965384159976505e-12,0.9715311835399078,0.12937866076902355,0.08038748172233147
97042.0,2.764764607625882e-13,0.9989522681106081,0.0010477316992789987,1.898280933377227e-10,8.872640575520014e-15,0.9989522681106081,0.008235808108014366,0.005117195291838627
97044.0,1.5541281446875198e-10,0.9999872463736382,1.2751668856972041e-05,1.8015266405513304e-09,5.646656094349161e-13,0.9999872463736382,0.00015650271893993475,9.724060663094568e-05
97048.0,1.2709757491981707e-07,0.06012461603630678,4.557543252614446e-11,0.9398752568169674,3.5757662472724996e-12,0.9398752568169674,0.2273124088812469,0.14123714069681728
97060.0,1.331867620827596e-08,0.00018904013001919205,0.9998109436795365,2.8717690536523825e-09,4.3751568757895545e-29,0.9998109436795365,0.0018100816939631286,0.0011246669908661318
97064.0,5.5347361181159276e-08,0.8998762810541471,0.04478076130845606,0.05534290228054884,9.48782560153446e-12,0.8998762810541471,0.3941978717797537,0.2449289088658115
97065.0,0.004994280978584009,8.81174698302559e-07,0.9945358936493637,0.0004689441973534526,1.471771062630527e-16,0.9945358936493637,0.03552290742579546,0.022071623360773774
97067.0,5.402373989269193e-06,3.5853521987116295e-05,0.9979870983822586,0.001970123108823289,1.5226129432372987e-06,0.9979870983822586,0.01473698827690438,0.00915660564663615
97077.0,1.3907717776594435e-05,5.713891292202041e-17,4.039833627280111e-16,0.999986092282222,1.22221407492081e-16,0.999986092282222,0.0001694385558235688,0.00010527809399451226
97093.0,3.6911958702704005e-08,0.7822160010640282,1.1416802956291706e-12,0.21778396202287278,6.553123787829353e-17,0.7822160010640282,0.524089512681696,0.32563512306546044
97094.0,7.29966983058576e-13,0.999983310704868,6.343965364779441e-14,1.6689002266877315e-05,2.9207053693781913e-10,0.999983310704868,0.0002002873089456246,0.0001244455019968504
97095.0,2.8101580753398545e-06,9.84556745694805e-07,0.001394571801110825,0.9985928734836518,8.760000415673515e-06,0.9985928734836518,0.010727230376120186,0.006665202983752516
97108.0,0.12738964525617277,6.235080592784887e-13,0.7888691830825035,0.0836909511958835,5.0220464818186054e-05,0.7888691830825035,0.6576740233671639,0.4086358462703934
97131.0,8.098127750353258e-08,0.9908906374281148,7.144769221044481e-14,0.00027018191920929026,0.008839099671328036,0.9908906374281148,0.05308529868904453,0.032983750587034934
97137.0,1.2783591544419882e-28,0.0001500869004232534,2.3700144045286376e-19,3.579251842474343e-30,0.9998499130995769,0.9998499130995769,0.0014714851483040785,0.0009142851283269553
97138.0,1.3673184433415545e-12,0.9999540243922024,1.658824758970578e-05,2.724676676310683e-05,2.14059207593601e-06,0.9999540243922024,0.0005428817885677097,0.00033731142057332294
97147.0,1.7020725247593304e-09,0.9757385215079588,8.044400491501337e-09,0.024261468744836152,7.330099814853017e-13,0.9757385215079588,0.11419009094858507,0.07095029268689523
97153.0,0.9995591616864514,1.0441575745825535e-64,0.00044064443431134244,1.9387923837055283e-07,2.3692728124484563e-22,0.9995591616864514,0.0038487172557309583,0.002391342484228044
97166.0,1.371228115085069e-07,9.090219852296556e-06,4.762854488033243e-08,0.9982072341740807,0.0017834908547104261,0.9982072341740807,0.013187689269903734,0.008193972049508131
97174.0,5.028671948648165e-06,2.882188814473286e-07,0.00010745213050633054,0.9998872307313329,2.473320573015885e-10,0.9998872307313329,0.001160407952872356,0.0007210019994603984
97177.0,0.9999885148729908,4.202389935354925e-58,1.1406126218758942e-05,7.863956428868136e-08,3.6122587448329623e-10,0.9999885148729908,0.00014259655965864052,8.860022406392719e-05
97186.0,1.0,1.0213471236936993e-112,1.265553585165225e-34,1.852296146580452e-36,1.7018198625828378e-26,1.0,1.4259599767814278e-13,8.85998748858114e-14
97223.0,6.738677290411152e-12,0.09683598534590859,0.9031640146311621,5.92572143159967e-18,1.619014975706035e-11,0.9031640146311621,0.3180747766997641,0.19763097056581108
97228.0,6.269151346147704e-10,2.395683727578482e-07,0.0002476822102625275,0.9997520775944466,2.153551206816529e-15,0.9997520775944466,0.0023081525963216973,0.00143413584238914
97231.0,0.9999999999993605,3.4697040265520024e-165,9.277948803416616e-76,6.392009120525314e-13,2.0532339925824447e-82,0.9999999999993605,1.8693830981393374e-11,1.1615130249492497e-11
97234.0,2.6681762238654534e-07,1.7771214474163665e-09,0.0005096972031752013,0.9994900342000634,2.0189482263823313e-12,0.9994900342000634,0.004378278432399297,0.0027203773432785774
97236.0,2.4636654197962464e-06,0.027741382677412336,0.9722407091030331,1.544453038667031e-05,2.3749490177662077e-11,0.9722407091030331,0.12702144226003256,0.07892285951430485
97247.0,1.4877294881555265e-07,0.00022990838831454932,0.9940051128927162,0.005764829605242446,3.4077953152432053e-10,0.9940051128927162,0.03762870564844129,0.023380029361637168
97260.0,0.00032251284710416986,1.2942238970174473e-07,5.702567060806034e-10,0.9987745885331124,0.0009027686271361282,0.9987745885331124,0.010147972510080773,0.006305289835463777
97266.0,1.7554389525252386e-06,0.011479768252286486,0.988518467259661,9.0490832385215e-09,1.8032728588918528e-14,0.988518467259661,0.06272086401590096,0.03897066393884214
97270.0,8.893970359213816e-06,0.9994782638739996,8.281669809561054e-05,0.000429878376904779,1.470806396179072e-07,0.9994782638739996,0.0047381570012520365,0.002943982470306101
97275.0,2.5763743066343596e-19,0.9999999920942315,7.455005696460401e-09,1.2881665585466192e-10,3.219450213945287e-10,0.9999999920942315,1.573917440227001e-07,9.779298897256755e-08
97280.0,0.9992356294995903,7.915079262645103e-53,1.4246815042038332e-18,0.0007643574689553806,1.3031455029667862e-08,0.9992356294995903,0.006249707149706861,0.0038831613828798506
97293.0,1.427071431443407e-09,0.13922883845360776,2.2224753800304288e-10,0.8607225265422426,4.8633354831636594e-05,0.8607225265422426,0.404085493370964,0.25107243358013637
97299.0,1.4321456106619218e-05,3.347431251900643e-10,0.8534909452434908,0.14649417072698329,5.622386753785587e-07,0.8534909452434908,0.41675972309782194,0.25894737527806716
97304.0,8.502872959618801e-07,6.908478066184109e-11,5.6983129062381136e-09,0.9999932283180387,5.915627266047546e-06,0.9999932283180387,8.997830697252329e-05,5.590666547455742e-05
97338.0,6.0108294185133645e-05,1.3417824462291378e-15,3.7118038364386877e-09,0.9999398879940092,1.6718020406840908e-20,0.9999398879940092,0.0006443965655472406,0.0004003860978847334
97349.0,8.138855252293941e-09,0.011690441940198821,3.6541538340126257e-07,0.988309183845503,6.600583014849065e-10,0.988309183845503,0.06363837814038172,0.039540747517333906
97379.0,1.819959901251359e-06,4.2776190086298157e-10,0.9999967300334478,1.423285964128629e-06,2.629292625000124e-08,0.9999967300334478,4.6953009326800755e-05,2.917354497744459e-05
97383.0,5.2609530084978655e-06,1.3959151831486651e-05,0.9999769930187926,3.5591681636393993e-06,2.2770820259398554e-07,0.9999769930187926,0.00029114534850017553,0.00018089877605769193
97410.0,4.3664617793032914e-11,0.999999779744168,5.898187296089888e-08,1.6089835277073314e-07,3.3194186062012646e-10,0.999999779744168,3.7272081101736287e-06,2.315844607224786e-06
97415.0,0.0011204018152109992,4.26452324462083e-07,0.9981665777777644,0.0007064268785261386,6.167076172968121e-06,0.9981665777777644,0.014649396062160437,0.00910218154362029
97418.0,5.528758313582531e-06,0.0001660812678565435,3.475902845773849e-07,0.9993109143844026,0.0005171279991420851,0.9993109143844026,0.00611957844884786,0.003802307875047296
97436.0,1.6015820651522517e-06,0.0017589276888243532,0.1566007448986303,0.8416387258304802,2.557696215528601e-16,0.8416387258304802,0.44662708935578477,0.27750501333742644
97446.0,2.6357506478139432e-05,2.6891426593744095e-05,0.999944669258374,2.081808371076243e-06,1.8356213984567346e-13,0.999944669258374,0.0006434685459202975,0.0003998094868705566
97452.0,2.194947552101118e-10,0.9787443741939069,3.653307102459053e-12,0.021255619361266926,6.221677617865453e-09,0.9787443741939069,0.10288646769121004,0.06392695666998761
97456.0,5.745397564238878e-12,0.9973418053885421,0.0026581340910620936,2.6670123162258398e-11,6.048798143144787e-08,0.9973418053885421,0.01841874767045386,0.011444211378491451
97465.0,1.3194391841719739e-08,2.2744335961321665e-06,0.9999969087730948,8.03598581455148e-07,3.357341959740959e-13,0.9999969087730948,4.416194838751545e-05,2.7439361311381868e-05
97468.0,1.5567117920411465e-08,9.897585362340756e-10,0.9999923634304205,1.5344821854597117e-10,7.6198592547369325e-06,0.9999923634304205,9.77385531022783e-05,6.0728377495755235e-05
97485.0,3.4221891738669736e-14,0.9999583140243659,4.16859260885986e-05,4.951190695674334e-11,2.2987566298968274e-16,0.9999583140243659,0.0004621033119203887,0.0002871209310718346
97487.0,1.437929674787317e-09,0.9996946751593839,2.6941018829944335e-11,0.00023671908533581712,6.86042904108464e-05,0.9996946751593839,0.0029393097308797445,0.0018262958192865964
97492.0,4.7122958092225736e-11,0.0146299407114142,0.9853700579853851,1.2560772758407193e-09,3.985847316156397e-21,0.9853700579853851,0.07632931831727988,0.04742607200164688
97497.0,2.298003161699284e-07,0.0010257942587384376,0.9989739731418443,2.7991022475025948e-09,4.120044795176907e-17,0.9989739731418443,0.00808887977757534,0.005025903587260341
97501.0,7.498432454011019e-07,5.009092265473343e-07,0.00012594321083470242,0.9998344473870983,3.835864959596945e-05,0.9998344473870983,0.0017043616215659024,0.0010589794166015638
97533.0,1.2020229958963633e-06,0.12552888506037627,0.8741221898715679,0.00034721760738081815,5.054376792272472e-07,0.8741221898715679,0.3808895943433455,0.2366600111757597
97550.0,1.4810437066898376e-08,0.21107572968900767,0.78892420272788,2.242908681083302e-08,3.034358829530141e-08,0.78892420272788,0.5153796878266469,0.32022340460912285
97560.0,0.04821579257490587,1.108255375324961e-12,0.9279944021471439,0.0237870448341678,2.7604426743085494e-06,0.9279944021471439,0.3045081414022841,0.18920154611105722
97572.0,1.5243466302633438e-07,8.954620486934073e-11,0.9999844585943316,1.5345004498056305e-05,4.387696252710803e-08,0.9999844585943316,0.00018877449708022028,0.00011729218978986231
97577.0,3.3754137505889136e-10,1.706001700503237e-24,0.9999999996624567,1.0522754846959856e-27,1.375856495864468e-15,0.9999999996624567,7.699213074593272e-09,4.783790051862918e-09
97578.0,2.4449001822540963e-08,0.9924991715069713,0.007500741630342199,5.643454280679737e-08,5.979140425649969e-09,0.9924991715069713,0.04417338926481494,0.027446469928130053
97580.0,3.0009688922092174e-07,2.0950313623990014e-08,0.8981566514507386,7.768391015025441e-08,0.10184294981814751,0.8981566514507386,0.32912008613210364,0.20449380717914442
97585.0,3.024009871218924e-08,0.0003142524165407206,0.9996857173431551,2.0429231438540576e-13,1.2279002288251096e-19,0.9996857173431551,0.00284930127203381,0.0017703704193997461
97595.0,0.0067412995890742036,8.46346329011396e-32,0.9932580872773671,6.066203153045624e-07,6.5132423190053965e-09,0.9932580872773671,0.0404310860646359,0.02512124621414458
97598.0,2.2647460355535646e-08,0.39050389045152567,1.818210988184539e-09,0.6094960764114158,8.671385763789576e-09,0.6094960764114158,0.6689735626103578,0.41565664474661707
97620.0,0.9999999475966148,9.951484964951973e-26,5.778605550163133e-23,2.9032212908895694e-08,2.3371170847122745e-08,0.9999999475966148,9.669261045823216e-07,6.007849679146372e-07
97624.0,1.7533639089440426e-11,0.9999929807294847,6.987744804353578e-06,2.716542460626199e-08,4.342754333400409e-09,0.9999929807294847,9.05305394412912e-05,5.6249786799401025e-05
97638.0,5.160727881023466e-09,0.0035058745034267313,0.9964941203268319,4.105064393871241e-12,4.908107906009083e-12,0.9964941203268319,0.02331963952369073,0.014489306697406118
97640.0,1.363485151930143e-06,0.00019666103649178124,0.9936262700128272,0.006175705054252179,4.112753386122278e-10,0.9936262700128272,0.03946673703355653,0.024522062472026256
97643.0,1.0298593302300058e-06,0.0008998440775188904,3.352897626388768e-09,0.9990991222379022,4.723498913483535e-10,0.9990991222379022,0.007225611772732559,0.004489525017963946
97648.0,1.5696913948821308e-09,2.2229124439530856e-12,2.200628625465601e-13,0.9999999984278674,2.1239934503794307e-31,0.9999999984278674,3.345962052482053e-08,2.078963112917881e-08
97659.0,2.298843537033749e-08,0.027325476209160864,0.9726738892931256,3.643200543702818e-09,6.078660783254011e-07,0.9726738892931256,0.12532844072040591,0.0778709385134716
97685.0,1.0,1.352996701910518e-261,3.8411343203953103e-31,2.583817252501445e-80,1.9311775210861143e-16,1.0,1.4259599767814278e-13,8.85998748858114e-14
97688.0,1.0,8.66147703468944e-121,2.2205935767161294e-56,1.542706519513079e-29,4.069230166972358e-17,1.0,1.4259599767814278e-13,8.85998748858114e-14
97691.0,2.857427624742517e-05,0.7759800464375851,7.460632835117764e-05,0.22375940320840937,0.00015736974940771075,0.7759800464375851,0.5342056602754952,0.33192063896864904
97692.0,5.159047352090975e-05,0.00014159541908938004,0.9997992150929106,2.15202354670175e-06,5.446990933034693e-06,0.9997992150929106,0.002059071398328902,0.0012793729925342568
97695.0,6.305304644795549e-12,2.4724427593751634e-16,0.9999999999874163,6.276842412249725e-12,4.6611314075229046e-17,0.9999999999874163,3.371705464526134e-10,2.0949583941556311e-10
97699.0,5.592746021009692e-07,0.10196404340540335,4.250356289459451e-07,0.572000332775165,0.32603463950920186,0.572000332775165,0.9177441969452848,0.570226530551462
97703.0,5.399228454371336e-06,1.118266782172107e-07,0.9999827778352057,4.6588526367555865e-06,7.052257026258471e-06,0.9999827778352057,0.00022535111571501926,0.000140018520735727
97704.0,4.540504513692389e-07,0.002779829864779897,1.026923780960433e-10,0.9972197132841075,2.6979685724491742e-09,0.9972197132841075,0.01914342008867812,0.01189447566804598
97706.0,1.0,1.0457960139651458e-158,2.4192118303223817e-64,9.766844515324358e-22,2.731091838016186e-37,1.0,1.4259599767814278e-13,8.85998748858114e-14
97735.0,9.380762036989425e-05,1.0470613359060063e-08,0.9998920244062693,1.4150600384295097e-05,6.902363704882089e-09,0.9998920244062693,0.0011362906595003362,0.0007060170825613396
97737.0,5.168463136980558e-12,0.015424609443116709,0.9845753905517144,2.483995995376796e-17,3.6524816566175597e-22,0.9845753905517144,0.07965328120401803,0.049491366264356906
97741.0,1.8341280910608664e-07,2.7585077837183385e-06,1.2941298575077868e-07,0.001646556740899527,0.9983503719255225,0.9983503719255225,0.012241371145607353,0.007605991539675866
97747.0,8.0865358687906e-09,0.765677734679786,0.23431900040979942,3.256707413228859e-06,1.1646540824466376e-10,0.765677734679786,0.5444862967305314,0.33830835754767014
97768.0,1.7137592342343625e-09,1.3750375551065966e-11,3.821486039592038e-07,0.00010017782325364626,0.9998994383006347,0.9998994383006347,0.0010287326311854287,0.0006391875220769357
97774.0,9.157480142260026e-07,0.0021896074710308247,0.9977829548346409,1.1166893464799612e-12,2.6521945198250146e-05,0.9977829548346409,0.015916022248641918,0.009889180642309252
97782.0,1.0773763208793865e-12,0.9954191462814993,3.998930815902842e-08,0.004573308370267269,7.50535784841024e-06,0.9954191462814993,0.029298372217611637,0.018204102184532875
97783.0,7.45120096457161e-06,2.3317275450671442e-06,2.1414276560183587e-17,0.9999902170714899,2.8851793956656906e-18,0.9999902170714899,0.00012800016291969948,7.953097285133113e-05
97787.0,1.556932193430498e-09,0.9952669186439385,0.004725203768270961,2.836739898694865e-06,5.039290959448156e-06,0.9952669186439385,0.03012232981371975,0.018716055823590608
97794.0,3.6245435493870146e-10,0.987696550727745,8.282788920925639e-10,0.012297736225786603,5.711855734598657e-06,0.987696550727745,0.06638605989217414,0.04124797817877449
97827.0,0.9995213215118668,4.723007044393042e-63,0.0004782359607284302,4.4252740535169977e-07,3.01067068883325e-32,0.9995213215118668,0.004141346646866384,0.0025731633478193925
97851.0,0.009645027764857993,4.827834331500583e-11,0.9843835742699895,0.005971397898122515,1.8750013143427164e-11,0.9843835742699895,0.09083762204611219,0.05644058794957187
97876.0,3.3088981834190163e-10,0.9990335929194533,1.7858614576162834e-07,0.00029370701666372274,0.0006725211468461093,0.9990335929194533,0.008269835308039021,0.005138337579939193
97878.0,7.693923268982393e-15,2.78830587801517e-48,2.0599558544875196e-28,3.0316334435650715e-16,0.9999999999999929,0.9999999999999929,3.643142473553339e-13,2.2636116903966064e-13
97896.0,8.161797658507903e-06,3.3475722625272013e-06,1.2943482625809193e-06,0.0001522790373052609,0.999834917244512,0.999834917244512,0.0016589466868932572,0.0010307615311387068
97897.0,3.511827800922024e-08,1.5131952048925765e-08,3.3460887764999224e-05,0.9999664888306352,3.137127540732638e-11,0.9999664888306352,0.0003792055384387694,0.00023561364841049516
97928.0,8.110905647176071e-05,4.288849452067577e-09,0.9999113804759038,7.506178750648937e-06,2.4516892225667956e-14,0.9999113804759038,0.0009412937921381648,0.0005848587167395355
97934.0,0.0029215976228374463,4.876124536834131e-10,0.0004793429138181791,0.9965971989977227,1.8599780084273589e-06,0.9965971989977227,0.024134567960246617,0.014995650204204337
97940.0,0.0001402528326169225,1.786517319714359e-09,0.9929595152672858,0.0069002226912217935,7.422358242596823e-09,0.9929595152672858,0.04259704830856146,0.02646703422323266
97951.0,2.2592532258640776e-10,0.9999926355168754,7.355434179634266e-06,2.7226294775139294e-14,8.82299268856144e-09,0.9999926355168754,9.447486074205611e-05,5.870053141669388e-05
97952.0,4.413344385414862e-05,2.2243752995486626e-08,0.002025910200637506,0.9979299341058062,5.950057282735417e-12,0.9979299341058062,0.015075057660534127,0.009366659964990347
97963.0,2.2824500483568624e-11,1.50904529077909e-18,0.9999999999771774,2.950241559746091e-30,1.6309450949513267e-25,0.9999999999771774,5.822043498416712e-10,3.617439016091961e-10
97974.0,1.0809923935697101e-11,0.999999999468919,1.0266877561512118e-11,3.60404125839298e-13,5.09644719352182e-10,0.999999999468919,1.197916277560289e-08,7.44307231925816e-09
97986.0,0.00021528111960856204,1.8850628239700087e-11,9.110982651453458e-14,0.9997847171662189,1.6952326544030536e-09,0.9997847171662189,0.0020330346728516056,0.0012631954654136741
98018.0,8.553904610955065e-09,3.29914970376375e-08,0.9999999584545742,2.3611371185072602e-14,3.2351115664107286e-15,0.9999999584545742,7.687961652622495e-07,4.776799150329003e-07
98030.0,7.907025131992864e-08,0.9895101937550277,4.33603066421409e-10,0.010489722732903994,4.008213626195931e-09,0.9895101937550277,0.0582414100430926,0.03618742269778446
98033.0,2.72859595434784e-07,0.9796944942980951,0.02001676974897896,0.0002884532605519881,9.832778103227874e-09,0.9796944942980951,0.1007427075924309,0.06259496362930116
98035.0,2.3879118399033664e-10,0.8186515053835759,3.7457985298212287e-10,0.1813484795376038,1.4465447766146384e-08,0.8186515053835759,0.4734323890534883,0.2941600824709498
98046.0,1.995171696354983e-06,8.375124841443557e-08,2.315990879169555e-06,0.9999955899870269,1.509915067687478e-08,0.9999955899870269,6.228441020044211e-05,3.869947993597572e-05
98056.0,2.896096221368781e-07,3.519736445153515e-06,0.0008203194024717393,0.999134125441531,4.174580993096593e-05,0.999134125441531,0.007164057770014271,0.004451279365713096
98082.0,1.0,8.684507205313646e-285,5.572682704004876e-134,5.9349714098804656e-77,1.0335995780130945e-18,1.0,1.4259599767814278e-13,8.85998748858114e-14
98088.0,7.612656940786871e-07,7.347704979548613e-14,0.9999992387241561,1.0076253490355954e-11,9.042368807791112e-18,0.9999992387241561,1.1486459793207068e-05,7.1369387439339265e-06
98092.0,0.9564881295356066,7.484111068310883e-24,0.010323711441773561,0.033165428869794046,2.2730152824786284e-05,0.9564881295356066,0.20297742249043005,0.12611696352017004
98099.0,4.566588468282189e-07,1.1325693714978767e-07,0.9999970100420945,2.4200374280532635e-06,4.6931563466930645e-12,0.9999970100420945,4.276364031377501e-05,2.6570543655890174e-05
98100.0,1.3422443099046618e-10,2.4187867467066358e-14,1.283062377385742e-05,0.9999871692419781,4.972821650795622e-30,0.9999871692419781,0.0001573537136402503,9.776935936737682e-05
98102.0,2.777291287210042e-08,0.975984068239909,6.464073893702315e-12,0.02376397590749783,0.0002519280732178154,0.975984068239909,0.11468065946758317,0.07125510004554392
98103.0,2.2725123346913105e-07,0.9333490234215033,0.0628413829525845,0.0038093626248224535,3.7498564698987985e-09,0.9333490234215033,0.2594925515982258,0.16123178756599033
98113.0,5.1576614630061704e-09,7.480090154391555e-15,1.8422320626778494e-12,0.9999999948404898,6.384160532352668e-28,0.9999999948404898,1.0363209963223035e-07,6.439024384326702e-08
98135.0,1.0417062536334268e-09,7.781156166019682e-30,1.181828947477956e-15,0.9999999989582911,5.15744699940168e-16,0.9999999989582911,2.258681058727305e-08,1.4033974478153649e-08
98138.0,0.00024591315327692864,6.741599955894928e-32,0.9988800869955354,0.0008739998424828046,8.704106490709986e-12,0.9988800869955354,0.009318038075914808,0.005789622578122499
98144.0,0.0012091993419292943,0.088733586742953,6.570978278923094e-06,0.8741232495190353,0.0359273934178022,0.8741232495190353,0.4602275637437186,0.285955463201233
98148.0,5.6017588938635106e-05,8.588773294037658e-08,0.9838642992881452,0.016079597234300618,8.81825900934589e-13,0.9838642992881452,0.08296663317646949,0.05155006759533299
98156.0,0.9999980847630718,1.0349500415472187e-87,3.1489848341212162e-21,1.9152369313938798e-06,3.091368360429277e-16,0.9999980847630718,2.713061111893232e-05,1.685719648414409e-05
98161.0,6.006605312488922e-07,0.0007594841316406656,2.2077617872760092e-05,0.9992165666978782,1.2708920759704068e-06,0.9992165666978782,0.006500953904106974,0.00403926976858336
98168.0,4.067851952686026e-06,1.7693070542223574e-11,9.270827639685079e-11,0.0004874233769871095,0.9995085086606579,0.9995085086606579,0.004259139558029588,0.002646352198568568
98208.0,2.3015450186941958e-12,1.1791696485592009e-08,6.038888247807901e-10,0.00012070900269755622,0.9998792785994152,0.9998792785994152,0.0012099943163591531,0.0007518117393725167
98225.0,0.9999954946261331,2.6291528823783984e-08,4.3938589908611006e-06,8.522334653209984e-08,1.9906495637118254e-15,0.9999954946261331,6.05511020167893e-05,3.762251500911416e-05
98238.0,3.914641043681526e-12,4.836869056165317e-15,1.1905615902083282e-16,3.789884895264603e-11,0.9999999999581846,0.9999999999581846,1.0542611206525418e-09,6.550492644093901e-10
98241.0,1.3720526346862248e-07,0.11388651606285984,0.8822567627444573,0.0038565829183519274,1.0690676303280062e-09,0.8822567627444573,0.3793836485741667,0.23572431445981662
98243.0,0.9999007730087094,1.8562502688082084e-49,5.292398006183946e-05,4.63026678480527e-05,3.4338133029313687e-10,0.9999007730087094,0.0010824686960449886,0.0006725756164199414
98256.0,1.296964058957235e-08,0.9999909404649867,2.132891392430307e-09,9.037785210508396e-06,6.6472721906286e-09,0.9999909404649867,0.00011442848666698503,7.109841627498656e-05
98262.0,9.68255906801235e-09,0.11209047746711412,0.8874178969377531,0.0004915292272574551,8.668531516708195e-08,0.8874178969377531,0.35504288254439925,0.22060054619158026
98271.0,1.995850914408081e-05,1.4129936366179798e-07,0.02151203666012442,0.9784677417056329,1.2182573459161033e-07,0.9784677417056329,0.10410669103327877,0.06468512406037999
98280.0,0.0005926579983452377,1.1287758039128771e-20,7.894657342134635e-09,0.9993852316892241,2.2102417774503444e-05,0.9993852316892241,0.005255638816804994,0.003265512000308487
98293.0,0.0012075591840843337,1.1373667264167228e-15,4.171937571599713e-06,0.9982821380264907,0.0005061308518516112,0.9982821380264907,0.013722723201269445,0.008526407322240418
98300.0,1.1075167224639345e-08,0.9845542196404807,8.909811653314605e-10,0.015445640654943991,1.2773842582368894e-07,0.9845542196404807,0.07974306400914748,0.049547151457706586
98314.0,9.397213716625466e-05,1.333238783896777e-14,0.999818985820315,8.704204250634732e-05,9.45881289077788e-20,0.999818985820315,0.001866122027781422,0.00115948680801182
98343.0,2.030430058089733e-12,2.1818936766624597e-07,2.1287811528950036e-13,1.8464793411950258e-07,0.9999995971604564,0.9999995971604564,6.612399623503665e-06,4.108514887351652e-06
98350.0,0.0007292856888118781,8.598419210073855e-101,1.949045774102764e-38,5.586949309822567e-32,0.9992707143111886,0.9992707143111886,0.005996974766138549,0.003726129923874339
98354.0,9.441348521895825e-09,6.198060487361575e-09,6.109175482813616e-13,0.9999999843574124,2.568705132062693e-12,0.9999999843574124,3.0732446482589076e-07,1.9095142624116257e-07
98374.0,6.344176864224117e-09,4.154643572814674e-12,0.0011856063364199317,0.9988143873023506,1.2899050286598162e-11,0.9988143873023506,0.009173053592825326,0.005699538653809936
98381.0,3.213928556010034e-05,1.8974462298130784e-16,1.0454702254307582e-05,0.9999574056777403,3.344448745755969e-10,0.9999574056777403,0.0004949948081860672,0.0003075575667516377
98416.0,1.7436597228679412e-09,0.9999154517597484,8.44931255789115e-05,4.1485397323510835e-08,1.1885617154388953e-08,0.9999154517597484,0.0008779494225559762,0.0005455006470104664
98420.0,3.766160941543031e-19,0.9999962508125516,4.687594732156168e-09,5.4786127398798125e-12,3.7444943735524346e-06,0.9999962508125516,5.062751865932046e-05,3.1456645993104405e-05
98426.0,1.0824953286246151e-07,2.1343587318609945e-11,0.9999830802726897,1.5639494715150102e-12,1.6811454870790294e-05,0.9999830802726897,0.0002034722362755961,0.0001264244086109954
98437.0,2.619148133932425e-08,0.9103842030290995,1.4931377788593255e-05,0.08960066234508177,1.7705654778299534e-07,0.9103842030290995,0.30179576852510864,0.18751625408691613
98444.0,5.741320280602041e-07,1.0589314939282779e-32,3.8075188345791236e-11,0.9999994248858164,9.440818111785307e-10,0.9999994248858164,8.84615691856221e-06,5.496426330098908e-06
98474.0,6.607561818548592e-07,0.7859650374197018,0.21403325197931816,1.8233885544933896e-10,1.0496624584965418e-06,0.7859650374197018,0.519276785751817,0.3226448076934308
98475.0,3.497058370396546e-05,3.2969022719676394e-12,0.9997647391340212,0.0002002902789789967,1.7443396429475327e-17,0.9997647391340212,0.002299687063396247,0.001428875911042893
98483.0,9.284785300492562e-10,0.9996788611579115,8.576685009555449e-08,0.0003210505717406562,1.575020613058785e-09,0.9996788611579115,0.0029050365877701994,0.001805000718155475
98485.0,7.503092552676844e-06,0.5604376003046395,0.4395548948121313,1.055728630075877e-13,1.7905720011884656e-09,0.5604376003046395,0.6859137890637687,0.4261821992414721
98494.0,2.3363148251889787e-08,0.9999968719190843,2.302828122424004e-06,3.80305140136641e-08,7.638591318458433e-07,0.9999968719190843,4.484109829854257e-05,2.786134087690607e-05
98495.0,2.01408607039652e-06,0.9427638816187947,0.057128615571688815,0.0001051104978650038,3.7822557953823726e-07,0.9427638816187947,0.22008864153179505,0.13674876168347175
98500.0,2.335996484774911e-05,0.0038911364624971585,8.052076382424944e-08,0.9960708248803154,1.4598171577085503e-05,0.9960708248803154,0.025926554523898377,0.016109074058462607
98512.0,2.046764911991118e-05,2.6478957107356135e-152,8.648312720580354e-68,2.221049769576332e-41,0.9999795323508786,0.9999795323508786,0.00024144979085337156,0.00015002118999931158
98542.0,2.2791877159341334e-07,9.379390795326266e-06,2.7881195406670343e-05,0.0010343399978212033,0.9989281714972054,0.9989281714972054,0.008585775166225522,0.005334642051050275
98545.0,2.6344633514490992e-12,0.998499017193888,1.0355264695185198e-07,0.0015008792422649046,8.56574478318356e-12,0.998499017193888,0.01125979435710776,0.006996103590028237
98548.0,5.148440092962567e-07,4.5607250636282097e-07,0.9993911630883453,0.0005924468266246574,1.5419168513629065e-05,0.9993911630883453,0.005196228080820339,0.003228598034553323
98551.0,2.6735107336296056e-09,0.8835704056505064,1.0805339617462029e-11,0.11642959010227887,1.562898621013421e-09,0.8835704056505064,0.35975040332577046,0.22352549330821156
98561.0,0.9982247274764338,0.0004500502840491187,0.001260075102548467,6.514409226146244e-05,3.044708807775636e-09,0.9982247274764338,0.01428282623877584,0.008874418906396094
98565.0,1.7217175502313627e-06,0.9611744818746726,7.341231017007655e-06,0.03804910636368468,0.0007673488130759442,0.9611744818746726,0.16805323537041114,0.10441734600140545
98611.0,3.4889518703348386e-06,0.00151755673592672,0.0010307503306794447,0.9973937343283141,5.446965320988532e-05,0.9973937343283141,0.020120371913945227,0.01250148996646621
98661.0,3.2198887537003303e-12,0.9999941360173227,5.863975840164111e-06,1.4942265677472536e-12,2.12411805180957e-12,0.9999941360173227,7.650560485273266e-05,4.7535604984616174e-05
98673.0,1.179423080885486e-06,0.8773965679319736,1.662639117956694e-08,0.12026929162416729,0.002332944394386642,0.8773965679319736,0.3836486352197405,0.23837429965814189
98677.0,0.0002039221457994442,3.6519803070652834e-11,0.004829033817335422,0.9949670440003437,8.17506149797986e-20,0.9949670440003437,0.03250691729020735,0.020197683327245697
98680.0,1.5892327745049704e-07,1.6694291679491555e-08,1.2730064032305576e-14,0.9999998243823937,2.6168858956013057e-14,0.9999998243823937,2.9625026770273065e-06,1.8407064069634364e-06
98689.0,0.0013631117683042529,4.00711639333783e-09,0.8945192875072909,0.10411759623802289,4.792646778445091e-10,0.8945192875072909,0.3442432788976734,0.21389037516647214
98728.0,1.7372343221838238e-05,0.028974070822863726,0.939487214085186,0.03152123798981986,1.0475890880754888e-07,0.939487214085186,0.27041520705604144,0.1680184149800894
98733.0,9.50086905921975e-06,5.325026189336129e-05,9.03899885369537e-09,0.9999312686237817,5.971206266180176e-06,0.9999312686237817,0.0007746003328161684,0.0004812862471001875
98747.0,3.3420508699821277e-15,0.9995020801060968,0.0004979198937832673,1.0189819244881625e-13,1.4306271175441467e-14,0.9995020801060968,0.004284512233502944,0.0026621171282234083
98748.0,1.6811944642065672e-10,0.9964845347805972,0.0035154648086929015,1.3948926542041598e-10,1.0309944667184943e-10,0.9964845347805972,0.023373715574513457,0.014522906036905299
98751.0,6.103436583324544e-06,1.9874342860269653e-08,0.999993431104755,3.544980139315242e-07,9.108630527630202e-08,0.999993431104755,8.694504714272678e-05,5.4021995176708507e-05
98762.0,0.9992765386870006,7.377353113683587e-63,0.00044744353348099436,0.00027601777951988314,5.5081014489939585e-25,0.9992765386870006,0.006435844478482988,0.003998815007874067
98772.0,5.139174757492065e-09,0.00017735781440008015,0.0003827306031651338,0.9994399064432603,8.869486853492488e-17,0.9994399064432603,0.005103327713168776,0.003170875790697975
98775.0,2.5615363606343994e-07,0.9792110511545551,0.0009724940725931671,0.019816194397373286,4.22184225384235e-09,0.9792110511545551,0.10502455657534646,0.06525542598689514
98778.0,9.13018148492716e-12,0.9975011332068716,0.0024987845166104966,8.225417996084621e-08,1.3207833945254246e-11,0.9975011332068716,0.017469678464147185,0.010854521525298352
98780.0,0.0014859907321665138,5.551037916983702e-17,0.9983013113076598,0.0002126979601726547,1.42806655969911e-16,0.9983013113076598,0.013172028510729628,0.008184241472731535
98781.0,4.2599420521214255e-07,1.6563558030999535e-26,8.771592056467716e-10,0.9999995584658181,1.4662816899004675e-08,0.9999995584658181,6.973154739149012e-06,4.3326646435231985e-06
98791.0,8.176752949365178e-06,2.5606862320943016e-05,0.9991758662849846,0.0007903498008886321,2.988580102223134e-10,0.9991758662849846,0.0068358134513613385,0.004247329703463311
98793.0,1.5946842261493927e-09,0.0032526617090249278,6.098741587786151e-07,0.9966429242893539,0.00010380253277990378,0.9966429242893539,0.02294453907229635,0.01425624368298571
98804.0,0.00025927785983049655,2.446098135470908e-09,0.0004101997887823154,0.9993305136731838,6.232103616455016e-09,0.9993305136731838,0.006009537213492266,0.003733935411278769
98828.0,1.9289048189183406e-08,1.013402920920526e-08,2.7123426269288725e-09,0.9999999678645791,1.192298552644837e-19,0.9999999678645791,6.148238480317327e-07,3.820115353824854e-07
98832.0,5.210966402436529e-07,0.9994684670043119,0.0005283451868539189,2.6658736775090692e-06,8.385171325369884e-10,0.9994684670043119,0.004559930900774957,0.0028332443678293594
98843.0,2.2618019452268895e-08,4.615522192649151e-09,0.9999990499784525,8.142211387632001e-07,1.0856686812045733e-07,0.9999990499784525,1.4593979578173965e-05,9.067749346169032e-06
98846.0,5.6162989981075705e-06,7.62311321878898e-05,1.847839197726994e-07,0.014021954090860078,0.9858960136940349,0.9858960136940349,0.07463113841389733,0.04637093350250823
98865.0,1.2254506446505141e-09,0.0003108579034364442,0.9996891403119107,5.584210508950517e-10,7.798682190166695e-13,0.9996891403119107,0.0028213911520223807,0.001753028886808894
98877.0,0.00013625170591199755,4.7003445237514475e-12,0.9998611077649491,1.1233815353152291e-07,2.5281862859325036e-06,0.9998611077649491,0.0013860409391978276,0.0008611956562534252
98892.0,1.5985657952725074e-09,1.521713815313795e-111,4.174103480175046e-15,2.9038596480388136e-37,0.9999999984014316,0.9999999984014316,3.3976384991468876e-08,2.111071494524649e-08
98902.0,1.4123804857135368e-21,0.9997900418132681,1.093802453757178e-15,0.00011572598362896916,9.42322031031744e-05,0.9997900418132681,0.002132418315064487,0.001324945994244311
98904.0,1.1899588832614145e-18,0.9999999568220561,2.5012088760969e-08,1.8165640308461007e-08,2.1675220790660136e-13,0.9999999568220561,8.047731052713218e-07,5.000336446990923e-07
98910.0,5.4610311319812126e-08,0.9921229191206639,0.007877026268990306,5.6792138665404934e-15,2.96353745494458e-14,0.9921229191206639,0.04600166598257793,0.028582442122918182
98921.0,0.9556483553334818,1.4877814573682154e-38,1.0272922171866542e-14,0.04435164466649429,1.2776667852054205e-14,0.9556483553334818,0.18153546621833055,0.11279432702301505
98932.0,0.9995929909556136,9.170174530973805e-52,7.397615629844406e-10,0.0004069814970654979,2.680755979122889e-08,0.9995929909556136,0.003584609023178706,0.002227242812838535
98933.0,4.687774877668068e-12,0.9999873635831626,6.615934250511529e-07,1.1927183212682933e-05,4.7635512501852927e-08,0.9999873635831626,0.0001580679211499158,9.821312144365682e-05
98944.0,0.011067233051087833,7.534200208407312e-09,0.8976392548645902,0.09129350455012296,1.4651661774652027e-21,0.8976392548645902,0.36530479329279,0.2269766298348882
98948.0,0.9978775985059934,6.819546634076366e-64,0.000950786571444991,1.0188238586693332e-15,0.0011716149225605623,0.9978775985059934,0.016643595836199784,0.010341247529721822
98951.0,1.0,0.0,0.0,1.0279092653453277e-163,0.0,1.0,1.4259599767814278e-13,8.85998748858114e-14
98981.0,1.935785859615109e-09,0.9986256553734963,0.0013743426905444413,1.0004667832362222e-18,1.7238566857105654e-13,0.9986256553734963,0.010430054194693086,0.006480557040512833
98988.0,1.0,1.0132155702261086e-168,5.705092742774749e-92,1.4907468230391867e-42,1.5856054642831183e-15,1.0,1.6253527234156933e-13,1.0098884280397766e-13
98994.0,5.257024611000973e-09,1.9633174787760892e-09,0.9999873253858421,1.2667393811898503e-05,2.211233451219572e-15,0.9999873253858421,0.00015565771795834132,9.671557800134453e-05
99001.0,1.6830809427181544e-05,2.4991813612996885e-06,0.9898519168500762,0.008209532267641302,0.001919220891495248,0.9898519168500762,0.06174593977840391,0.038364909451536325
99005.0,0.00019423971695488413,3.4851788157297235e-17,8.558496433840408e-10,0.999805759427196,4.838405755118628e-21,0.999805759427196,0.0018542932937695644,0.0011521372023386395
99023.0,2.3611991921832636e-06,0.03724688716685518,0.9627451020017574,5.649427270230899e-06,2.0492334833385092e-10,0.9627451020017574,0.15920023709201545,0.09891666889544211
99028.0,7.205348936630293e-09,0.006470565942089552,2.070144259435321e-14,0.9935294258240776,1.0284623270976274e-09,0.9935294258240776,0.039064585028125265,0.024272191382048603
99067.0,3.086455914935353e-07,0.44888018047596995,0.5511195085050484,1.0235661057681627e-09,1.3498230305933973e-09,0.5511195085050484,0.6879163664386312,0.42742647052363286
99089.0,3.1234691579711995e-08,0.9998915067622204,9.9520049695145e-07,0.00010746680210860494,4.817857816307018e-13,0.9998915067622204,0.001104848095133247,0.0006864807188879279
99099.0,6.826201160904285e-08,2.0358327427965325e-06,5.166392537515157e-11,0.9999972271185027,6.687350797765595e-07,0.9999972271185027,4.008719745791078e-05,2.4907576209189233e-05
99108.0,5.429240001924251e-08,2.418647651916529e-24,0.0003037978273843754,2.930680595318564e-14,0.9996961478801852,0.9996961478801852,0.002765217806467602,0.0017181264248246207
99110.0,5.909407099904636e-11,0.9999995570022127,3.9221094059565125e-08,2.6499833595099174e-07,1.3871926314004413e-07,0.9999995570022127,7.316771548615176e-06,4.54616577134644e-06
99114.0,3.0104131180018295e-06,2.742662190662696e-06,0.9998261783292347,0.00016789295331451985,1.7564214044904005e-07,0.9998261783292347,0.0017092918939006062,0.0010620427670400081
99121.0,1.0,3.922123585622323e-196,5.83951754365508e-95,1.0722741099007323e-20,1.8917566854551282e-117,1.0,1.4259599767814278e-13,8.85998748858114e-14
99136.0,9.481033282987325e-08,3.4953022625091186e-06,0.00039172732980747346,0.9996046825575994,5.8366871792711284e-21,0.9996046825575994,0.0035137669835348627,0.002183226178772359
99138.0,3.939806405984621e-08,0.963685878569681,0.036309887473866535,1.266754743214631e-09,4.19329163354464e-06,0.963685878569681,0.15609068339243395,0.09698459455100304
99153.0,3.1169262615416275e-14,4.1354461755405346e-05,3.9593961851767854e-16,1.148537911317813e-16,0.9999586455382132,0.9999586455382132,0.0004587578471195247,0.0002850422769187183
99154.0,0.0029710329875392385,3.991142290420954e-20,0.09019973560146562,0.9068287043044211,5.271065753616964e-07,0.9068287043044211,0.32298109676072084,0.20067943861981416
99160.0,4.090101806292219e-06,0.0041009484320065305,9.143064565028411e-10,0.9958941853860207,7.751658590156171e-07,0.9958941853860207,0.02670006042843754,0.01658968029904092
99167.0,6.720836244182091e-11,0.999970524697887,7.57822364682173e-17,2.9364059035253423e-05,1.1117586877101427e-07,0.999970524697887,0.00033769226634507236,0.00020982000221080255
99171.0,0.0001135029584491903,6.614365372497061e-06,0.9997820757389275,9.207510732561435e-05,5.731829926620459e-06,0.9997820757389275,0.002252635433894627,0.0013996410899055809
99197.0,1.7773332154086063e-05,0.07827284231687894,0.014822157192174352,0.90688717915059,4.8008201049209104e-08,0.90688717915059,0.350661658153194,0.21787833842117976
99224.0,1.1192009114130144e-10,0.9459986477912574,6.425004853809522e-19,0.05400134753192056,4.564902616818058e-09,0.9459986477912574,0.21013262310910713,0.13056273962833667
99237.0,3.982956014741791e-07,0.007423513694714288,5.716398490242501e-07,0.992575512179834,4.190000803721839e-09,0.992575512179834,0.04380927587883209,0.02722023356127812
99246.0,3.779008235908109e-05,0.425372241880551,3.504246805597228e-06,0.574586439703771,2.4086514603561952e-08,0.574586439703771,0.6824145471902722,0.4240079980209949
99247.0,2.2030408344944e-08,0.9660997870396998,0.004863989643577321,0.029036201286281944,3.180102278116453e-14,0.9660997870396998,0.1619897572506777,0.10064989522067724
99251.0,0.00027916534873927406,8.357172192116863e-11,0.9994376488080225,0.0002831468573739324,3.8902293725822067e-08,0.9994376488080225,0.005160646920209722,0.00320649021645377
99260.0,2.8647740975307688e-05,3.444588551113461e-33,6.365271698304971e-16,0.999971350191832,2.067190432967378e-09,0.999971350191832,0.00032835859565990514,0.00020402066654643322
99279.0,5.836636956679992e-07,0.0018298457964078562,2.551804874957069e-16,0.9981692188345794,3.517053165251634e-07,0.9981692188345794,0.013377184768518995,0.008311712222739586
99291.0,1.0,0.0,7.583367568878539e-173,1.360905433432511e-116,2.8356622808192043e-16,1.0,1.4259599767814278e-13,8.85998748858114e-14
99305.0,1.0,1.0566148955623186e-244,1.4487971490446684e-110,1.901036010576293e-45,8.15694294670594e-27,1.0,1.4259599767814278e-13,8.85998748858114e-14
99315.0,0.0009387375449254375,1.1981115709602167e-28,4.684997128185242e-15,5.976785842083916e-11,0.9990612623953046,0.9990612623953046,0.0074822138628205,0.004648960860816596
99316.0,3.884068334422691e-07,0.01167648565327152,0.9883221954303227,9.305095708778689e-07,3.105773101263103e-20,0.9883221954303227,0.06359045015734337,0.0395109681871292
99318.0,8.203559247484144e-14,0.9999205687604769,4.455766899611608e-05,3.35642210701033e-14,3.487357041263742e-05,0.9999205687604769,0.0008837738776588005,0.0005491195844406252
99320.0,5.595571459276688e-19,0.9999998976258996,4.696437043830246e-09,9.331016321150339e-08,4.367498692512775e-09,0.9999998976258996,1.7869485250500475e-06,1.1102935448733662e-06
99321.0,1.045591888427526e-07,3.423857329717629e-06,0.9999347682614589,6.149991351519207e-05,2.0340850737048356e-07,0.9999347682614589,0.0007094650974132905,0.00044081544987361547
99322.0,4.0251434549005494e-06,7.455618825060385e-05,3.5030426424544006e-06,0.9999008378138889,1.7077811762479877e-05,0.9999008378138889,0.00108922068220617,0.0006767708612995464
99335.0,6.016158494922721e-08,2.984276898788191e-07,0.9999996100662095,1.4181873746918619e-11,3.133033676907135e-08,0.9999996100662095,6.415693161795699e-06,3.98629429083888e-06
99338.0,4.966937371545176e-08,2.1471362730912732e-06,1.3615920649626895e-08,0.9999976409178162,1.486606150732204e-07,0.9999976409178162,3.380128935102038e-05,2.1001921906946753e-05
99345.0,0.002413008000120194,3.43245385935572e-18,0.9975778089493827,3.4782610484096455e-09,9.179572236874122e-06,0.9975778089493827,0.0170687049589128,0.010605382678663407
99346.0,1.4507496450282906e-09,0.986776856770312,0.013222881865263707,2.598909971208304e-07,2.267654850714094e-11,0.986776856770312,0.0703389283609934,0.043704033450171056
99364.0,2.523252354641859e-05,0.01666640606917065,0.9832891751934308,1.918501118489278e-05,1.2026688559990161e-09,0.9832891751934308,0.0852842309675728,0.05299007206720367
99366.0,3.6053907827458026e-05,1.818261553447774e-08,3.936202387810802e-10,0.999963926606713,9.092243273089264e-10,0.999963926606713,0.0004052735950432178,0.00025181064265491636
99376.0,0.9994890138616876,1.8601252713796543e-22,0.00010989312601262888,0.00040105055587924353,4.2456420971235276e-08,0.9994890138616876,0.004650148302610932,0.0028892995912952533
99396.0,0.0007545483426565944,3.1834525664930947e-18,2.571736203902461e-13,0.9992454515566335,1.0045133422759036e-10,0.9992454515566335,0.00617900924181629,0.0038392343029071616
99401.0,3.5643680187475265e-12,0.9999979003298359,2.1376595150319924e-07,4.044655189936261e-08,1.8454540976906757e-06,0.9999979003298359,3.0436528692252942e-05,1.891127856322273e-05
99416.0,2.1613465350500573e-05,5.1552769953016076e-21,0.9999783862727402,2.0678777240724547e-10,5.5124577062550834e-11,0.9999783862727402,0.00025379544577707597,0.00015769197669342701
99427.0,0.09352901557851484,4.369124796696817e-59,2.8759448580083673e-21,0.9064709844214864,4.473361235791431e-33,0.9064709844214864,0.3106275234977808,0.19300373198490792
99438.0,0.016689391997416772,6.066281546481943e-12,6.484862002008647e-07,0.9833098702647682,8.924554519489715e-08,0.9833098702647682,0.08487013749023911,0.05273278132356298
99442.0,4.659820298300007e-08,0.9963872912301479,1.1174343038720359e-10,0.0036126583365131693,3.7233933832503116e-09,0.9963872912301479,0.023922139343015885,0.014863660883218692
99443.0,3.3566955277676837e-06,1.009709984438579e-38,2.4951695373117117e-12,0.9999966433019756,5.177730044817653e-23,0.9999966433019756,4.5666407626313264e-05,2.8374134394067913e-05
99444.0,0.9999898139506215,6.354670699213675e-85,1.5818698061642493e-32,2.6549217547906194e-19,1.0186049378895879e-05,0.9999898139506215,0.00012726945542632174,7.907695875875106e-05
99446.0,1.5671120174117062e-18,0.9999628977111044,5.590171193028898e-09,3.1451661939676175e-05,5.645036785343312e-06,0.9999628977111044,0.00043148782014557064,0.0002680984564934177
99448.0,0.0019107457503151984,4.8595834757685634e-09,0.9980892476806333,1.7094677295979022e-09,1.1075111461957132e-17,0.9980892476806333,0.013870821579099293,0.00861842601813771
99449.0,5.718983954794158e-05,3.134436254339632e-18,0.00053637770091936,0.999406432459531,3.5243098616357823e-16,0.999406432459531,0.005191371090482273,0.0032255802167794638
99456.0,0.9999807934766537,1.1813985677692278e-60,7.149726247879023e-12,1.9206516194567287e-05,7.524658350977682e-16,0.9999807934766537,0.00022779430029893694,0.00014153655666929255
99463.0,5.056654596502257e-08,0.9983217765314352,8.975023435561704e-09,0.0016781637357936895,1.912032735725016e-10,0.9983217765314352,0.01240139328992406,0.007705418888242976
99466.0,2.6000089759251423e-07,3.859786779715225e-11,5.818739544273088e-18,0.9999997399394883,2.1017589343970582e-11,0.9999997399394883,4.203787344836287e-06,2.6119599348063786e-06
99484.0,1.9576730149987143e-05,2.7604280684669243e-13,3.0648498594651036e-07,0.9999801165658455,2.1874403142066086e-10,0.9999801165658455,0.0002367194403177792,0.00014708205795883528
99488.0,1.5168624453623627e-06,2.0469493065275634e-07,0.9999626960899825,4.0584543193206187e-07,3.5176507208845816e-05,0.9999626960899825,0.00042749278563598695,0.00026561620198784213
99494.0,2.2190846941228056e-05,0.9720016357497343,3.3188164515103954e-05,0.027942171471049965,8.137677610777404e-07,0.9720016357497343,0.1281606051404818,0.07963066120808152
99531.0,3.446275265460558e-08,2.7984033527755868e-09,4.886146372758372e-06,0.9999925448784988,2.5317139732544436e-06,0.9999925448784988,0.00010048081866862433,6.243224289196593e-05
99541.0,0.00023340316386479906,0.0021440474926389926,0.9902774090595075,0.007345140272910054,1.1078547871454436e-11,0.9902774090595075,0.06089429989681754,0.037835755841442505
99563.0,7.51856613759529e-06,3.5347879969653826e-09,0.9971406712947277,0.0028518065941765588,1.0171251051463634e-11,0.9971406712947277,0.019655034703711646,0.012212359701397576
99573.0,1.0370612703080975e-09,0.8624464158907544,0.13755358307218585,2.46621280478824e-17,2.4178351949098753e-17,0.8624464158907544,0.40049757452153234,0.24884313425661955
99584.0,0.9999999999067484,6.316479011389837e-165,4.856717579550657e-23,2.3838663156012827e-54,9.325362111979185e-11,0.9999999999067484,2.247117621790738e-09,1.3962126804830987e-09
99593.0,1.660353178127529e-08,0.009300246474339411,0.9906997369213889,7.39070587864375e-13,2.325847960028933e-16,0.9906997369213889,0.052761075023204505,0.032782299096837546
99599.0,4.778282785532733e-09,0.995456520876531,1.0694975337425794e-07,0.004543297131906631,7.026352546600286e-08,0.995456520876531,0.02904311681794595,0.01804550308748561
99613.0,5.475564665340993e-13,4.0764964323713217e-10,0.9999999995917719,2.8069551157026906e-14,5.19539653957101e-22,0.9999999995917719,9.238231284471043e-09,5.740035830583375e-09
99631.0,3.5003252130100093e-09,0.001065766029735315,0.9989335441133165,6.863566239970934e-07,6.7541360036253816e-18,0.9989335441133165,0.008369864067314868,0.00520048894253793
99655.0,0.015947295967107714,0.9840525768255226,1.2720025117659913e-07,5.121711018642106e-15,7.112774877579955e-12,0.9840525768255226,0.08181894351319956,0.050836967913510424
99659.0,9.304661242583096e-08,0.9918528199603458,0.0001172591731706103,0.008029827816094392,3.777452823269923e-12,0.9918528199603458,0.04791737971470757,0.0297727419893059
99665.0,1.6147955966398218e-05,0.9243523818500695,4.0399755259410085e-13,0.0756259597691251,5.5104244340586665e-06,0.9243523818500695,0.2682191006780142,0.16665389736741187
99676.0,2.0580430165709158e-11,0.9697814231892201,8.572710133511448e-15,0.030211280422605857,7.296367584722204e-06,0.9697814231892201,0.13556920996718977,0.08423388620326214
99686.0,0.9999999999988702,4.8582053338795875e-179,1.714445297479608e-95,1.0774381127390251e-53,1.1308243381740701e-12,0.9999999999988702,3.234417593600675e-11,2.0096566438583328e-11
99710.0,1.938375944609729e-09,0.9999949712153617,4.711492277417729e-06,2.0643261110540015e-08,2.947107218519623e-07,0.9999949712153617,6.765344049980301e-05,4.20354460256777e-05
99711.0,1.0,1.1160532299751824e-126,6.706630435851775e-56,3.391334822540747e-27,2.0416958875621227e-22,1.0,1.4259599767814278e-13,8.85998748858114e-14
99720.0,1.0,1.1014616472106454e-285,6.727528862065631e-134,8.967208723583554e-83,1.130361008967538e-40,1.0,1.4259599767814278e-13,8.85998748858114e-14
99724.0,7.0648668478502135e-09,2.4355335521935942e-32,9.841824252317164e-12,1.0006043098976134e-18,0.9999999929252894,0.9999999929252894,1.3991856579705333e-07,8.693629292318687e-08
99744.0,4.776687583127563e-11,0.9999916333430747,1.3594218262256128e-06,8.494362645679861e-07,6.15775106802266e-06,0.9999916333430747,0.00011248490822042468,6.98908030880815e-05
99745.0,0.9980658620047714,3.090109813538314e-56,0.0019230259911910377,1.1112004037985966e-05,1.7307704602921829e-19,0.9980658620047714,0.014085352638488723,0.008751721659884446
99759.0,0.9999995094104963,3.664271737797278e-116,5.068921808765938e-40,4.905895035484981e-07,2.3115840031713427e-46,0.9999995094104963,7.61770606508955e-06,4.733146899446774e-06
99763.0,3.8665099700832655e-07,1.689392731555929e-12,1.1162789675219677e-07,0.010325753380588476,0.9896737483388278,0.9896737483388278,0.05750109680320127,0.03572744021932297
99765.0,1.8671925528600696e-06,0.99978582556987,4.117974363411319e-12,0.00013281116962947072,7.949606383151097e-05,0.99978582556987,0.0021747588879174637,0.0013512536713071316
99766.0,0.999998041290844,1.1599751211495408e-98,2.0830232971671608e-47,6.935776393620055e-24,1.9587091595348313e-06,0.999998041290844,2.7702462333225435e-05,1.721250762095474e-05
99782.0,4.240549434816316e-06,8.035319173616801e-29,0.0001916504783219096,6.806371510283358e-08,0.9998040409085285,0.9998040409085285,0.001890019104896628,0.0011743348968573624
99783.0,1.0,0.0,2.225186846003919e-215,1.9788354319946977e-143,1.93109215805693e-310,1.0,1.4259599767814278e-13,8.85998748858114e-14
99790.0,2.8525255959848453e-07,0.001694100355699236,0.998305604307496,1.0084245617485055e-08,1.6634791216076288e-16,0.998305604307496,0.012506826353499513,0.007770928133900049
99807.0,5.120657651684346e-05,1.560533508749811e-12,0.9998957902152915,5.300320629279825e-05,3.390799518720753e-13,0.9998957902152915,0.001131932029327525,0.0007033089133681463
99811.0,3.1383243712610677e-08,0.008170558684864847,3.4490856310161e-07,0.9918287236795139,3.413438146273557e-07,0.9918287236795139,0.04742621401481416,0.0294675635813047
99819.0,2.9402318211963298e-08,1.3570443588587412e-07,0.9999998348932232,2.356605246024166e-14,3.943624157550631e-22,0.9999998348932232,2.820873478985714e-06,1.7527072384665332e-06
99839.0,1.181550144295542e-05,1.3832602226044507e-05,0.0011631502361026265,1.3793919336755417e-11,0.9988112016464361,0.9988112016464361,0.009335885371960588,0.005800711726643169
99842.0,0.9999597745179327,8.547695631976653e-118,1.1398928663728558e-45,4.022548206709171e-05,1.3099314510347763e-49,0.9999597745179327,0.0004473471745829023,0.00027795242744489484
99857.0,2.2991161657503004e-05,2.4562984117542837e-84,1.5499672196016147e-38,2.777494519576027e-21,0.9999770088383431,0.9999770088383431,0.0002685457163339258,0.00016685683508460387
99883.0,2.4268951453930855e-05,1.3445638332704136e-12,0.9996922940431027,0.0002834369552572823,4.88415165747708e-11,0.9996922940431027,0.0028808099507399414,0.0017899478622216802
99901.0,3.3893191181665957e-06,3.0174845381689084e-08,1.2797305178380014e-16,0.9999965805060378,7.156760303050585e-17,0.9999965805060378,4.66300762539694e-05,2.8972895377769787e-05
99905.0,3.234672317695411e-06,2.3433085259926383e-06,0.9999944202974177,1.718018705718784e-09,3.71848831933738e-12,0.9999944202974177,7.688436333694752e-05,4.7770940862619705e-05
99909.0,7.491750246896233e-06,7.001563013358613e-08,0.9781701753042694,0.0218220590368839,2.0389296882013131e-07,0.9781701753042694,0.10514826313755135,0.06533228919562732
99924.0,3.0946227019876503e-17,0.9999999861716199,1.332797960976097e-08,1.4112740872982337e-11,4.862863268151852e-10,0.9999999861716199,2.662906279129717e-07,1.6545566986814422e-07
99927.0,1.7664277222673085e-09,1.007483283848551e-34,7.044931205770572e-17,0.9999999982335694,1.888252044875587e-23,0.9999999982335694,3.736766023501115e-08,2.321783272676646e-08
99928.0,0.9999988573333303,9.419327516331272e-45,1.1426540453231983e-06,1.2545853028244841e-11,7.54317644892314e-14,0.9999988573333303,1.6776955170577954e-05,1.0424108343020594e-05
99935.0,4.912562700509471e-07,0.990609598527291,8.257199858703727e-07,0.009389084496453278,8.213737254822586e-20,0.990609598527291,0.05319506955223707,0.03305195505913322
99937.0,3.322236469461723e-05,1.54787643666782e-08,0.00019127741744826455,0.9990955311290772,0.0006799536100146605,0.9990955311290772,0.00784384503907503,0.00487365494404942
99942.0,0.0005911115723218278,0.8058448755128059,0.0028043955323436356,0.19075961682918535,5.533424390828956e-10,0.8058448755128059,0.5108664894618232,0.3174191967984606
99959.0,0.00020376243529938637,1.1714272075164086e-28,1.613770115611541e-07,0.9997960761875794,1.0976313330839237e-13,0.9997960761875794,0.0019381133026205434,0.0012042175020528486
99961.0,1.6831259242294858e-15,0.3077179808558531,3.074154360826799e-10,3.9537730812962076e-14,0.6922820188366903,0.6922820188366903,0.6172625942562782,0.3835268136083208
99984.0,0.02247967115691313,2.212881956256339e-17,1.5271746148901662e-06,0.9775155830282467,3.2186402252850267e-06,0.9775155830282467,0.10760446961163833,0.06685841608446905
99985.0,5.087568963515726e-13,0.9998594356264519,2.878387392136502e-05,0.00011178049858917323,5.292972056453907e-13,0.9998594356264519,0.0014585977256123936,0.0009062777223921752
99989.0,1.2487268664317826e-08,5.061358766122337e-11,6.005843726734999e-12,0.9999999874561106,3.1997895234036045e-16,0.9999999874561106,2.4114925138685524e-07,1.4983445432955108e-07
100001.0,0.6052775902781716,1.9211796229179128e-20,0.3884597592620813,0.006262650449354713,1.0390629810797168e-11,0.6052775902781716,0.7029761678531832,0.4367836512500243
100008.0,0.0007828668264053802,1.1578146193376544e-06,0.007836018672452106,0.0409063435396753,0.9504736131468495,0.9504736131468495,0.22264746125198806,0.13833864576686772
100013.0,3.37388910089463e-06,1.894576025310691e-07,1.6437170845805656e-09,0.9999763795645797,2.0055445000097416e-05,0.9999763795645797,0.00028603511086095813,0.00017772360688854473
100015.0,5.621035075598434e-07,0.20236622212707042,0.797355135256251,0.0002778549095823632,2.256035881634e-07,0.797355135256251,0.5061675823474158,0.3144996016540285
100025.0,1.0,9.878941022498867e-233,7.637677639836845e-108,3.265100427884409e-20,1.5052700414465613e-152,1.0,1.4259599767814278e-13,8.85998748858114e-14
100026.0,0.9999989927507072,1.5697022311942416e-76,1.8243241447084705e-10,1.0070666491578722e-06,2.122291790223542e-13,0.9999989927507072,1.4917394361258143e-05,9.268698249252251e-06
100029.0,7.826262846567394e-11,0.9999170511797423,2.9414129719653056e-10,8.290073220471015e-05,4.771564967192886e-08,0.9999170511797423,0.0008628480749555894,0.0005361176521874182
100032.0,8.860921117498843e-12,0.9999540276052177,3.1668774610761726e-11,4.495661302994569e-05,1.0157412232724132e-06,0.9999540276052177,0.0005099967238033176,0.00031687878100995076
100039.0,4.1088433458153755e-07,3.3203095314049605e-08,0.9970375330915859,0.0029620227689596953,5.2024191078363926e-11,0.9970375330915859,0.020209239146191497,0.012556706282398439
100044.0,1.8838156521916267e-06,0.003811009880082818,0.9817527999811332,0.01443430624774075,7.538943630545145e-11,0.9817527999811332,0.10050604741992168,0.06244791839650228
100047.0,0.00664950675106077,0.0074334659323556694,0.9855054902433478,8.252394998055638e-08,0.00041145454928519795,0.9855054902433478,0.08737040107802581,0.054286282436262205
100061.0,3.9532916283312537e-08,5.98378011675264e-07,9.222846314648647e-10,0.9999982393485293,1.121818259618825e-06,0.9999982393485293,2.6397443042188807e-05,1.6401653545159462e-05
100068.0,5.56080042831409e-08,0.17946064036755519,5.900696688213384e-07,0.8205351367690429,3.577185729187091e-06,0.8205351367690429,0.4706322851138958,0.29242028007288307
100095.0,6.322464335652428e-09,0.16764576157705458,1.267380930599922e-08,0.8323542016045592,1.7822112020811475e-08,0.8323542016045592,0.4521342535470182,0.2809268068397955
100099.0,0.9999999999995808,2.897823753076338e-150,4.1655320990642407e-13,1.7187002918364652e-16,1.644195846389824e-63,0.9999999999995808,1.2397863925354575e-11,7.703225970739157e-12
100102.0,2.5591351034154726e-05,9.397667002115484e-18,0.007817936998369218,0.9921564716502583,3.3923966401878477e-13,0.9921564716502583,0.046010699087057016,0.028588054706298563
100110.0,7.810095836807457e-06,0.8831328301488407,0.11685935203807422,7.71707861492705e-09,1.7004183233474715e-13,0.8831328301488407,0.3607192477657681,0.22412747020493592
100111.0,1.734312716049255e-07,4.28934470332648e-07,0.9999878508941014,8.791896792337658e-07,1.06675504789088e-05,0.9999878508941014,0.00015552295729047755,9.663184649059618e-05
100112.0,7.869293539779492e-10,0.9999223363740329,3.7779275089687364e-08,7.758280371045374e-05,4.225605334601937e-08,0.9999223363740329,0.0008132967351071403,0.000505329673685341
100115.0,4.945456303055501e-10,1.0946786916756725e-64,1.1047127996864512e-14,1.4293986451931882e-28,0.9999999995054445,0.9999999995054445,1.109180069631078e-08,6.8917232597905156e-09
100119.0,4.5918653627824794e-05,1.464030809432701e-14,5.055524925599794e-11,0.9999540812958008,8.447937376433724e-22,0.9999540812958008,0.0005045837092367748,0.0003135154859584777
100165.0,3.155895855028752e-07,6.706575313573997e-07,0.17238393070769364,3.922891058275116e-08,0.8276150438162795,0.8276150438162795,0.45966193207380734,0.28560401648462386
100171.0,1.0,5.1654990790526535e-143,6.881456372644824e-37,4.41135624250128e-17,2.1010968351843197e-44,1.0,1.4259599767814278e-13,8.85998748858114e-14
100175.0,2.926615056747799e-06,0.00018202272928345548,0.9998150495177144,1.1000034991280032e-09,3.794304607054128e-11,0.9998150495177144,0.0017897136321894315,0.0011120116025368657
100181.0,1.2040910254417851e-05,4.7587727524239244e-08,1.3658873027496315e-08,0.9999878978430519,9.308139020248221e-14,0.9999878978430519,0.00014954160019625118,9.291542037187736e-05
100190.0,0.00024804571111089127,3.1905288714866266e-19,1.4513098120175213e-05,0.9997374396361379,1.5546292940120197e-09,0.9997374396361379,0.0024834900688643865,0.0015430791394172995
100192.0,1.515798896470924e-05,5.901952935631001e-15,0.03295301492171175,0.9670318268809521,2.0836605176226974e-10,0.9670318268809521,0.14504471141481431,0.09012134627514144
100200.0,1.2382728403986817e-06,3.285357984913265e-10,3.236462473786355e-07,0.9999984377523727,3.551913025051688e-15,0.9999984377523727,2.3248596268377767e-05,1.4445165041015335e-05
100202.0,4.442482342992045e-08,0.9412164649319277,9.792008367086132e-12,0.05878347791672472,1.2716732604873288e-08,0.9412164649319277,0.2236080524725013,0.13893549465000385
100221.0,1.2188437032321855e-09,0.9953968872058616,0.004603091424401181,2.0843742726905535e-09,1.8066520706601295e-08,0.9953968872058616,0.029362250910164252,0.018243792247789808
100248.0,1.8068937923621624e-07,0.009282968763074832,0.990716837774491,1.2772920682022476e-08,1.3319271737603522e-13,0.990716837774491,0.052683315447487875,0.032733984355948265
100265.0,2.1853752617966382e-12,0.9999033063760658,5.747151070441947e-09,7.393142032516461e-05,2.27564542732697e-05,0.9999033063760658,0.0010433428329754465,0.0006482653508500391
100286.0,3.0319797705663435e-07,0.0011416692633629275,5.740547266901004e-06,0.9988522869913923,1.0786156831015562e-17,0.9988522869913923,0.008955991923986207,0.005564670656006382
100295.0,1.34777531928021e-05,0.00013378099271269236,0.9998520235727606,7.166857670975309e-07,9.95565786646768e-10,0.9998520235727606,0.0015025057702426293,0.0009335593244291433
100319.0,0.999982169691875,2.227101662971809e-137,1.609008775472665e-67,5.258489409006791e-30,1.7830308123841133e-05,0.999982169691875,0.00021279762985075706,0.00013221860141776065
100324.0,3.827232768416678e-05,9.333081022554459e-12,1.4394437593442056e-20,0.013468748727714822,0.9864929789352671,0.9864929789352671,0.07181970935842491,0.044624094414307286
100326.0,1.193603938819979e-06,8.874428085154761e-05,2.407825535672066e-15,0.9999100621152014,5.5515102906027174e-15,0.9999100621152014,0.0009341749414555986,0.0005804355261165436
100338.0,0.0931380542536565,3.7203402423848e-20,0.9067711966388319,9.074910345056565e-05,4.0611168261762655e-12,0.9067711966388319,0.3106651473069181,0.19302710897189612
100348.0,7.126200482854134e-07,0.8044690504707908,3.539131064843628e-14,0.19549367812098736,3.6558788137337916e-05,0.8044690504707908,0.49450426965973104,0.3072527780284776
100377.0,0.7584132677229176,3.7833175660894493e-28,0.0359133379898236,1.0849889025881748e-07,0.2056732857883701,0.7584132677229176,0.6544597232116595,0.4066386892936181
100382.0,1.0,4.910617096624357e-249,3.465869282403908e-113,1.2668174213644e-56,2.692962822960046e-26,1.0,1.4259599767814278e-13,8.85998748858114e-14
100389.0,0.9999999999999929,6.933439521935499e-15,6.774775614670401e-21,2.136509464919226e-21,3.188029392005791e-24,0.9999999999999929,3.398772909939168e-13,2.1117763435800346e-13
100407.0,0.9999994728883624,1.8952933067182553e-23,7.956765152021954e-08,4.043109159031514e-07,4.3233068627325143e-08,0.9999994728883624,8.512759198727298e-06,5.28927467966296e-06
100447.0,0.00015098346473037453,1.016364592177365e-09,0.9998390981318422,9.9168431404008e-06,5.439239845907552e-10,0.9998390981318422,0.0016035801499646634,0.0009963603675393867
100451.0,7.79787666057709e-10,0.9998567456567017,3.5631736487475606e-09,3.0213073372879984e-06,0.00014022869299785986,0.9998567456567017,0.0014258720746471527,0.0008859441321912667
100463.0,5.966957830287793e-12,0.999799278681551,0.000200718394442592,1.2800849600412587e-16,2.918040149220677e-09,0.999799278681551,0.0019095963325965859,0.0011864989123491745
100464.0,4.2433397311232095e-10,4.434927158638328e-09,0.9999999949994205,1.413170278376341e-10,2.402532059883538e-19,0.9999999949994205,1.0266332632966341e-07,6.37883111467135e-08
100483.0,0.0019514791802011312,1.011802315773324e-22,1.1259655262944916e-11,0.9965935092026863,0.0014550116058517583,0.9965935092026863,0.02508150270093228,0.015584013839340485
100500.0,4.239288575828132e-08,0.8346534812836198,2.370123961518984e-10,0.1653250313261361,2.144476034699209e-05,0.8346534812836198,0.4486442969817611,0.2787583749057056
100514.0,0.07548736750097532,3.6566659654754954e-30,0.8869393566627065,0.011278368591036423,0.026294907245280608,0.8869393566627065,0.4477101710708912,0.27817796984400484
100521.0,0.00035084615529425096,1.4318040210060763e-10,0.9995352684311253,0.00011375928838677871,1.2598201217908282e-07,0.9995352684311253,0.004290763104171528,0.002666001012541213
100526.0,9.555862556394009e-06,0.22014555202687186,0.00011513729072293599,0.779729752088126,2.7317241931162814e-09,0.779729752088126,0.528340528929879,0.3282764279678371
100532.0,0.9998838244853724,2.5812875425965583e-31,4.2358229815255714e-13,0.00011617551420119767,9.936481776951229e-17,0.9998838244853724,0.001168766389481789,0.0007261953881241411
100557.0,2.6276155989501986e-05,2.7577764822391247e-06,0.9998768394301384,9.412652138831849e-05,1.1600320154316717e-10,0.9998768394301384,0.0013082236228374846,0.0008128450390850668
100568.0,0.9999035512599934,8.761603533346138e-270,7.339807203086903e-134,2.88813616725895e-75,9.644874000314784e-05,0.9999035512599934,0.0009882572554312664,0.0006140387571314475
100571.0,2.4890443843234088e-05,7.582915832349387e-08,0.99987879307247,9.623624391077318e-05,4.4106193385362354e-09,0.99987879307247,0.0012764524823880962,0.0007931045196130619
100623.0,1.6933435409066214e-08,0.0028107050590021796,3.051615531367846e-08,0.9971888875940065,3.598974002092739e-07,0.9971888875940065,0.019324309276603013,0.012006868439787833
100627.0,1.0603725862603742e-06,0.9979404889650656,5.055115559520216e-07,0.0020579289505266735,1.620026559060837e-08,0.9979404889650656,0.014810057585545218,0.00920200616073882
100641.0,0.999980867070236,8.673275878950646e-38,5.575068101207151e-17,1.9132929765457048e-05,6.147098405504614e-16,0.999980867070236,0.0002269948021356949,0.00014103980053035403
100644.0,1.547377331669444e-05,3.0964840797419834e-07,1.2539482100603484e-05,0.9999705135633533,1.1635328216323824e-06,0.9999705135633533,0.0003629471490648573,0.0002255117431128108
100647.0,5.802253552037675e-05,6.617723299359035e-38,0.9999419644349603,5.645338111737246e-15,1.3029512917228445e-08,0.9999419644349603,0.0006242616590123168,0.0003878755770504926
100670.0,0.9729063993957442,6.684062984078804e-48,0.027093565515911012,3.5088341866545836e-08,1.90844122558398e-20,0.9729063993957442,0.1244898316401763,0.07734988139548604
100677.0,2.000852726325493e-15,0.9920330999169267,1.3499806743113546e-12,4.117994099471651e-08,0.007966858901779793,0.9920330999169267,0.046435346669645466,0.028851903084237056
100689.0,4.949765437585942e-05,4.911940781161045e-09,7.751085001696846e-06,0.999942746348681,2.8102213118351407e-38,0.999942746348681,0.0006392574735252399,0.0003971930004795477
100698.0,2.4944678795653423e-10,0.9999787457073358,1.1308678563489816e-07,2.1140954133736294e-05,2.2968327296231354e-12,0.9999787457073358,0.00025063601936066177,0.0001557289146877384
100705.0,2.1287350294788542e-05,0.00015832726158365008,0.0008967500796604342,0.9986739426660746,0.00024969264238495933,0.9986739426660746,0.01130319829877946,0.007023071975286452
100713.0,3.5031373707106395e-10,0.9989353958727621,4.792474066020549e-06,0.0010584340992880548,1.3772035708195683e-06,0.9989353958727621,0.008392625977701743,0.005214631712638611
100714.0,3.4004338267950564e-09,0.871131612928012,6.660676840987675e-09,0.12886836512523345,1.1885643840972147e-08,0.871131612928012,0.3842302671877109,0.23873568791889854
100715.0,8.568921882168535e-07,0.6019732165954167,6.632635731688075e-08,0.3980105184023118,1.5341783724063234e-05,0.6019732165954167,0.6723878908265858,0.4177780861454121
100720.0,9.108698470049432e-06,8.532007170026166e-12,0.999830374126105,0.00016051716142520086,5.468424579478955e-12,0.999830374126105,0.0016777860048797664,0.0010424670575470024
100727.0,2.0563582498984649e-07,0.05178484084368313,0.8847438326616134,0.06347077002988183,3.5082899636330417e-07,0.8847438326616134,0.43666883628115777,0.271317602814975
100780.0,3.997368207950007e-07,0.027043525084424997,0.00010475485140013516,0.9708177735465486,0.0020335467808065694,0.9708177735465486,0.13995738840721417,0.0869604147671306
100801.0,0.000914972027807699,0.00011619824240172273,0.9986855589620205,0.0002832600946475211,1.0673123964964036e-08,0.9986855589620205,0.011082255194517115,0.00688579230605821
100860.0,1.2329461727386416e-05,4.617774676000582e-20,5.527866910206998e-11,0.9999876704829648,2.962823044849095e-14,0.9999876704829648,0.00015169705122048386,9.425467739296543e-05
100866.0,1.5367108781801096e-05,9.570837322439078e-10,0.9999490495827572,3.5582351375822975e-05,5.927074963263211e-21,0.9999490495827572,0.0005857805195238176,0.00036396590076462663
100874.0,2.6429389397080328e-06,0.017658893828912656,0.9823083277183838,1.9575112316914828e-07,2.9939762641101054e-05,0.9823083277183838,0.08916347687984261,0.05540038307224447
100881.0,8.486076848220941e-05,2.8452441649350397e-28,0.9999145066006427,6.326308739716076e-07,2.0687286299322475e-16,0.9999145066006427,0.0008900466854406223,0.0005530170990532485
100892.0,2.2755677215635724e-08,0.14069422202390958,0.8593057549722759,2.481364199158273e-10,2.725832579118916e-19,0.8593057549722759,0.4062221261401477,0.2523999981619551
100895.0,1.4969583248512027e-06,0.0034496337531904416,1.8546677624351758e-09,0.003642650114238422,0.9929062173195792,0.9929062173195792,0.0470999711256546,0.02926485747711821
100896.0,0.00027765522334328676,3.523511102179952e-08,1.3547666583424186e-05,0.9996896452809897,1.911659397071034e-05,0.9996896452809897,0.0029442267851414266,0.0018293509568745047
100898.0,5.228941169369465e-07,0.0034807158719631424,4.3450341757123175e-07,0.9964892665622694,2.9060168232793615e-05,0.9964892665622694,0.02352471078037496,0.01461672463325807
100911.0,1.3323326705721967e-05,2.489272430742653e-07,0.9999839272462324,2.5004495863550715e-06,5.023385879563795e-11,0.9999839272462324,0.00020168001689754766,0.0001253108401010192
100928.0,5.193925779251603e-08,0.9702401016757363,0.029759846126403255,5.6414658471354574e-11,2.0218653108071207e-10,0.9702401016757363,0.13390730373384344,0.08320128580252167
100929.0,3.658004500684397e-08,0.9997046011984518,1.6368302060263508e-06,0.00029215365764117634,1.571733654509887e-06,0.9997046011984518,0.0027164060873343865,0.0016877979985112422
100934.0,5.9584339810185186e-08,0.009359164312816085,5.288264907723456e-13,0.990640776102307,8.365790271938068e-15,0.990640776102307,0.05303667372271779,0.032953538196764345
100935.0,2.560743196383155e-07,0.002777195206711711,0.9972225105275477,1.606908290312304e-10,3.803073092391125e-08,0.9972225105275477,0.01912561110308606,0.011883410323148564
100952.0,1.3910030376005972e-07,0.00042154599525880517,0.9991445888344516,0.00043365328677325476,7.27832114950996e-08,0.9991445888344516,0.007492409112178251,0.004655295525409113
100965.0,6.469312497719264e-12,0.9999995344844113,2.693795623533752e-07,2.8250528356186457e-11,1.9610130620529047e-07,0.9999995344844113,7.5700248946146734e-06,4.70352092251004e-06
100966.0,1.10383443551341e-09,0.9998175124258671,7.643215308231045e-05,0.0001060543172143511,3.253166267924473e-16,0.9998175124258671,0.0018775646122033156,0.00116659648545479
100973.0,0.0010436190305803106,3.148474496015037e-09,0.9987345340413253,0.00022184377961947978,1.2337295889283754e-18,0.9987345340413253,0.010295725493812219,0.006397093925941543
100986.0,0.0017083471523199033,0.033789772794272824,0.001251664853476121,0.9381038035906436,0.025146411609285994,0.9381038035906436,0.28627241898446487,0.17787105471593426
101011.0,0.00016558796395346604,8.298393962341266e-06,0.9928006539404772,0.006917056948952264,0.00010840275265594053,0.9928006539404772,0.044105560119595155,0.027404325310623683
101014.0,8.029902430283792e-07,0.9997199881706598,6.543186083806152e-05,9.227143975765204e-07,0.00021285426386312474,0.9997199881706598,0.0027341299820169466,0.0016988104734539722
101023.0,1.2557755598480542e-10,0.9075853936525362,0.08702331753311084,0.005391288684068193,4.705855159852035e-12,0.9075853936525362,0.3286392618760855,0.20419505427149673
101024.0,0.005963435041450616,2.8455567907402607e-09,0.9812653006264267,0.011456029978867919,0.001315231507697602,0.9812653006264267,0.10902816037026473,0.06774300488881331
101028.0,4.892990802364459e-09,0.13482370154690027,2.838566256411161e-10,0.007994020946589572,0.8571822723296639,0.8571822723296639,0.4408575484096267,0.2739201959912063
101034.0,1.3558611999451174e-06,0.973731184149902,1.1869453300918363e-07,0.026128249428243697,0.00013909186612036346,0.973731184149902,0.12240675773914843,0.07605559480950805
101037.0,8.027283125680092e-07,4.499975835062085e-10,8.718760197561651e-13,0.9999991968198706,9.49005145047155e-13,0.9999991968198706,1.2079407203201213e-05,7.505357684119929e-06
101064.0,0.99999559125712,5.105899539307271e-75,4.408736858516164e-06,5.662858143838088e-14,5.9651272558848e-12,0.99999559125712,5.8777089633743986e-05,3.6520259141186756e-05
101069.0,9.453207510890316e-05,8.600960249991517e-07,0.9996212059224301,0.00028339849684578123,3.4095904369187323e-09,0.9996212059224301,0.003581774296733699,0.0022254814982683325
101070.0,2.902231605546981e-06,0.981946384130174,4.3106642243516e-05,0.018007600836278052,6.15969862468221e-09,0.981946384130174,0.09069591687972586,0.05635254157928846
101076.0,6.173683500635994e-09,0.9991174033929074,1.4467404349854097e-09,0.0008423910310069517,4.0197955661299744e-05,0.9991174033929074,0.007252734965521357,0.004506377605180421
101079.0,7.148823416638453e-07,0.9999992392804502,4.032451660709845e-08,6.72046743723963e-11,5.44548636051269e-09,0.9999992392804502,1.1668896025390953e-05,7.250292748319202e-06
101096.0,9.111891524297522e-07,0.005274623569406352,2.2482316244205316e-07,0.9947242395483209,8.699568541680297e-10,0.9947242395483209,0.03294255079453321,0.020468357642147984
101097.0,3.925244392957868e-05,2.5521766547461547e-38,5.962787976961671e-13,0.9999607475497415,5.731718521465079e-12,0.9999607475497415,0.0004374873912956619,0.0002718261996413454
101106.0,1.05519930624033e-05,0.005506258215570706,1.9460234510656343e-07,0.9944829704453801,2.4743640844079556e-08,0.9944829704453801,0.03426897976231159,0.02129251429804053
101107.0,6.7976075668839356e-09,0.9993773323156327,2.7998853485935034e-08,0.0005981463942785935,2.4486493626962093e-05,0.9993773323156327,0.0053223193402247865,0.003306942938963924
101108.0,2.010029825317548e-08,1.4753261886886308e-09,1.0123759393616615e-11,0.999955161163151,4.4817251098812154e-05,0.999955161163151,0.0004939757502820678,0.00030692439047554375
101115.0,2.7321610300890995e-07,0.003782905482287735,1.3248283151950198e-12,0.9962168140028349,7.297448635061214e-09,0.9962168140028349,0.024878545053053897,0.015457909162477598
101123.0,5.1304954729425375e-06,0.0004531073960091459,3.310338038751801e-07,0.0027690028112285787,0.996772428263484,0.996772428263484,0.023085834252828907,0.014344035314735494
101132.0,3.090225411863963e-06,0.024159481833280674,0.9758374172965115,1.0644382080698007e-08,4.140169294102899e-13,0.9758374172965115,0.11385533331809226,0.07074229607645965
101138.0,2.534652159260679e-06,0.0001575990822266725,1.8500901386342135e-06,0.9998380161675203,7.95391672784654e-12,0.9998380161675203,0.0015989046228868235,0.0009934552992284453
101160.0,3.357114304128108e-07,3.6067952896563744e-05,8.603597558726157e-10,0.9999587109806658,4.884494648375668e-06,0.9999587109806658,0.00047502421285699434,0.0002951491382097317
101166.0,1.2276395105927324e-10,0.9996744047662746,2.8664137907120387e-10,0.00032539810743683484,1.967168826279725e-07,0.9996744047662746,0.0029416857951114093,0.0018277721510004871
101169.0,1.95107271853944e-07,0.9632852264379083,4.5807700721631675e-10,4.0714186340363594e-05,0.03667386381040098,0.9632852264379083,0.15767944338098777,0.09797174663452206
101174.0,6.824397196784025e-08,4.971866561632254e-07,0.999999081631368,1.4414270840101175e-08,3.3852373484374507e-07,0.999999081631368,1.4564526553755504e-05,9.049449153169406e-06
101175.0,0.9248194986530791,4.435976538656763e-08,0.06300517050759619,0.011977888303323251,0.00019739817623487166,0.9248194986530791,0.3011441484720168,0.1871113797838706
101181.0,8.661380219314359e-06,0.9162827702141578,1.790193261169992e-08,0.0837047628481431,3.7876555481657947e-06,0.9162827702141578,0.28788567347256805,0.17887342608772785
101182.0,0.020247626357249613,8.0808657016786e-67,2.008390976367832e-17,5.719359039077331e-26,0.9797523736427519,0.9797523736427519,0.09900127259311814,0.061512949227963354
101186.0,4.409974418599119e-07,2.7681250474368866e-08,0.999999531277037,4.422248696026542e-11,4.8838350109499804e-14,0.999999531277037,7.405158512529343e-06,4.601083679785972e-06
101191.0,1.4097829942652422e-08,2.833501722994118e-05,5.177936848896297e-06,0.9995499348913849,0.0004165380567059133,0.9995499348913849,0.004052085112040211,0.002517702037919482
101206.0,1.798965212020122e-05,1.1638270700187515e-06,0.9987910624989501,5.643865884764226e-06,0.0011841401559733796,0.9987910624989501,0.009468475027056115,0.00588309431131523
101216.0,1.4105158574413934e-06,2.876348055127423e-08,7.232685351802611e-07,0.9999977823102105,5.5141914887372836e-08,0.9999977823102105,3.28672342636024e-05,2.042156085033083e-05
101226.0,0.0007661699762175373,2.520606370977832e-48,5.857070278974357e-17,0.9992338300237825,5.950222297931702e-19,0.9992338300237825,0.006262461408627214,0.0038910860495114845
101229.0,3.15677452802922e-05,0.5751200973904105,8.115166512124704e-06,0.42484021089343604,8.804360690541987e-09,0.5751200973904105,0.6822464277016815,0.42390353950955323
101230.0,1.224771544107102e-07,8.401950357981863e-07,3.822917228461177e-06,0.167733054205015,0.8322621602055651,0.8322621602055651,0.45233870569006923,0.2810538400987187
101238.0,7.707799584509985e-07,0.319596845362009,0.6804023733738586,1.0483139881751438e-08,1.0344067343146543e-12,0.6804023733738586,0.6265767198783013,0.3893140052421606
101246.0,0.9999999999999929,1.872996307485834e-123,1.8737301710547503e-59,1.2890767107715563e-26,5.4113892571923485e-15,0.9999999999999929,2.8981962527175883e-13,1.800750579023195e-13
101252.0,6.818875626637782e-11,3.0637988659453113e-07,1.1075961889037437e-14,0.9999996935519143,3.605907107085706e-18,0.9999996935519143,4.90326500416152e-06,3.0465698404891328e-06
101254.0,1.0463727079462148e-06,0.988798480084954,0.011200447670473424,7.14867059731419e-10,2.515699673824612e-08,0.988798480084954,0.06146359930923269,0.0381894814546003
101256.0,7.31383703488814e-09,1.58850104878832e-30,2.328654648927361e-17,0.9999999926861634,4.336000066000526e-25,0.9999999926861634,1.4432769378302758e-07,8.967583817181714e-08
101262.0,0.008247132980760739,2.621210546339864e-12,0.017531832366855894,0.9742210346497638,6.397738477196312e-23,0.9742210346497638,0.13590674951519752,0.0844436113162348
101307.0,0.9999999475043011,1.260636276334183e-19,1.3253788766044237e-08,3.912590994798781e-08,1.1600249438894877e-10,0.9999999475043011,9.629101497864373e-07,5.98289714904342e-07
101308.0,1.0752515957658113e-08,0.9881321302813029,1.5665273248540013e-09,0.011867843393965084,1.4005687909026019e-08,0.9881321302813029,0.06441874970443422,0.040025619632016646
101322.0,1.0,0.0,7.165722093955381e-126,1.8079499647165858e-103,0.0,1.0,1.4259599767814278e-13,8.85998748858114e-14
101330.0,1.8071122848301232e-12,0.9989108439403896,2.989550876002585e-14,0.0010412121302088744,4.7943927564335925e-05,0.9989108439403896,0.0087157767301522,0.005415416564265306
101355.0,0.9957672232080201,1.898165080594765e-73,0.004232776790567501,1.4129313018271932e-12,4.704456458880333e-20,0.9957672232080201,0.027355495359233664,0.016996924918875216
101356.0,3.393041917845541e-11,0.9996439828812871,2.0364966506672034e-07,2.2757014940955234e-05,0.0003330564201781935,0.9996439828812871,0.0032692280651525785,0.002031285605922024
101359.0,4.2207911475143575e-05,5.695536938315131e-09,9.66075096778593e-09,0.9999577730104318,3.7218042206783538e-09,0.9999577730104318,0.00046774094044755557,0.00029062378662383324
101366.0,0.00023577985991604325,0.008507566623327528,2.1246512718657284e-10,0.0004403124332776259,0.990816340871015,0.990816340871015,0.05506735079517211,0.03421526880268945
101370.0,3.521859833638733e-16,0.9999999276856775,5.849518697563329e-11,1.9292287274169967e-08,5.29635381548008e-08,0.9999999276856775,1.3037255556406406e-06,8.10050232797671e-07
101372.0,2.0208524240045378e-10,0.1801838919070104,5.581788905625164e-14,0.8198161049939944,2.8968551136236994e-09,0.8198161049939944,0.47167228026554686,0.29306646539237646
101379.0,3.1510851109658316e-07,5.87010572105826e-05,0.9999409833034847,2.825498505192377e-10,2.482420163542752e-10,0.9999409833034847,0.0006356714430969264,0.0003949648744980428
101399.0,1.5186451972011352e-07,0.9192595127629296,0.08041774363738192,0.0003225848593029444,6.875866841035542e-09,0.9192595127629296,0.2826799123390416,0.17563890483449524
101400.0,1.7067967797560693e-05,1.643889418740781e-05,0.8972025141894925,0.10276397872173525,2.2678659378839767e-10,0.8972025141894925,0.33151230012877353,0.2059801733062179
101411.0,0.00010772019396048886,3.4094428298764473e-08,0.010834148077187002,0.989057589057197,5.085772260933268e-07,0.989057589057197,0.0608994947707837,0.03783898359811831
101412.0,3.463818423185434e-10,0.9999995199201714,2.4108120236147034e-08,4.553943007755246e-07,2.3102603666307813e-10,0.9999995199201714,7.565339072136974e-06,4.700609457307501e-06
101416.0,8.404035605675245e-09,8.857180561408088e-06,0.9999843145317213,6.819883678096285e-06,2.4186941421073527e-15,0.9999843145317213,0.00020001562458962153,0.00012427669501529238
101427.0,1.770818788400503e-12,0.9999970530206683,2.7388789578963195e-09,1.7727436530119718e-09,2.942465939966959e-06,0.9999970530206683,4.0512762787132694e-05,2.517199481517217e-05
101439.0,0.00033881875429845996,0.6327645207952967,0.36687045929281864,2.6201148043042284e-05,9.543740582218708e-12,0.6327645207952967,0.6604507168037281,0.41036110290509314
101446.0,3.829111525866656e-06,0.992321314380023,0.0027785809566260792,0.0048962581825835,1.736924286529829e-08,0.992321314380023,0.05009600026202556,0.03112639504450395
101448.0,9.881555242657475e-09,0.049787307434047,0.9501702220278059,4.243362118685514e-05,2.7035404719904525e-08,0.9501702220278059,0.19835666357271609,0.12324592458041649
101449.0,1.2282015440600533e-05,0.9984705239959787,5.885736655961973e-13,0.0015171935291298927,4.5886365527203587e-10,0.9984705239959787,0.0115151338683686,0.007154754948547974
101462.0,6.228830033192548e-11,6.638267912681015e-45,8.4444551356572e-30,0.9999999999377138,3.380596782824219e-46,0.9999999999377138,1.5261233076808996e-09,9.482337255078102e-10
101464.0,6.284531094935084e-22,0.999917798851802,8.139155423256911e-05,1.8992064173963504e-14,8.095939444695592e-07,0.999917798851802,0.0008599560593727386,0.0005343207418745023
101472.0,8.42424458785087e-07,0.9529882635115423,3.7649159340110127e-10,0.046981438646912115,2.9455040594190032e-05,0.9529882635115423,0.18987739943066576,0.11797746154960198
101484.0,0.0006148730678547817,1.8624426796599758e-13,0.5724845455585724,0.4269005410699084,4.030347957720826e-08,0.5724845455585724,0.6872410978902249,0.4270069025842987
101516.0,5.717503788280245e-13,0.9999779676657827,2.2028201723511515e-05,6.664062487647901e-11,4.065280318402322e-09,0.9999779676657827,0.00025832474051717784,0.00016050618574436941
101537.0,0.9999999999999964,1.9573568282010526e-141,1.7040428107566778e-15,1.0640377894587188e-15,4.884191502181539e-62,0.9999999999999964,1.6859434433123966e-13,1.0475355590217146e-13
101547.0,1.2100548546055034e-06,2.858354239174311e-27,3.6195208464863313e-16,0.9999987898429697,1.0217466456762202e-10,0.9999987898429697,1.7699316500791447e-05,1.0997203659769113e-05
101550.0,2.1549941193918426e-05,5.871151103826354e-14,0.9999711750879307,7.274970816497924e-06,5.834129534980929e-16,0.9999711750879307,0.0003464522735366106,0.0002152629007058987
101558.0,4.974114204150499e-06,5.055766820911521e-11,0.999992038347273,8.232699252651884e-07,2.1642180393614013e-06,0.999992038347273,0.00010846590715373241,6.739365732331326e-05
101559.0,0.9999999999999787,1.3700765009637522e-121,2.7115195429800024e-16,4.904727957110448e-30,2.1917140945442913e-14,0.9999999999999787,8.178124449695325e-13,5.081354419771807e-13
101588.0,8.293252011440107e-11,0.9942144352221876,1.3106643474682268e-09,0.0003737615320138074,0.005411801852201954,0.9942144352221876,0.036963641713699986,0.02296680190526672
101590.0,1.12116213528574e-05,8.077489382939541e-10,0.0013991770493324124,0.9985896105215666,5.253876020215611e-26,0.9985896105215666,0.01073241878453573,0.006668426723155857
101599.0,6.877964734362933e-05,8.664999852092183e-11,0.04171061502641123,0.9582205467544321,5.848516247536995e-08,0.9582205467544321,0.17406908690208542,0.10815520471915863
101606.0,1.772002497108628e-10,0.9669005577294607,0.033095551153243224,3.890940095056647e-06,1.966914953683995e-19,0.9669005577294607,0.1453954167186566,0.090339251732154
101609.0,1.0643518024239934e-07,1.0473022704231466e-05,0.999989418722395,1.1950018832830824e-11,1.8077700097717303e-09,0.999989418722395,0.00013241790107917941,8.22758679015531e-05
101613.0,1.0,3.202504136092719e-228,1.8796088631106128e-109,1.3108335412687775e-79,1.1631275874309219e-15,1.0,1.4805446174183973e-13,9.199140929762455e-14
101626.0,3.720501005113478e-12,0.9985353901113132,4.8784204756306934e-05,0.0010302978004387041,0.00038552787977046593,0.9985353901113132,0.01206475940739493,0.00749625649687119
101647.0,2.017056668918494e-08,0.00022881880105263977,1.2859061840266688e-12,5.100888141735614e-07,0.9997706509382795,0.9997706509382795,0.0021551626465639647,0.0013390778419681408
101659.0,6.948072600229982e-12,0.9997874621647057,6.0322586831441325e-09,6.6826272223529655e-06,0.0002058491688635303,0.9997874621647057,0.0020395830356168634,0.0012672641919638983
101662.0,2.601309966844335e-06,1.1175062812234384e-12,0.9999973891134366,9.575422043381064e-09,5.711336701812265e-14,0.9999973891134366,3.623925044635391e-05,2.251671230457469e-05
101664.0,9.507953999626156e-06,9.332114316586771e-08,2.0212580666927477e-05,0.999965237526273,4.948617917126467e-06,0.999965237526273,0.0004251528238534383,0.00026416230198681026
101668.0,0.0003898864616515608,2.4757077295183853e-12,0.9992766953507952,0.0003334181773440611,7.73442171709668e-12,0.9992766953507952,0.006452901099465117,0.004009412882355806
101677.0,3.317935156882725e-05,0.02105044581121474,0.9786472722171214,0.0002691026200840182,9.696538037873685e-15,0.9786472722171214,0.10494971932951366,0.065208926991653
101681.0,1.2249249664470122e-06,0.9266144054426672,4.364084588828861e-07,0.07338393030783814,2.9160680041881156e-09,0.9266144054426672,0.2623301139955866,0.16299486421246331
101693.0,0.06032019400672844,5.215234342237777e-38,6.7256715965885165e-06,0.9396730803151523,6.522383010510002e-12,0.9396730803151523,0.22793404751653218,0.14162338649759199
101711.0,0.00017111504640941624,6.692948595061068e-11,0.041438640209405735,0.958390244677252,2.4238309715207605e-15,0.958390244677252,0.1741375490626618,0.10819774265122016
101716.0,0.9507424989827956,3.8087171610802324e-22,2.2928740738836618e-08,0.04922443034943377,3.3047739029625694e-05,0.9507424989827956,0.19659803896922917,0.12215322967749402
101718.0,3.664942689006119e-06,5.240117722801177e-07,1.7735651572444732e-11,0.9999958110277504,5.249934808938073e-14,0.9999958110277504,5.764051257950011e-05,3.581406411156619e-05
101725.0,3.035687933361248e-15,0.9998561318680839,2.5285200665304083e-12,1.658222350247786e-07,0.00014370230714916133,0.9998561318680839,0.0014178912140086239,0.0008809853446686969
101731.0,6.078995038783385e-09,9.512706686335685e-13,0.9986462065235824,0.0013537873294397998,6.703246429231622e-11,0.9986462065235824,0.010294554425635432,0.006396366300372554
101733.0,1.1918493711521045e-12,0.9989554321137832,0.0010445678850241025,9.027986657073313e-39,3.55906233950163e-23,0.9989554321137832,0.008214094890665321,0.005103704111357979
101740.0,3.0313445818451783e-09,0.9831360562802022,0.004200981234702999,0.012507522674495695,0.00015543677925365852,0.9831360562802022,0.09587444640008189,0.05957014287993389
101742.0,0.9999946022690213,3.03021938571683e-43,4.067060750057629e-06,1.3306702289858843e-06,9.16077375020255e-16,0.9999946022690213,7.38842131245007e-05,4.590684272670006e-05
101758.0,1.5547692045741006e-07,1.2272657646638803e-18,0.9985889027440489,0.001410941779031336,1.9394349610499424e-16,0.9985889027440489,0.010673251925548551,0.00663166428669896
101763.0,7.127515185625472e-07,0.021104302010336775,1.798662218966075e-06,0.961067357565862,0.017825829010061942,0.961067357565862,0.19141140695561887,0.11893059401473269
101768.0,1.4875535313303367e-07,0.01040065766345921,0.9895991906946441,2.3778235401442044e-15,2.8865396665331837e-09,0.9895991906946441,0.05783714741326931,0.03593624020313831
101775.0,4.096589927144851e-06,0.05364319867958761,0.9462586611852286,8.629638247048252e-08,9.395724887391008e-05,0.9462586611852286,0.2101219890328259,0.13055613230524635
101793.0,0.0005327742860576799,0.03868140681220504,0.9607522510389334,3.3041387866705785e-05,5.264749385335045e-07,0.9607522510389334,0.1686388031705469,0.10478117973218302
101799.0,1.606963665678898e-12,0.9999492029659318,5.0795825406466914e-05,1.864589110530972e-15,1.2070516805894147e-09,0.9999492029659318,0.0005530742736711505,0.0003436443676380691
101802.0,4.601907079026426e-22,0.999997790303486,3.54140304518414e-08,9.841039368600276e-08,2.075872089383521e-06,0.999997790303486,3.156808235402716e-05,1.9614352383611903e-05
101821.0,3.095711247907236e-10,0.00028136154309207776,6.030992530714656e-11,0.002605851765055139,0.9971127863219724,0.9971127863219724,0.020688232035772986,0.012854321298101073
101822.0,0.0013256880108116844,6.577450060075389e-19,0.9158407978955703,0.0828335131914209,9.021987408168751e-10,0.9158407978955703,0.29562972535632165,0.18368507605814613
101828.0,1.0818014061954199e-08,0.9423793027925967,1.5302504767309917e-08,0.05762066380930642,7.277576987252316e-09,0.9423793027925967,0.2203705144894025,0.1369238991991409
101830.0,3.246100945766955e-06,0.01806207008653161,8.083144578289606e-09,0.9819346757237978,5.581124015733199e-12,0.9819346757237978,0.0904424156181048,0.056195032389488364
101845.0,0.0005978161982169522,1.5636157023501302e-28,2.618907775171672e-08,1.8971607798775848e-11,0.9994021575937322,0.9994021575937322,0.005035248992432358,0.00312857610320431
101848.0,1.6801558243989765e-05,0.9935113320360822,1.8053969578932777e-06,0.0064644157942602,5.6452144528715665e-06,0.9935113320360822,0.03933436588401374,0.024439815652487505
101851.0,0.99990087474929,1.2929930336610264e-79,9.911258798917362e-05,1.2662720738333076e-08,2.427591737659561e-35,0.99990087474929,0.0010130947376062874,0.0006294711524932897
101861.0,1.4538236837172522e-16,0.9998355922585098,9.169100604735272e-17,0.00016440713990646495,6.015823743680269e-10,0.9998355922585098,0.0015969134773525945,0.0009922181309482364
101865.0,9.447041970053073e-11,3.220467208162844e-08,1.2438476830290803e-07,5.291594623734255e-06,0.9999945517214663,0.9999945517214663,7.227336739940554e-05,4.490596800351243e-05
101866.0,0.0007227489866927475,5.293077235075493e-22,0.9992772453511491,5.660773266254062e-09,1.3836769765589352e-12,0.9992772453511491,0.005949845814837064,0.0036968470600015676
101880.0,0.0021763226613824072,9.902215731795739e-15,0.025119860353016162,0.9727038169855451,4.461366279859178e-14,0.9727038169855451,0.1328053112510257,0.08251657937532494
101893.0,0.9999520386047754,3.451333040305971e-52,1.0861576066287684e-11,4.7961384360804046e-05,1.8374029184561094e-15,0.9999520386047754,0.0005249419718562876,0.0003261647857309201
101896.0,0.0012603489287744286,1.1850467499806902e-10,1.481508621736602e-10,0.998739644987971,5.816599322707543e-09,0.998739644987971,0.009674228369010562,0.006010936050573918
101903.0,3.3728483813088304e-07,0.9545284063474666,4.323380638791545e-08,0.03892121739122899,0.006549995742659819,0.9545284063474666,0.20370943634377986,0.12657178929983787
101912.0,4.399534464097643e-09,0.9981917335955452,6.956079882588012e-07,0.001806821094813548,7.453021188481098e-07,0.9981917335955452,0.013239312253071232,0.008226047212376282
101920.0,0.00021424745703814085,2.1294672765829327e-06,0.8957610373220461,0.10401428864570116,8.297107937399927e-06,0.8957610373220461,0.3359496820211,0.20873727369390258
101922.0,8.09678893513841e-05,0.009322049503798786,0.9905967574559006,4.100324922487184e-09,2.2105062539571e-07,0.9905967574559006,0.05370925156700969,0.033371434307633695
101950.0,0.0010042309949839967,2.6354808356181926e-10,0.8703671437615664,0.12862849391327086,1.3106662979421795e-07,0.8703671437615664,0.39157150969034504,0.24329705834885895
101957.0,2.10716033478878e-16,0.9999037556209425,4.0905596105486424e-21,9.624421675410728e-05,1.6230440617639528e-10,0.9999037556209425,0.000986369754986349,0.0006128659871660235
102008.0,5.356193008441851e-15,0.9999758306596367,2.405835329673708e-05,3.3982764640362325e-11,1.1095307705206205e-07,0.9999758306596367,0.00028180795572696525,0.00017509712772999196
102015.0,1.4839444993483993e-05,0.9868418931851709,3.314635511727954e-07,0.013142773927174181,1.6197910976817772e-07,0.9868418931851709,0.07017658433294892,0.0436031634341299
102024.0,0.999997056753316,1.0154498382139157e-64,2.9365709957995503e-06,3.721675657868394e-12,6.671965712440634e-09,0.999997056753316,4.0475770730930705e-05,2.514901035835268e-05
102030.0,9.156154567846963e-10,4.3144076486012216e-17,0.00012250956284301688,0.9998773944977452,9.502379785428002e-08,0.9998773944977452,0.001227636509446764,0.0007627734502600954
102035.0,1.467057442386027e-05,0.9743560541905828,0.0001146028737074813,0.02551343402477576,1.238336512009606e-06,0.9743560541905828,0.12012963752412166,0.07464074046972002
102037.0,4.0414811056126663e-13,0.9999699277170976,2.348646629901426e-12,2.9599653549127504e-05,4.7262660131695493e-07,0.9999699277170976,0.0003456134179532104,0.00021474169042688175
102064.0,5.2463167479251725e-06,0.007482886093161164,0.0003950333816669753,0.9919441574509226,0.00017267675750196206,0.9919441574509226,0.04930862372098873,0.030637170492905055
102072.0,0.8559454925867718,6.958475379348551e-30,4.2676372112400674e-08,0.03698614336618747,0.1070683213706696,0.8559454925867718,0.4943144647798229,0.3071348456258408
102073.0,1.9115385712768497e-05,2.891038232293785e-14,0.9994351426184569,0.0005456674118555679,7.458394599810593e-08,0.9994351426184569,0.0048734834260240785,0.003028065505586024
102074.0,1.4451612058610232e-16,0.9999884626783302,6.3874960824294404e-15,1.1537321665017318e-05,1.2259691310074463e-17,0.9999884626783302,0.00014271571914453138,8.867426201529535e-05
102081.0,7.793143768591024e-05,7.756977884994284e-31,9.094784049516179e-13,0.9998981003619963,2.3968199405248906e-05,0.9998981003619963,0.0010940934847133025,0.0006797985037264374
102093.0,5.658291352422962e-05,0.00023416001769781513,3.45317503045269e-07,0.9997088978382418,1.3913032212083597e-08,0.9997088978382418,0.0028072812020184744,0.0017442618819465774
102099.0,0.9999999999976055,2.8534576589878827e-89,9.971832984163744e-61,2.4330752510228606e-22,2.3959473577993093e-12,0.9999999999976055,6.661153048732403e-11,4.1388070936257064e-11
102103.0,3.1830514970849433e-07,0.6002818293065993,0.3997178518123176,2.887929853800058e-10,2.8713967778598003e-10,0.6002818293065993,0.6729020306184468,0.41809753915934256
102111.0,1.4571934651643224e-06,1.1018102921070457e-05,0.9992662373333081,0.0007212873077649263,6.25419604914743e-11,0.9992662373333081,0.0060969939934337435,0.0037882753639205016
102121.0,1.0682076074101983e-05,4.106464835701023e-06,5.29990689396258e-05,0.9997815390119311,0.00015067337821913037,0.9997815390119311,0.0022394202795236883,0.0013914300528293185
102130.0,7.396420288609491e-06,0.022341029649593867,0.9776514539052346,6.808584877447905e-08,5.193903442190548e-08,0.9776514539052346,0.10711195088830842,0.06655239699573948
102135.0,7.423784259921449e-12,2.579684067011223e-05,0.999974203150086,8.204574033549717e-15,1.810220894885505e-12,0.999974203150086,0.00029834704751523125,0.0001853734432439296
102139.0,0.9272489853228992,2.8740618488339457e-32,0.03797339144836921,0.03477762322872548,6.146001781673598e-15,0.9272489853228992,0.3110544783354237,0.1932690139410147
102191.0,1.1879388681939476e-05,1.787788398463293e-09,0.15024383984124073,0.8497442789822565,3.08779908467062e-14,0.8497442789822565,0.4232765230183932,0.2629964907302534
102204.0,0.9999999947890856,8.122092759648362e-110,1.0966935090557878e-09,4.1142220081766135e-09,9.546879775114589e-43,0.9999999947890856,1.0727758943299846e-07,6.6655314010065e-08
102217.0,6.321720876294571e-06,3.6460057148455537e-06,0.9999890691882805,9.630851280805886e-07,4.113021148267543e-21,0.9999890691882805,0.0001456079318307801,9.047129479543816e-05
102218.0,2.269578506055319e-06,0.9847024597622207,1.914648817244051e-07,0.015294963219769222,1.1597462133394488e-07,0.9847024597622207,0.0791507308578908,0.04917911417793303
102221.0,0.0002386715709438136,0.0056808291076339374,0.9940501227529481,8.518343182378061e-06,2.1858225291834064e-05,0.9940501227529481,0.037630384373431726,0.02338107241211924
102223.0,1.5267097155926875e-10,0.9954597604842429,2.0843144977802254e-08,0.004540179133757898,3.938618499979381e-08,0.9954597604842429,0.029024268200903605,0.018033791783249063
102226.0,2.3918974722748165e-06,3.457646684870095e-08,0.9999975440912537,2.9434807831464267e-08,7.646254055208492e-23,0.9999975440912537,3.4519706414303056e-05,2.1448299525948002e-05
102248.0,3.6513324876407133e-07,0.0011380275949558858,0.9988566966511178,3.675813052943485e-10,4.910253096199192e-06,0.9988566966511178,0.008922166773860563,0.005543653908566596
102250.0,5.056659406409712e-10,0.23832527623662217,0.7616747158320396,7.425673485162098e-09,1.1276658631846297e-19,0.7616747158320396,0.5491419633059037,0.34120108583461045
102256.0,0.0008941553626419151,5.1772392650862334e-20,0.9963704291278482,0.0026667390920217322,6.86764174882239e-05,0.9963704291278482,0.02636344894134526,0.016380531822736424
102258.0,1.3383375639520124e-07,0.9947307756715309,3.951360519970143e-06,0.005264357281305678,7.818528869416127e-07,0.9947307756715309,0.032938600275701405,0.020465903046788143
102272.0,1.3292124124532456e-11,0.9998387948136234,0.00014088296919161203,2.0322103335115316e-05,1.0055738682731493e-10,0.9998387948136234,0.0016300419522993707,0.0010128020097613514
102281.0,0.001989519439810836,5.241130587051287e-70,4.375326866139107e-11,5.251960136968895e-19,0.9980104805164375,0.9980104805164375,0.014362076793758572,0.008923660044790102
102283.0,2.5137819014496365e-08,0.848979319389558,4.136222786436413e-08,0.15102061411036274,3.190695318945869e-14,0.848979319389558,0.42447656750018936,0.2637421202898188
102285.0,5.453212240888871e-07,3.4555450805274536e-11,0.9999992759474942,4.392774254771728e-19,1.7869672941416293e-07,0.9999992759474942,1.1365961785903914e-05,7.0620691224516576e-06
102288.0,2.8632478162177035e-05,1.2197910636127769e-05,0.7873128794369466,0.2126462901671951,7.059543386088536e-12,0.7873128794369466,0.5179103682196362,0.32179580474549213
102336.0,0.000422157312455735,1.0342855070807639e-13,0.9994668600724868,0.00011098241052912978,2.0442505142692775e-10,0.9994668600724868,0.004823841853857682,0.0029972214625925797
102341.0,0.0004503151962311067,1.1006056284065469e-15,1.4806376061880108e-05,0.9994425753522728,9.23030754336261e-05,0.9994425753522728,0.005049390426018838,0.0031373626699163454
102350.0,9.058446942932771e-06,0.7029623249106698,0.28805974985372995,0.0089688666557158,1.329400372403507e-10,0.7029623249106698,0.6486603751318054,0.40303535173393357
102352.0,5.901562410777275e-06,0.014075022413717773,0.9858854936854103,3.3575624062972e-05,6.7143981261897485e-09,0.9858854936854103,0.07443829018516034,0.04625111016092599
102359.0,1.190269995552525e-10,0.9999906587694576,6.589888279934294e-08,9.182412046874085e-06,9.280058513525572e-08,0.9999906587694576,0.00011843589783434166,7.358836083040955e-05
102377.0,7.640046082000875e-07,1.1616126616016942e-09,9.215910339071884e-14,0.001983012213303553,0.9980162226203845,0.9980162226203845,0.014333152256986424,0.008905688219627613
102383.0,3.648860995495449e-14,0.9999962847130727,8.988195731139195e-16,1.8458363989466577e-10,3.7151023057602832e-06,0.9999962847130727,5.016973001561535e-05,3.117220591612576e-05
102393.0,9.436415542679545e-10,0.9922259748954478,0.007774015845120983,6.559026654138937e-09,1.7567636067260516e-09,0.9922259748954478,0.0455020567407864,0.02827201744736426
102396.0,1.0,1.5657680412572418e-301,1.8057476147125778e-125,1.3260588434792391e-22,5.467071451266314e-152,1.0,1.4259599767814278e-13,8.85998748858114e-14
102400.0,1.2199554470192698e-06,0.8662188938369588,0.13367014511566655,1.515818538173421e-05,9.45829065450621e-05,0.8662188938369588,0.3944606840365056,0.24509220330216192
102415.0,0.9999999999999858,6.556722788224917e-277,3.8368449430869166e-130,4.135459007586787e-71,1.5098922175462688e-14,0.9999999999999858,6.021123521251018e-13,3.741134389051841e-13
102419.0,7.989294512888905e-12,1.2690859962676027e-07,0.9999998730834118,2.680461078648041e-16,1.852171418261383e-16,0.9999998730834118,2.142403817004887e-06,1.331150335438994e-06
102424.0,0.00011066362527955769,0.0020332445784764586,0.9978355078373335,6.496286980319274e-06,1.4087671929674431e-05,0.9978355078373335,0.01600743921264984,0.009945981195658753
102443.0,1.9922259659109374e-12,2.7124281879305452e-06,5.511390903983618e-09,2.2606217679802855e-06,0.9999950214366619,0.9999950214366619,6.923820172033518e-05,4.3020113534929665e-05
102454.0,2.8257769324721073e-09,0.34514632811148716,1.2954509109978614e-07,0.6547705348580419,8.300465960313422e-05,0.6547705348580419,0.6452201470755028,0.40089781785970063
102456.0,3.261035488910083e-05,3.986504584514786e-65,6.146029895913358e-33,0.9999673896451088,1.701130008963757e-48,0.9999673896451088,0.0003695035087399016,0.0002295854384224537
102457.0,7.95078815335449e-05,1.5663203878976675e-07,0.9947314430473795,0.0051883991771419806,4.932619064395245e-07,0.9947314430473795,0.03331267879953557,0.0206983311019148
102458.0,0.9840592694244576,8.746173826723932e-16,0.01593520405377526,1.932805773273106e-06,3.593715992584771e-06,0.9840592694244576,0.08184286505162444,0.05085183120102221
102461.0,2.883314257725997e-08,0.9902783720123306,2.627894247081052e-09,0.009720593161891085,1.0033647406390497e-06,0.9902783720123306,0.05472908259760124,0.03400509095428816
102475.0,1.0,0.0,1.3034250395028778e-100,6.666680540277435e-67,6.328114885919412e-157,1.0,1.4259599767814278e-13,8.85998748858114e-14
102492.0,5.69055694894278e-07,4.0522976069069056e-08,0.9999474917316763,5.189868964176213e-05,9.839397557177364e-15,0.9999474917316763,0.0005734229980077625,0.00035628774094212954
102501.0,1.6456310692857926e-05,9.148635078435534e-13,0.9940932786579334,0.005890265022714924,7.744983322764375e-12,0.9940932786579334,0.036313801931671164,0.022563033746825608
102506.0,7.523254209126811e-06,0.5607806069508265,0.42022416541475616,0.0015154863762701684,0.01747221800393963,0.5607806069508265,0.7693301838907232,0.4780117194624766
102533.0,1.0,3.432537750317415e-253,3.7840779246929775e-104,3.382214850500091e-17,7.35477663334913e-124,1.0,1.4259599767814278e-13,8.85998748858114e-14
102553.0,1.0199300779326926e-05,3.7915167987542956e-05,0.9999517238801057,4.113316906635876e-08,1.2051795685935785e-07,0.9999517238801057,0.000554099478155495,0.00034428136299925955
102559.0,0.9999955842926347,8.704561336254961e-34,2.8320988327754593e-08,1.0061965125039743e-10,4.387285758187287e-06,0.9999955842926347,5.9035289173457294e-05,3.668068753529785e-05
102568.0,1.0653244109766627e-10,0.9951658227627965,0.004834154511801956,6.048153359667423e-11,2.25583888715445e-08,0.9951658227627965,0.030598823679918903,0.019012118108763514
102573.0,0.9999993174018533,4.3857043891896323e-103,2.689561503358797e-37,6.825981460465429e-07,1.7602294103930116e-51,0.9999993174018533,1.0373689304477194e-05,6.4455355651390825e-06
102581.0,1.2207889272384315e-07,0.21122808296823975,0.7887717949491158,3.7513913511686045e-12,1.357520639979115e-15,0.7887717949491158,0.5155812865039722,0.32034866491010605
102605.0,3.338457301242249e-21,0.0,1.0042383964293216e-218,6.93302849533467e-127,1.0,1.0,1.421519084682928e-13,8.832394674567064e-14
102616.0,8.692914164990032e-11,0.7158362589113093,5.683370676962571e-10,0.28408237809983944,8.136233358392437e-05,0.7158362589113093,0.5975880927970588,0.37130235853166377
102620.0,2.2521011276784957e-08,1.8271030101264896e-07,0.9992572199843245,0.0007425702540316953,4.530330543128333e-09,0.9992572199843245,0.006096333075326457,0.0037878647124115613
102621.0,2.5323151450007275e-09,0.9908901090431855,4.841624590357803e-05,0.009061472163757692,1.4839390578547146e-11,0.9908901090431855,0.0521720291110355,0.03241630429354741
102622.0,0.00010949772073191843,0.01648998838150569,0.8596018408490423,0.12379767751574816,9.955329718686233e-07,0.8596018408490423,0.4573760227308309,0.28418370115259634
102626.0,1.4559892071076562e-06,2.2999096249915027e-07,0.9999979853495632,1.4635798453157926e-08,3.1403447037673334e-07,0.9999979853495632,3.0064656950737552e-05,1.8680221659043697e-05
102644.0,0.0001277910151674417,0.00043991361830287114,0.9267387835908537,0.07268963191441724,3.879861259592203e-06,0.9267387835908537,0.26566361124467947,0.1650660825075831
102669.0,8.25093488111434e-07,0.38320042162761764,0.6167987336763597,2.661728013833296e-11,1.9575918407889076e-08,0.6167987336763597,0.665621515592274,0.41357390083199524
102673.0,5.268407078411558e-15,0.9999807827358004,6.349326675359902e-11,1.9209527657509895e-05,7.673044245063965e-09,0.9999807827358004,0.00022797941703261765,0.00014165157616289993
102674.0,0.0001505033373777574,0.006131947550550913,0.9930029703777908,0.0007145776468819966,1.0873999872123516e-09,0.9930029703777908,0.04471107564735871,0.02778055326144148
102676.0,0.9999999997704379,8.52110673626775e-153,6.339944257359507e-19,2.3838070528410893e-48,2.2956462085175957e-10,0.9999999997704379,5.324820552809539e-09,3.3084970297215914e-09
102685.0,0.06061919143745688,3.1404731534273195e-23,0.939350294027407,3.0512615925523063e-05,1.9192094176667244e-09,0.939350294027407,0.22901375689879389,0.14229424765596296
102689.0,1.1781708206632917e-09,6.413060355874129e-05,0.9999358675444727,2.620357289074929e-15,6.73792722471504e-10,0.9999358675444727,0.0006833234622348289,0.0004245727386907248
102706.0,0.0017557821234445554,8.484332201764421e-30,0.9977192833029126,7.371879847125777e-05,0.00045121577517023983,0.9977192833029126,0.01759569505751669,0.010932820037093019
102713.0,7.026785811292217e-07,0.9934917432153548,9.677121081557644e-07,0.006506586355236554,3.872017535529328e-11,0.9934917432153548,0.03927066396803602,0.024400235426692167
102718.0,1.8372829432574526e-12,5.76656152029566e-35,0.9999999999903721,1.2330441205023482e-20,7.789567081640762e-12,0.9999999999903721,2.58589832649041e-10,1.6067089674677287e-10
102721.0,3.831544257835175e-12,0.9989525786006377,1.8789738935770323e-13,0.0010431720555445323,4.249339799029154e-06,0.9989525786006377,0.00826131821027606,0.005133045609558006
102724.0,0.00024060113713671912,1.191167266985706e-10,0.08529068128669656,0.9144680420095622,6.754474887332194e-07,0.9144680420095622,0.29373871027105924,0.18251012232389338
102747.0,7.2175869769201116e-12,0.999662113222058,4.0885428686717e-10,0.000337200185571843,6.861762985698221e-07,0.999662113222058,0.003043436450239574,0.001890993387645943
102761.0,1.980618801756994e-09,0.0007110296189604084,0.9992889683986835,1.7374250540382113e-12,1.4527418077782335e-15,0.9992889683986835,0.005864927489423649,0.0036440843378379114
102772.0,9.666743228150233e-06,1.9141372496574182e-11,0.9999901018937951,2.3134383500900927e-07,1.0817219187184535e-15,0.9999901018937951,0.00012505345087456072,7.770007771559881e-05
102775.0,1.0,3.6053605e-316,4.034553468669392e-130,1.7862083175707388e-82,7.823083376745699e-35,1.0,1.4259599767814278e-13,8.85998748858114e-14
102788.0,0.05611209411259942,0.9437744305332776,1.8979409625793886e-07,0.0001061662513218713,7.119308703312633e-06,0.9437744305332776,0.2172987161245983,0.13501528356316497
102790.0,0.00016498771389575112,1.8441697088920592e-20,0.9963346932856079,0.0035003189561307445,4.436499670561944e-11,0.9963346932856079,0.024889523641785052,0.015464730543188428
102802.0,4.0026640285923525e-08,0.9818122657223,0.016693238438886298,0.0014944336121159045,2.2200057157927866e-08,0.9818122657223,0.0960664726452736,0.05968945549442381
102834.0,0.9818845602777158,5.655538505897396e-50,2.32470879869691e-16,0.018115439722285444,9.170032967571688e-26,0.9818845602777158,0.09061121515772914,0.05629991344039455
102847.0,1.4740959288825586e-06,0.995886149681462,3.667579999901583e-10,0.004112356035683641,1.982016900403752e-08,0.995886149681462,0.026717823372727885,0.016600717036869148
102858.0,1.0,5.761019209296847e-207,5.825195399648761e-79,1.599438256812221e-17,1.2186745394907556e-71,1.0,1.4259599767814278e-13,8.85998748858114e-14
102865.0,1.5822006008421617e-05,6.499335021942973e-30,1.4472787025098012e-09,0.9999841765461194,5.940253551626454e-13,0.9999841765461194,0.00019075097862902374,0.00011852024682364638
102880.0,5.132126464568671e-05,0.8981237771830399,5.842190955327962e-08,0.0005668054931614109,0.10125803763724275,0.8981237771830399,0.3331354253796569,0.2069886777277576
102885.0,3.7735963877750494e-10,0.9854839115417267,2.3661484661861829e-07,0.014515851465618845,4.4944867254059035e-13,0.9854839115417267,0.07585237958142833,0.04712973330341761
102889.0,6.4909872607762135e-06,5.171342789914119e-05,0.9991155185970508,0.0008262769876192104,1.7026181620159422e-13,0.9991155185970508,0.007337420152990471,0.004558995470594711
102893.0,7.492696343873462e-08,0.0019741889746562745,4.886211184358403e-06,0.9979775114234374,4.333846376001315e-05,0.9979775114234374,0.01481127832525572,0.00920276464896696
102895.0,0.9999981739089112,2.2602291539210982e-26,8.955956799138315e-10,1.6346554215248689e-09,1.8235608364479439e-06,0.9999981739089112,2.5975664834564362e-05,1.613958801012646e-05
102899.0,6.306721715365988e-10,0.9705861852510301,1.1379065596811031e-07,0.029413670080922737,3.024671992390717e-08,0.9705861852510301,0.13270057971987043,0.08245150601626824
102908.0,1.0,0.0,0.0,6.467929155885839e-203,2.55084493691462e-35,1.0,1.4259599767814278e-13,8.85998748858114e-14
102918.0,3.307823694568698e-08,0.9528265823941743,0.047173377223112746,7.2898937644686565e-09,1.4582727998403536e-11,0.9528265823941743,0.1901075215767571,0.11812044447818436
102923.0,0.0001042889880512768,8.185915368733376e-18,1.0570039982656929e-05,0.9998851409680369,3.930750269249139e-12,0.9998851409680369,0.001192116033436172,0.000740703337622528
102948.0,5.909153393407511e-14,0.9999990115295798,9.698163475139285e-07,1.495682634231542e-08,3.6971884720426242e-09,0.9999990115295798,1.475798023394962e-05,9.169648682893131e-06
102954.0,6.782565563106883e-08,0.9873252861292644,6.8457953386145105e-09,0.01267460732297155,3.1876312512551184e-08,0.9873252861292644,0.0679604923169089,0.042226228046365596
